user_total_orders,user_orders_30d,user_orders_7d,user_total_amount,user_avg_order_amount,user_max_order_amount,user_refund_count,user_postsale_count,user_refund_rate,user_postsale_rate,user_refund_amount,user_cancel_count,user_complaint_count,user_address_count,order_total_amount,order_item_count,order_sku_count,order_discount_amount,order_discount_rate,order_pay_interval_sec,order_is_night,order_category_count,addr_total_count,addr_province_count,addr_is_new,label,scenario
2.0000,1.0000,0.0000,4683.7300,2341.8701,3226.9199,0.0000,0.0000,0.0000,0.0000,0.0000,0.0000,0.0000,3.0000,3091.5701,1.0000,1.0000,245.1400,0.0793,266.4900,0.0000,1.0000,3.0000,1.0000,0.0000,0,正常报名
1.0000,1.0000,1.0000,1171.9200,1171.9200,2540.6699,0.0000,0.0000,0.0000,0.0000,0.0000,0.0000,0.0000,2.0000,2132.5200,1.0000,1.0000,109.0800,0.0512,1133.4800,0.0000,1.0000,2.0000,2.0000,0.0000,0,正常报名
12.0000,4.0000,0.0000,25662.5801,2138.5500,2263.1399,0.0000,0.0000,0.0000,0.0000,0.0000,0.0000,0.0000,3.0000,806.5300,1.0000,1.0000,106.5200,0.1321,1320.3700,0.0000,5.0000,3.0000,2.0000,0.0000,0,正常报名
2.0000,0.0000,0.0000,2444.3799,1222.1899,1725.5100,0.0000,0.0000,0.0000,0.0000,0.0000,0.0000,0.0000,3.0000,9153.7256,1.0000,1.0000,131.2000,0.1265,1938.4100,1.0000,1.0000,3.0000,1.0000,0.0000,0,凌晨大额标记
7.0000,5.0000,0.0000,9807.5996,1401.0900,3559.7800,0.0000,0.0000,0.0000,0.0000,0.0000,0.0000,0.0000,3.0000,3559.7800,1.0000,1.0000,537.3800,0.1510,1585.7000,0.0000,4.0000,3.0000,2.0000,0.0000,0,正常报名
6.0000,5.0000,0.0000,3487.8101,581.3000,4008.0601,0.0000,1.0000,0.0000,0.0000,0.0000,0.0000,0.0000,3.0000,976.0703,1.0000,1.0000,342.8600,0.0855,1404.1023,0.0000,3.0000,3.0000,1.0000,0.0000,0,正常退费
12.0000,3.0000,0.0000,5504.6401,1376.1600,3940.5300,12.0000,12.0000,1.0000,1.0000,5117.2056,0.0000,0.0000,1.0000,3940.5300,1.0000,1.0000,160.4300,0.0407,916.9100,0.0000,1.0000,1.0000,1.0000,1.0000,1,极高退费率
5.0000,2.0000,0.0000,3239.1001,647.8200,1866.4200,0.0000,1.0000,0.0000,0.0000,0.0000,0.0000,0.0000,3.0000,2352.9116,1.0000,1.0000,240.6700,0.1289,231.5627,0.0000,1.0000,3.0000,1.0000,0.0000,0,正常退费
11.0000,0.0000,0.0000,28606.2500,2600.5701,3951.8601,0.0000,0.0000,0.0000,0.0000,0.0000,0.0000,0.0000,2.0000,2972.6899,1.0000,1.0000,24.1700,0.0081,1390.5400,0.0000,3.0000,2.0000,1.0000,0.0000,0,正常报名
1.0000,0.0000,0.0000,440.1600,440.1600,3191.2900,0.0000,0.0000,0.0000,0.0000,0.0000,0.0000,0.0000,3.0000,3191.2900,1.0000,1.0000,27.0800,0.0085,2176.2400,0.0000,1.0000,3.0000,2.0000,0.0000,0,正常报名
10.0000,0.0000,0.0000,7806.6201,780.6600,4396.1802,0.0000,0.0000,0.0000,0.0000,0.0000,0.0000,0.0000,3.0000,4396.1802,1.0000,1.0000,319.4400,0.0727,1392.6000,0.0000,4.0000,3.0000,2.0000,0.0000,0,正常报名
6.0000,1.0000,0.0000,11989.9502,1998.3199,2784.8501,0.0000,1.0000,0.0000,0.0000,0.0000,0.0000,0.0000,2.0000,6563.4487,1.0000,1.0000,52.8900,0.0608,0.1823,0.0000,3.0000,2.0000,1.0000,0.0000,1,零学时大额退费
8.0000,2.0000,1.0000,6354.2300,794.2800,3067.7100,1.0000,1.0000,0.1250,0.1250,524.0300,0.0000,0.0000,1.0000,0.0000,0.0000,0.0000,0.0000,0.0000,0.0000,0.0000,1.0000,1.0000,2.0000,0.0000,0,正常学历认证
9.0000,3.0000,0.0000,9568.9199,1063.2100,4384.4702,0.0000,0.0000,0.0000,0.0000,0.0000,0.0000,0.0000,3.0000,5164.2847,1.0000,1.0000,741.5900,0.1691,1475.7300,1.0000,5.0000,3.0000,1.0000,0.0000,0,凌晨大额标记
8.0000,3.0000,0.0000,24824.4395,3103.0500,5178.7300,0.0000,0.0000,0.0000,0.0000,0.0000,1.0000,0.0000,1.0000,2901.8501,1.0000,1.0000,201.6200,0.0695,1704.0100,0.0000,4.0000,1.0000,2.0000,0.0000,0,正常报名
6.0000,3.0000,2.0000,20125.5391,3354.2600,6506.4199,0.0000,0.0000,0.0000,0.0000,0.0000,0.0000,0.0000,3.0000,928.6600,1.0000,1.0000,113.0800,0.1218,1217.7600,0.0000,4.0000,3.0000,2.0000,0.0000,0,正常报名
2.0000,0.0000,0.0000,3378.4099,1689.2000,1757.9399,0.0000,0.0000,0.0000,0.0000,0.0000,0.0000,0.0000,1.0000,1278.6100,1.0000,1.0000,64.3100,0.0503,2388.4800,0.0000,2.0000,1.0000,1.0000,0.0000,0,正常报名
10.0000,3.0000,2.0000,24327.0801,2432.7100,4153.8101,0.0000,0.0000,0.0000,0.0000,0.0000,0.0000,0.0000,2.0000,918.9700,1.0000,1.0000,37.4300,0.0407,975.3200,0.0000,4.0000,2.0000,1.0000,0.0000,0,正常报名
1.0000,1.0000,0.0000,2112.8601,2112.8601,2507.1799,0.0000,0.0000,0.0000,0.0000,0.0000,0.0000,0.0000,3.0000,811.9100,1.0000,1.0000,75.1400,0.0925,2166.9600,0.0000,1.0000,3.0000,13.0000,1.0000,1,同设备多账号
10.0000,5.0000,2.0000,18511.2500,1851.1200,3007.0601,0.0000,1.0000,0.0000,0.0000,0.0000,0.0000,0.0000,2.0000,6922.6323,1.0000,1.0000,173.5000,0.0577,3.2944,0.0000,4.0000,2.0000,1.0000,0.0000,1,零学时大额退费
9.0000,2.0000,2.0000,17175.5000,1908.3900,4121.9399,1.0000,2.0000,0.1111,0.2222,331.7000,1.0000,0.0000,2.0000,10845.2520,1.0000,1.0000,439.1400,0.1065,1.2188,1.0000,1.0000,2.0000,2.0000,0.0000,1,零学时大额退费
8.0000,4.0000,0.0000,25396.9395,3174.6201,5601.4399,0.0000,1.0000,0.0000,0.1250,0.0000,0.0000,0.0000,3.0000,2634.5100,1.0000,1.0000,7.8200,0.0030,2170.6799,0.0000,2.0000,3.0000,1.0000,0.0000,0,正常报名
9.0000,0.0000,0.0000,11072.4297,1230.2700,2494.0701,0.0000,1.0000,0.0000,0.0000,0.0000,0.0000,0.0000,2.0000,9668.2559,1.0000,1.0000,348.8800,0.1638,0.9939,0.0000,4.0000,2.0000,2.0000,0.0000,1,零学时大额退费
12.0000,3.0000,2.0000,14513.1797,1209.4301,4427.1001,0.0000,0.0000,0.0000,0.0000,0.0000,0.0000,0.0000,1.0000,4427.1001,1.0000,1.0000,185.8300,0.0420,989.5900,0.0000,2.0000,1.0000,1.0000,0.0000,0,正常报名
3.0000,0.0000,0.0000,10005.1699,3335.0601,5622.7700,0.0000,1.0000,0.0000,0.0000,0.0000,0.0000,0.0000,1.0000,7372.9819,1.0000,1.0000,173.1800,0.0742,2.1372,0.0000,2.0000,1.0000,2.0000,0.0000,1,零学时大额退费
7.0000,1.0000,0.0000,10874.5596,1553.5100,3569.7900,0.0000,1.0000,0.0000,0.0000,0.0000,0.0000,0.0000,1.0000,3470.3438,1.0000,1.0000,74.4300,0.0209,1078.5645,0.0000,5.0000,1.0000,2.0000,0.0000,0,正常退费
3.0000,3.0000,0.0000,4193.3198,1397.7700,2973.3501,0.0000,0.0000,0.0000,0.0000,0.0000,0.0000,0.0000,2.0000,2973.3501,1.0000,1.0000,12.9300,0.0043,846.1300,0.0000,2.0000,2.0000,2.0000,0.0000,0,正常报名
8.0000,0.0000,0.0000,10097.9004,2524.4800,4378.0098,6.0000,7.0000,0.7500,0.8750,33603.6406,1.0000,0.0000,1.0000,1868.0400,1.0000,1.0000,2.0400,0.0011,1256.9500,0.0000,2.0000,1.0000,2.0000,0.0000,1,连环退费
4.0000,0.0000,0.0000,8983.9502,2245.9900,3106.9600,0.0000,0.0000,0.0000,0.0000,0.0000,0.0000,0.0000,2.0000,3084.8501,1.0000,1.0000,462.9400,0.1501,1010.0400,0.0000,2.0000,2.0000,1.0000,0.0000,0,正常报名
3.0000,3.0000,0.0000,10196.0898,3398.7000,7089.7998,0.0000,1.0000,0.0000,0.0000,0.0000,0.0000,0.0000,2.0000,5911.8442,1.0000,1.0000,656.0900,0.1595,0.5445,0.0000,1.0000,2.0000,1.0000,0.0000,1,零学时大额退费
3.0000,2.0000,1.0000,8411.4199,2803.8101,5527.4302,0.0000,1.0000,0.0000,0.3333,0.0000,0.0000,0.0000,2.0000,7392.2754,1.0000,1.0000,173.7300,0.1142,2004.6200,1.0000,1.0000,2.0000,2.0000,0.0000,0,凌晨大额标记
9.0000,0.0000,0.0000,25310.4297,2812.2700,4520.3799,0.0000,1.0000,0.0000,0.0000,0.0000,0.0000,0.0000,3.0000,2001.5607,1.0000,1.0000,3.7000,0.0038,3.0501,0.0000,2.0000,3.0000,2.0000,0.0000,1,零学时大额退费
11.0000,2.0000,0.0000,4134.6899,375.8800,3352.5400,0.0000,1.0000,0.0000,0.0000,0.0000,0.0000,0.0000,2.0000,2389.5295,1.0000,1.0000,169.4700,0.0505,567.6190,1.0000,4.0000,2.0000,1.0000,1.0000,0,正常退费
11.0000,5.0000,0.0000,19814.1602,1801.2900,3887.1299,0.0000,0.0000,0.0000,0.0000,0.0000,0.0000,0.0000,3.0000,399.1100,1.0000,1.0000,39.8300,0.0998,945.1900,0.0000,3.0000,3.0000,2.0000,0.0000,0,正常报名
4.0000,0.0000,0.0000,13907.5703,3476.8899,5370.1602,0.0000,1.0000,0.0000,0.0000,0.0000,1.0000,0.0000,3.0000,534.7627,1.0000,1.0000,224.5600,0.0734,865.2243,0.0000,3.0000,3.0000,2.0000,0.0000,0,正常退费
7.0000,4.0000,0.0000,12410.8604,1772.9800,4392.2100,0.0000,1.0000,0.0000,0.1429,0.0000,1.0000,0.0000,1.0000,4392.2100,1.0000,1.0000,439.6700,0.1001,1600.9900,0.0000,4.0000,1.0000,1.0000,0.0000,0,正常报名
7.0000,2.0000,0.0000,2767.6299,395.3800,786.6600,4.0000,3.0000,0.5714,0.4286,33617.0820,1.0000,0.0000,3.0000,786.6600,1.0000,1.0000,88.2800,0.1122,1029.8800,0.0000,4.0000,3.0000,2.0000,0.0000,1,连环退费
5.0000,4.0000,2.0000,11707.1904,2341.4399,4714.9702,0.0000,0.0000,0.0000,0.0000,0.0000,0.0000,0.0000,2.0000,3003.2300,1.0000,1.0000,446.3400,0.1486,116.6400,0.0000,1.0000,2.0000,1.0000,0.0000,1,正常报名
9.0000,4.0000,1.0000,31387.2891,3487.4800,5845.2202,0.0000,1.0000,0.0000,0.0000,0.0000,0.0000,0.0000,3.0000,4945.5435,1.0000,1.0000,783.1900,0.1770,3.2434,0.0000,5.0000,3.0000,2.0000,0.0000,1,零学时大额退费
10.0000,5.0000,2.0000,16577.3906,1657.7400,2347.5701,0.0000,1.0000,0.0000,0.0000,0.0000,0.0000,0.0000,1.0000,1519.6439,1.0000,1.0000,286.7700,0.1222,523.9598,0.0000,5.0000,1.0000,2.0000,0.0000,0,正常退费
11.0000,1.0000,0.0000,35437.6797,3221.6101,6357.4800,0.0000,0.0000,0.0000,0.0000,0.0000,0.0000,2.0000,2.0000,0.0000,0.0000,0.0000,0.0000,0.0000,0.0000,0.0000,2.0000,2.0000,2.0000,0.0000,1,身份连续认证失败
1.0000,0.0000,0.0000,1881.2800,1881.2800,3236.1699,0.0000,0.0000,0.0000,0.0000,0.0000,0.0000,0.0000,3.0000,0.0000,0.0000,0.0000,0.0000,0.0000,0.0000,0.0000,1.0000,3.0000,2.0000,0.0000,0,正常学历认证
2.0000,1.0000,0.0000,5552.7202,2776.3601,5577.2100,0.0000,0.0000,0.0000,0.0000,0.0000,0.0000,0.0000,2.0000,409.1300,1.0000,1.0000,38.1200,0.0932,1499.0500,0.0000,1.0000,2.0000,1.0000,0.0000,0,正常报名
9.0000,5.0000,0.0000,9263.3096,1029.2600,2769.2400,0.0000,0.0000,0.0000,0.0000,0.0000,0.0000,0.0000,2.0000,0.0000,0.0000,0.0000,0.0000,0.0000,0.0000,0.0000,3.0000,2.0000,2.0000,1.0000,0,正常学历认证
7.0000,1.0000,0.0000,22824.9199,3260.7000,4049.7400,0.0000,0.0000,0.0000,0.0000,0.0000,0.0000,0.0000,2.0000,2059.1599,1.0000,1.0000,216.9700,0.1054,1782.6600,0.0000,1.0000,2.0000,11.0000,0.0000,1,同设备多账号
6.0000,3.0000,1.0000,14434.2803,2405.7100,4576.0801,0.0000,0.0000,0.0000,0.0000,0.0000,1.0000,0.0000,1.0000,1406.8500,1.0000,1.0000,153.8300,0.1093,1100.4399,0.0000,1.0000,1.0000,1.0000,0.0000,0,正常报名
10.0000,3.0000,0.0000,25859.2891,2585.9299,5163.6499,0.0000,1.0000,0.0000,0.1000,0.0000,0.0000,0.0000,1.0000,1659.3199,1.0000,1.0000,230.3900,0.1388,816.8100,0.0000,2.0000,1.0000,1.0000,0.0000,0,正常报名
12.0000,3.0000,0.0000,15952.2500,1329.3500,1914.9800,0.0000,1.0000,0.0000,0.0833,0.0000,0.0000,0.0000,3.0000,1238.0699,1.0000,1.0000,52.7400,0.0426,1240.2500,0.0000,5.0000,3.0000,1.0000,0.0000,0,正常报名
3.0000,2.0000,2.0000,3239.2300,1079.7400,2465.3401,0.0000,0.0000,0.0000,0.0000,0.0000,0.0000,0.0000,1.0000,2465.3401,1.0000,1.0000,341.5400,0.1385,2331.4800,0.0000,3.0000,1.0000,2.0000,0.0000,0,正常报名
7.0000,4.0000,0.0000,18839.6797,2691.3799,5357.3101,0.0000,1.0000,0.0000,0.0000,0.0000,0.0000,0.0000,3.0000,5563.4448,1.0000,1.0000,213.9000,0.1671,3.2630,0.0000,3.0000,3.0000,2.0000,0.0000,1,零学时大额退费
7.0000,2.0000,2.0000,1424.0300,474.6800,3878.6001,6.0000,7.0000,0.8571,1.0000,18139.7480,0.0000,0.0000,1.0000,3878.6001,1.0000,1.0000,80.3700,0.0207,467.1200,0.0000,3.0000,1.0000,1.0000,0.0000,1,连环退费
10.0000,1.0000,0.0000,11205.2402,1120.5200,1768.1100,0.0000,0.0000,0.0000,0.0000,0.0000,0.0000,0.0000,3.0000,0.0000,0.0000,0.0000,0.0000,0.0000,0.0000,0.0000,2.0000,3.0000,1.0000,0.0000,0,正常学历认证
7.0000,1.0000,0.0000,8407.8799,2802.6299,2979.0801,6.0000,6.0000,0.8571,0.8571,24723.7891,0.0000,0.0000,3.0000,1671.7500,1.0000,1.0000,203.0900,0.1215,835.8000,0.0000,3.0000,3.0000,2.0000,0.0000,1,极高退费率
1.0000,0.0000,0.0000,1335.8900,1335.8900,1344.2900,0.0000,0.0000,0.0000,0.0000,0.0000,0.0000,0.0000,1.0000,831.3200,1.0000,1.0000,15.4700,0.0186,570.2500,0.0000,1.0000,1.0000,1.0000,0.0000,0,正常报名
9.0000,1.0000,1.0000,31404.9805,3489.4399,6278.6001,0.0000,0.0000,0.0000,0.0000,0.0000,0.0000,0.0000,3.0000,716.0600,1.0000,1.0000,41.9700,0.0586,969.4700,0.0000,3.0000,3.0000,7.0000,0.0000,1,同设备多账号
12.0000,5.0000,0.0000,21640.1602,1803.3500,4418.2402,0.0000,0.0000,0.0000,0.0000,0.0000,1.0000,0.0000,1.0000,4418.2402,1.0000,1.0000,441.1100,0.0998,1477.7100,0.0000,2.0000,1.0000,2.0000,0.0000,0,正常报名
11.0000,1.0000,1.0000,31689.0605,2880.8201,5465.2202,0.0000,0.0000,0.0000,0.0000,0.0000,0.0000,0.0000,2.0000,3189.3401,1.0000,1.0000,37.6000,0.0118,2399.5300,0.0000,1.0000,2.0000,1.0000,0.0000,0,正常报名
9.0000,4.0000,0.0000,26297.9707,2922.0000,4693.5098,0.0000,0.0000,0.0000,0.0000,0.0000,0.0000,0.0000,3.0000,21404.0469,1.0000,1.0000,148.2000,0.0525,2048.1001,0.0000,2.0000,3.0000,2.0000,1.0000,1,新设备大额报名
2.0000,2.0000,1.0000,2086.6001,1043.3000,2504.3000,0.0000,0.0000,0.0000,0.0000,0.0000,0.0000,0.0000,3.0000,7263.8848,1.0000,1.0000,92.1600,0.0368,1342.4000,1.0000,1.0000,3.0000,2.0000,0.0000,0,凌晨大额标记
11.0000,5.0000,1.0000,38180.8086,3470.9800,7019.7300,0.0000,0.0000,0.0000,0.0000,0.0000,0.0000,0.0000,2.0000,8603.9443,1.0000,1.0000,145.3200,0.0505,1594.7200,1.0000,3.0000,2.0000,2.0000,1.0000,0,凌晨大额标记
2.0000,0.0000,0.0000,6211.2002,3105.6001,6382.2798,0.0000,0.0000,0.0000,0.0000,0.0000,0.0000,0.0000,1.0000,2455.5300,1.0000,1.0000,234.9200,0.0957,115.5300,0.0000,2.0000,1.0000,8.0000,1.0000,1,同设备多账号
8.0000,5.0000,2.0000,27322.2695,3415.2800,4641.7100,0.0000,0.0000,0.0000,0.0000,0.0000,0.0000,0.0000,1.0000,27991.1582,1.0000,1.0000,42.6600,0.0569,2371.6201,0.0000,2.0000,1.0000,2.0000,1.0000,1,新设备大额报名
3.0000,1.0000,0.0000,2074.2100,691.4000,1808.9399,0.0000,0.0000,0.0000,0.0000,0.0000,0.0000,0.0000,1.0000,1808.9399,1.0000,1.0000,114.8400,0.0635,1150.9301,1.0000,3.0000,1.0000,1.0000,1.0000,0,正常报名
5.0000,3.0000,2.0000,13509.0703,2701.8101,5923.2402,0.0000,0.0000,0.0000,0.0000,0.0000,0.0000,0.0000,2.0000,3677.5400,1.0000,1.0000,578.2100,0.1572,853.7600,0.0000,2.0000,2.0000,2.0000,0.0000,0,正常报名
9.0000,2.0000,2.0000,25931.0195,2881.2200,4064.2200,1.0000,1.0000,0.1111,0.1111,312.2700,0.0000,4.0000,3.0000,0.0000,0.0000,0.0000,0.0000,0.0000,0.0000,0.0000,2.0000,3.0000,1.0000,0.0000,1,身份连续认证失败
11.0000,1.0000,1.0000,6937.7300,630.7000,2100.6399,0.0000,0.0000,0.0000,0.0000,0.0000,0.0000,0.0000,1.0000,2100.6399,1.0000,1.0000,122.5500,0.0583,733.5000,0.0000,4.0000,1.0000,2.0000,0.0000,0,正常报名
11.0000,5.0000,1.0000,31338.1406,2848.9199,5415.9702,0.0000,0.0000,0.0000,0.0000,0.0000,0.0000,0.0000,1.0000,518.1600,1.0000,1.0000,57.0800,0.1102,1925.1100,0.0000,3.0000,1.0000,2.0000,0.0000,0,正常报名
11.0000,2.0000,1.0000,26644.0000,2960.4399,4776.9302,3.0000,5.0000,0.2727,0.4545,33850.5586,1.0000,0.0000,2.0000,609.6100,1.0000,1.0000,67.5000,0.1107,1371.1600,0.0000,3.0000,2.0000,1.0000,0.0000,1,连环退费
5.0000,2.0000,2.0000,16727.9297,3345.5901,7183.7402,0.0000,0.0000,0.0000,0.0000,0.0000,0.0000,4.0000,1.0000,0.0000,0.0000,0.0000,0.0000,0.0000,0.0000,0.0000,5.0000,1.0000,1.0000,0.0000,1,身份连续认证失败
1.0000,1.0000,1.0000,3265.2800,3265.2800,5969.2300,0.0000,0.0000,0.0000,0.0000,0.0000,0.0000,0.0000,2.0000,0.0000,0.0000,0.0000,0.0000,0.0000,0.0000,0.0000,1.0000,2.0000,1.0000,0.0000,0,正常学历认证
1.0000,0.0000,0.0000,1492.7700,1492.7700,1926.4301,0.0000,0.0000,0.0000,0.0000,0.0000,0.0000,0.0000,3.0000,0.0000,0.0000,0.0000,0.0000,0.0000,0.0000,0.0000,1.0000,3.0000,1.0000,0.0000,0,正常学历认证
11.0000,0.0000,0.0000,20635.0098,1875.9100,3666.3899,0.0000,0.0000,0.0000,0.0000,0.0000,1.0000,0.0000,3.0000,22992.0176,1.0000,1.0000,19.5800,0.0198,1505.9800,0.0000,5.0000,3.0000,1.0000,1.0000,1,新设备大额报名
12.0000,1.0000,1.0000,30831.4609,2569.2900,3016.5100,1.0000,2.0000,0.0833,0.1667,2996.8201,0.0000,0.0000,3.0000,1257.1100,1.0000,1.0000,198.1500,0.1576,2125.8201,0.0000,3.0000,3.0000,2.0000,0.0000,0,正常报名
1.0000,1.0000,0.0000,2354.1799,2354.1799,2789.8701,0.0000,0.0000,0.0000,0.0000,0.0000,1.0000,0.0000,3.0000,2109.8501,1.0000,1.0000,158.7200,0.0752,58.7400,1.0000,1.0000,3.0000,2.0000,0.0000,0,正常报名
6.0000,3.0000,2.0000,3986.4800,664.4100,771.8100,0.0000,0.0000,0.0000,0.0000,0.0000,0.0000,0.0000,1.0000,497.9900,1.0000,1.0000,13.1500,0.0264,1268.6000,0.0000,5.0000,1.0000,1.0000,0.0000,0,正常报名
12.0000,2.0000,1.0000,6580.6699,548.3900,3827.2400,7.0000,6.0000,0.5833,0.5000,30471.0234,0.0000,0.0000,1.0000,3827.2400,1.0000,1.0000,662.5200,0.1731,1425.1700,0.0000,3.0000,1.0000,2.0000,1.0000,1,连环退费
8.0000,5.0000,1.0000,11921.1396,1490.1400,2027.1100,0.0000,1.0000,0.0000,0.0000,0.0000,0.0000,0.0000,3.0000,707.4481,1.0000,1.0000,152.7500,0.1008,1091.9733,0.0000,1.0000,3.0000,2.0000,0.0000,0,正常退费
3.0000,3.0000,1.0000,3818.4900,1272.8300,2721.8601,0.0000,0.0000,0.0000,0.0000,0.0000,0.0000,0.0000,2.0000,2633.4900,1.0000,1.0000,75.6000,0.0287,835.3600,0.0000,3.0000,2.0000,1.0000,0.0000,0,正常报名
1.0000,0.0000,0.0000,2782.1101,2782.1101,2797.6101,0.0000,0.0000,0.0000,0.0000,0.0000,0.0000,0.0000,1.0000,1500.2800,1.0000,1.0000,252.0300,0.1680,2387.5300,0.0000,1.0000,1.0000,1.0000,0.0000,0,正常报名
7.0000,5.0000,2.0000,3673.8501,524.8400,4491.6899,0.0000,0.0000,0.0000,0.0000,0.0000,1.0000,0.0000,2.0000,4491.6899,1.0000,1.0000,380.3600,0.0847,559.9100,0.0000,3.0000,2.0000,1.0000,0.0000,0,正常报名
1.0000,1.0000,0.0000,1378.1899,1378.1899,4232.8398,0.0000,0.0000,0.0000,0.0000,0.0000,0.0000,0.0000,2.0000,4232.8398,1.0000,1.0000,742.4300,0.1754,755.8100,1.0000,1.0000,2.0000,1.0000,0.0000,0,正常报名
10.0000,5.0000,1.0000,25375.9395,2537.5901,3811.9600,0.0000,0.0000,0.0000,0.0000,0.0000,1.0000,0.0000,1.0000,3811.9600,1.0000,1.0000,85.9000,0.0225,1447.6700,0.0000,2.0000,1.0000,2.0000,0.0000,0,正常报名
5.0000,5.0000,0.0000,16521.3691,3304.2700,5214.7998,0.0000,0.0000,0.0000,0.0000,0.0000,0.0000,0.0000,2.0000,3743.5500,1.0000,1.0000,69.5100,0.0186,952.5900,0.0000,1.0000,2.0000,2.0000,0.0000,0,正常报名
5.0000,0.0000,0.0000,15492.4199,3098.4800,6170.4102,0.0000,0.0000,0.0000,0.0000,0.0000,0.0000,0.0000,3.0000,2736.6201,1.0000,1.0000,150.2700,0.0549,1214.9200,0.0000,5.0000,3.0000,2.0000,0.0000,0,正常报名
2.0000,1.0000,1.0000,4737.7402,2368.8701,5014.8398,0.0000,1.0000,0.0000,0.0000,0.0000,0.0000,0.0000,3.0000,10004.8535,1.0000,1.0000,219.1700,0.1445,4.2737,0.0000,2.0000,3.0000,2.0000,0.0000,1,零学时大额退费
8.0000,2.0000,0.0000,21525.3301,2690.6699,2907.6699,0.0000,0.0000,0.0000,0.0000,0.0000,0.0000,0.0000,3.0000,5865.2808,1.0000,1.0000,108.4500,0.0663,368.5900,1.0000,5.0000,3.0000,2.0000,0.0000,0,凌晨大额标记
11.0000,0.0000,0.0000,10132.4199,921.1300,4017.9299,1.0000,1.0000,0.0909,0.0909,1479.7100,0.0000,0.0000,2.0000,4017.9299,1.0000,1.0000,720.3600,0.1793,1862.1400,0.0000,4.0000,2.0000,1.0000,0.0000,0,正常报名
5.0000,4.0000,0.0000,16558.0703,3311.6101,4423.0498,0.0000,0.0000,0.0000,0.0000,0.0000,0.0000,0.0000,3.0000,4423.0498,1.0000,1.0000,717.5200,0.1622,797.7100,0.0000,3.0000,3.0000,2.0000,0.0000,0,正常报名
11.0000,0.0000,0.0000,2504.7700,834.9200,3468.4299,5.0000,11.0000,0.4545,1.0000,11128.7637,1.0000,0.0000,1.0000,3468.4299,1.0000,1.0000,424.3400,0.1223,1675.4000,0.0000,3.0000,1.0000,1.0000,0.0000,1,连环退费
8.0000,5.0000,1.0000,26449.8594,3306.2300,5820.3901,0.0000,0.0000,0.0000,0.0000,0.0000,1.0000,0.0000,2.0000,16378.0010,1.0000,1.0000,318.3900,0.1697,1936.2700,1.0000,4.0000,2.0000,3.0000,1.0000,1,新设备大额报名
11.0000,4.0000,2.0000,4197.3999,381.5800,4027.2600,0.0000,1.0000,0.0000,0.0000,0.0000,0.0000,0.0000,1.0000,2803.9915,1.0000,1.0000,256.7800,0.0638,4.5925,0.0000,1.0000,1.0000,2.0000,0.0000,1,零学时大额退费
6.0000,3.0000,2.0000,28891.3809,3210.1499,5592.7998,5.0000,3.0000,0.8333,0.5000,27098.0527,0.0000,0.0000,1.0000,750.0200,1.0000,1.0000,116.6000,0.1555,288.7700,0.0000,2.0000,1.0000,2.0000,0.0000,1,连环退费
4.0000,1.0000,0.0000,4433.1899,1108.3000,4238.8398,0.0000,0.0000,0.0000,0.0000,0.0000,0.0000,0.0000,2.0000,8494.2236,1.0000,1.0000,643.6800,0.1519,562.2400,1.0000,4.0000,2.0000,2.0000,0.0000,0,凌晨大额标记
5.0000,0.0000,0.0000,15726.0098,3145.2000,6001.5298,0.0000,0.0000,0.0000,0.0000,0.0000,0.0000,0.0000,2.0000,887.4100,1.0000,1.0000,149.4800,0.1684,2281.7900,0.0000,4.0000,2.0000,1.0000,0.0000,0,正常报名
2.0000,2.0000,2.0000,6338.7900,3169.3999,5149.6602,0.0000,1.0000,0.0000,0.0000,0.0000,0.0000,0.0000,2.0000,799.5226,1.0000,1.0000,167.9100,0.0730,1166.0253,0.0000,1.0000,2.0000,2.0000,0.0000,0,正常退费
7.0000,5.0000,1.0000,30616.1504,2783.2900,5324.5698,7.0000,7.0000,1.0000,1.0000,19057.1582,0.0000,0.0000,2.0000,2825.6101,1.0000,1.0000,108.9200,0.0385,763.7300,0.0000,3.0000,2.0000,2.0000,0.0000,1,极高退费率
2.0000,0.0000,0.0000,3221.4199,1610.7100,2523.5400,0.0000,1.0000,0.0000,0.5000,0.0000,0.0000,0.0000,2.0000,0.0000,0.0000,0.0000,0.0000,0.0000,0.0000,0.0000,1.0000,2.0000,2.0000,0.0000,0,正常学历认证
5.0000,5.0000,0.0000,10893.8896,2178.7800,4289.0498,0.0000,0.0000,0.0000,0.0000,0.0000,0.0000,0.0000,1.0000,1631.4700,1.0000,1.0000,192.0300,0.1177,1531.4200,0.0000,1.0000,1.0000,1.0000,0.0000,0,正常报名
13.0000,5.0000,0.0000,24229.0098,3461.2900,3994.9800,7.0000,11.0000,0.5385,0.8462,27824.4102,0.0000,0.0000,1.0000,2260.3301,1.0000,1.0000,134.7600,0.0596,593.4000,0.0000,1.0000,1.0000,2.0000,0.0000,1,连环退费
3.0000,0.0000,0.0000,5240.6201,1746.8700,3133.3301,0.0000,0.0000,0.0000,0.0000,0.0000,0.0000,0.0000,3.0000,3133.3301,1.0000,1.0000,70.1600,0.0224,396.4800,0.0000,2.0000,3.0000,2.0000,0.0000,0,正常报名
1.0000,1.0000,0.0000,1791.1300,1791.1300,49631.6523,0.0000,0.0000,0.0000,0.0000,0.0000,1.0000,0.0000,2.0000,49631.6523,1.0000,1.0000,98.5000,0.0262,1242.9399,0.0000,1.0000,2.0000,1.0000,0.0000,1,超高金额报名
12.0000,5.0000,0.0000,10350.2305,862.5200,1069.3900,0.0000,0.0000,0.0000,0.0000,0.0000,0.0000,0.0000,3.0000,8237.2227,1.0000,1.0000,127.3600,0.1249,2187.0000,1.0000,5.0000,3.0000,2.0000,0.0000,0,凌晨大额标记
8.0000,4.0000,0.0000,13094.2998,2618.8601,4660.9302,6.0000,8.0000,0.7500,1.0000,33356.8438,0.0000,0.0000,3.0000,2239.5300,1.0000,1.0000,122.0900,0.0545,1361.1700,0.0000,5.0000,3.0000,2.0000,0.0000,1,连环退费
6.0000,0.0000,0.0000,19179.7500,3196.6201,5278.6299,0.0000,0.0000,0.0000,0.0000,0.0000,0.0000,0.0000,2.0000,0.0000,0.0000,0.0000,0.0000,0.0000,0.0000,0.0000,4.0000,2.0000,1.0000,0.0000,0,正常学历认证
12.0000,2.0000,2.0000,4417.1299,368.0900,1150.9700,0.0000,0.0000,0.0000,0.0000,0.0000,0.0000,0.0000,3.0000,1150.9700,1.0000,1.0000,70.7100,0.0614,456.9900,0.0000,3.0000,3.0000,2.0000,0.0000,0,正常报名
1.0000,1.0000,0.0000,2453.8201,2453.8201,3673.9500,0.0000,0.0000,0.0000,0.0000,0.0000,0.0000,0.0000,2.0000,700.3300,1.0000,1.0000,87.2000,0.1245,2241.1899,1.0000,1.0000,2.0000,1.0000,0.0000,0,正常报名
3.0000,4.0000,1.0000,35968.7617,3269.8899,4169.1802,3.0000,3.0000,1.0000,1.0000,12310.0498,0.0000,0.0000,1.0000,2970.2200,1.0000,1.0000,172.6200,0.0581,2042.6300,0.0000,1.0000,1.0000,1.0000,0.0000,1,极高退费率
1.0000,0.0000,0.0000,722.1600,722.1600,2588.7000,0.0000,1.0000,0.0000,1.0000,0.0000,0.0000,0.0000,1.0000,0.0000,0.0000,0.0000,0.0000,0.0000,0.0000,0.0000,1.0000,1.0000,1.0000,0.0000,0,正常学历认证
3.0000,1.0000,1.0000,6632.2500,2210.7500,4056.3201,0.0000,1.0000,0.0000,0.0000,0.0000,0.0000,0.0000,2.0000,1680.8022,1.0000,1.0000,2.9000,0.0014,2.0266,0.0000,2.0000,2.0000,2.0000,0.0000,1,零学时大额退费
12.0000,0.0000,0.0000,22628.8594,2057.1699,2690.0801,5.0000,7.0000,0.4167,0.5833,16513.5918,0.0000,0.0000,3.0000,1987.5300,1.0000,1.0000,350.4900,0.1763,671.3300,0.0000,3.0000,3.0000,1.0000,0.0000,1,连环退费
7.0000,4.0000,0.0000,15871.9297,1587.1899,2935.5000,6.0000,6.0000,0.8571,0.8571,28733.8516,0.0000,0.0000,2.0000,2935.5000,1.0000,1.0000,126.3200,0.0430,1459.2800,0.0000,2.0000,2.0000,1.0000,1.0000,1,连环退费
5.0000,2.0000,2.0000,3704.7400,1852.3700,3587.7300,4.0000,4.0000,0.8000,0.8000,8354.8984,0.0000,0.0000,2.0000,3587.7300,1.0000,1.0000,519.9200,0.1449,2237.9900,1.0000,1.0000,2.0000,2.0000,0.0000,1,极高退费率
9.0000,3.0000,0.0000,24155.6094,2683.9600,5334.1802,0.0000,1.0000,0.0000,0.0000,0.0000,0.0000,0.0000,2.0000,1956.8411,1.0000,1.0000,48.8300,0.0853,1288.0786,0.0000,4.0000,2.0000,1.0000,0.0000,0,正常退费
6.0000,5.0000,2.0000,6942.0898,1157.0100,3922.4399,0.0000,0.0000,0.0000,0.0000,0.0000,1.0000,0.0000,2.0000,3922.4399,1.0000,1.0000,10.6300,0.0027,395.4200,0.0000,4.0000,2.0000,1.0000,1.0000,0,正常报名
11.0000,4.0000,1.0000,29680.4707,2698.2200,3625.4099,0.0000,0.0000,0.0000,0.0000,0.0000,0.0000,3.0000,1.0000,0.0000,0.0000,0.0000,0.0000,0.0000,0.0000,0.0000,3.0000,1.0000,2.0000,0.0000,1,身份连续认证失败
6.0000,2.0000,1.0000,5198.0000,866.3300,1549.2400,0.0000,1.0000,0.0000,0.0000,0.0000,0.0000,0.0000,1.0000,720.7637,1.0000,1.0000,19.7400,0.0399,345.2670,0.0000,3.0000,1.0000,2.0000,0.0000,0,正常退费
12.0000,0.0000,0.0000,17072.0508,2438.8601,4715.9302,5.0000,12.0000,0.4167,1.0000,11028.2578,0.0000,0.0000,1.0000,2667.9900,1.0000,1.0000,14.5300,0.0054,971.4200,0.0000,5.0000,1.0000,1.0000,0.0000,1,连环退费
7.0000,4.0000,2.0000,2231.5400,318.7900,1823.8000,1.0000,1.0000,0.1429,0.1429,2598.3501,0.0000,0.0000,2.0000,0.0000,0.0000,0.0000,0.0000,0.0000,0.0000,0.0000,1.0000,2.0000,2.0000,0.0000,0,正常学历认证
11.0000,2.0000,1.0000,12211.0898,1110.1000,1841.0601,0.0000,1.0000,0.0000,0.0000,0.0000,0.0000,0.0000,1.0000,2451.8271,1.0000,1.0000,122.9100,0.0790,1068.2045,0.0000,3.0000,1.0000,2.0000,0.0000,0,正常退费
9.0000,2.0000,0.0000,3372.6699,374.7400,686.1000,0.0000,0.0000,0.0000,0.0000,0.0000,0.0000,0.0000,2.0000,21029.1484,1.0000,1.0000,63.5000,0.0926,1763.5000,0.0000,3.0000,2.0000,3.0000,1.0000,1,新设备大额报名
6.0000,0.0000,0.0000,19274.5898,3212.4299,3966.3799,0.0000,0.0000,0.0000,0.0000,0.0000,0.0000,0.0000,2.0000,0.0000,0.0000,0.0000,0.0000,0.0000,0.0000,0.0000,4.0000,2.0000,1.0000,0.0000,0,正常学历认证
10.0000,2.0000,0.0000,6398.8101,639.8800,4070.9199,1.0000,1.0000,0.1000,0.1000,954.2500,0.0000,0.0000,2.0000,4070.9199,1.0000,1.0000,7.5000,0.0018,1985.9100,0.0000,3.0000,2.0000,1.0000,0.0000,0,正常报名
9.0000,5.0000,2.0000,27233.2891,3025.9199,5378.9600,0.0000,0.0000,0.0000,0.0000,0.0000,0.0000,0.0000,1.0000,1651.4301,1.0000,1.0000,126.3400,0.0765,154.2500,0.0000,5.0000,1.0000,2.0000,0.0000,0,正常报名
4.0000,2.0000,0.0000,3782.1499,945.5400,3015.5500,0.0000,1.0000,0.0000,0.0000,0.0000,0.0000,0.0000,3.0000,3411.0159,1.0000,1.0000,28.4500,0.0094,1039.3954,0.0000,1.0000,3.0000,2.0000,0.0000,0,正常退费
7.0000,2.0000,2.0000,8295.0098,1185.0000,3855.5000,0.0000,0.0000,0.0000,0.0000,0.0000,0.0000,0.0000,3.0000,3855.5000,1.0000,1.0000,38.8200,0.0101,1442.2300,0.0000,3.0000,3.0000,1.0000,0.0000,0,正常报名
2.0000,2.0000,2.0000,2982.9399,1491.4700,2765.1499,0.0000,0.0000,0.0000,0.0000,0.0000,0.0000,0.0000,3.0000,0.0000,0.0000,0.0000,0.0000,0.0000,0.0000,0.0000,2.0000,3.0000,1.0000,0.0000,0,正常学历认证
9.0000,1.0000,0.0000,26609.4805,2956.6101,3728.2700,0.0000,0.0000,0.0000,0.0000,0.0000,0.0000,0.0000,2.0000,2135.6399,1.0000,1.0000,119.6000,0.0560,1608.8199,0.0000,5.0000,2.0000,2.0000,1.0000,0,正常报名
4.0000,2.0000,1.0000,9523.4199,2380.8601,4960.3198,0.0000,0.0000,0.0000,0.0000,0.0000,1.0000,0.0000,3.0000,4028.2400,1.0000,1.0000,375.1800,0.0931,1929.6700,0.0000,2.0000,3.0000,2.0000,0.0000,0,正常报名
11.0000,0.0000,0.0000,14541.6602,1321.9700,2858.8999,0.0000,1.0000,0.0000,0.0000,0.0000,0.0000,0.0000,3.0000,2909.9871,1.0000,1.0000,203.1100,0.1379,574.1489,0.0000,4.0000,3.0000,2.0000,0.0000,0,正常退费
7.0000,5.0000,2.0000,15700.6904,2242.9600,3285.5601,0.0000,1.0000,0.0000,0.1429,0.0000,1.0000,0.0000,2.0000,3285.5601,1.0000,1.0000,337.9000,0.1028,1911.9900,0.0000,3.0000,2.0000,2.0000,0.0000,0,正常报名
10.0000,2.0000,1.0000,14672.4297,1467.2400,4464.9502,0.0000,1.0000,0.0000,0.0000,0.0000,1.0000,0.0000,2.0000,4575.3071,1.0000,1.0000,217.3900,0.0487,1.4311,0.0000,2.0000,2.0000,2.0000,0.0000,1,零学时大额退费
2.0000,2.0000,1.0000,1881.3500,940.6800,2141.0601,0.0000,0.0000,0.0000,0.0000,0.0000,0.0000,0.0000,2.0000,11575.1279,1.0000,1.0000,380.6900,0.1778,1180.9000,0.0000,1.0000,2.0000,2.0000,1.0000,1,新设备大额报名
8.0000,4.0000,2.0000,17492.7402,2186.5901,4142.5098,0.0000,1.0000,0.0000,0.0000,0.0000,0.0000,0.0000,3.0000,4194.0073,1.0000,1.0000,435.7400,0.1775,1.2229,0.0000,2.0000,3.0000,2.0000,0.0000,1,零学时大额退费
12.0000,3.0000,1.0000,11844.5400,987.0500,1332.3000,0.0000,0.0000,0.0000,0.0000,0.0000,0.0000,0.0000,1.0000,8444.6426,1.0000,1.0000,28.6300,0.0486,1486.5900,1.0000,4.0000,1.0000,1.0000,0.0000,0,凌晨大额标记
11.0000,5.0000,1.0000,35551.1484,3231.9199,3737.7700,0.0000,0.0000,0.0000,0.0000,0.0000,1.0000,0.0000,1.0000,0.0000,0.0000,0.0000,0.0000,0.0000,0.0000,0.0000,4.0000,1.0000,2.0000,1.0000,0,正常学历认证
11.0000,0.0000,0.0000,7169.4502,896.1800,3539.0200,7.0000,5.0000,0.6364,0.4545,14550.9697,0.0000,0.0000,1.0000,3539.0200,1.0000,1.0000,170.9300,0.0483,1304.2600,0.0000,5.0000,1.0000,1.0000,0.0000,1,连环退费
12.0000,5.0000,1.0000,25074.4609,2089.5400,3953.7600,0.0000,0.0000,0.0000,0.0000,0.0000,0.0000,0.0000,2.0000,6725.5234,1.0000,1.0000,321.0400,0.0812,1708.8400,1.0000,4.0000,2.0000,1.0000,0.0000,0,凌晨大额标记
6.0000,3.0000,2.0000,4798.2700,799.7100,2113.5000,4.0000,6.0000,0.6667,1.0000,21646.8730,0.0000,0.0000,1.0000,2113.5000,1.0000,1.0000,183.4600,0.0868,530.6900,0.0000,3.0000,1.0000,1.0000,1.0000,1,连环退费
6.0000,4.0000,0.0000,16956.6699,2826.1101,5053.8198,0.0000,1.0000,0.0000,0.0000,0.0000,0.0000,0.0000,1.0000,3117.1421,1.0000,1.0000,39.1600,0.0398,1023.7670,0.0000,3.0000,1.0000,2.0000,0.0000,0,正常退费
8.0000,5.0000,2.0000,23080.8691,2885.1101,5258.9502,0.0000,0.0000,0.0000,0.0000,0.0000,0.0000,0.0000,1.0000,711.2800,1.0000,1.0000,20.0400,0.0282,1040.9200,0.0000,2.0000,1.0000,2.0000,0.0000,0,正常报名
4.0000,5.0000,1.0000,23430.5293,2343.0500,3059.3701,2.0000,2.0000,0.5000,0.5000,27953.8633,0.0000,0.0000,2.0000,1522.8199,1.0000,1.0000,180.2000,0.1183,2006.1300,0.0000,1.0000,2.0000,2.0000,0.0000,1,极高退费率
11.0000,0.0000,0.0000,4515.6899,410.5200,3032.8000,0.0000,0.0000,0.0000,0.0000,0.0000,0.0000,0.0000,2.0000,7592.7749,1.0000,1.0000,280.2700,0.0924,372.9100,1.0000,5.0000,2.0000,2.0000,0.0000,0,凌晨大额标记
9.0000,0.0000,0.0000,11712.6104,1952.1000,2311.1201,9.0000,9.0000,1.0000,1.0000,7720.8320,0.0000,0.0000,2.0000,2311.1201,1.0000,1.0000,96.2700,0.0417,1918.7100,0.0000,4.0000,2.0000,1.0000,0.0000,0,极高退费率
4.0000,0.0000,0.0000,1558.4100,389.6000,2055.1499,0.0000,1.0000,0.0000,0.0000,0.0000,0.0000,0.0000,2.0000,1682.9594,1.0000,1.0000,66.2300,0.0322,311.8048,0.0000,4.0000,2.0000,2.0000,0.0000,0,正常退费
8.0000,5.0000,2.0000,4625.7700,925.1500,1198.5500,8.0000,8.0000,1.0000,1.0000,5697.5239,0.0000,0.0000,3.0000,1198.5500,1.0000,1.0000,132.7100,0.1107,1319.8600,0.0000,3.0000,3.0000,1.0000,0.0000,1,极高退费率
8.0000,2.0000,0.0000,18436.3203,2304.5400,4481.7402,0.0000,0.0000,0.0000,0.0000,0.0000,0.0000,0.0000,1.0000,4481.7402,1.0000,1.0000,787.8700,0.1758,1408.5601,0.0000,2.0000,1.0000,2.0000,0.0000,0,正常报名
8.0000,5.0000,0.0000,15200.2803,1900.0300,2872.6101,0.0000,1.0000,0.0000,0.0000,0.0000,0.0000,0.0000,3.0000,11610.8418,1.0000,1.0000,301.7500,0.1050,0.3970,0.0000,1.0000,3.0000,2.0000,0.0000,1,零学时大额退费
6.0000,2.0000,0.0000,9789.2100,1631.5400,3905.7400,0.0000,0.0000,0.0000,0.0000,0.0000,0.0000,0.0000,3.0000,14890.7822,1.0000,1.0000,58.4900,0.0150,241.8600,0.0000,5.0000,3.0000,3.0000,1.0000,1,新设备大额报名
9.0000,4.0000,2.0000,22149.1094,2461.0100,3051.0901,0.0000,0.0000,0.0000,0.0000,0.0000,0.0000,0.0000,2.0000,0.0000,0.0000,0.0000,0.0000,0.0000,0.0000,0.0000,4.0000,2.0000,1.0000,0.0000,0,正常学历认证
12.0000,4.0000,2.0000,14766.3701,1230.5300,3175.0601,1.0000,2.0000,0.0833,0.1667,2360.8101,0.0000,0.0000,1.0000,3175.0601,1.0000,1.0000,230.4300,0.0726,121.1700,0.0000,5.0000,1.0000,2.0000,0.0000,0,正常报名
3.0000,4.0000,1.0000,12400.5303,1550.0699,2868.9399,2.0000,2.0000,0.6667,0.6667,12606.8203,0.0000,0.0000,3.0000,618.1300,1.0000,1.0000,29.2100,0.0473,865.6500,0.0000,1.0000,3.0000,1.0000,0.0000,1,极高退费率
2.0000,0.0000,0.0000,3769.5601,1884.7800,4213.1201,0.0000,1.0000,0.0000,0.0000,0.0000,0.0000,0.0000,3.0000,3098.0957,1.0000,1.0000,685.0400,0.1626,1766.9377,0.0000,2.0000,3.0000,1.0000,0.0000,0,正常退费
12.0000,0.0000,0.0000,40664.3594,3388.7000,5585.6401,0.0000,1.0000,0.0000,0.0000,0.0000,0.0000,0.0000,3.0000,3417.3828,1.0000,1.0000,190.1000,0.0558,1769.5679,0.0000,2.0000,3.0000,2.0000,1.0000,0,正常退费
11.0000,2.0000,1.0000,15963.5498,2660.5901,3757.4099,6.0000,3.0000,0.5455,0.2727,26075.2988,0.0000,0.0000,2.0000,854.9600,1.0000,1.0000,6.5900,0.0077,2108.5300,0.0000,4.0000,2.0000,1.0000,0.0000,0,连环退费
5.0000,1.0000,0.0000,10549.6699,2109.9299,3626.7900,0.0000,0.0000,0.0000,0.0000,0.0000,0.0000,0.0000,2.0000,736.5900,1.0000,1.0000,110.8200,0.1505,982.0900,0.0000,5.0000,2.0000,1.0000,0.0000,0,正常报名
6.0000,0.0000,0.0000,732.1900,732.1900,1596.4000,4.0000,4.0000,0.6667,0.6667,22652.2539,0.0000,0.0000,2.0000,942.1400,1.0000,1.0000,116.9700,0.1242,511.7800,0.0000,1.0000,2.0000,1.0000,0.0000,1,极高退费率
5.0000,3.0000,2.0000,8717.6797,1743.5400,3004.2100,0.0000,0.0000,0.0000,0.0000,0.0000,0.0000,0.0000,3.0000,1328.2600,1.0000,1.0000,27.8600,0.0210,1472.7200,0.0000,1.0000,3.0000,1.0000,0.0000,0,正常报名
6.0000,1.0000,1.0000,12058.6201,2009.7700,3251.3301,0.0000,0.0000,0.0000,0.0000,0.0000,0.0000,0.0000,2.0000,1959.6200,1.0000,1.0000,296.0400,0.1511,450.2300,0.0000,4.0000,2.0000,12.0000,0.0000,1,同设备多账号
1.0000,1.0000,0.0000,2724.2700,2724.2700,3900.7100,0.0000,0.0000,0.0000,0.0000,0.0000,0.0000,2.0000,3.0000,0.0000,0.0000,0.0000,0.0000,0.0000,0.0000,0.0000,1.0000,3.0000,1.0000,1.0000,1,身份连续认证失败
2.0000,1.0000,0.0000,1822.0699,911.0300,3313.9700,0.0000,0.0000,0.0000,0.0000,0.0000,0.0000,0.0000,1.0000,3313.9700,1.0000,1.0000,79.9000,0.0241,270.6300,0.0000,2.0000,1.0000,2.0000,0.0000,0,正常报名
12.0000,3.0000,0.0000,3777.5400,755.5100,3848.9199,12.0000,12.0000,1.0000,1.0000,19440.2695,0.0000,0.0000,2.0000,3848.9199,1.0000,1.0000,183.5200,0.0477,197.2600,0.0000,1.0000,2.0000,2.0000,0.0000,1,极高退费率
4.0000,0.0000,0.0000,14454.4502,1445.4500,4129.6499,4.0000,4.0000,1.0000,1.0000,22350.6426,0.0000,0.0000,1.0000,4129.6499,1.0000,1.0000,218.2800,0.0529,1427.3500,0.0000,2.0000,1.0000,2.0000,0.0000,1,连环退费
9.0000,4.0000,2.0000,20288.2305,2254.2500,4566.7100,0.0000,0.0000,0.0000,0.0000,0.0000,0.0000,0.0000,1.0000,808.5800,1.0000,1.0000,140.1100,0.1733,1689.9600,0.0000,3.0000,1.0000,1.0000,0.0000,0,正常报名
10.0000,5.0000,0.0000,8882.1201,986.9000,3951.0400,3.0000,4.0000,0.3000,0.4000,12546.8164,0.0000,0.0000,3.0000,3951.0400,1.0000,1.0000,533.4700,0.1350,394.9000,0.0000,3.0000,3.0000,1.0000,0.0000,1,连环退费
12.0000,3.0000,0.0000,40586.7305,3382.2300,5522.7300,0.0000,0.0000,0.0000,0.0000,0.0000,0.0000,0.0000,2.0000,2201.3601,1.0000,1.0000,200.8300,0.0912,2019.6000,0.0000,5.0000,2.0000,2.0000,0.0000,0,正常报名
12.0000,2.0000,2.0000,5139.1602,428.2600,4194.2100,0.0000,1.0000,0.0000,0.0000,0.0000,0.0000,0.0000,1.0000,3072.4248,1.0000,1.0000,404.2700,0.0964,625.2734,0.0000,1.0000,1.0000,1.0000,0.0000,0,正常退费
6.0000,0.0000,0.0000,14112.9697,2352.1599,2548.2900,0.0000,0.0000,0.0000,0.0000,0.0000,0.0000,0.0000,1.0000,6222.7974,1.0000,1.0000,290.8300,0.1791,2396.1799,1.0000,2.0000,1.0000,1.0000,0.0000,0,凌晨大额标记
9.0000,5.0000,1.0000,7791.2798,865.7000,1380.5200,0.0000,1.0000,0.0000,0.1111,0.0000,0.0000,0.0000,1.0000,2889.6245,1.0000,1.0000,42.8400,0.0378,1119.3840,0.0000,3.0000,1.0000,2.0000,0.0000,0,正常退费
8.0000,5.0000,0.0000,9972.1201,1246.5100,2582.5000,0.0000,0.0000,0.0000,0.0000,0.0000,0.0000,0.0000,1.0000,2582.5000,1.0000,1.0000,390.1200,0.1511,1053.4399,0.0000,4.0000,1.0000,2.0000,0.0000,0,正常报名
9.0000,5.0000,1.0000,16382.6396,1820.2900,2699.2600,0.0000,1.0000,0.0000,0.0000,0.0000,0.0000,0.0000,2.0000,619.2849,1.0000,1.0000,71.1700,0.0264,442.4397,0.0000,1.0000,2.0000,1.0000,0.0000,0,正常退费
7.0000,0.0000,0.0000,24233.9609,3461.9900,7344.8501,0.0000,0.0000,0.0000,0.0000,0.0000,0.0000,0.0000,1.0000,812.7100,1.0000,1.0000,101.3600,0.1247,790.5300,0.0000,5.0000,1.0000,13.0000,1.0000,1,同设备多账号
3.0000,0.0000,0.0000,3900.1001,1300.0300,1762.2500,0.0000,0.0000,0.0000,0.0000,0.0000,0.0000,0.0000,1.0000,988.3600,1.0000,1.0000,90.3300,0.0914,1425.7300,0.0000,3.0000,1.0000,1.0000,0.0000,0,正常报名
11.0000,4.0000,1.0000,11781.3799,1071.0300,1793.3300,0.0000,0.0000,0.0000,0.0000,0.0000,0.0000,0.0000,1.0000,1706.1300,1.0000,1.0000,13.2900,0.0078,2233.7200,0.0000,2.0000,1.0000,1.0000,0.0000,0,正常报名
7.0000,3.0000,2.0000,6800.3501,971.4800,2111.8301,0.0000,0.0000,0.0000,0.0000,0.0000,0.0000,0.0000,3.0000,1988.0100,1.0000,1.0000,52.2100,0.0263,1912.2600,0.0000,5.0000,3.0000,2.0000,0.0000,0,正常报名
6.0000,3.0000,1.0000,7845.8599,1307.6400,4449.8799,0.0000,0.0000,0.0000,0.0000,0.0000,0.0000,0.0000,2.0000,0.0000,0.0000,0.0000,0.0000,0.0000,0.0000,0.0000,1.0000,2.0000,2.0000,0.0000,0,正常学历认证
6.0000,3.0000,0.0000,12382.4902,2063.7500,2361.9299,1.0000,1.0000,0.1667,0.1667,1573.5500,0.0000,0.0000,2.0000,2117.8044,1.0000,1.0000,142.2500,0.1320,599.1710,0.0000,1.0000,2.0000,1.0000,0.0000,0,正常退费
2.0000,2.0000,2.0000,4227.9302,2113.9600,4604.4199,0.0000,0.0000,0.0000,0.0000,0.0000,0.0000,0.0000,1.0000,1945.1200,1.0000,1.0000,172.6900,0.0888,1444.0300,0.0000,2.0000,1.0000,2.0000,0.0000,0,正常报名
3.0000,1.0000,1.0000,7965.2700,2655.0901,2996.4900,0.0000,0.0000,0.0000,0.0000,0.0000,1.0000,0.0000,2.0000,537.9000,1.0000,1.0000,93.9500,0.1747,1187.6200,0.0000,3.0000,2.0000,1.0000,0.0000,0,正常报名
5.0000,0.0000,0.0000,28442.3906,3160.2700,5392.9800,4.0000,3.0000,0.8000,0.6000,15140.1475,0.0000,0.0000,3.0000,3194.0701,1.0000,1.0000,413.6900,0.1295,650.2900,0.0000,4.0000,3.0000,1.0000,0.0000,1,连环退费
2.0000,0.0000,0.0000,2993.7800,1496.8900,3219.7200,0.0000,0.0000,0.0000,0.0000,0.0000,0.0000,0.0000,1.0000,2083.8899,1.0000,1.0000,347.8900,0.1669,1858.6500,0.0000,2.0000,1.0000,1.0000,0.0000,0,正常报名
5.0000,0.0000,0.0000,36044.4883,3276.7700,6062.5298,4.0000,4.0000,0.8000,0.8000,13565.9844,0.0000,0.0000,2.0000,328.1600,1.0000,1.0000,2.7800,0.0085,73.8900,0.0000,5.0000,2.0000,2.0000,0.0000,1,极高退费率
11.0000,0.0000,0.0000,10673.6797,889.4700,3761.1899,9.0000,9.0000,0.8182,0.8182,22329.4668,0.0000,0.0000,1.0000,3761.1899,1.0000,1.0000,28.3500,0.0075,1493.8600,0.0000,1.0000,1.0000,1.0000,0.0000,1,极高退费率
11.0000,1.0000,0.0000,24694.1992,2244.9299,3576.1101,0.0000,0.0000,0.0000,0.0000,0.0000,1.0000,0.0000,3.0000,11258.4805,1.0000,1.0000,111.4900,0.0864,927.5600,0.0000,4.0000,3.0000,1.0000,1.0000,1,新设备大额报名
4.0000,1.0000,0.0000,7751.9302,1937.9800,2055.0500,0.0000,1.0000,0.0000,0.0000,0.0000,0.0000,0.0000,1.0000,4001.1707,1.0000,1.0000,102.2300,0.1316,1.1317,0.0000,2.0000,1.0000,2.0000,0.0000,1,零学时大额退费
5.0000,0.0000,0.0000,5744.3599,1148.8700,1458.2000,0.0000,0.0000,0.0000,0.0000,0.0000,0.0000,0.0000,3.0000,447.7300,1.0000,1.0000,4.0300,0.0090,2019.6600,0.0000,1.0000,3.0000,2.0000,0.0000,0,正常报名
12.0000,1.0000,0.0000,41804.4492,3483.7000,6624.3198,0.0000,0.0000,0.0000,0.0000,0.0000,0.0000,0.0000,2.0000,1974.9900,1.0000,1.0000,77.2400,0.0391,229.9000,0.0000,3.0000,2.0000,2.0000,1.0000,0,正常报名
1.0000,1.0000,1.0000,2848.2500,2848.2500,5731.5498,0.0000,0.0000,0.0000,0.0000,0.0000,0.0000,0.0000,1.0000,0.0000,0.0000,0.0000,0.0000,0.0000,0.0000,0.0000,1.0000,1.0000,2.0000,0.0000,0,正常学历认证
10.0000,3.0000,2.0000,8242.7305,824.2700,981.7000,0.0000,0.0000,0.0000,0.0000,0.0000,0.0000,0.0000,1.0000,304.7900,1.0000,1.0000,35.1600,0.1154,951.7800,0.0000,2.0000,1.0000,1.0000,0.0000,0,正常报名
7.0000,3.0000,0.0000,6034.9199,862.1300,1476.0300,0.0000,0.0000,0.0000,0.0000,0.0000,0.0000,0.0000,1.0000,413.3200,1.0000,1.0000,46.3900,0.1122,2324.9500,0.0000,1.0000,1.0000,2.0000,0.0000,0,正常报名
10.0000,3.0000,2.0000,9870.9502,987.1000,4096.1001,0.0000,0.0000,0.0000,0.0000,0.0000,0.0000,0.0000,3.0000,24187.5801,1.0000,1.0000,99.2700,0.0242,1617.7900,0.0000,4.0000,3.0000,2.0000,1.0000,1,新设备大额报名
4.0000,1.0000,0.0000,4858.7202,1214.6801,2474.7300,0.0000,1.0000,0.0000,0.0000,0.0000,0.0000,0.0000,2.0000,2068.2710,1.0000,1.0000,431.2500,0.1743,1637.0809,0.0000,4.0000,2.0000,2.0000,0.0000,0,正常退费
8.0000,2.0000,1.0000,5392.2202,674.0300,2933.3701,0.0000,0.0000,0.0000,0.0000,0.0000,1.0000,0.0000,1.0000,2933.3701,1.0000,1.0000,95.6900,0.0326,459.3000,0.0000,2.0000,1.0000,1.0000,0.0000,0,正常报名
2.0000,2.0000,0.0000,1370.0100,685.0100,1465.5200,0.0000,0.0000,0.0000,0.0000,0.0000,0.0000,0.0000,3.0000,0.0000,0.0000,0.0000,0.0000,0.0000,0.0000,0.0000,1.0000,3.0000,1.0000,0.0000,0,正常学历认证
4.0000,2.0000,2.0000,8260.5801,1032.5699,3230.5500,3.0000,4.0000,0.7500,1.0000,26228.0703,0.0000,0.0000,2.0000,3230.5500,1.0000,1.0000,304.8700,0.0944,657.3900,0.0000,3.0000,2.0000,2.0000,1.0000,1,连环退费
9.0000,4.0000,0.0000,12051.2100,1339.0200,2362.2100,0.0000,0.0000,0.0000,0.0000,0.0000,0.0000,0.0000,2.0000,724.0100,1.0000,1.0000,116.8300,0.1614,745.5700,0.0000,4.0000,2.0000,2.0000,0.0000,0,正常报名
7.0000,0.0000,0.0000,16418.1602,2345.4500,2365.9700,0.0000,0.0000,0.0000,0.0000,0.0000,0.0000,0.0000,1.0000,1844.5300,1.0000,1.0000,266.4000,0.1444,707.6900,0.0000,2.0000,1.0000,2.0000,0.0000,0,正常报名
2.0000,2.0000,1.0000,1136.4500,568.2300,3294.0901,0.0000,0.0000,0.0000,0.0000,0.0000,0.0000,4.0000,3.0000,0.0000,0.0000,0.0000,0.0000,0.0000,0.0000,1.0000,1.0000,3.0000,2.0000,0.0000,1,身份连续认证失败
3.0000,0.0000,0.0000,3644.7400,1214.9100,2668.7900,3.0000,3.0000,1.0000,1.0000,17498.8027,0.0000,0.0000,1.0000,1469.9500,1.0000,1.0000,43.1800,0.0294,1575.3700,0.0000,2.0000,1.0000,1.0000,0.0000,1,极高退费率
9.0000,2.0000,1.0000,31007.9395,3445.3301,6994.4600,0.0000,0.0000,0.0000,0.0000,0.0000,0.0000,0.0000,2.0000,384.9500,1.0000,1.0000,20.5400,0.0534,782.1100,0.0000,1.0000,2.0000,2.0000,0.0000,0,正常报名
8.0000,0.0000,0.0000,4307.2300,538.4000,4468.9199,0.0000,0.0000,0.0000,0.0000,0.0000,0.0000,0.0000,2.0000,4468.9199,1.0000,1.0000,780.6000,0.1747,1012.4300,0.0000,4.0000,2.0000,1.0000,0.0000,0,正常报名
6.0000,5.0000,1.0000,17295.3008,2882.5500,3303.9399,0.0000,0.0000,0.0000,0.0000,0.0000,0.0000,0.0000,2.0000,2476.7400,1.0000,1.0000,332.1800,0.1341,828.8200,0.0000,3.0000,2.0000,1.0000,0.0000,0,正常报名
8.0000,4.0000,0.0000,9349.1797,1168.6500,3653.4500,0.0000,0.0000,0.0000,0.0000,0.0000,0.0000,0.0000,3.0000,3653.4500,1.0000,1.0000,130.6000,0.0357,128.5000,0.0000,3.0000,3.0000,2.0000,0.0000,0,正常报名
11.0000,1.0000,1.0000,9014.9902,1126.8700,1592.8000,11.0000,11.0000,1.0000,1.0000,18848.6914,0.0000,0.0000,1.0000,1592.8000,1.0000,1.0000,170.6700,0.1072,531.5300,0.0000,1.0000,1.0000,1.0000,1.0000,1,极高退费率
10.0000,2.0000,2.0000,10788.2598,1541.1801,3117.8701,3.0000,8.0000,0.3000,0.8000,16164.0518,0.0000,0.0000,2.0000,1556.3900,1.0000,1.0000,54.5100,0.0350,619.0400,0.0000,5.0000,2.0000,2.0000,0.0000,1,连环退费
6.0000,1.0000,1.0000,7242.3501,1207.0601,2543.7000,0.0000,1.0000,0.0000,0.0000,0.0000,0.0000,0.0000,3.0000,11699.1436,1.0000,1.0000,269.6300,0.1060,3.6472,0.0000,2.0000,3.0000,1.0000,0.0000,1,零学时大额退费
5.0000,5.0000,0.0000,12501.5801,2500.3201,4791.1699,0.0000,0.0000,0.0000,0.0000,0.0000,0.0000,0.0000,3.0000,2850.9600,1.0000,1.0000,404.0500,0.1417,975.5100,0.0000,4.0000,3.0000,1.0000,0.0000,0,正常报名
3.0000,0.0000,0.0000,8031.7900,2677.2600,2816.6299,0.0000,1.0000,0.0000,0.0000,0.0000,0.0000,0.0000,3.0000,11814.3184,1.0000,1.0000,289.3400,0.1036,1.5854,0.0000,2.0000,3.0000,1.0000,1.0000,1,零学时大额退费
1.0000,0.0000,0.0000,2226.3401,2226.3401,4161.1201,0.0000,0.0000,0.0000,0.0000,0.0000,0.0000,0.0000,3.0000,487.6000,1.0000,1.0000,63.1300,0.1295,1990.9399,0.0000,1.0000,3.0000,1.0000,0.0000,0,正常报名
11.0000,3.0000,2.0000,11410.6699,1037.3300,1400.6100,0.0000,0.0000,0.0000,0.0000,0.0000,0.0000,0.0000,1.0000,0.0000,0.0000,0.0000,0.0000,0.0000,0.0000,0.0000,4.0000,1.0000,2.0000,0.0000,0,正常学历认证
10.0000,4.0000,0.0000,24853.3906,2485.3401,2706.4900,0.0000,0.0000,0.0000,0.0000,0.0000,0.0000,0.0000,2.0000,7460.2959,1.0000,1.0000,79.1000,0.0978,125.3200,1.0000,3.0000,2.0000,1.0000,0.0000,0,凌晨大额标记
9.0000,2.0000,2.0000,8321.4102,924.6000,3909.9800,0.0000,0.0000,0.0000,0.0000,0.0000,0.0000,0.0000,2.0000,6056.5137,1.0000,1.0000,151.9200,0.0389,1999.9700,1.0000,5.0000,2.0000,2.0000,0.0000,0,凌晨大额标记
10.0000,2.0000,0.0000,22339.4902,2792.4399,3845.9299,3.0000,8.0000,0.3000,0.8000,20494.1992,0.0000,0.0000,2.0000,2504.3799,1.0000,1.0000,430.1600,0.1718,1369.9500,0.0000,4.0000,2.0000,1.0000,0.0000,1,连环退费
10.0000,5.0000,0.0000,28107.6602,2810.7700,5946.4902,0.0000,0.0000,0.0000,0.0000,0.0000,0.0000,0.0000,1.0000,2815.2500,1.0000,1.0000,12.2500,0.0043,2286.1499,0.0000,3.0000,1.0000,2.0000,0.0000,1,正常报名
11.0000,1.0000,1.0000,30404.1602,2764.0100,3682.3701,0.0000,0.0000,0.0000,0.0000,0.0000,0.0000,0.0000,2.0000,3380.6499,1.0000,1.0000,16.2500,0.0048,1387.2700,0.0000,4.0000,2.0000,2.0000,0.0000,0,正常报名
2.0000,0.0000,0.0000,5779.4600,2889.7300,3803.2200,0.0000,0.0000,0.0000,0.0000,0.0000,0.0000,0.0000,3.0000,6756.2612,1.0000,1.0000,384.0900,0.1010,1218.2500,1.0000,2.0000,3.0000,2.0000,0.0000,0,凌晨大额标记
5.0000,2.0000,0.0000,10744.8701,2148.9700,2792.5701,0.0000,0.0000,0.0000,0.0000,0.0000,0.0000,0.0000,3.0000,2741.4099,1.0000,1.0000,282.4700,0.1030,1906.5699,0.0000,2.0000,3.0000,1.0000,0.0000,0,正常报名
8.0000,4.0000,2.0000,14552.6602,1819.0800,3854.4600,0.0000,0.0000,0.0000,0.0000,0.0000,0.0000,0.0000,2.0000,1378.5300,1.0000,1.0000,165.4900,0.1200,420.8400,0.0000,5.0000,2.0000,2.0000,0.0000,0,正常报名
12.0000,3.0000,0.0000,22362.2109,1863.5200,3824.0901,0.0000,0.0000,0.0000,0.0000,0.0000,0.0000,4.0000,2.0000,0.0000,0.0000,0.0000,0.0000,0.0000,0.0000,0.0000,1.0000,2.0000,2.0000,0.0000,1,身份连续认证失败
10.0000,4.0000,2.0000,13139.1797,1313.9200,1990.6801,0.0000,0.0000,0.0000,0.0000,0.0000,0.0000,0.0000,2.0000,12613.0947,1.0000,1.0000,48.5500,0.0484,1499.2700,0.0000,5.0000,2.0000,3.0000,1.0000,1,新设备大额报名
6.0000,4.0000,1.0000,14265.0195,2377.5000,2838.1599,0.0000,0.0000,0.0000,0.0000,0.0000,0.0000,0.0000,3.0000,374.0600,1.0000,1.0000,46.1900,0.1235,1704.1600,0.0000,1.0000,3.0000,7.0000,1.0000,1,同设备多账号
6.0000,4.0000,0.0000,20415.2109,3402.5300,5321.6802,0.0000,0.0000,0.0000,0.0000,0.0000,0.0000,0.0000,1.0000,1781.9600,1.0000,1.0000,53.4600,0.0300,1011.7200,0.0000,1.0000,1.0000,2.0000,0.0000,0,正常报名
9.0000,3.0000,2.0000,15471.4004,1719.0400,3053.1699,0.0000,0.0000,0.0000,0.0000,0.0000,0.0000,0.0000,3.0000,690.3500,1.0000,1.0000,16.5000,0.0239,1645.2900,0.0000,1.0000,3.0000,2.0000,0.0000,0,正常报名
5.0000,3.0000,1.0000,13666.1504,2733.2300,5605.6201,0.0000,1.0000,0.0000,0.0000,0.0000,0.0000,0.0000,3.0000,1178.4624,1.0000,1.0000,401.9200,0.0960,713.9528,0.0000,4.0000,3.0000,1.0000,0.0000,0,正常退费
3.0000,0.0000,0.0000,6738.2402,2246.0801,2992.6001,0.0000,0.0000,0.0000,0.0000,0.0000,1.0000,0.0000,2.0000,2992.6001,1.0000,1.0000,5.2400,0.0017,676.3000,0.0000,2.0000,2.0000,1.0000,0.0000,0,正常报名
9.0000,1.0000,1.0000,4598.1299,510.9000,840.4500,1.0000,1.0000,0.1111,0.1111,567.7300,0.0000,0.0000,3.0000,840.4500,1.0000,1.0000,36.7600,0.0437,111.3300,0.0000,4.0000,3.0000,2.0000,0.0000,0,正常报名
5.0000,4.0000,0.0000,9981.6904,1996.3400,3914.3899,0.0000,0.0000,0.0000,0.0000,0.0000,0.0000,0.0000,3.0000,1684.6801,1.0000,1.0000,86.9900,0.0516,939.3700,0.0000,3.0000,3.0000,14.0000,0.0000,1,同设备多账号
7.0000,1.0000,1.0000,15102.1699,2157.4500,4692.7402,0.0000,0.0000,0.0000,0.0000,0.0000,0.0000,0.0000,2.0000,2241.6101,1.0000,1.0000,228.2500,0.1018,1726.6600,0.0000,4.0000,2.0000,2.0000,0.0000,0,正常报名
8.0000,1.0000,0.0000,398.1300,398.1300,2617.2800,6.0000,5.0000,0.7500,0.6250,10333.1123,0.0000,0.0000,2.0000,2617.2800,1.0000,1.0000,250.9800,0.0959,2041.4500,0.0000,1.0000,2.0000,2.0000,0.0000,1,连环退费
4.0000,0.0000,0.0000,16140.4697,2690.0801,3215.7700,4.0000,3.0000,1.0000,0.7500,19548.3809,0.0000,0.0000,2.0000,363.1400,1.0000,1.0000,16.3600,0.0451,957.5300,0.0000,5.0000,2.0000,2.0000,0.0000,1,连环退费
5.0000,4.0000,1.0000,3923.5400,784.7100,3184.7900,0.0000,0.0000,0.0000,0.0000,0.0000,0.0000,0.0000,1.0000,3184.7900,1.0000,1.0000,410.2100,0.1288,642.4300,0.0000,1.0000,1.0000,1.0000,0.0000,0,正常报名
5.0000,1.0000,1.0000,6812.4902,1362.5000,1630.5100,0.0000,0.0000,0.0000,0.0000,0.0000,0.0000,0.0000,3.0000,706.7800,1.0000,1.0000,123.3100,0.1745,1251.0300,0.0000,3.0000,3.0000,1.0000,0.0000,0,正常报名
10.0000,4.0000,1.0000,23560.5391,2356.0500,3566.5901,0.0000,0.0000,0.0000,0.0000,0.0000,0.0000,0.0000,3.0000,1985.4000,1.0000,1.0000,295.8600,0.1490,272.2000,0.0000,4.0000,3.0000,1.0000,0.0000,0,正常报名
11.0000,3.0000,0.0000,21562.3008,3080.3301,5407.3101,5.0000,9.0000,0.4545,0.8182,12603.4229,0.0000,0.0000,2.0000,1740.1000,1.0000,1.0000,153.0200,0.0879,126.7400,0.0000,5.0000,2.0000,2.0000,0.0000,1,连环退费
8.0000,0.0000,0.0000,23593.0000,2949.1299,5384.5698,0.0000,0.0000,0.0000,0.0000,0.0000,0.0000,0.0000,1.0000,19016.9336,1.0000,1.0000,386.4200,0.0994,2310.9900,0.0000,4.0000,1.0000,3.0000,1.0000,1,新设备大额报名
7.0000,1.0000,1.0000,21719.8105,3102.8301,3436.4700,0.0000,0.0000,0.0000,0.0000,0.0000,0.0000,0.0000,1.0000,0.0000,0.0000,0.0000,0.0000,0.0000,0.0000,0.0000,5.0000,1.0000,2.0000,0.0000,0,正常学历认证
12.0000,0.0000,0.0000,25835.5605,2152.9600,4266.0601,0.0000,0.0000,0.0000,0.0000,0.0000,0.0000,0.0000,2.0000,0.0000,0.0000,0.0000,0.0000,0.0000,0.0000,0.0000,5.0000,2.0000,1.0000,1.0000,0,正常学历认证
5.0000,1.0000,1.0000,9205.6904,1841.1400,1954.2200,0.0000,1.0000,0.0000,0.0000,0.0000,1.0000,0.0000,3.0000,2962.5066,1.0000,1.0000,76.9100,0.0771,4.3607,0.0000,3.0000,3.0000,1.0000,0.0000,0,零学时大额退费
2.0000,1.0000,1.0000,758.5500,379.2700,1756.3000,0.0000,1.0000,0.0000,0.0000,0.0000,0.0000,0.0000,3.0000,8261.3516,1.0000,1.0000,196.4400,0.1118,2.5597,0.0000,1.0000,3.0000,1.0000,0.0000,1,零学时大额退费
9.0000,1.0000,1.0000,25674.9004,2852.7700,4448.8301,0.0000,0.0000,0.0000,0.0000,0.0000,0.0000,0.0000,2.0000,4106.8999,1.0000,1.0000,93.7400,0.0228,1318.4600,0.0000,2.0000,2.0000,1.0000,0.0000,0,正常报名
7.0000,0.0000,0.0000,21775.7305,3110.8201,3868.0500,0.0000,0.0000,0.0000,0.0000,0.0000,1.0000,0.0000,1.0000,15751.3799,1.0000,1.0000,10.7100,0.0110,263.1000,0.0000,2.0000,1.0000,1.0000,1.0000,1,新设备大额报名
6.0000,1.0000,1.0000,5026.0698,1256.5200,4120.5698,4.0000,5.0000,0.6667,0.8333,14626.4062,0.0000,0.0000,1.0000,4120.5698,1.0000,1.0000,33.5200,0.0081,1615.3000,0.0000,1.0000,1.0000,1.0000,0.0000,1,连环退费
2.0000,2.0000,2.0000,5420.1899,2710.1001,5405.5200,0.0000,0.0000,0.0000,0.0000,0.0000,0.0000,0.0000,3.0000,7936.4756,1.0000,1.0000,224.2300,0.0640,38.4800,1.0000,2.0000,3.0000,2.0000,1.0000,0,凌晨大额标记
3.0000,2.0000,0.0000,9994.9297,3331.6399,5286.5498,0.0000,1.0000,0.0000,0.0000,0.0000,0.0000,0.0000,3.0000,1813.7673,1.0000,1.0000,155.1600,0.1202,254.5350,0.0000,3.0000,3.0000,1.0000,0.0000,0,正常退费
8.0000,5.0000,2.0000,9255.9404,1156.9900,2160.3899,0.0000,0.0000,0.0000,0.0000,0.0000,0.0000,0.0000,3.0000,1836.7500,1.0000,1.0000,186.5500,0.1016,778.6700,0.0000,5.0000,3.0000,2.0000,1.0000,0,正常报名
4.0000,4.0000,0.0000,3980.4900,995.1200,1969.4500,0.0000,0.0000,0.0000,0.0000,0.0000,1.0000,0.0000,2.0000,0.0000,0.0000,0.0000,0.0000,0.0000,0.0000,0.0000,2.0000,2.0000,1.0000,1.0000,0,正常学历认证
3.0000,0.0000,0.0000,2418.7500,806.2500,4413.9102,0.0000,0.0000,0.0000,0.0000,0.0000,0.0000,0.0000,3.0000,0.0000,0.0000,0.0000,0.0000,0.0000,0.0000,0.0000,2.0000,3.0000,1.0000,0.0000,0,正常学历认证
1.0000,1.0000,1.0000,3276.5000,3276.5000,3486.6699,0.0000,0.0000,0.0000,0.0000,0.0000,1.0000,0.0000,1.0000,0.0000,0.0000,0.0000,0.0000,0.0000,0.0000,0.0000,1.0000,1.0000,1.0000,0.0000,0,正常学历认证
8.0000,0.0000,0.0000,24399.3906,3049.9199,4126.3901,0.0000,0.0000,0.0000,0.0000,0.0000,0.0000,0.0000,3.0000,9457.2803,1.0000,1.0000,195.8300,0.1518,136.6300,1.0000,3.0000,3.0000,2.0000,0.0000,0,凌晨大额标记
7.0000,2.0000,2.0000,9682.7305,1383.2500,2240.5000,0.0000,0.0000,0.0000,0.0000,0.0000,0.0000,0.0000,1.0000,356.5200,1.0000,1.0000,25.9400,0.0727,887.8600,1.0000,1.0000,1.0000,7.0000,0.0000,1,同设备多账号
7.0000,4.0000,1.0000,4712.8198,673.2600,992.4200,0.0000,0.0000,0.0000,0.0000,0.0000,0.0000,0.0000,1.0000,5749.5713,1.0000,1.0000,159.7200,0.1609,1934.6200,1.0000,5.0000,1.0000,2.0000,0.0000,0,凌晨大额标记
8.0000,3.0000,2.0000,12483.4805,1560.4399,3792.4099,0.0000,0.0000,0.0000,0.0000,0.0000,0.0000,0.0000,3.0000,3792.4099,1.0000,1.0000,104.3800,0.0275,1498.3300,0.0000,5.0000,3.0000,1.0000,0.0000,0,正常报名
12.0000,2.0000,0.0000,19211.9102,1600.9900,3354.4099,0.0000,0.0000,0.0000,0.0000,0.0000,0.0000,0.0000,1.0000,3354.4099,1.0000,1.0000,106.7000,0.0318,155.3400,0.0000,2.0000,1.0000,1.0000,1.0000,0,正常报名
15.0000,5.0000,2.0000,4836.2002,483.6200,2159.7300,3.0000,14.0000,0.2000,0.9333,19971.6836,0.0000,0.0000,2.0000,2159.7300,1.0000,1.0000,348.1600,0.1612,897.8200,0.0000,1.0000,2.0000,1.0000,0.0000,1,连环退费
3.0000,3.0000,2.0000,1724.0400,574.6800,2057.4099,0.0000,0.0000,0.0000,0.0000,0.0000,0.0000,0.0000,3.0000,2057.4099,1.0000,1.0000,364.8000,0.1773,1310.6300,0.0000,1.0000,3.0000,2.0000,0.0000,0,正常报名
12.0000,0.0000,0.0000,30225.6094,2518.8000,3493.3301,0.0000,1.0000,0.0000,0.0000,0.0000,0.0000,0.0000,1.0000,5677.1885,1.0000,1.0000,467.0700,0.1337,1.8719,1.0000,2.0000,1.0000,1.0000,0.0000,1,零学时大额退费
2.0000,1.0000,0.0000,6763.3501,3381.6699,4551.6001,0.0000,0.0000,0.0000,0.0000,0.0000,0.0000,0.0000,2.0000,1212.5300,1.0000,1.0000,131.8000,0.1087,1267.6801,0.0000,1.0000,2.0000,1.0000,0.0000,0,正常报名
9.0000,3.0000,0.0000,21424.6895,2380.5200,3858.1899,0.0000,0.0000,0.0000,0.0000,0.0000,1.0000,0.0000,3.0000,3782.3401,1.0000,1.0000,102.6800,0.0271,1487.0800,0.0000,4.0000,3.0000,2.0000,0.0000,0,正常报名
1.0000,1.0000,0.0000,416.7100,416.7100,1808.8400,0.0000,0.0000,0.0000,0.0000,0.0000,0.0000,0.0000,2.0000,1808.8400,1.0000,1.0000,59.4600,0.0329,1869.7300,0.0000,1.0000,2.0000,1.0000,0.0000,0,正常报名
7.0000,1.0000,0.0000,14807.5400,2115.3601,2219.1799,0.0000,1.0000,0.0000,0.0000,0.0000,0.0000,0.0000,2.0000,3081.4158,1.0000,1.0000,203.5100,0.0918,3.2299,0.0000,1.0000,2.0000,2.0000,0.0000,1,零学时大额退费
10.0000,5.0000,2.0000,7114.4399,711.4400,2487.0500,0.0000,0.0000,0.0000,0.0000,0.0000,0.0000,0.0000,3.0000,2487.0500,1.0000,1.0000,100.0500,0.0402,2253.2200,0.0000,3.0000,3.0000,2.0000,0.0000,0,正常报名
6.0000,2.0000,0.0000,5097.5698,849.5900,3616.5300,0.0000,1.0000,0.0000,0.0000,0.0000,0.0000,0.0000,1.0000,7607.2598,1.0000,1.0000,627.9300,0.1736,0.0260,0.0000,1.0000,1.0000,1.0000,0.0000,1,零学时大额退费
3.0000,1.0000,1.0000,8683.3096,964.8100,3528.6599,3.0000,3.0000,1.0000,1.0000,17307.9609,0.0000,0.0000,1.0000,3528.6599,1.0000,1.0000,437.0800,0.1239,806.4400,0.0000,5.0000,1.0000,1.0000,0.0000,1,极高退费率
8.0000,2.0000,1.0000,11507.2695,1438.4100,1804.2800,0.0000,1.0000,0.0000,0.1250,0.0000,0.0000,0.0000,2.0000,6903.1118,1.0000,1.0000,110.3100,0.0679,1.4930,0.0000,5.0000,2.0000,2.0000,0.0000,1,零学时大额退费
2.0000,0.0000,0.0000,6889.1699,3444.5901,3845.8000,0.0000,0.0000,0.0000,0.0000,0.0000,0.0000,0.0000,3.0000,1366.5601,1.0000,1.0000,15.1800,0.0111,633.2300,0.0000,2.0000,3.0000,11.0000,1.0000,1,同设备多账号
10.0000,1.0000,1.0000,21998.2598,2199.8301,3915.1499,0.0000,0.0000,0.0000,0.0000,0.0000,0.0000,0.0000,3.0000,0.0000,0.0000,0.0000,0.0000,0.0000,0.0000,0.0000,1.0000,3.0000,1.0000,0.0000,0,正常学历认证
10.0000,3.0000,0.0000,31648.4102,3164.8401,41024.9102,0.0000,0.0000,0.0000,0.0000,0.0000,1.0000,0.0000,1.0000,41024.9102,1.0000,1.0000,103.2200,0.0951,173.3300,0.0000,3.0000,1.0000,1.0000,0.0000,1,超高金额报名
3.0000,2.0000,2.0000,3844.9500,1281.6500,1694.2000,0.0000,1.0000,0.0000,0.0000,0.0000,0.0000,0.0000,1.0000,1756.2970,1.0000,1.0000,216.7600,0.1752,551.8063,0.0000,1.0000,1.0000,1.0000,0.0000,0,正常退费
10.0000,4.0000,1.0000,10144.7100,1014.4700,2339.8799,0.0000,1.0000,0.0000,0.0000,0.0000,0.0000,0.0000,2.0000,1774.4275,1.0000,1.0000,405.2300,0.1732,399.0583,0.0000,4.0000,2.0000,2.0000,0.0000,0,正常退费
11.0000,1.0000,1.0000,11976.7305,1088.7900,2862.3301,0.0000,0.0000,0.0000,0.0000,0.0000,0.0000,0.0000,1.0000,2862.3301,1.0000,1.0000,467.3300,0.1633,1484.4100,0.0000,2.0000,1.0000,2.0000,0.0000,0,正常报名
15.0000,0.0000,0.0000,2490.2300,2490.2300,4528.1201,4.0000,14.0000,0.2667,0.9333,10488.0352,0.0000,0.0000,2.0000,1574.6500,1.0000,1.0000,135.4100,0.0860,1927.8500,0.0000,1.0000,2.0000,2.0000,0.0000,1,连环退费
7.0000,1.0000,0.0000,4519.4502,645.6400,4135.3999,0.0000,0.0000,0.0000,0.0000,0.0000,0.0000,0.0000,1.0000,4135.3999,1.0000,1.0000,82.2200,0.0199,1099.3101,0.0000,3.0000,1.0000,1.0000,1.0000,0,正常报名
11.0000,4.0000,1.0000,13626.4004,1238.7600,3691.4900,0.0000,0.0000,0.0000,0.0000,0.0000,0.0000,0.0000,1.0000,0.0000,0.0000,0.0000,0.0000,0.0000,0.0000,1.0000,5.0000,1.0000,2.0000,0.0000,0,正常学历认证
9.0000,0.0000,0.0000,19316.0703,2146.2300,45894.5000,0.0000,1.0000,0.0000,0.1111,0.0000,1.0000,0.0000,1.0000,45894.5000,1.0000,1.0000,115.7800,0.0310,2060.3000,0.0000,1.0000,1.0000,2.0000,0.0000,1,超高金额报名
6.0000,3.0000,0.0000,9360.2402,1560.0400,4417.6099,0.0000,0.0000,0.0000,0.0000,0.0000,0.0000,0.0000,3.0000,4417.6099,1.0000,1.0000,670.5800,0.1518,402.3300,0.0000,5.0000,3.0000,1.0000,0.0000,0,正常报名
10.0000,4.0000,0.0000,6858.8701,685.8900,3419.8201,0.0000,0.0000,0.0000,0.0000,0.0000,0.0000,0.0000,1.0000,3419.8201,1.0000,1.0000,546.2500,0.1597,1356.8101,0.0000,4.0000,1.0000,1.0000,0.0000,0,正常报名
1.0000,0.0000,0.0000,1098.7900,1098.7900,2096.1101,0.0000,1.0000,0.0000,0.0000,0.0000,0.0000,0.0000,2.0000,643.4512,1.0000,1.0000,140.0500,0.0668,1433.1473,0.0000,1.0000,2.0000,2.0000,0.0000,0,正常退费
2.0000,1.0000,0.0000,6969.2598,3484.6299,3484.8501,0.0000,0.0000,0.0000,0.0000,0.0000,0.0000,0.0000,3.0000,1506.2200,1.0000,1.0000,240.8600,0.1599,1220.2300,0.0000,1.0000,3.0000,2.0000,0.0000,0,正常报名
11.0000,2.0000,1.0000,26919.1699,2447.2000,3361.5300,0.0000,1.0000,0.0000,0.0000,0.0000,0.0000,0.0000,3.0000,3765.0786,1.0000,1.0000,175.0800,0.1319,3.5183,0.0000,3.0000,3.0000,2.0000,0.0000,1,零学时大额退费
3.0000,3.0000,1.0000,4911.6001,1637.2000,2332.3601,0.0000,0.0000,0.0000,0.0000,0.0000,0.0000,0.0000,3.0000,2332.3601,1.0000,1.0000,341.0500,0.1462,529.3800,0.0000,1.0000,3.0000,1.0000,0.0000,0,正常报名
3.0000,3.0000,2.0000,6405.7700,2135.2600,3443.9800,0.0000,1.0000,0.0000,0.0000,0.0000,0.0000,0.0000,3.0000,11926.2041,1.0000,1.0000,26.6400,0.0274,1.9856,0.0000,3.0000,3.0000,2.0000,0.0000,1,零学时大额退费
8.0000,3.0000,2.0000,6916.0000,864.5000,1122.2100,0.0000,0.0000,0.0000,0.0000,0.0000,0.0000,0.0000,3.0000,660.6100,1.0000,1.0000,1.5600,0.0024,2011.9100,0.0000,2.0000,3.0000,2.0000,0.0000,0,正常报名
7.0000,3.0000,2.0000,17731.1602,2533.0200,3333.9900,0.0000,1.0000,0.0000,0.0000,0.0000,0.0000,0.0000,1.0000,5143.5244,1.0000,1.0000,4.2900,0.0021,3.8270,0.0000,4.0000,1.0000,1.0000,0.0000,1,零学时大额退费
12.0000,3.0000,2.0000,26235.9609,2186.3301,41576.2578,0.0000,0.0000,0.0000,0.0000,0.0000,0.0000,0.0000,1.0000,41576.2578,1.0000,1.0000,74.0300,0.1621,898.7300,0.0000,5.0000,1.0000,1.0000,0.0000,1,超高金额报名
3.0000,2.0000,0.0000,4128.4102,1376.1400,4227.8501,0.0000,1.0000,0.0000,0.3333,0.0000,0.0000,0.0000,2.0000,4227.8501,1.0000,1.0000,709.9900,0.1679,2060.5801,0.0000,1.0000,2.0000,2.0000,0.0000,0,正常报名
10.0000,3.0000,2.0000,34752.5117,3475.2500,6421.4600,0.0000,1.0000,0.0000,0.0000,0.0000,0.0000,0.0000,1.0000,1850.8448,1.0000,1.0000,103.2600,0.1767,1093.6696,0.0000,3.0000,1.0000,2.0000,0.0000,0,正常退费
5.0000,2.0000,0.0000,7141.5400,1428.3101,3738.6699,0.0000,0.0000,0.0000,0.0000,0.0000,0.0000,0.0000,1.0000,17981.6152,1.0000,1.0000,583.9300,0.1562,47.4200,0.0000,3.0000,1.0000,3.0000,1.0000,1,新设备大额报名
8.0000,4.0000,0.0000,9949.6504,1243.7100,1528.9800,0.0000,0.0000,0.0000,0.0000,0.0000,0.0000,0.0000,3.0000,11673.6270,1.0000,1.0000,146.0300,0.1606,715.1100,0.0000,2.0000,3.0000,3.0000,1.0000,1,新设备大额报名
5.0000,5.0000,2.0000,27338.4004,2485.3101,2524.6001,4.0000,4.0000,0.8000,0.8000,31121.9746,0.0000,0.0000,2.0000,2222.4700,1.0000,1.0000,334.0900,0.1503,863.8800,0.0000,3.0000,2.0000,2.0000,0.0000,1,连环退费
4.0000,0.0000,0.0000,10945.0596,2736.2600,5102.2798,0.0000,0.0000,0.0000,0.0000,0.0000,0.0000,0.0000,3.0000,12341.6377,1.0000,1.0000,7.4600,0.0017,1961.7700,0.0000,2.0000,3.0000,1.0000,1.0000,1,新设备大额报名
8.0000,2.0000,1.0000,5160.2202,645.0300,2913.3000,1.0000,1.0000,0.1250,0.1250,1879.3199,0.0000,0.0000,3.0000,2913.3000,1.0000,1.0000,414.7200,0.1424,1549.6400,0.0000,3.0000,3.0000,10.0000,0.0000,1,同设备多账号
10.0000,4.0000,2.0000,5303.6201,530.3600,2676.9500,0.0000,1.0000,0.0000,0.0000,0.0000,1.0000,0.0000,1.0000,2520.9038,1.0000,1.0000,121.7000,0.0455,1150.2069,0.0000,5.0000,1.0000,1.0000,0.0000,0,正常退费
4.0000,2.0000,1.0000,11645.3896,2911.3501,5187.2100,0.0000,0.0000,0.0000,0.0000,0.0000,0.0000,0.0000,3.0000,3205.7000,1.0000,1.0000,123.6600,0.0386,1432.0200,0.0000,2.0000,3.0000,1.0000,0.0000,0,正常报名
6.0000,1.0000,0.0000,2169.8899,361.6500,3962.9500,0.0000,0.0000,0.0000,0.0000,0.0000,0.0000,0.0000,1.0000,3962.9500,1.0000,1.0000,31.4700,0.0079,982.1300,0.0000,1.0000,1.0000,1.0000,0.0000,0,正常报名
3.0000,2.0000,2.0000,7344.0801,2448.0300,2826.7700,0.0000,0.0000,0.0000,0.0000,0.0000,0.0000,0.0000,3.0000,1285.2500,1.0000,1.0000,17.5900,0.0137,1096.0601,0.0000,1.0000,3.0000,2.0000,0.0000,0,正常报名
12.0000,3.0000,1.0000,4707.7798,392.3200,515.8200,0.0000,1.0000,0.0000,0.0833,0.0000,0.0000,0.0000,3.0000,515.8200,1.0000,1.0000,88.1300,0.1708,999.2300,0.0000,3.0000,3.0000,2.0000,1.0000,0,正常报名
11.0000,5.0000,0.0000,16335.2402,1485.0200,2694.9299,0.0000,0.0000,0.0000,0.0000,0.0000,0.0000,0.0000,2.0000,1231.7000,1.0000,1.0000,127.2400,0.1033,224.5900,0.0000,2.0000,2.0000,1.0000,0.0000,0,正常报名
12.0000,2.0000,1.0000,41200.8008,3433.3999,6160.9902,0.0000,1.0000,0.0000,0.0833,0.0000,0.0000,0.0000,3.0000,4491.7598,1.0000,1.0000,532.5100,0.1186,1967.1899,0.0000,1.0000,3.0000,2.0000,0.0000,0,正常报名
12.0000,2.0000,2.0000,4479.3301,2239.6699,4481.9102,8.0000,8.0000,0.6667,0.6667,8048.9819,1.0000,0.0000,3.0000,3628.4299,1.0000,1.0000,357.4300,0.0985,562.3200,0.0000,1.0000,3.0000,1.0000,0.0000,1,极高退费率
9.0000,5.0000,2.0000,10458.0303,1162.0000,4177.0698,0.0000,1.0000,0.0000,0.0000,0.0000,0.0000,0.0000,2.0000,8370.2383,1.0000,1.0000,191.1300,0.0458,3.6604,0.0000,1.0000,2.0000,2.0000,0.0000,1,零学时大额退费
1.0000,0.0000,0.0000,3026.4099,3026.4099,5223.2900,0.0000,0.0000,0.0000,0.0000,0.0000,0.0000,0.0000,2.0000,4438.0000,1.0000,1.0000,540.0800,0.1217,1552.5900,0.0000,1.0000,2.0000,1.0000,0.0000,0,正常报名
1.0000,0.0000,0.0000,1347.6100,1347.6100,3720.1799,0.0000,0.0000,0.0000,0.0000,0.0000,0.0000,0.0000,1.0000,7401.2471,1.0000,1.0000,393.4300,0.1058,1157.9301,1.0000,1.0000,1.0000,1.0000,0.0000,0,凌晨大额标记
8.0000,2.0000,0.0000,4024.5901,503.0700,3976.0601,1.0000,1.0000,0.1250,0.1250,1594.6600,0.0000,0.0000,3.0000,3976.0601,1.0000,1.0000,705.5600,0.1775,256.1900,0.0000,2.0000,3.0000,1.0000,0.0000,0,正常报名
1.0000,1.0000,1.0000,3159.0000,3159.0000,4247.3501,0.0000,0.0000,0.0000,0.0000,0.0000,0.0000,0.0000,3.0000,3748.7600,1.0000,1.0000,314.9600,0.0840,1765.1700,0.0000,1.0000,3.0000,2.0000,0.0000,0,正常报名
3.0000,3.0000,1.0000,10335.2305,3445.0801,6239.1499,0.0000,0.0000,0.0000,0.0000,0.0000,0.0000,0.0000,3.0000,4105.0298,1.0000,1.0000,475.9100,0.1159,1941.8700,0.0000,1.0000,3.0000,2.0000,0.0000,0,正常报名
9.0000,3.0000,0.0000,21048.9199,2338.7700,2445.9600,0.0000,0.0000,0.0000,0.0000,0.0000,0.0000,0.0000,3.0000,0.0000,0.0000,0.0000,0.0000,0.0000,0.0000,0.0000,3.0000,3.0000,1.0000,0.0000,0,正常学历认证
3.0000,0.0000,0.0000,9585.7900,3195.2600,4465.0098,0.0000,0.0000,0.0000,0.0000,0.0000,0.0000,0.0000,1.0000,7041.1445,1.0000,1.0000,398.6000,0.0893,2374.5601,1.0000,3.0000,1.0000,1.0000,0.0000,0,凌晨大额标记
12.0000,4.0000,1.0000,37862.8906,3155.2400,3672.8799,0.0000,0.0000,0.0000,0.0000,0.0000,0.0000,0.0000,3.0000,2519.5901,1.0000,1.0000,17.9500,0.0071,1205.5900,0.0000,5.0000,3.0000,1.0000,0.0000,0,正常报名
11.0000,2.0000,0.0000,6595.6699,599.6100,4199.0898,0.0000,1.0000,0.0000,0.0000,0.0000,0.0000,0.0000,2.0000,11143.2354,1.0000,1.0000,140.3100,0.0334,1.7065,0.0000,1.0000,2.0000,1.0000,0.0000,1,零学时大额退费
12.0000,2.0000,0.0000,10726.3701,893.8600,2575.5300,0.0000,0.0000,0.0000,0.0000,0.0000,0.0000,0.0000,2.0000,2575.5300,1.0000,1.0000,10.0500,0.0039,1351.6000,0.0000,4.0000,2.0000,2.0000,1.0000,0,正常报名
8.0000,0.0000,0.0000,2563.2800,854.4300,1726.2900,6.0000,6.0000,0.7500,0.7500,18875.1133,0.0000,0.0000,2.0000,1540.1100,1.0000,1.0000,261.5400,0.1698,1148.5699,1.0000,3.0000,2.0000,2.0000,0.0000,1,连环退费
6.0000,3.0000,2.0000,18217.4902,3036.2500,5662.8799,0.0000,1.0000,0.0000,0.0000,0.0000,0.0000,0.0000,2.0000,985.0717,1.0000,1.0000,151.9200,0.0662,1156.4955,0.0000,1.0000,2.0000,2.0000,0.0000,0,正常退费
7.0000,3.0000,1.0000,3935.8999,562.2700,1148.0200,0.0000,0.0000,0.0000,0.0000,0.0000,0.0000,0.0000,2.0000,694.0000,1.0000,1.0000,72.4000,0.1043,1147.9500,0.0000,4.0000,2.0000,2.0000,0.0000,0,正常报名
1.0000,1.0000,1.0000,2019.0100,2019.0100,4383.7402,0.0000,1.0000,0.0000,0.0000,0.0000,1.0000,0.0000,3.0000,5235.1689,1.0000,1.0000,160.2000,0.0447,0.8312,0.0000,1.0000,3.0000,1.0000,0.0000,1,零学时大额退费
12.0000,4.0000,0.0000,30164.6699,2513.7200,45472.1953,0.0000,0.0000,0.0000,0.0000,0.0000,0.0000,0.0000,2.0000,45472.1953,1.0000,1.0000,437.7200,0.1660,910.5600,0.0000,4.0000,2.0000,2.0000,0.0000,1,超高金额报名
5.0000,2.0000,2.0000,20246.1504,3374.3601,3919.1799,3.0000,3.0000,0.6000,0.6000,29958.9707,0.0000,0.0000,3.0000,2318.0801,1.0000,1.0000,230.3000,0.0993,1258.5100,0.0000,2.0000,3.0000,2.0000,0.0000,1,极高退费率
12.0000,3.0000,1.0000,38929.7188,3244.1399,5307.5298,0.0000,0.0000,0.0000,0.0000,0.0000,0.0000,0.0000,1.0000,0.0000,0.0000,0.0000,0.0000,0.0000,0.0000,0.0000,5.0000,1.0000,2.0000,0.0000,0,正常学历认证
11.0000,2.0000,1.0000,9218.5195,838.0500,2958.9199,0.0000,0.0000,0.0000,0.0000,0.0000,0.0000,0.0000,2.0000,0.0000,0.0000,0.0000,0.0000,0.0000,0.0000,0.0000,5.0000,2.0000,1.0000,0.0000,0,正常学历认证
12.0000,1.0000,1.0000,2224.7800,2224.7800,3002.0701,11.0000,11.0000,0.9167,0.9167,11547.9561,1.0000,0.0000,1.0000,409.1000,1.0000,1.0000,60.9200,0.1489,696.9100,0.0000,1.0000,1.0000,1.0000,0.0000,1,极高退费率
1.0000,1.0000,0.0000,2885.9700,2885.9700,4810.2300,0.0000,0.0000,0.0000,0.0000,0.0000,0.0000,0.0000,3.0000,385.1900,1.0000,1.0000,46.2200,0.1200,1086.8600,0.0000,1.0000,3.0000,1.0000,0.0000,0,正常报名
3.0000,1.0000,0.0000,6676.6201,2225.5400,3055.7200,0.0000,0.0000,0.0000,0.0000,0.0000,0.0000,0.0000,3.0000,397.6600,1.0000,1.0000,13.3100,0.0335,707.8300,0.0000,2.0000,3.0000,2.0000,0.0000,0,正常报名
3.0000,0.0000,0.0000,4501.6401,1500.5500,3563.5300,0.0000,0.0000,0.0000,0.0000,0.0000,0.0000,4.0000,2.0000,0.0000,0.0000,0.0000,0.0000,0.0000,0.0000,0.0000,1.0000,2.0000,1.0000,0.0000,1,身份连续认证失败
7.0000,2.0000,1.0000,13704.2100,3426.0500,4518.8101,6.0000,6.0000,0.8571,0.8571,26075.5957,0.0000,0.0000,3.0000,2661.7400,1.0000,1.0000,107.2400,0.0403,1069.3500,0.0000,4.0000,3.0000,2.0000,0.0000,1,极高退费率
10.0000,5.0000,1.0000,6222.3301,622.2300,3232.8799,5.0000,5.0000,0.5000,0.5000,14294.9072,0.0000,0.0000,2.0000,3232.8799,1.0000,1.0000,439.7700,0.1360,720.8700,0.0000,5.0000,2.0000,1.0000,0.0000,1,连环退费
6.0000,3.0000,0.0000,22449.6992,1870.8101,2860.0300,4.0000,3.0000,0.6667,0.5000,30222.8164,1.0000,0.0000,1.0000,2269.3501,1.0000,1.0000,202.1600,0.0891,1446.6300,0.0000,3.0000,1.0000,1.0000,0.0000,1,连环退费
12.0000,4.0000,2.0000,37221.9219,3101.8301,6106.1499,0.0000,1.0000,0.0000,0.0000,0.0000,0.0000,0.0000,2.0000,2023.0604,1.0000,1.0000,271.6200,0.1232,298.8068,0.0000,2.0000,2.0000,2.0000,1.0000,0,正常退费
10.0000,0.0000,0.0000,27965.0293,2796.5000,3609.1799,0.0000,0.0000,0.0000,0.0000,0.0000,1.0000,0.0000,2.0000,3609.1799,1.0000,1.0000,555.9700,0.1540,1161.2000,0.0000,2.0000,2.0000,1.0000,1.0000,0,正常报名
11.0000,5.0000,2.0000,35533.3008,3230.3000,6460.7100,0.0000,0.0000,0.0000,0.0000,0.0000,0.0000,0.0000,2.0000,2581.7600,1.0000,1.0000,102.4500,0.0397,1477.6300,0.0000,2.0000,2.0000,5.0000,0.0000,1,同设备多账号
7.0000,5.0000,1.0000,21588.9199,3084.1299,3460.6299,0.0000,0.0000,0.0000,0.0000,0.0000,1.0000,0.0000,2.0000,1010.7100,1.0000,1.0000,77.8400,0.0770,431.7400,0.0000,4.0000,2.0000,2.0000,0.0000,0,正常报名
10.0000,2.0000,1.0000,7151.8398,1191.9700,2142.5601,7.0000,3.0000,0.7000,0.3000,15055.7559,0.0000,0.0000,1.0000,1611.8300,1.0000,1.0000,102.8600,0.0638,1959.0400,0.0000,4.0000,1.0000,2.0000,0.0000,1,连环退费
7.0000,5.0000,1.0000,19582.2109,2797.4600,4406.2202,0.0000,0.0000,0.0000,0.0000,0.0000,0.0000,0.0000,1.0000,0.0000,0.0000,0.0000,0.0000,0.0000,0.0000,0.0000,1.0000,1.0000,2.0000,0.0000,0,正常学历认证
12.0000,2.0000,0.0000,1348.4200,337.1100,495.8200,5.0000,12.0000,0.4167,1.0000,28591.1406,0.0000,0.0000,3.0000,495.8200,1.0000,1.0000,83.7900,0.1690,603.8300,0.0000,1.0000,3.0000,1.0000,0.0000,1,连环退费
7.0000,1.0000,0.0000,20247.4102,2892.4900,4292.8398,0.0000,0.0000,0.0000,0.0000,0.0000,0.0000,0.0000,3.0000,0.0000,0.0000,0.0000,0.0000,0.0000,0.0000,0.0000,2.0000,3.0000,2.0000,0.0000,0,正常学历认证
1.0000,0.0000,0.0000,387.2000,387.2000,2764.2900,0.0000,0.0000,0.0000,0.0000,0.0000,0.0000,0.0000,1.0000,2764.2900,1.0000,1.0000,12.5900,0.0046,1883.5500,0.0000,1.0000,1.0000,1.0000,0.0000,0,正常报名
4.0000,0.0000,0.0000,3106.7000,776.6800,2973.0400,0.0000,0.0000,0.0000,0.0000,0.0000,0.0000,0.0000,1.0000,2973.0400,1.0000,1.0000,464.0300,0.1561,136.2100,0.0000,3.0000,1.0000,7.0000,0.0000,1,同设备多账号
3.0000,3.0000,0.0000,4646.7402,1548.9100,3468.9600,0.0000,0.0000,0.0000,0.0000,0.0000,0.0000,0.0000,1.0000,3468.9600,1.0000,1.0000,375.8600,0.1083,33.1000,0.0000,3.0000,1.0000,1.0000,1.0000,0,正常报名
2.0000,0.0000,0.0000,841.6100,420.8000,3133.9800,0.0000,0.0000,0.0000,0.0000,0.0000,0.0000,0.0000,1.0000,3133.9800,1.0000,1.0000,12.8900,0.0041,1415.7900,0.0000,1.0000,1.0000,1.0000,0.0000,0,正常报名
10.0000,4.0000,2.0000,23698.0293,2369.8000,5047.8799,0.0000,0.0000,0.0000,0.0000,0.0000,0.0000,0.0000,3.0000,1706.4800,1.0000,1.0000,305.3800,0.1790,1113.7500,0.0000,2.0000,3.0000,2.0000,0.0000,0,正常报名
4.0000,3.0000,1.0000,12977.3398,3244.3301,4801.3901,0.0000,0.0000,0.0000,0.0000,0.0000,0.0000,0.0000,3.0000,9277.8574,1.0000,1.0000,21.7700,0.0139,2254.2500,1.0000,4.0000,3.0000,2.0000,0.0000,0,凌晨大额标记
11.0000,0.0000,0.0000,21842.1504,1985.6500,3906.0801,0.0000,1.0000,0.0000,0.0000,0.0000,0.0000,0.0000,1.0000,1065.7642,1.0000,1.0000,116.3700,0.0690,877.2824,0.0000,3.0000,1.0000,1.0000,0.0000,0,正常退费
3.0000,3.0000,2.0000,9087.0303,3029.0100,3539.1599,0.0000,0.0000,0.0000,0.0000,0.0000,0.0000,0.0000,1.0000,8422.5645,1.0000,1.0000,122.5100,0.0347,973.6000,1.0000,3.0000,1.0000,1.0000,0.0000,0,凌晨大额标记
12.0000,2.0000,0.0000,37491.5195,3124.2900,4931.2402,0.0000,0.0000,0.0000,0.0000,0.0000,0.0000,0.0000,2.0000,6214.4707,1.0000,1.0000,422.2000,0.1212,853.7500,1.0000,4.0000,2.0000,2.0000,0.0000,0,凌晨大额标记
6.0000,4.0000,2.0000,3124.6799,520.7800,4294.5000,0.0000,0.0000,0.0000,0.0000,0.0000,0.0000,0.0000,2.0000,4294.5000,1.0000,1.0000,31.6300,0.0074,1827.4301,0.0000,5.0000,2.0000,2.0000,1.0000,0,正常报名
2.0000,2.0000,1.0000,810.1400,405.0700,2917.1799,0.0000,0.0000,0.0000,0.0000,0.0000,0.0000,0.0000,2.0000,2917.1799,1.0000,1.0000,471.4300,0.1616,2358.5000,0.0000,1.0000,2.0000,2.0000,0.0000,0,正常报名
6.0000,3.0000,2.0000,32929.7891,2744.1499,5166.3701,5.0000,6.0000,0.8333,1.0000,31778.0059,0.0000,0.0000,2.0000,2363.3201,1.0000,1.0000,281.5700,0.1191,1493.9399,0.0000,2.0000,2.0000,2.0000,0.0000,1,连环退费
1.0000,1.0000,1.0000,1786.6801,1786.6801,3474.1499,0.0000,0.0000,0.0000,0.0000,0.0000,0.0000,0.0000,2.0000,3474.1499,1.0000,1.0000,410.1400,0.1181,1322.6100,0.0000,1.0000,2.0000,2.0000,0.0000,0,正常报名
3.0000,3.0000,0.0000,986.2200,328.7400,3422.0000,0.0000,0.0000,0.0000,0.0000,0.0000,0.0000,0.0000,3.0000,3422.0000,1.0000,1.0000,536.4300,0.1568,1113.1000,0.0000,3.0000,3.0000,1.0000,0.0000,0,正常报名
5.0000,1.0000,0.0000,6446.2700,1289.2500,2757.2000,0.0000,0.0000,0.0000,0.0000,0.0000,0.0000,0.0000,3.0000,2757.2000,1.0000,1.0000,486.4100,0.1764,165.0900,0.0000,5.0000,3.0000,2.0000,0.0000,0,正常报名
4.0000,3.0000,0.0000,3242.6499,810.6600,3184.2400,0.0000,0.0000,0.0000,0.0000,0.0000,0.0000,0.0000,3.0000,3184.2400,1.0000,1.0000,389.0100,0.1222,1764.5400,0.0000,1.0000,3.0000,1.0000,0.0000,0,正常报名
5.0000,5.0000,0.0000,9568.3203,1913.6600,3418.2400,1.0000,1.0000,0.2000,0.2000,579.0200,0.0000,0.0000,2.0000,3418.2400,1.0000,1.0000,57.0500,0.0167,1157.9500,0.0000,2.0000,2.0000,2.0000,0.0000,0,正常报名
9.0000,1.0000,0.0000,26506.8398,2945.2000,4300.5898,0.0000,0.0000,0.0000,0.0000,0.0000,0.0000,0.0000,2.0000,2167.5701,1.0000,1.0000,5.4700,0.0025,199.3200,0.0000,4.0000,2.0000,1.0000,0.0000,0,正常报名
1.0000,0.0000,0.0000,1223.5601,1223.5601,2228.8701,0.0000,0.0000,0.0000,0.0000,0.0000,0.0000,0.0000,2.0000,2201.6299,1.0000,1.0000,100.2600,0.0455,1839.7000,0.0000,1.0000,2.0000,2.0000,0.0000,0,正常报名
9.0000,4.0000,2.0000,4157.2798,593.9000,3783.6699,5.0000,5.0000,0.5556,0.5556,10466.9697,0.0000,0.0000,1.0000,3783.6699,1.0000,1.0000,507.7000,0.1342,1710.2800,0.0000,2.0000,1.0000,2.0000,0.0000,1,极高退费率
10.0000,0.0000,0.0000,19182.4297,1918.2400,4001.8401,0.0000,0.0000,0.0000,0.0000,0.0000,1.0000,0.0000,3.0000,1321.9800,1.0000,1.0000,158.5000,0.1199,2173.6299,0.0000,4.0000,3.0000,1.0000,0.0000,0,正常报名
3.0000,0.0000,0.0000,6754.8198,2251.6101,4295.0200,0.0000,0.0000,0.0000,0.0000,0.0000,0.0000,0.0000,3.0000,1058.7700,1.0000,1.0000,16.2300,0.0153,1909.0800,0.0000,3.0000,3.0000,1.0000,1.0000,0,正常报名
10.0000,1.0000,0.0000,21640.0508,2164.0000,3264.5701,0.0000,0.0000,0.0000,0.0000,0.0000,0.0000,0.0000,3.0000,2126.3799,1.0000,1.0000,96.7700,0.0455,1063.2300,0.0000,3.0000,3.0000,1.0000,0.0000,0,正常报名
11.0000,0.0000,0.0000,8750.3799,795.4900,3973.3799,0.0000,0.0000,0.0000,0.0000,0.0000,0.0000,0.0000,2.0000,14324.6973,1.0000,1.0000,709.0300,0.1784,2091.3701,0.0000,1.0000,2.0000,2.0000,1.0000,1,新设备大额报名
12.0000,2.0000,0.0000,38057.0000,3171.4199,46562.4609,0.0000,0.0000,0.0000,0.0000,0.0000,1.0000,0.0000,1.0000,46562.4609,1.0000,1.0000,273.4400,0.0720,1153.1200,0.0000,3.0000,1.0000,1.0000,0.0000,1,超高金额报名
2.0000,1.0000,1.0000,688.4300,344.2200,3876.4199,0.0000,1.0000,0.0000,0.0000,0.0000,0.0000,0.0000,1.0000,1311.1499,1.0000,1.0000,0.0000,0.0000,1427.4768,0.0000,2.0000,1.0000,1.0000,0.0000,0,正常退费
10.0000,2.0000,0.0000,7485.9102,748.5900,2265.7800,1.0000,1.0000,0.1000,0.1000,1597.8700,0.0000,0.0000,1.0000,2265.7800,1.0000,1.0000,163.7900,0.0723,1510.8101,0.0000,5.0000,1.0000,2.0000,0.0000,0,正常报名
10.0000,1.0000,1.0000,5774.9702,577.5000,3528.9099,0.0000,0.0000,0.0000,0.0000,0.0000,0.0000,0.0000,3.0000,5297.5845,1.0000,1.0000,16.6400,0.0047,2296.2800,1.0000,4.0000,3.0000,2.0000,0.0000,0,凌晨大额标记
10.0000,1.0000,0.0000,8819.2598,881.9300,3356.9099,0.0000,1.0000,0.0000,0.0000,0.0000,0.0000,0.0000,1.0000,4609.0928,1.0000,1.0000,68.1600,0.0203,3.3301,0.0000,2.0000,1.0000,1.0000,0.0000,1,零学时大额退费
11.0000,5.0000,1.0000,22904.8203,2082.2600,4042.2900,1.0000,1.0000,0.0909,0.0909,2099.3601,0.0000,0.0000,1.0000,3918.3000,1.0000,1.0000,484.1300,0.1236,1158.5400,0.0000,3.0000,1.0000,1.0000,0.0000,0,正常报名
7.0000,1.0000,0.0000,14911.4805,2130.2100,2974.5601,0.0000,0.0000,0.0000,0.0000,0.0000,0.0000,0.0000,1.0000,2273.6399,1.0000,1.0000,213.5100,0.0939,1416.5900,0.0000,1.0000,1.0000,2.0000,0.0000,0,正常报名
11.0000,0.0000,0.0000,11342.5000,1031.1400,3401.0100,0.0000,0.0000,0.0000,0.0000,0.0000,0.0000,0.0000,3.0000,3401.0100,1.0000,1.0000,524.3300,0.1542,2376.9600,0.0000,3.0000,3.0000,6.0000,0.0000,1,同设备多账号
1.0000,0.0000,0.0000,393.5100,393.5100,30308.8945,0.0000,0.0000,0.0000,0.0000,0.0000,1.0000,0.0000,2.0000,30308.8945,1.0000,1.0000,168.8400,0.0811,900.2800,0.0000,1.0000,2.0000,2.0000,0.0000,1,超高金额报名
2.0000,1.0000,0.0000,6862.2002,3431.1001,7374.8198,0.0000,0.0000,0.0000,0.0000,0.0000,0.0000,0.0000,1.0000,8560.2480,1.0000,1.0000,229.1100,0.0608,1569.3800,1.0000,1.0000,1.0000,2.0000,0.0000,0,凌晨大额标记
3.0000,3.0000,1.0000,10362.9102,3454.3000,6248.0200,0.0000,0.0000,0.0000,0.0000,0.0000,0.0000,0.0000,2.0000,6410.7212,1.0000,1.0000,14.5200,0.0036,2106.0100,1.0000,1.0000,2.0000,2.0000,0.0000,0,凌晨大额标记
9.0000,3.0000,1.0000,24826.0996,2758.4600,4109.9502,0.0000,0.0000,0.0000,0.0000,0.0000,0.0000,0.0000,3.0000,10518.3350,1.0000,1.0000,440.5200,0.1072,88.4700,0.0000,3.0000,3.0000,1.0000,1.0000,1,新设备大额报名
15.0000,0.0000,0.0000,27008.1406,2250.6799,2983.9700,6.0000,3.0000,0.4000,0.2000,14148.5518,0.0000,0.0000,1.0000,1208.7800,1.0000,1.0000,150.1800,0.1242,1016.5400,0.0000,5.0000,1.0000,2.0000,0.0000,1,连环退费
12.0000,5.0000,2.0000,4812.0601,401.0100,4088.5701,0.0000,0.0000,0.0000,0.0000,0.0000,0.0000,0.0000,1.0000,8430.2559,1.0000,1.0000,406.7100,0.0995,1260.1300,1.0000,2.0000,1.0000,2.0000,0.0000,0,凌晨大额标记
12.0000,4.0000,1.0000,8870.3496,739.2000,1257.1500,0.0000,0.0000,0.0000,0.0000,0.0000,0.0000,0.0000,3.0000,317.0100,1.0000,1.0000,12.9700,0.0409,705.6500,0.0000,3.0000,3.0000,2.0000,0.0000,0,正常报名
4.0000,0.0000,0.0000,5584.8301,1396.2100,1437.9700,0.0000,0.0000,0.0000,0.0000,0.0000,0.0000,0.0000,2.0000,762.3300,1.0000,1.0000,134.7000,0.1767,144.7900,0.0000,1.0000,2.0000,1.0000,0.0000,0,正常报名
11.0000,4.0000,2.0000,20735.3496,1885.0300,4016.0100,0.0000,0.0000,0.0000,0.0000,0.0000,0.0000,0.0000,3.0000,4016.0100,1.0000,1.0000,151.3200,0.0377,428.2700,0.0000,5.0000,3.0000,1.0000,0.0000,0,正常报名
11.0000,1.0000,1.0000,25013.9004,2779.3201,5423.8101,11.0000,11.0000,1.0000,1.0000,24860.5078,1.0000,0.0000,3.0000,683.3600,1.0000,1.0000,48.0800,0.0704,1438.6400,0.0000,2.0000,3.0000,2.0000,0.0000,1,极高退费率
3.0000,2.0000,0.0000,8469.3301,2823.1101,4710.6499,0.0000,1.0000,0.0000,0.0000,0.0000,0.0000,0.0000,1.0000,3475.5830,1.0000,1.0000,250.3900,0.0993,561.7684,0.0000,1.0000,1.0000,2.0000,0.0000,0,正常退费
1.0000,0.0000,0.0000,371.3800,371.3800,1979.0000,0.0000,0.0000,0.0000,0.0000,0.0000,0.0000,0.0000,1.0000,0.0000,0.0000,0.0000,0.0000,0.0000,0.0000,0.0000,1.0000,1.0000,2.0000,1.0000,0,正常学历认证
10.0000,2.0000,0.0000,31698.4492,3169.8501,4077.8799,1.0000,1.0000,0.1000,0.1000,1113.5400,0.0000,0.0000,1.0000,1948.9399,1.0000,1.0000,319.2400,0.1638,1145.7800,0.0000,2.0000,1.0000,11.0000,1.0000,1,同设备多账号
8.0000,4.0000,0.0000,2489.0200,311.1300,2687.7400,0.0000,0.0000,0.0000,0.0000,0.0000,0.0000,0.0000,2.0000,2687.7400,1.0000,1.0000,75.6600,0.0282,1991.7200,0.0000,3.0000,2.0000,2.0000,0.0000,0,正常报名
5.0000,2.0000,0.0000,17356.6406,3471.3301,6315.4199,0.0000,0.0000,0.0000,0.0000,0.0000,0.0000,0.0000,2.0000,23707.7031,1.0000,1.0000,20.0500,0.0135,896.3700,0.0000,5.0000,2.0000,2.0000,1.0000,1,新设备大额报名
1.0000,1.0000,1.0000,1593.9500,1593.9500,2995.9399,0.0000,0.0000,0.0000,0.0000,0.0000,0.0000,0.0000,3.0000,2995.9399,1.0000,1.0000,493.4200,0.1647,264.7000,0.0000,1.0000,3.0000,1.0000,0.0000,0,正常报名
10.0000,0.0000,0.0000,18255.4492,1825.5400,3202.2400,0.0000,0.0000,0.0000,0.0000,0.0000,0.0000,0.0000,1.0000,27673.8867,1.0000,1.0000,212.5500,0.0701,552.9000,0.0000,4.0000,1.0000,3.0000,1.0000,1,新设备大额报名
3.0000,0.0000,0.0000,5866.7500,1955.5800,2298.1101,0.0000,0.0000,0.0000,0.0000,0.0000,1.0000,0.0000,1.0000,339.5900,1.0000,1.0000,19.4700,0.0573,1889.9700,0.0000,2.0000,1.0000,1.0000,0.0000,0,正常报名
1.0000,1.0000,0.0000,2837.7000,2837.7000,5111.9502,0.0000,0.0000,0.0000,0.0000,0.0000,0.0000,0.0000,1.0000,13971.7686,1.0000,1.0000,443.5300,0.1234,102.2800,0.0000,1.0000,1.0000,3.0000,1.0000,1,新设备大额报名
5.0000,4.0000,0.0000,5159.9102,1031.9800,2330.0901,0.0000,0.0000,0.0000,0.0000,0.0000,0.0000,0.0000,3.0000,0.0000,0.0000,0.0000,0.0000,0.0000,0.0000,0.0000,2.0000,3.0000,1.0000,0.0000,1,正常学历认证
5.0000,2.0000,2.0000,4538.2002,1512.7300,3232.5601,4.0000,4.0000,0.8000,0.8000,16116.2764,0.0000,0.0000,1.0000,3232.5601,1.0000,1.0000,102.1300,0.0316,2056.7200,0.0000,2.0000,1.0000,1.0000,0.0000,1,连环退费
5.0000,4.0000,0.0000,16974.6992,3394.9399,5482.8901,0.0000,0.0000,0.0000,0.0000,0.0000,0.0000,0.0000,1.0000,2949.0400,1.0000,1.0000,506.4900,0.1717,2361.8501,0.0000,2.0000,1.0000,2.0000,0.0000,0,正常报名
11.0000,5.0000,1.0000,7465.2598,678.6600,1644.7600,0.0000,1.0000,0.0000,0.0000,0.0000,0.0000,0.0000,2.0000,2854.8447,1.0000,1.0000,63.2000,0.0384,1658.7496,0.0000,3.0000,2.0000,1.0000,0.0000,0,正常退费
4.0000,1.0000,1.0000,12810.5000,3202.6299,5382.4199,1.0000,1.0000,0.2500,0.2500,1839.7100,0.0000,0.0000,3.0000,2807.3701,1.0000,1.0000,438.6300,0.1562,1036.7200,0.0000,1.0000,3.0000,2.0000,0.0000,0,正常报名
9.0000,4.0000,2.0000,11009.7900,1223.3101,4476.3501,0.0000,1.0000,0.0000,0.0000,0.0000,0.0000,0.0000,1.0000,3425.7034,1.0000,1.0000,289.5100,0.0647,1726.1846,0.0000,5.0000,1.0000,2.0000,1.0000,0,正常退费
1.0000,1.0000,0.0000,1335.8000,1335.8000,2223.3501,0.0000,0.0000,0.0000,0.0000,0.0000,0.0000,0.0000,1.0000,684.8100,1.0000,1.0000,55.2900,0.0807,447.7700,0.0000,1.0000,1.0000,2.0000,1.0000,0,正常报名
11.0000,1.0000,1.0000,8934.7998,812.2500,4011.8601,0.0000,0.0000,0.0000,0.0000,0.0000,0.0000,0.0000,3.0000,5071.0693,1.0000,1.0000,329.6600,0.0822,1891.0601,1.0000,2.0000,3.0000,1.0000,0.0000,0,凌晨大额标记
2.0000,0.0000,0.0000,5467.7002,2733.8501,5932.7798,0.0000,0.0000,0.0000,0.0000,0.0000,0.0000,0.0000,2.0000,8998.9980,1.0000,1.0000,110.0000,0.0463,1389.1000,1.0000,2.0000,2.0000,2.0000,0.0000,0,凌晨大额标记
5.0000,1.0000,0.0000,9960.4102,1992.0800,3438.1299,0.0000,0.0000,0.0000,0.0000,0.0000,0.0000,0.0000,3.0000,1240.6600,1.0000,1.0000,96.1400,0.0775,681.2100,0.0000,3.0000,3.0000,2.0000,0.0000,0,正常报名
7.0000,2.0000,0.0000,21859.8105,3122.8301,6027.1802,0.0000,0.0000,0.0000,0.0000,0.0000,0.0000,0.0000,1.0000,352.8700,1.0000,1.0000,9.5900,0.0272,2232.4199,0.0000,5.0000,1.0000,2.0000,0.0000,0,正常报名
3.0000,3.0000,2.0000,3597.9199,1199.3101,2473.5601,0.0000,0.0000,0.0000,0.0000,0.0000,1.0000,0.0000,2.0000,2473.5601,1.0000,1.0000,387.0700,0.1565,808.6300,0.0000,1.0000,2.0000,2.0000,0.0000,0,正常报名
10.0000,2.0000,0.0000,20783.5508,2078.3501,4051.2200,0.0000,1.0000,0.0000,0.1000,0.0000,0.0000,0.0000,2.0000,0.0000,0.0000,0.0000,0.0000,0.0000,0.0000,1.0000,3.0000,2.0000,1.0000,0.0000,0,正常学历认证
5.0000,3.0000,1.0000,15429.5996,3085.9199,6597.0498,0.0000,0.0000,0.0000,0.0000,0.0000,0.0000,0.0000,1.0000,6490.2471,1.0000,1.0000,65.9700,0.0171,632.8000,1.0000,1.0000,1.0000,1.0000,0.0000,0,凌晨大额标记
5.0000,2.0000,2.0000,9527.5400,1905.5100,3143.0400,0.0000,0.0000,0.0000,0.0000,0.0000,0.0000,0.0000,3.0000,3015.0601,1.0000,1.0000,462.5200,0.1534,576.7800,0.0000,3.0000,3.0000,1.0000,0.0000,0,正常报名
6.0000,5.0000,1.0000,8754.0098,1459.0000,2227.7900,1.0000,1.0000,0.1667,0.1667,1236.6600,0.0000,0.0000,2.0000,1507.0200,1.0000,1.0000,31.5400,0.0209,2281.1799,0.0000,3.0000,2.0000,1.0000,0.0000,0,正常报名
7.0000,4.0000,1.0000,21174.8008,3024.9700,4742.3301,0.0000,1.0000,0.0000,0.1429,0.0000,0.0000,0.0000,2.0000,2068.6599,1.0000,1.0000,259.5700,0.1255,488.0100,0.0000,3.0000,2.0000,1.0000,0.0000,0,正常报名
7.0000,4.0000,0.0000,12894.4297,1842.0601,3541.7400,1.0000,2.0000,0.1429,0.2857,2043.5400,0.0000,3.0000,2.0000,0.0000,0.0000,0.0000,0.0000,0.0000,0.0000,0.0000,2.0000,2.0000,1.0000,0.0000,1,身份连续认证失败
3.0000,2.0000,2.0000,1938.5100,646.1700,2663.0200,0.0000,1.0000,0.0000,0.0000,0.0000,0.0000,0.0000,1.0000,3342.9189,1.0000,1.0000,241.1500,0.0906,1457.2710,0.0000,1.0000,1.0000,2.0000,0.0000,0,正常退费
9.0000,4.0000,0.0000,28686.7500,3187.4199,5709.8398,0.0000,0.0000,0.0000,0.0000,0.0000,1.0000,0.0000,2.0000,3517.8201,1.0000,1.0000,326.9300,0.0929,1991.4399,0.0000,5.0000,2.0000,1.0000,1.0000,0,正常报名
9.0000,3.0000,2.0000,7180.7300,2393.5801,5027.6299,5.0000,5.0000,0.5556,0.5556,29685.3516,0.0000,0.0000,2.0000,2626.3501,1.0000,1.0000,252.0200,0.0960,177.1900,0.0000,1.0000,2.0000,2.0000,0.0000,1,极高退费率
2.0000,2.0000,1.0000,2699.8000,1349.9000,3844.0400,0.0000,0.0000,0.0000,0.0000,0.0000,0.0000,0.0000,1.0000,3844.0400,1.0000,1.0000,183.3700,0.0477,2119.5601,0.0000,1.0000,1.0000,2.0000,0.0000,0,正常报名
7.0000,0.0000,0.0000,6874.6099,982.0900,32473.9082,0.0000,0.0000,0.0000,0.0000,0.0000,1.0000,0.0000,2.0000,32473.9082,1.0000,1.0000,147.7100,0.0511,448.5900,0.0000,5.0000,2.0000,1.0000,0.0000,1,超高金额报名
2.0000,1.0000,1.0000,6149.0200,3074.5100,6274.8599,0.0000,1.0000,0.0000,0.0000,0.0000,0.0000,0.0000,1.0000,2075.1306,1.0000,1.0000,120.2000,0.0811,1292.6062,0.0000,2.0000,1.0000,1.0000,0.0000,0,正常退费
5.0000,3.0000,1.0000,9056.4404,1811.2900,3347.0601,0.0000,0.0000,0.0000,0.0000,0.0000,0.0000,0.0000,2.0000,3347.0601,1.0000,1.0000,568.5200,0.1699,1077.4600,0.0000,4.0000,2.0000,9.0000,1.0000,1,同设备多账号
2.0000,0.0000,0.0000,2297.7100,1148.8500,1692.9100,0.0000,0.0000,0.0000,0.0000,0.0000,0.0000,0.0000,3.0000,1692.9100,1.0000,1.0000,295.6300,0.1746,926.8500,0.0000,1.0000,3.0000,1.0000,1.0000,0,正常报名
12.0000,5.0000,1.0000,17706.9004,1475.5699,3178.4900,0.0000,0.0000,0.0000,0.0000,0.0000,0.0000,0.0000,3.0000,26800.1016,1.0000,1.0000,25.9500,0.0241,355.7600,0.0000,3.0000,3.0000,2.0000,1.0000,1,新设备大额报名
10.0000,5.0000,1.0000,10185.8301,1018.5800,2259.4199,0.0000,0.0000,0.0000,0.0000,0.0000,0.0000,0.0000,2.0000,0.0000,0.0000,0.0000,0.0000,0.0000,0.0000,0.0000,1.0000,2.0000,2.0000,0.0000,0,正常学历认证
6.0000,5.0000,1.0000,16326.6602,2721.1101,5684.2500,0.0000,0.0000,0.0000,0.0000,0.0000,1.0000,0.0000,2.0000,17762.2578,1.0000,1.0000,362.6700,0.1629,427.8200,0.0000,4.0000,2.0000,3.0000,1.0000,1,新设备大额报名
3.0000,1.0000,0.0000,9881.3604,3293.7900,5018.4199,0.0000,0.0000,0.0000,0.0000,0.0000,0.0000,0.0000,3.0000,4244.8599,1.0000,1.0000,452.3600,0.1066,2355.8799,0.0000,3.0000,3.0000,1.0000,0.0000,0,正常报名
5.0000,3.0000,0.0000,4221.7900,469.0900,3124.2900,5.0000,5.0000,1.0000,1.0000,17620.2441,0.0000,0.0000,3.0000,3124.2900,1.0000,1.0000,79.1800,0.0253,1117.4500,0.0000,3.0000,3.0000,1.0000,0.0000,1,连环退费
2.0000,0.0000,0.0000,4106.4600,2053.2300,3145.8899,0.0000,0.0000,0.0000,0.0000,0.0000,0.0000,6.0000,2.0000,0.0000,0.0000,0.0000,0.0000,0.0000,0.0000,0.0000,1.0000,2.0000,2.0000,0.0000,1,身份连续认证失败
9.0000,1.0000,1.0000,6933.6099,770.4000,4160.3198,1.0000,1.0000,0.1111,0.1111,2717.4900,1.0000,0.0000,2.0000,4160.3198,1.0000,1.0000,381.1600,0.0916,884.9900,0.0000,1.0000,2.0000,1.0000,1.0000,0,正常报名
4.0000,3.0000,0.0000,11720.3896,2930.1001,3850.9600,0.0000,0.0000,0.0000,0.0000,0.0000,0.0000,0.0000,1.0000,5336.4976,1.0000,1.0000,354.9400,0.0922,1676.2000,1.0000,3.0000,1.0000,2.0000,0.0000,0,凌晨大额标记
9.0000,5.0000,0.0000,6422.9302,713.6600,1141.0000,0.0000,0.0000,0.0000,0.0000,0.0000,0.0000,0.0000,3.0000,831.8900,1.0000,1.0000,36.9800,0.0444,1652.8500,0.0000,3.0000,3.0000,2.0000,1.0000,0,正常报名
7.0000,1.0000,0.0000,2516.2000,2516.2000,4421.9399,4.0000,4.0000,0.5714,0.5714,12091.4502,0.0000,0.0000,1.0000,999.2600,1.0000,1.0000,101.0700,0.1011,394.9200,0.0000,1.0000,1.0000,2.0000,0.0000,1,连环退费
10.0000,1.0000,0.0000,12368.5898,1236.8600,2234.3201,0.0000,1.0000,0.0000,0.0000,0.0000,1.0000,0.0000,2.0000,3462.4812,1.0000,1.0000,92.2500,0.0441,1157.0020,0.0000,1.0000,2.0000,2.0000,0.0000,0,正常退费
11.0000,4.0000,1.0000,16634.2402,1512.2000,2809.4700,0.0000,1.0000,0.0000,0.0000,0.0000,0.0000,0.0000,3.0000,4264.6523,1.0000,1.0000,439.6600,0.1565,2.5485,0.0000,4.0000,3.0000,1.0000,0.0000,1,零学时大额退费
12.0000,5.0000,1.0000,41957.2617,3496.4399,4704.8599,0.0000,0.0000,0.0000,0.0000,0.0000,0.0000,0.0000,2.0000,18929.4414,1.0000,1.0000,17.8000,0.0043,384.1800,0.0000,1.0000,2.0000,1.0000,1.0000,1,新设备大额报名
4.0000,0.0000,0.0000,2701.0801,675.2700,4033.7200,0.0000,1.0000,0.0000,0.0000,0.0000,0.0000,0.0000,1.0000,2763.1262,1.0000,1.0000,70.1900,0.0174,3.8959,0.0000,4.0000,1.0000,1.0000,0.0000,1,零学时大额退费
9.0000,1.0000,0.0000,10863.4199,1207.0500,2293.0901,0.0000,0.0000,0.0000,0.0000,0.0000,0.0000,0.0000,1.0000,435.6600,1.0000,1.0000,35.0800,0.0805,2127.6799,0.0000,2.0000,1.0000,2.0000,0.0000,0,正常报名
9.0000,1.0000,0.0000,31772.8301,3177.2800,4015.0901,6.0000,6.0000,0.6667,0.6667,26839.5391,1.0000,0.0000,1.0000,1006.4000,1.0000,1.0000,13.2400,0.0132,1278.2000,0.0000,4.0000,1.0000,2.0000,0.0000,1,极高退费率
11.0000,0.0000,0.0000,26742.8105,2431.1599,4743.5898,0.0000,0.0000,0.0000,0.0000,0.0000,0.0000,0.0000,1.0000,2087.3201,1.0000,1.0000,271.3500,0.1300,1475.1100,0.0000,1.0000,1.0000,2.0000,0.0000,0,正常报名
3.0000,2.0000,0.0000,7057.1602,1411.4301,1548.2800,2.0000,2.0000,0.6667,0.6667,29068.5391,0.0000,0.0000,3.0000,1479.6100,1.0000,1.0000,242.5100,0.1639,1860.3500,0.0000,4.0000,3.0000,1.0000,0.0000,1,极高退费率
1.0000,0.0000,0.0000,1121.6300,1121.6300,2417.6299,0.0000,0.0000,0.0000,0.0000,0.0000,0.0000,0.0000,1.0000,981.6300,1.0000,1.0000,127.1600,0.1295,1669.2300,0.0000,1.0000,1.0000,2.0000,0.0000,0,正常报名
4.0000,0.0000,0.0000,12000.3701,1200.0400,3734.7900,3.0000,4.0000,0.7500,1.0000,10629.8398,0.0000,0.0000,3.0000,3734.7900,1.0000,1.0000,528.6600,0.1415,1890.4500,0.0000,5.0000,3.0000,2.0000,0.0000,1,连环退费
3.0000,1.0000,1.0000,7434.4702,2478.1599,4134.8599,0.0000,0.0000,0.0000,0.0000,0.0000,0.0000,0.0000,1.0000,1015.8300,1.0000,1.0000,37.7600,0.0372,636.1000,0.0000,1.0000,1.0000,2.0000,0.0000,0,正常报名
2.0000,1.0000,1.0000,4114.7700,2057.3899,3905.5601,0.0000,0.0000,0.0000,0.0000,0.0000,1.0000,0.0000,3.0000,24883.8867,1.0000,1.0000,386.3300,0.0989,1789.9700,0.0000,1.0000,3.0000,1.0000,1.0000,1,新设备大额报名
11.0000,0.0000,0.0000,22353.3301,2032.1200,3247.5901,0.0000,0.0000,0.0000,0.0000,0.0000,1.0000,0.0000,1.0000,2850.5601,1.0000,1.0000,51.0300,0.0179,997.7300,0.0000,2.0000,1.0000,1.0000,0.0000,0,正常报名
6.0000,2.0000,2.0000,20891.4902,3481.9099,7634.7598,0.0000,0.0000,0.0000,0.0000,0.0000,0.0000,0.0000,3.0000,4030.2200,1.0000,1.0000,257.7600,0.0640,1749.3800,0.0000,2.0000,3.0000,2.0000,0.0000,0,正常报名
8.0000,0.0000,0.0000,16671.1191,2083.8899,4291.0298,0.0000,1.0000,0.0000,0.0000,0.0000,0.0000,0.0000,3.0000,1885.2136,1.0000,1.0000,3.1500,0.0014,703.8469,0.0000,4.0000,3.0000,1.0000,1.0000,0,正常退费
8.0000,5.0000,2.0000,21175.5000,2646.9399,4382.0298,0.0000,0.0000,0.0000,0.0000,0.0000,0.0000,0.0000,1.0000,0.0000,0.0000,0.0000,0.0000,0.0000,0.0000,0.0000,5.0000,1.0000,1.0000,0.0000,0,正常学历认证
3.0000,3.0000,0.0000,1235.3300,411.7800,1111.3800,0.0000,0.0000,0.0000,0.0000,0.0000,0.0000,0.0000,2.0000,1111.3800,1.0000,1.0000,120.8600,0.1087,2272.6499,0.0000,1.0000,2.0000,2.0000,0.0000,0,正常报名
12.0000,4.0000,2.0000,28246.9707,2353.9099,3489.8401,0.0000,0.0000,0.0000,0.0000,0.0000,0.0000,0.0000,3.0000,2312.0300,1.0000,1.0000,374.1100,0.1618,1627.8000,1.0000,2.0000,3.0000,1.0000,0.0000,0,正常报名
1.0000,1.0000,0.0000,921.9400,921.9400,1039.2800,0.0000,1.0000,0.0000,0.0000,0.0000,0.0000,0.0000,2.0000,2193.5852,1.0000,1.0000,92.2100,0.1723,1468.5638,0.0000,1.0000,2.0000,2.0000,0.0000,0,正常退费
5.0000,3.0000,2.0000,14638.5400,2927.7100,4081.9600,0.0000,0.0000,0.0000,0.0000,0.0000,0.0000,0.0000,1.0000,0.0000,0.0000,0.0000,0.0000,0.0000,0.0000,0.0000,3.0000,1.0000,2.0000,0.0000,0,正常学历认证
6.0000,5.0000,1.0000,11190.7803,1865.1300,2631.5701,0.0000,0.0000,0.0000,0.0000,0.0000,1.0000,0.0000,3.0000,7353.4971,1.0000,1.0000,272.6700,0.1647,1486.2800,1.0000,4.0000,3.0000,1.0000,1.0000,0,凌晨大额标记
10.0000,3.0000,2.0000,6879.7100,764.4100,4144.7900,5.0000,10.0000,0.5000,1.0000,22809.9102,0.0000,0.0000,3.0000,4144.7900,1.0000,1.0000,682.8100,0.1647,1126.0300,0.0000,3.0000,3.0000,2.0000,0.0000,1,连环退费
4.0000,0.0000,0.0000,11914.0801,2978.5200,4510.2202,0.0000,0.0000,0.0000,0.0000,0.0000,0.0000,0.0000,3.0000,0.0000,0.0000,0.0000,0.0000,0.0000,0.0000,0.0000,4.0000,3.0000,1.0000,0.0000,0,正常学历认证
3.0000,1.0000,1.0000,10353.9297,3451.3101,5304.7700,0.0000,0.0000,0.0000,0.0000,0.0000,1.0000,0.0000,3.0000,1478.2900,1.0000,1.0000,74.2300,0.0502,237.1300,0.0000,2.0000,3.0000,2.0000,0.0000,0,正常报名
8.0000,0.0000,0.0000,24729.9609,3091.2500,5956.4702,0.0000,0.0000,0.0000,0.0000,0.0000,0.0000,0.0000,1.0000,2431.0100,1.0000,1.0000,27.2700,0.0112,476.1600,0.0000,4.0000,1.0000,11.0000,1.0000,1,同设备多账号
6.0000,0.0000,0.0000,2960.7300,986.9100,3600.7400,5.0000,5.0000,0.8333,0.8333,29565.4355,0.0000,0.0000,3.0000,3600.7400,1.0000,1.0000,76.3700,0.0212,1918.4000,0.0000,2.0000,3.0000,2.0000,0.0000,1,极高退费率
12.0000,5.0000,0.0000,33919.1797,2826.6001,4597.5801,0.0000,0.0000,0.0000,0.0000,0.0000,0.0000,0.0000,2.0000,2577.0701,1.0000,1.0000,164.8800,0.0640,1051.4301,0.0000,5.0000,2.0000,2.0000,0.0000,0,正常报名
4.0000,1.0000,1.0000,5072.8198,1268.2100,2461.5000,0.0000,0.0000,0.0000,0.0000,0.0000,0.0000,0.0000,2.0000,5996.2964,1.0000,1.0000,241.5200,0.1422,793.3000,1.0000,4.0000,2.0000,2.0000,0.0000,0,凌晨大额标记
6.0000,3.0000,2.0000,20239.6797,1839.9700,3950.4700,4.0000,3.0000,0.6667,0.5000,15739.2988,0.0000,0.0000,1.0000,3950.4700,1.0000,1.0000,321.7400,0.0814,1599.0800,0.0000,3.0000,1.0000,1.0000,0.0000,1,连环退费
12.0000,0.0000,0.0000,11252.1797,937.6800,2369.5701,0.0000,0.0000,0.0000,0.0000,0.0000,0.0000,0.0000,1.0000,2369.5701,1.0000,1.0000,312.5800,0.1319,1346.1200,1.0000,5.0000,1.0000,2.0000,0.0000,0,正常报名
1.0000,1.0000,1.0000,1464.4700,1464.4700,3573.7000,0.0000,1.0000,0.0000,0.0000,0.0000,0.0000,0.0000,2.0000,2347.1238,1.0000,1.0000,606.1400,0.1696,464.3067,0.0000,1.0000,2.0000,1.0000,0.0000,0,正常退费
2.0000,2.0000,1.0000,2120.7800,1060.3900,1651.1100,0.0000,0.0000,0.0000,0.0000,0.0000,1.0000,0.0000,2.0000,9400.7822,1.0000,1.0000,158.8100,0.1260,1993.9301,1.0000,2.0000,2.0000,2.0000,0.0000,0,凌晨大额标记
3.0000,2.0000,1.0000,5645.7998,1881.9301,2224.0100,0.0000,0.0000,0.0000,0.0000,0.0000,0.0000,0.0000,1.0000,627.5900,1.0000,1.0000,11.4100,0.0182,917.4500,0.0000,2.0000,1.0000,1.0000,0.0000,0,正常报名
6.0000,1.0000,1.0000,17477.0801,2912.8501,5941.7598,0.0000,0.0000,0.0000,0.0000,0.0000,0.0000,0.0000,3.0000,3888.8899,1.0000,1.0000,346.4200,0.0891,272.6300,0.0000,2.0000,3.0000,2.0000,0.0000,0,正常报名
3.0000,1.0000,0.0000,6727.5698,2242.5200,3830.9800,0.0000,0.0000,0.0000,0.0000,0.0000,0.0000,0.0000,1.0000,0.0000,0.0000,0.0000,0.0000,0.0000,0.0000,0.0000,3.0000,1.0000,2.0000,1.0000,0,正常学历认证
10.0000,2.0000,2.0000,31391.0391,3139.1001,4160.0298,1.0000,1.0000,0.1000,0.1000,1776.9600,0.0000,0.0000,2.0000,4160.0298,1.0000,1.0000,748.1300,0.1798,601.1600,0.0000,4.0000,2.0000,1.0000,0.0000,0,正常报名
13.0000,1.0000,0.0000,5107.6401,425.6400,2534.0100,3.0000,3.0000,0.2308,0.2308,30471.7305,0.0000,0.0000,1.0000,2534.0100,1.0000,1.0000,301.1500,0.1188,1933.5400,0.0000,4.0000,1.0000,1.0000,0.0000,1,连环退费
2.0000,0.0000,0.0000,2633.7400,1316.8700,1885.9399,0.0000,0.0000,0.0000,0.0000,0.0000,0.0000,0.0000,1.0000,1877.3400,1.0000,1.0000,266.8900,0.1422,1500.1300,0.0000,2.0000,1.0000,1.0000,0.0000,0,正常报名
5.0000,1.0000,0.0000,5400.2900,1080.0601,2112.2200,0.0000,0.0000,0.0000,0.0000,0.0000,0.0000,0.0000,3.0000,0.0000,0.0000,0.0000,0.0000,0.0000,0.0000,0.0000,1.0000,3.0000,1.0000,0.0000,0,正常学历认证
3.0000,2.0000,0.0000,4386.5498,1096.6400,3801.0701,2.0000,2.0000,0.6667,0.6667,7824.8940,0.0000,0.0000,1.0000,3801.0701,1.0000,1.0000,626.5900,0.1648,1759.2800,0.0000,1.0000,1.0000,2.0000,0.0000,1,极高退费率
8.0000,5.0000,1.0000,5412.1201,676.5200,1240.5601,0.0000,0.0000,0.0000,0.0000,0.0000,0.0000,0.0000,1.0000,466.7900,1.0000,1.0000,14.4000,0.0309,1982.8199,0.0000,2.0000,1.0000,1.0000,0.0000,0,正常报名
8.0000,3.0000,0.0000,2955.2700,369.4100,491.0600,0.0000,0.0000,0.0000,0.0000,0.0000,0.0000,3.0000,2.0000,0.0000,0.0000,0.0000,0.0000,0.0000,0.0000,0.0000,5.0000,2.0000,1.0000,0.0000,1,身份连续认证失败
7.0000,2.0000,2.0000,11212.1396,1601.7300,2341.2400,0.0000,0.0000,0.0000,0.0000,0.0000,0.0000,0.0000,3.0000,7915.4404,1.0000,1.0000,170.0600,0.0899,1561.1500,1.0000,2.0000,3.0000,1.0000,0.0000,0,凌晨大额标记
5.0000,2.0000,1.0000,7032.7700,1406.5500,2568.1399,0.0000,0.0000,0.0000,0.0000,0.0000,0.0000,0.0000,1.0000,2568.1399,1.0000,1.0000,175.0300,0.0682,421.8000,0.0000,4.0000,1.0000,2.0000,0.0000,0,正常报名
6.0000,0.0000,0.0000,16876.9707,2812.8301,4562.2002,0.0000,1.0000,0.0000,0.0000,0.0000,0.0000,0.0000,3.0000,3538.5496,1.0000,1.0000,158.5500,0.1428,0.4784,0.0000,4.0000,3.0000,1.0000,0.0000,1,零学时大额退费
10.0000,5.0000,0.0000,26644.0293,2422.1799,3896.1599,10.0000,10.0000,1.0000,1.0000,24818.4004,0.0000,0.0000,1.0000,3896.1599,1.0000,1.0000,479.1700,0.1230,2063.1599,1.0000,2.0000,1.0000,2.0000,1.0000,1,极高退费率
3.0000,1.0000,1.0000,5015.3198,1671.7700,3586.4099,0.0000,1.0000,0.0000,0.0000,0.0000,0.0000,0.0000,3.0000,1404.4132,1.0000,1.0000,390.9500,0.1090,2.0706,0.0000,3.0000,3.0000,1.0000,0.0000,0,零学时大额退费
9.0000,0.0000,0.0000,29039.6895,3226.6299,5289.5200,0.0000,0.0000,0.0000,0.0000,0.0000,0.0000,0.0000,2.0000,2398.0901,1.0000,1.0000,76.4000,0.0319,1667.7900,0.0000,4.0000,2.0000,2.0000,1.0000,0,正常报名
9.0000,5.0000,1.0000,17749.0391,1972.1200,3843.9600,0.0000,0.0000,0.0000,0.0000,0.0000,0.0000,0.0000,2.0000,2770.0200,1.0000,1.0000,232.3300,0.0839,1837.7600,0.0000,3.0000,2.0000,1.0000,0.0000,0,正常报名
11.0000,0.0000,0.0000,11534.2900,1048.5699,4183.4702,0.0000,0.0000,0.0000,0.0000,0.0000,1.0000,0.0000,1.0000,4183.4702,1.0000,1.0000,181.3900,0.0434,687.7600,0.0000,2.0000,1.0000,1.0000,0.0000,0,正常报名
5.0000,0.0000,0.0000,10454.8896,2090.9800,3806.6201,0.0000,0.0000,0.0000,0.0000,0.0000,0.0000,0.0000,1.0000,2322.5801,1.0000,1.0000,355.5000,0.1531,886.0100,0.0000,3.0000,1.0000,13.0000,1.0000,1,同设备多账号
6.0000,4.0000,1.0000,20982.6602,3497.1101,5063.8799,0.0000,0.0000,0.0000,0.0000,0.0000,1.0000,0.0000,1.0000,8843.5859,1.0000,1.0000,578.8400,0.1329,1813.0000,1.0000,4.0000,1.0000,2.0000,0.0000,0,凌晨大额标记
5.0000,0.0000,0.0000,21893.1699,3127.6001,5944.1602,4.0000,4.0000,0.8000,0.8000,21996.2168,0.0000,0.0000,2.0000,1567.9500,1.0000,1.0000,7.0100,0.0045,298.7900,0.0000,1.0000,2.0000,1.0000,0.0000,1,连环退费
7.0000,5.0000,1.0000,20435.7109,2919.3899,6203.2002,0.0000,0.0000,0.0000,0.0000,0.0000,0.0000,0.0000,3.0000,1680.2500,1.0000,1.0000,288.7500,0.1718,1398.7800,0.0000,1.0000,3.0000,2.0000,0.0000,0,正常报名
5.0000,0.0000,0.0000,1916.4800,1916.4800,2653.3101,3.0000,4.0000,0.6000,0.8000,34825.4844,0.0000,0.0000,2.0000,2049.7400,1.0000,1.0000,109.8000,0.0536,885.1300,0.0000,1.0000,2.0000,1.0000,0.0000,1,连环退费
12.0000,1.0000,1.0000,38364.0898,3197.0100,5914.1401,0.0000,0.0000,0.0000,0.0000,0.0000,0.0000,0.0000,2.0000,1752.9200,1.0000,1.0000,164.4700,0.0938,1662.3800,0.0000,3.0000,2.0000,2.0000,0.0000,0,正常报名
10.0000,0.0000,0.0000,1331.6000,1331.6000,4168.8999,7.0000,3.0000,0.7000,0.3000,11339.5869,0.0000,0.0000,2.0000,4168.8999,1.0000,1.0000,132.1000,0.0317,816.7500,0.0000,1.0000,2.0000,2.0000,0.0000,1,连环退费
2.0000,1.0000,1.0000,2531.5701,1265.7800,1977.1000,0.0000,0.0000,0.0000,0.0000,0.0000,0.0000,0.0000,3.0000,1516.0601,1.0000,1.0000,124.7100,0.0823,1109.3800,0.0000,2.0000,3.0000,1.0000,0.0000,0,正常报名
7.0000,3.0000,0.0000,4676.3599,935.2700,1207.5601,6.0000,6.0000,0.8571,0.8571,12135.6396,0.0000,0.0000,2.0000,391.6800,1.0000,1.0000,37.6500,0.0961,1143.2400,0.0000,2.0000,2.0000,2.0000,0.0000,0,极高退费率
14.0000,0.0000,0.0000,7827.8501,1304.6400,2158.9299,6.0000,10.0000,0.4286,0.7143,11101.5059,0.0000,0.0000,2.0000,1087.8300,1.0000,1.0000,145.6900,0.1339,2185.4800,0.0000,1.0000,2.0000,2.0000,1.0000,1,连环退费
4.0000,4.0000,1.0000,3408.2100,852.0500,1013.7900,1.0000,1.0000,0.2500,0.2500,1646.5100,0.0000,0.0000,1.0000,905.0100,1.0000,1.0000,41.6400,0.0460,840.2300,0.0000,1.0000,1.0000,1.0000,0.0000,0,正常报名
3.0000,2.0000,0.0000,8787.2305,2929.0801,4600.7998,0.0000,0.0000,0.0000,0.0000,0.0000,1.0000,0.0000,1.0000,976.8800,1.0000,1.0000,173.5000,0.1776,1045.3300,0.0000,3.0000,1.0000,1.0000,0.0000,0,正常报名
12.0000,0.0000,0.0000,7195.5200,599.6300,948.8100,0.0000,0.0000,0.0000,0.0000,0.0000,0.0000,0.0000,2.0000,582.9000,1.0000,1.0000,8.0400,0.0138,2009.1700,0.0000,1.0000,2.0000,2.0000,0.0000,0,正常报名
3.0000,1.0000,1.0000,6345.7300,2115.2400,3611.0200,0.0000,0.0000,0.0000,0.0000,0.0000,0.0000,0.0000,2.0000,3383.8301,1.0000,1.0000,293.9200,0.0869,431.5600,0.0000,1.0000,2.0000,1.0000,0.0000,0,正常报名
4.0000,1.0000,0.0000,6187.4600,1546.8700,2804.6499,0.0000,0.0000,0.0000,0.0000,0.0000,0.0000,0.0000,3.0000,346.2700,1.0000,1.0000,37.0200,0.1069,830.7200,0.0000,4.0000,3.0000,1.0000,0.0000,0,正常报名
8.0000,1.0000,0.0000,6857.4502,3428.7200,5999.9399,8.0000,8.0000,1.0000,1.0000,17141.5801,0.0000,0.0000,2.0000,2630.1399,1.0000,1.0000,306.5300,0.1165,2335.3501,0.0000,2.0000,2.0000,1.0000,0.0000,1,极高退费率
5.0000,5.0000,1.0000,14895.3398,2979.0701,5649.2002,0.0000,0.0000,0.0000,0.0000,0.0000,0.0000,0.0000,3.0000,2962.2600,1.0000,1.0000,177.7100,0.0600,1106.4900,0.0000,4.0000,3.0000,1.0000,0.0000,0,正常报名
11.0000,5.0000,2.0000,15639.0400,1421.7300,3860.8501,0.0000,0.0000,0.0000,0.0000,0.0000,1.0000,3.0000,2.0000,0.0000,0.0000,0.0000,0.0000,0.0000,0.0000,0.0000,4.0000,2.0000,2.0000,0.0000,1,身份连续认证失败
4.0000,4.0000,0.0000,12393.5000,3098.3799,4976.0098,0.0000,1.0000,0.0000,0.2500,0.0000,0.0000,0.0000,3.0000,889.4800,1.0000,1.0000,5.1500,0.0058,1065.8000,0.0000,1.0000,3.0000,2.0000,0.0000,0,正常报名
10.0000,3.0000,0.0000,7832.6602,783.2700,1236.9399,1.0000,1.0000,0.1000,0.1000,514.9700,1.0000,0.0000,1.0000,834.4700,1.0000,1.0000,52.1200,0.0625,326.3800,0.0000,1.0000,1.0000,2.0000,0.0000,0,正常报名
4.0000,0.0000,0.0000,2457.7200,2457.7200,4695.8398,4.0000,4.0000,1.0000,1.0000,29047.7578,0.0000,0.0000,3.0000,4169.7998,1.0000,1.0000,526.3900,0.1262,1575.1300,0.0000,1.0000,3.0000,1.0000,0.0000,1,连环退费
2.0000,1.0000,1.0000,1309.4301,654.7200,1435.1300,0.0000,0.0000,0.0000,0.0000,0.0000,1.0000,0.0000,3.0000,953.2300,1.0000,1.0000,140.0600,0.1469,386.3400,0.0000,2.0000,3.0000,1.0000,0.0000,0,正常报名
11.0000,5.0000,1.0000,16912.3105,1537.4800,1752.1200,0.0000,1.0000,0.0000,0.0000,0.0000,0.0000,0.0000,2.0000,2824.8108,1.0000,1.0000,51.9800,0.1393,2.8825,0.0000,2.0000,2.0000,2.0000,1.0000,1,零学时大额退费
12.0000,2.0000,2.0000,40414.4609,3367.8701,7270.0000,1.0000,2.0000,0.0833,0.1667,754.2800,0.0000,0.0000,1.0000,4336.7100,1.0000,1.0000,60.3800,0.0139,1866.4800,0.0000,2.0000,1.0000,1.0000,0.0000,0,正常报名
12.0000,0.0000,0.0000,4225.9102,2112.9500,4068.9099,7.0000,12.0000,0.5833,1.0000,25368.2422,0.0000,0.0000,1.0000,4068.9099,1.0000,1.0000,684.3700,0.1682,1779.9200,0.0000,2.0000,1.0000,2.0000,0.0000,1,连环退费
8.0000,3.0000,1.0000,26229.0098,3278.6299,6179.0698,0.0000,0.0000,0.0000,0.0000,0.0000,0.0000,0.0000,2.0000,0.0000,0.0000,0.0000,0.0000,0.0000,0.0000,0.0000,4.0000,2.0000,2.0000,0.0000,0,正常学历认证
3.0000,5.0000,2.0000,8825.1201,1765.0200,2867.2200,2.0000,2.0000,0.6667,0.6667,15322.7236,1.0000,0.0000,1.0000,2867.2200,1.0000,1.0000,482.2700,0.1682,383.2600,0.0000,1.0000,1.0000,1.0000,0.0000,1,极高退费率
12.0000,3.0000,2.0000,15069.4102,1255.7800,3019.7700,1.0000,1.0000,0.0833,0.0833,2712.2500,0.0000,0.0000,1.0000,1678.3977,1.0000,1.0000,384.4000,0.1273,1231.2144,0.0000,1.0000,1.0000,1.0000,0.0000,0,正常退费
4.0000,2.0000,2.0000,13125.2695,3281.3201,3393.0100,0.0000,0.0000,0.0000,0.0000,0.0000,1.0000,0.0000,2.0000,3300.8201,1.0000,1.0000,222.3800,0.0674,2347.0300,0.0000,4.0000,2.0000,2.0000,0.0000,0,正常报名
4.0000,5.0000,0.0000,6635.0498,737.2300,2450.5400,3.0000,4.0000,0.7500,1.0000,15322.8281,1.0000,0.0000,3.0000,2450.5400,1.0000,1.0000,380.3100,0.1552,2079.4299,0.0000,5.0000,3.0000,2.0000,0.0000,1,连环退费
9.0000,2.0000,2.0000,24478.0801,2719.7900,5939.8999,0.0000,0.0000,0.0000,0.0000,0.0000,0.0000,0.0000,1.0000,2332.2500,1.0000,1.0000,373.5100,0.1601,399.1800,0.0000,4.0000,1.0000,1.0000,1.0000,0,正常报名
10.0000,5.0000,1.0000,23113.7695,2311.3799,3381.4399,0.0000,0.0000,0.0000,0.0000,0.0000,0.0000,0.0000,2.0000,2082.2000,1.0000,1.0000,331.0100,0.1590,405.1600,0.0000,2.0000,2.0000,2.0000,0.0000,0,正常报名
10.0000,4.0000,1.0000,16241.6699,1624.1700,3092.3799,0.0000,0.0000,0.0000,0.0000,0.0000,0.0000,0.0000,3.0000,3092.3799,1.0000,1.0000,355.5900,0.1150,1266.5300,0.0000,5.0000,3.0000,1.0000,0.0000,0,正常报名
1.0000,1.0000,0.0000,2343.0801,2343.0801,3233.9199,0.0000,0.0000,0.0000,0.0000,0.0000,0.0000,0.0000,1.0000,0.0000,0.0000,0.0000,0.0000,0.0000,0.0000,0.0000,1.0000,1.0000,1.0000,0.0000,0,正常学历认证
10.0000,4.0000,0.0000,11640.5498,1940.0900,3997.3701,6.0000,9.0000,0.6000,0.9000,13727.1562,0.0000,0.0000,2.0000,3997.3701,1.0000,1.0000,353.5800,0.0885,669.7100,0.0000,5.0000,2.0000,2.0000,0.0000,1,连环退费
3.0000,0.0000,0.0000,1366.2200,455.4100,1632.2000,0.0000,0.0000,0.0000,0.0000,0.0000,0.0000,0.0000,2.0000,1632.2000,1.0000,1.0000,93.5600,0.0573,76.0100,0.0000,3.0000,2.0000,2.0000,0.0000,0,正常报名
12.0000,0.0000,0.0000,14978.4600,1248.2100,2584.4299,10.0000,10.0000,0.8333,0.8333,18914.2871,0.0000,0.0000,2.0000,2584.4299,1.0000,1.0000,28.7000,0.0111,2105.9800,0.0000,4.0000,2.0000,2.0000,0.0000,1,极高退费率
1.0000,1.0000,0.0000,2501.1699,2501.1699,3243.7100,0.0000,0.0000,0.0000,0.0000,0.0000,0.0000,0.0000,3.0000,2836.5901,1.0000,1.0000,384.5200,0.1356,2156.7900,0.0000,1.0000,3.0000,2.0000,0.0000,0,正常报名
8.0000,4.0000,0.0000,13259.7402,1657.4700,3612.8601,0.0000,1.0000,0.0000,0.1250,0.0000,1.0000,2.0000,2.0000,0.0000,0.0000,0.0000,0.0000,0.0000,0.0000,0.0000,4.0000,2.0000,2.0000,0.0000,1,身份连续认证失败
3.0000,0.0000,0.0000,10175.7100,3391.8999,6253.6001,0.0000,0.0000,0.0000,0.0000,0.0000,0.0000,0.0000,1.0000,771.5800,1.0000,1.0000,77.1900,0.1000,312.1800,0.0000,1.0000,1.0000,1.0000,0.0000,0,正常报名
7.0000,4.0000,2.0000,8645.9004,1235.1300,1587.6899,0.0000,0.0000,0.0000,0.0000,0.0000,0.0000,0.0000,1.0000,7290.5117,1.0000,1.0000,59.8000,0.0732,1559.3500,1.0000,3.0000,1.0000,1.0000,0.0000,0,凌晨大额标记
1.0000,0.0000,0.0000,835.9500,835.9500,3140.2100,0.0000,0.0000,0.0000,0.0000,0.0000,0.0000,0.0000,2.0000,3140.2100,1.0000,1.0000,268.2800,0.0854,1116.3800,0.0000,1.0000,2.0000,2.0000,0.0000,0,正常报名
9.0000,1.0000,1.0000,8885.0195,987.2200,1921.5300,0.0000,0.0000,0.0000,0.0000,0.0000,0.0000,0.0000,3.0000,0.0000,0.0000,0.0000,0.0000,0.0000,0.0000,0.0000,2.0000,3.0000,2.0000,0.0000,0,正常学历认证
10.0000,0.0000,0.0000,14897.0498,1489.7100,2846.8799,0.0000,0.0000,0.0000,0.0000,0.0000,0.0000,0.0000,1.0000,21844.5938,1.0000,1.0000,211.0200,0.0741,1430.7300,0.0000,2.0000,1.0000,1.0000,1.0000,1,新设备大额报名
5.0000,5.0000,2.0000,14765.1396,2953.0300,43513.9688,0.0000,0.0000,0.0000,0.0000,0.0000,0.0000,0.0000,3.0000,43513.9688,1.0000,1.0000,150.8300,0.1191,1466.4399,0.0000,4.0000,3.0000,1.0000,0.0000,1,超高金额报名
7.0000,4.0000,2.0000,9392.4502,1341.7800,1996.4000,0.0000,1.0000,0.0000,0.0000,0.0000,0.0000,0.0000,2.0000,3019.3547,1.0000,1.0000,287.7700,0.1749,0.2322,0.0000,4.0000,2.0000,1.0000,0.0000,1,零学时大额退费
4.0000,0.0000,0.0000,13376.9805,3344.2400,4400.3198,1.0000,1.0000,0.2500,0.2500,327.6800,0.0000,0.0000,2.0000,2188.2256,1.0000,1.0000,401.1600,0.1250,1714.4880,0.0000,4.0000,2.0000,2.0000,0.0000,0,正常退费
5.0000,0.0000,0.0000,11495.2803,2299.0601,2489.2400,0.0000,0.0000,0.0000,0.0000,0.0000,0.0000,0.0000,3.0000,1338.3600,1.0000,1.0000,172.5400,0.1289,433.0500,0.0000,2.0000,3.0000,2.0000,0.0000,0,正常报名
2.0000,1.0000,0.0000,1578.2300,789.1100,1014.8400,0.0000,1.0000,0.0000,0.0000,0.0000,1.0000,0.0000,1.0000,4961.1001,1.0000,1.0000,12.0200,0.0118,0.6189,0.0000,1.0000,1.0000,2.0000,0.0000,1,零学时大额退费
6.0000,0.0000,0.0000,8776.8896,1462.8199,4085.7900,0.0000,0.0000,0.0000,0.0000,0.0000,0.0000,0.0000,1.0000,4085.7900,1.0000,1.0000,186.0400,0.0455,1928.5900,0.0000,5.0000,1.0000,1.0000,0.0000,0,正常报名
12.0000,4.0000,0.0000,18431.6094,1535.9700,1780.6300,0.0000,0.0000,0.0000,0.0000,0.0000,0.0000,6.0000,1.0000,0.0000,0.0000,0.0000,0.0000,0.0000,0.0000,0.0000,3.0000,1.0000,1.0000,0.0000,1,身份连续认证失败
8.0000,3.0000,0.0000,25303.4707,3162.9299,5253.5000,0.0000,1.0000,0.0000,0.0000,0.0000,1.0000,0.0000,1.0000,3083.8918,1.0000,1.0000,471.3300,0.1519,1048.7068,0.0000,2.0000,1.0000,2.0000,0.0000,0,正常退费
7.0000,4.0000,2.0000,13620.0801,1945.7300,4308.2402,0.0000,0.0000,0.0000,0.0000,0.0000,0.0000,0.0000,3.0000,4308.2402,1.0000,1.0000,221.9300,0.0515,315.9600,0.0000,4.0000,3.0000,1.0000,0.0000,0,正常报名
11.0000,2.0000,1.0000,33388.8086,3035.3501,3690.7300,0.0000,0.0000,0.0000,0.0000,0.0000,0.0000,0.0000,1.0000,1122.0500,1.0000,1.0000,161.5400,0.1440,81.4600,0.0000,2.0000,1.0000,2.0000,0.0000,0,正常报名
14.0000,4.0000,1.0000,16986.9004,2831.1499,4498.5098,5.0000,10.0000,0.3571,0.7143,25828.7637,0.0000,0.0000,2.0000,4498.5098,1.0000,1.0000,312.4900,0.0695,218.6400,0.0000,1.0000,2.0000,2.0000,0.0000,1,连环退费
12.0000,4.0000,1.0000,13884.6797,1157.0601,1856.6700,0.0000,0.0000,0.0000,0.0000,0.0000,0.0000,0.0000,2.0000,1856.6700,1.0000,1.0000,330.0100,0.1777,1920.7000,0.0000,1.0000,2.0000,1.0000,0.0000,0,正常报名
4.0000,1.0000,0.0000,3646.9800,911.7500,1112.1200,0.0000,0.0000,0.0000,0.0000,0.0000,1.0000,0.0000,2.0000,16137.2002,1.0000,1.0000,47.8200,0.0430,973.7600,0.0000,2.0000,2.0000,3.0000,1.0000,1,新设备大额报名
6.0000,4.0000,1.0000,23120.3008,2568.9199,3491.8101,5.0000,5.0000,0.8333,0.8333,5572.6841,0.0000,0.0000,2.0000,2634.4600,1.0000,1.0000,16.8500,0.0064,281.6600,0.0000,4.0000,2.0000,2.0000,0.0000,1,极高退费率
11.0000,1.0000,0.0000,10239.0996,930.8300,1869.4000,0.0000,1.0000,0.0000,0.0000,0.0000,1.0000,0.0000,2.0000,8707.5059,1.0000,1.0000,195.9900,0.1134,3.8179,0.0000,1.0000,2.0000,1.0000,0.0000,1,零学时大额退费
8.0000,1.0000,0.0000,5130.7100,2565.3501,3490.9600,3.0000,8.0000,0.3750,1.0000,12521.6904,0.0000,0.0000,1.0000,3490.9600,1.0000,1.0000,109.4300,0.0313,760.8700,0.0000,2.0000,1.0000,1.0000,0.0000,1,连环退费
4.0000,5.0000,1.0000,7023.1099,1404.6200,2882.6299,2.0000,2.0000,0.5000,0.5000,22378.9746,1.0000,0.0000,2.0000,2882.6299,1.0000,1.0000,245.2400,0.0851,702.8100,0.0000,4.0000,2.0000,1.0000,0.0000,1,极高退费率
3.0000,0.0000,0.0000,4170.6499,1390.2200,2905.8101,0.0000,0.0000,0.0000,0.0000,0.0000,0.0000,0.0000,1.0000,2905.8101,1.0000,1.0000,462.4000,0.1591,1476.2900,0.0000,1.0000,1.0000,1.0000,0.0000,0,正常报名
1.0000,0.0000,0.0000,2933.8701,2933.8701,6415.0000,0.0000,0.0000,0.0000,0.0000,0.0000,0.0000,0.0000,2.0000,2560.9299,1.0000,1.0000,4.9400,0.0019,1281.5400,0.0000,1.0000,2.0000,2.0000,0.0000,0,正常报名
8.0000,4.0000,2.0000,22928.3398,2866.0400,4135.7998,0.0000,0.0000,0.0000,0.0000,0.0000,0.0000,0.0000,1.0000,1798.5100,1.0000,1.0000,93.0600,0.0517,502.7300,0.0000,2.0000,1.0000,12.0000,0.0000,1,同设备多账号
10.0000,4.0000,2.0000,33435.2695,3343.5300,3907.1299,0.0000,0.0000,0.0000,0.0000,0.0000,0.0000,0.0000,2.0000,2485.4199,1.0000,1.0000,256.2500,0.1031,1489.6700,0.0000,4.0000,2.0000,2.0000,0.0000,0,正常报名
5.0000,3.0000,2.0000,17015.2305,3403.0500,6802.8301,0.0000,0.0000,0.0000,0.0000,0.0000,0.0000,0.0000,2.0000,0.0000,0.0000,0.0000,0.0000,0.0000,0.0000,1.0000,4.0000,2.0000,1.0000,0.0000,0,正常学历认证
3.0000,1.0000,0.0000,7481.3799,2493.7900,3114.6899,0.0000,0.0000,0.0000,0.0000,0.0000,0.0000,0.0000,3.0000,6528.9038,1.0000,1.0000,323.1000,0.1037,800.2400,1.0000,2.0000,3.0000,2.0000,0.0000,0,凌晨大额标记
7.0000,4.0000,2.0000,10926.9902,1561.0000,2856.7000,0.0000,0.0000,0.0000,0.0000,0.0000,0.0000,0.0000,3.0000,2856.7000,1.0000,1.0000,323.8700,0.1134,2193.2200,0.0000,2.0000,3.0000,2.0000,0.0000,0,正常报名
5.0000,1.0000,0.0000,11644.7900,2328.9600,4950.6602,0.0000,0.0000,0.0000,0.0000,0.0000,1.0000,0.0000,1.0000,0.0000,0.0000,0.0000,0.0000,0.0000,0.0000,1.0000,1.0000,1.0000,1.0000,0.0000,0,正常学历认证
12.0000,2.0000,1.0000,11531.5898,960.9700,3801.6299,0.0000,0.0000,0.0000,0.0000,0.0000,1.0000,0.0000,3.0000,3801.6299,1.0000,1.0000,331.3600,0.0872,1393.1600,0.0000,3.0000,3.0000,1.0000,0.0000,0,正常报名
5.0000,3.0000,0.0000,11725.0000,2345.0000,4471.6899,0.0000,0.0000,0.0000,0.0000,0.0000,1.0000,0.0000,2.0000,1096.0000,1.0000,1.0000,76.5700,0.0699,1052.8500,0.0000,3.0000,2.0000,2.0000,0.0000,0,正常报名
6.0000,4.0000,2.0000,16016.7002,2669.4500,3321.7400,1.0000,1.0000,0.1667,0.1667,2023.4301,0.0000,0.0000,1.0000,1725.6899,1.0000,1.0000,100.1500,0.0580,2175.6001,0.0000,3.0000,1.0000,2.0000,0.0000,0,正常报名
9.0000,4.0000,0.0000,7622.7002,846.9700,1325.6400,0.0000,0.0000,0.0000,0.0000,0.0000,0.0000,0.0000,3.0000,1064.2200,1.0000,1.0000,158.1300,0.1486,1606.6801,0.0000,3.0000,3.0000,2.0000,0.0000,0,正常报名
8.0000,2.0000,0.0000,18788.4102,2348.5500,4867.3799,0.0000,0.0000,0.0000,0.0000,0.0000,0.0000,0.0000,1.0000,2771.0100,1.0000,1.0000,252.9800,0.0913,1796.5400,0.0000,4.0000,1.0000,1.0000,0.0000,0,正常报名
11.0000,4.0000,0.0000,16947.8594,1540.7100,1752.2100,0.0000,0.0000,0.0000,0.0000,0.0000,0.0000,0.0000,3.0000,7746.7783,1.0000,1.0000,151.8300,0.0985,2282.4099,1.0000,3.0000,3.0000,1.0000,0.0000,0,凌晨大额标记
1.0000,0.0000,0.0000,1423.1700,1423.1700,2826.2000,0.0000,1.0000,0.0000,0.0000,0.0000,0.0000,0.0000,1.0000,1307.9171,1.0000,1.0000,384.2100,0.1359,1637.1987,0.0000,1.0000,1.0000,1.0000,0.0000,0,正常退费
3.0000,2.0000,0.0000,8710.8604,2903.6201,3876.7600,0.0000,1.0000,0.0000,0.0000,0.0000,1.0000,0.0000,3.0000,2739.9346,1.0000,1.0000,519.8800,0.1341,346.8018,0.0000,1.0000,3.0000,1.0000,0.0000,0,正常退费
11.0000,3.0000,0.0000,35300.2695,3209.1201,6311.4102,0.0000,0.0000,0.0000,0.0000,0.0000,0.0000,0.0000,3.0000,931.5000,1.0000,1.0000,28.1400,0.0302,1494.5300,0.0000,2.0000,3.0000,2.0000,0.0000,0,正常报名
4.0000,0.0000,0.0000,4140.2900,1035.0699,4471.6099,0.0000,0.0000,0.0000,0.0000,0.0000,0.0000,0.0000,2.0000,4471.6099,1.0000,1.0000,133.7300,0.0299,2243.8101,0.0000,1.0000,2.0000,9.0000,0.0000,1,同设备多账号
11.0000,3.0000,2.0000,18248.0000,1658.9100,2645.9900,0.0000,0.0000,0.0000,0.0000,0.0000,0.0000,0.0000,2.0000,2645.9900,1.0000,1.0000,16.1400,0.0061,2018.0800,0.0000,3.0000,2.0000,1.0000,0.0000,0,正常报名
12.0000,1.0000,1.0000,40205.6914,3350.4700,6373.7300,0.0000,0.0000,0.0000,0.0000,0.0000,0.0000,0.0000,1.0000,3122.4399,1.0000,1.0000,455.3600,0.1458,1663.8000,0.0000,5.0000,1.0000,1.0000,0.0000,0,正常报名
12.0000,5.0000,1.0000,20397.4395,1699.7900,2019.3600,0.0000,1.0000,0.0000,0.0000,0.0000,0.0000,0.0000,3.0000,3464.0728,1.0000,1.0000,14.0800,0.0162,999.6197,0.0000,3.0000,3.0000,1.0000,1.0000,0,正常退费
4.0000,0.0000,0.0000,9394.0498,2348.5100,2897.4299,0.0000,0.0000,0.0000,0.0000,0.0000,0.0000,0.0000,1.0000,2897.4299,1.0000,1.0000,42.1600,0.0146,408.4900,0.0000,2.0000,1.0000,2.0000,0.0000,0,正常报名
4.0000,4.0000,2.0000,7874.5601,1968.6400,3613.2400,0.0000,0.0000,0.0000,0.0000,0.0000,0.0000,0.0000,3.0000,0.0000,0.0000,0.0000,0.0000,0.0000,0.0000,0.0000,4.0000,3.0000,1.0000,1.0000,0,正常学历认证
12.0000,3.0000,2.0000,41095.8906,3424.6599,4926.3301,0.0000,0.0000,0.0000,0.0000,0.0000,0.0000,0.0000,3.0000,7470.6060,1.0000,1.0000,15.2800,0.0310,610.2400,1.0000,1.0000,3.0000,1.0000,0.0000,0,凌晨大额标记
11.0000,0.0000,0.0000,6224.2300,565.8400,4124.3999,0.0000,0.0000,0.0000,0.0000,0.0000,0.0000,0.0000,3.0000,5268.4688,1.0000,1.0000,476.6300,0.1156,1537.6500,1.0000,3.0000,3.0000,1.0000,1.0000,0,凌晨大额标记
8.0000,1.0000,0.0000,22597.0000,2824.6299,5965.5898,0.0000,0.0000,0.0000,0.0000,0.0000,1.0000,0.0000,1.0000,350.6400,1.0000,1.0000,48.0600,0.1370,374.0100,0.0000,5.0000,1.0000,2.0000,0.0000,0,正常报名
7.0000,5.0000,1.0000,13578.1299,1939.7300,2868.4900,0.0000,1.0000,0.0000,0.1429,0.0000,0.0000,0.0000,3.0000,0.0000,0.0000,0.0000,0.0000,0.0000,0.0000,0.0000,1.0000,3.0000,1.0000,0.0000,0,正常学历认证
6.0000,0.0000,0.0000,1721.2700,1721.2700,2727.3201,4.0000,4.0000,0.6667,0.6667,25486.5332,1.0000,0.0000,3.0000,2241.5701,1.0000,1.0000,248.0800,0.1107,1194.7000,1.0000,1.0000,3.0000,1.0000,0.0000,1,极高退费率
5.0000,5.0000,2.0000,2152.5701,430.5100,2772.3201,0.0000,0.0000,0.0000,0.0000,0.0000,0.0000,0.0000,3.0000,2772.3201,1.0000,1.0000,378.9700,0.1367,1669.6899,0.0000,5.0000,3.0000,1.0000,0.0000,0,正常报名
12.0000,2.0000,0.0000,38319.6289,3193.3000,4283.3398,0.0000,1.0000,0.0000,0.0000,0.0000,0.0000,0.0000,1.0000,1660.7883,1.0000,1.0000,612.0600,0.1434,4.7214,0.0000,5.0000,1.0000,2.0000,0.0000,1,零学时大额退费
4.0000,3.0000,2.0000,8964.3096,2241.0801,3023.8201,0.0000,0.0000,0.0000,0.0000,0.0000,0.0000,0.0000,3.0000,2389.5100,1.0000,1.0000,370.0700,0.1549,1575.5500,0.0000,1.0000,3.0000,1.0000,0.0000,0,正常报名
5.0000,2.0000,0.0000,4480.4302,2240.2200,4152.0898,3.0000,4.0000,0.6000,0.8000,18337.9902,0.0000,0.0000,1.0000,4152.0898,1.0000,1.0000,690.2700,0.1662,915.4800,1.0000,2.0000,1.0000,2.0000,0.0000,1,连环退费
10.0000,4.0000,0.0000,7702.3999,770.2400,1086.3500,0.0000,0.0000,0.0000,0.0000,0.0000,0.0000,0.0000,2.0000,983.5500,1.0000,1.0000,153.9600,0.1565,1102.4200,0.0000,1.0000,2.0000,2.0000,0.0000,0,正常报名
6.0000,5.0000,0.0000,17483.7598,2913.9600,3291.9900,1.0000,1.0000,0.1667,0.1667,604.9800,1.0000,0.0000,1.0000,2992.5500,1.0000,1.0000,20.8800,0.0070,2082.4199,0.0000,5.0000,1.0000,2.0000,0.0000,0,正常报名
7.0000,5.0000,2.0000,13358.7998,1908.4000,3314.6299,0.0000,0.0000,0.0000,0.0000,0.0000,0.0000,0.0000,1.0000,17665.2461,1.0000,1.0000,183.1600,0.0898,1050.6500,0.0000,3.0000,1.0000,1.0000,1.0000,1,新设备大额报名
9.0000,1.0000,1.0000,19456.8008,2161.8701,3280.2600,1.0000,1.0000,0.1111,0.1111,2704.4500,0.0000,0.0000,3.0000,2723.2400,1.0000,1.0000,416.0100,0.1528,159.7400,0.0000,3.0000,3.0000,2.0000,0.0000,0,正常报名
5.0000,4.0000,0.0000,10744.9902,2149.0000,2501.9800,0.0000,0.0000,0.0000,0.0000,0.0000,0.0000,0.0000,3.0000,1945.7400,1.0000,1.0000,238.3500,0.1225,355.0300,0.0000,1.0000,3.0000,10.0000,1.0000,1,同设备多账号
8.0000,4.0000,1.0000,4106.4199,513.3000,1688.5601,0.0000,0.0000,0.0000,0.0000,0.0000,0.0000,0.0000,2.0000,1688.5601,1.0000,1.0000,78.6100,0.0466,1973.9800,0.0000,4.0000,2.0000,1.0000,1.0000,0,正常报名
2.0000,0.0000,0.0000,3916.5300,1958.2600,2938.8401,0.0000,0.0000,0.0000,0.0000,0.0000,0.0000,0.0000,3.0000,2938.8401,1.0000,1.0000,1.3400,0.0005,2381.5601,0.0000,2.0000,3.0000,1.0000,0.0000,0,正常报名
5.0000,3.0000,1.0000,10806.4805,2161.3000,46180.0586,0.0000,0.0000,0.0000,0.0000,0.0000,0.0000,0.0000,1.0000,46180.0586,1.0000,1.0000,33.4700,0.0184,820.1200,0.0000,1.0000,1.0000,2.0000,0.0000,1,超高金额报名
12.0000,5.0000,1.0000,32629.0098,2719.0801,4388.2700,1.0000,1.0000,0.0833,0.0833,2520.3799,0.0000,0.0000,3.0000,573.6900,1.0000,1.0000,29.7700,0.0519,1274.1600,0.0000,4.0000,3.0000,2.0000,0.0000,0,正常报名
6.0000,2.0000,2.0000,20302.6504,3383.7800,5339.1201,0.0000,0.0000,0.0000,0.0000,0.0000,0.0000,0.0000,2.0000,1363.4399,1.0000,1.0000,168.9900,0.1239,2104.0300,0.0000,1.0000,2.0000,2.0000,0.0000,0,正常报名
6.0000,5.0000,0.0000,20682.6309,3447.1101,5283.8501,0.0000,0.0000,0.0000,0.0000,0.0000,0.0000,0.0000,2.0000,0.0000,0.0000,0.0000,0.0000,0.0000,0.0000,0.0000,5.0000,2.0000,1.0000,0.0000,0,正常学历认证
1.0000,1.0000,1.0000,1767.1100,1767.1100,3103.1201,0.0000,0.0000,0.0000,0.0000,0.0000,0.0000,0.0000,1.0000,6616.3540,1.0000,1.0000,219.0100,0.0772,1000.0700,1.0000,1.0000,1.0000,2.0000,0.0000,0,凌晨大额标记
8.0000,3.0000,1.0000,7273.5898,909.2000,1984.1100,0.0000,0.0000,0.0000,0.0000,0.0000,0.0000,0.0000,3.0000,1984.1100,1.0000,1.0000,124.2700,0.0626,896.5100,0.0000,1.0000,3.0000,1.0000,0.0000,0,正常报名
7.0000,4.0000,1.0000,14744.5801,2106.3701,3313.1699,0.0000,0.0000,0.0000,0.0000,0.0000,1.0000,0.0000,2.0000,3313.1699,1.0000,1.0000,479.0300,0.1446,1234.3500,0.0000,2.0000,2.0000,2.0000,1.0000,0,正常报名
6.0000,3.0000,2.0000,20365.0508,3394.1699,6754.2998,0.0000,1.0000,0.0000,0.0000,0.0000,0.0000,0.0000,2.0000,1375.8315,1.0000,1.0000,143.3500,0.0335,643.6672,0.0000,4.0000,2.0000,1.0000,0.0000,0,正常退费
4.0000,3.0000,1.0000,6813.1001,1703.2700,3286.0801,0.0000,0.0000,0.0000,0.0000,0.0000,0.0000,0.0000,3.0000,2205.2500,1.0000,1.0000,339.0500,0.1537,1302.3900,0.0000,4.0000,3.0000,1.0000,0.0000,0,正常报名
5.0000,1.0000,1.0000,11324.0400,2264.8101,3692.7500,0.0000,0.0000,0.0000,0.0000,0.0000,0.0000,0.0000,1.0000,7106.5703,1.0000,1.0000,92.3800,0.1069,562.4600,1.0000,2.0000,1.0000,2.0000,0.0000,0,凌晨大额标记
12.0000,4.0000,2.0000,5305.0200,757.8600,1513.9100,6.0000,7.0000,0.5000,0.5833,14527.8438,0.0000,0.0000,1.0000,1513.9100,1.0000,1.0000,36.7100,0.0242,1767.0601,0.0000,5.0000,1.0000,1.0000,0.0000,1,连环退费
5.0000,0.0000,0.0000,3603.0901,720.6200,4292.1499,0.0000,1.0000,0.0000,0.2000,0.0000,0.0000,0.0000,3.0000,0.0000,0.0000,0.0000,0.0000,0.0000,0.0000,0.0000,2.0000,3.0000,2.0000,0.0000,0,正常学历认证
1.0000,1.0000,1.0000,1372.7600,1372.7600,1410.0300,0.0000,0.0000,0.0000,0.0000,0.0000,1.0000,0.0000,3.0000,674.9400,1.0000,1.0000,8.1100,0.0120,373.1200,0.0000,1.0000,3.0000,7.0000,0.0000,1,同设备多账号
2.0000,1.0000,0.0000,6542.3901,3271.1899,5017.8198,0.0000,1.0000,0.0000,0.0000,0.0000,0.0000,0.0000,3.0000,7206.4414,1.0000,1.0000,209.6300,0.0961,3.2230,0.0000,1.0000,3.0000,1.0000,0.0000,1,零学时大额退费
12.0000,3.0000,2.0000,38232.5703,3186.0500,4764.8999,0.0000,0.0000,0.0000,0.0000,0.0000,0.0000,0.0000,3.0000,1724.8600,1.0000,1.0000,203.7400,0.1181,1783.9700,0.0000,1.0000,3.0000,1.0000,0.0000,0,正常报名
6.0000,4.0000,2.0000,8467.7002,1411.2800,3820.5400,0.0000,0.0000,0.0000,0.0000,0.0000,0.0000,0.0000,1.0000,3820.5400,1.0000,1.0000,430.0100,0.1126,2131.8601,1.0000,4.0000,1.0000,2.0000,1.0000,0,正常报名
9.0000,0.0000,0.0000,26049.5098,2894.3899,3431.9800,0.0000,0.0000,0.0000,0.0000,0.0000,0.0000,0.0000,1.0000,2319.4900,1.0000,1.0000,10.0800,0.0043,104.1200,0.0000,2.0000,1.0000,2.0000,0.0000,0,正常报名
12.0000,0.0000,0.0000,38516.9805,3209.7500,4495.6201,0.0000,0.0000,0.0000,0.0000,0.0000,0.0000,0.0000,2.0000,847.7500,1.0000,1.0000,76.5000,0.0902,1727.4100,0.0000,3.0000,2.0000,2.0000,0.0000,0,正常报名
5.0000,2.0000,1.0000,14865.9199,2973.1799,5496.5698,0.0000,0.0000,0.0000,0.0000,0.0000,0.0000,0.0000,3.0000,3314.5200,1.0000,1.0000,312.9000,0.0944,1110.6400,0.0000,1.0000,3.0000,1.0000,0.0000,0,正常报名
8.0000,1.0000,1.0000,27498.6895,3437.3401,7360.2100,0.0000,0.0000,0.0000,0.0000,0.0000,0.0000,0.0000,3.0000,3276.7500,1.0000,1.0000,28.7000,0.0088,325.5000,0.0000,1.0000,3.0000,1.0000,0.0000,0,正常报名
4.0000,4.0000,2.0000,8637.1104,2159.2800,3762.7400,3.0000,3.0000,0.7500,0.7500,20246.3965,0.0000,0.0000,2.0000,627.2800,1.0000,1.0000,96.5400,0.1539,1258.5200,0.0000,3.0000,2.0000,1.0000,0.0000,1,连环退费
12.0000,2.0000,0.0000,29044.9902,2420.4199,5101.8301,0.0000,0.0000,0.0000,0.0000,0.0000,1.0000,0.0000,1.0000,4352.1802,1.0000,1.0000,335.8300,0.0772,1618.7600,0.0000,1.0000,1.0000,1.0000,0.0000,0,正常报名
1.0000,1.0000,1.0000,3192.7800,3192.7800,5325.4902,0.0000,0.0000,0.0000,0.0000,0.0000,0.0000,0.0000,1.0000,345.8300,1.0000,1.0000,35.5700,0.1028,1259.4700,0.0000,1.0000,1.0000,2.0000,0.0000,0,正常报名
1.0000,0.0000,0.0000,2671.5400,2671.5400,5487.2100,0.0000,0.0000,0.0000,0.0000,0.0000,0.0000,0.0000,1.0000,2339.4299,1.0000,1.0000,230.2800,0.0984,1562.4500,0.0000,1.0000,1.0000,2.0000,0.0000,0,正常报名
10.0000,3.0000,0.0000,10143.9102,1014.3900,3677.9299,0.0000,0.0000,0.0000,0.0000,0.0000,0.0000,0.0000,2.0000,3677.9299,1.0000,1.0000,295.4500,0.0803,671.8100,0.0000,1.0000,2.0000,2.0000,0.0000,0,正常报名
4.0000,1.0000,1.0000,6120.3398,510.0300,2316.7100,4.0000,4.0000,1.0000,1.0000,12865.1201,1.0000,0.0000,3.0000,2316.7100,1.0000,1.0000,22.4000,0.0097,1057.5900,0.0000,2.0000,3.0000,1.0000,0.0000,1,连环退费
8.0000,4.0000,0.0000,5670.4600,1417.6100,2804.4700,6.0000,6.0000,0.7500,0.7500,14886.7119,0.0000,0.0000,2.0000,331.6600,1.0000,1.0000,5.8600,0.0177,1183.6700,0.0000,1.0000,2.0000,1.0000,0.0000,1,极高退费率
12.0000,3.0000,1.0000,16716.8809,1393.0699,2599.1699,0.0000,0.0000,0.0000,0.0000,0.0000,0.0000,0.0000,2.0000,916.0200,1.0000,1.0000,0.3200,0.0003,1188.9200,0.0000,2.0000,2.0000,6.0000,1.0000,1,同设备多账号
3.0000,0.0000,0.0000,4676.7300,1558.9100,2505.0601,0.0000,1.0000,0.0000,0.3333,0.0000,0.0000,0.0000,3.0000,6299.9209,1.0000,1.0000,26.9300,0.0384,2223.3999,1.0000,2.0000,3.0000,2.0000,1.0000,0,凌晨大额标记
1.0000,1.0000,0.0000,2622.9800,2622.9800,3895.6101,0.0000,1.0000,0.0000,0.0000,0.0000,0.0000,0.0000,2.0000,1763.7856,1.0000,1.0000,1.4600,0.0016,3.9600,0.0000,1.0000,2.0000,1.0000,0.0000,1,零学时大额退费
11.0000,0.0000,0.0000,4433.5298,2216.7700,2452.9099,4.0000,7.0000,0.3636,0.6364,28101.5156,1.0000,0.0000,2.0000,2322.4600,1.0000,1.0000,311.9700,0.1343,425.7600,0.0000,1.0000,2.0000,1.0000,0.0000,1,连环退费
10.0000,2.0000,2.0000,7245.8901,2415.3000,4229.6001,7.0000,7.0000,0.7000,0.7000,19106.3574,0.0000,0.0000,2.0000,4229.6001,1.0000,1.0000,675.5100,0.1597,2046.2500,0.0000,1.0000,2.0000,1.0000,0.0000,1,极高退费率
9.0000,0.0000,0.0000,2746.1699,2746.1699,5257.1802,5.0000,6.0000,0.5556,0.6667,22376.9434,0.0000,0.0000,2.0000,1553.0900,1.0000,1.0000,128.8100,0.0829,1777.4600,0.0000,1.0000,2.0000,2.0000,0.0000,1,连环退费
3.0000,2.0000,0.0000,6109.2100,2036.4000,4226.0098,0.0000,0.0000,0.0000,0.0000,0.0000,0.0000,0.0000,1.0000,427.7100,1.0000,1.0000,55.1200,0.1289,1105.2000,0.0000,3.0000,1.0000,2.0000,0.0000,0,正常报名
12.0000,1.0000,0.0000,39680.3008,3306.6899,6360.6699,0.0000,0.0000,0.0000,0.0000,0.0000,0.0000,0.0000,2.0000,4452.4302,1.0000,1.0000,663.0800,0.1489,1054.3199,0.0000,2.0000,2.0000,2.0000,0.0000,0,正常报名
4.0000,4.0000,0.0000,7328.9102,1832.2300,3098.7700,1.0000,1.0000,0.2500,0.2500,2932.1499,0.0000,0.0000,3.0000,930.2348,1.0000,1.0000,46.6600,0.0151,307.4199,0.0000,3.0000,3.0000,2.0000,0.0000,0,正常退费
1.0000,1.0000,0.0000,1420.9900,1420.9900,2167.0100,0.0000,0.0000,0.0000,0.0000,0.0000,0.0000,0.0000,1.0000,6410.4302,1.0000,1.0000,270.4500,0.1646,168.5100,1.0000,1.0000,1.0000,2.0000,0.0000,0,凌晨大额标记
10.0000,4.0000,2.0000,4052.8401,405.2800,2040.7000,1.0000,1.0000,0.1000,0.1000,614.8900,0.0000,0.0000,1.0000,9231.0488,1.0000,1.0000,147.6000,0.0723,1999.3500,1.0000,4.0000,1.0000,2.0000,0.0000,0,凌晨大额标记
4.0000,0.0000,0.0000,12031.2900,3007.8201,4365.3301,0.0000,0.0000,0.0000,0.0000,0.0000,0.0000,0.0000,3.0000,24092.2207,1.0000,1.0000,191.7000,0.0558,368.4500,0.0000,4.0000,3.0000,2.0000,1.0000,1,新设备大额报名
2.0000,1.0000,0.0000,2923.3101,1461.6500,2596.8999,0.0000,0.0000,0.0000,0.0000,0.0000,0.0000,0.0000,2.0000,2596.8999,1.0000,1.0000,334.9400,0.1290,316.7300,0.0000,2.0000,2.0000,1.0000,0.0000,0,正常报名
9.0000,1.0000,1.0000,2107.9099,2107.9099,3678.5601,4.0000,8.0000,0.4444,0.8889,30735.9297,1.0000,0.0000,2.0000,1060.9500,1.0000,1.0000,188.5000,0.1777,2169.8201,0.0000,1.0000,2.0000,2.0000,1.0000,1,连环退费
5.0000,5.0000,2.0000,11539.4102,2307.8799,3402.9700,0.0000,1.0000,0.0000,0.0000,0.0000,0.0000,0.0000,3.0000,8108.6543,1.0000,1.0000,116.8900,0.0895,0.8649,0.0000,3.0000,3.0000,1.0000,0.0000,1,零学时大额退费
10.0000,4.0000,2.0000,9898.3096,989.8300,3062.3501,0.0000,0.0000,0.0000,0.0000,0.0000,0.0000,0.0000,2.0000,3062.3501,1.0000,1.0000,97.9300,0.0320,995.9600,1.0000,1.0000,2.0000,2.0000,0.0000,0,正常报名
8.0000,2.0000,2.0000,23350.6992,2918.8401,5903.6602,0.0000,1.0000,0.0000,0.0000,0.0000,0.0000,0.0000,3.0000,2714.2510,1.0000,1.0000,134.2300,0.1062,2.9267,0.0000,1.0000,3.0000,2.0000,1.0000,1,零学时大额退费
12.0000,2.0000,0.0000,32079.4902,2673.2900,5580.9199,0.0000,0.0000,0.0000,0.0000,0.0000,0.0000,0.0000,3.0000,0.0000,0.0000,0.0000,0.0000,0.0000,0.0000,0.0000,5.0000,3.0000,2.0000,1.0000,0,正常学历认证
1.0000,0.0000,0.0000,3394.7600,3394.7600,3515.2400,0.0000,0.0000,0.0000,0.0000,0.0000,0.0000,0.0000,1.0000,2152.1201,1.0000,1.0000,337.0800,0.1566,991.9400,0.0000,1.0000,1.0000,5.0000,0.0000,1,同设备多账号
10.0000,3.0000,0.0000,16874.0000,1687.4000,3299.5500,0.0000,0.0000,0.0000,0.0000,0.0000,0.0000,0.0000,1.0000,3299.5500,1.0000,1.0000,370.9100,0.1124,2382.9800,0.0000,4.0000,1.0000,2.0000,1.0000,0,正常报名
8.0000,1.0000,1.0000,30099.9297,3009.9900,3797.3301,7.0000,5.0000,0.8750,0.6250,28705.6387,0.0000,0.0000,3.0000,3053.5100,1.0000,1.0000,359.1000,0.1176,33.6800,0.0000,3.0000,3.0000,2.0000,0.0000,1,连环退费
11.0000,2.0000,2.0000,7268.4902,660.7700,58683.2031,0.0000,0.0000,0.0000,0.0000,0.0000,0.0000,0.0000,1.0000,58683.2031,1.0000,1.0000,402.8700,0.1225,1755.1300,0.0000,1.0000,1.0000,1.0000,0.0000,1,超高金额报名
3.0000,2.0000,2.0000,7340.3198,2446.7700,4872.6699,0.0000,0.0000,0.0000,0.0000,0.0000,0.0000,0.0000,1.0000,4362.7598,1.0000,1.0000,381.1600,0.0874,2197.1001,0.0000,2.0000,1.0000,2.0000,0.0000,0,正常报名
1.0000,0.0000,0.0000,3034.9600,3034.9600,6271.7002,0.0000,0.0000,0.0000,0.0000,0.0000,0.0000,0.0000,3.0000,1497.6700,1.0000,1.0000,22.3700,0.0149,2283.9399,0.0000,1.0000,3.0000,2.0000,0.0000,0,正常报名
8.0000,1.0000,1.0000,10488.0400,1311.0100,4079.0901,1.0000,1.0000,0.1250,0.1250,1070.2600,0.0000,0.0000,2.0000,6360.3027,1.0000,1.0000,468.1900,0.1148,0.6947,0.0000,1.0000,2.0000,2.0000,0.0000,1,零学时大额退费
4.0000,1.0000,1.0000,9357.1602,2339.2900,3278.5901,4.0000,3.0000,1.0000,0.7500,31500.8164,0.0000,0.0000,2.0000,1158.3400,1.0000,1.0000,29.5900,0.0255,2225.2500,0.0000,1.0000,2.0000,1.0000,1.0000,1,连环退费
6.0000,1.0000,1.0000,20472.8105,3412.1299,4476.1499,0.0000,0.0000,0.0000,0.0000,0.0000,0.0000,0.0000,1.0000,919.9400,1.0000,1.0000,100.3000,0.1090,1780.0200,0.0000,5.0000,1.0000,1.0000,0.0000,0,正常报名
12.0000,3.0000,1.0000,36915.8906,3076.3201,5362.2100,0.0000,1.0000,0.0000,0.0000,0.0000,0.0000,0.0000,3.0000,3070.2664,1.0000,1.0000,766.5600,0.1735,652.6318,0.0000,1.0000,3.0000,2.0000,0.0000,0,正常退费
9.0000,5.0000,0.0000,29336.4707,3259.6101,32943.7812,0.0000,0.0000,0.0000,0.0000,0.0000,0.0000,0.0000,1.0000,32943.7812,1.0000,1.0000,27.6400,0.0093,1369.2300,0.0000,3.0000,1.0000,1.0000,0.0000,1,超高金额报名
5.0000,0.0000,0.0000,6410.5200,1282.1000,1987.2200,0.0000,1.0000,0.0000,0.2000,0.0000,0.0000,0.0000,2.0000,0.0000,0.0000,0.0000,0.0000,0.0000,0.0000,0.0000,1.0000,2.0000,2.0000,0.0000,0,正常学历认证
11.0000,1.0000,0.0000,25656.0000,2332.3601,4246.2798,0.0000,0.0000,0.0000,0.0000,0.0000,1.0000,0.0000,1.0000,3993.9099,1.0000,1.0000,649.2300,0.1626,2128.9199,0.0000,1.0000,1.0000,1.0000,0.0000,0,正常报名
5.0000,3.0000,2.0000,16321.4297,3264.2900,4053.1799,0.0000,0.0000,0.0000,0.0000,0.0000,0.0000,0.0000,1.0000,3014.9700,1.0000,1.0000,388.3500,0.1288,2017.8800,0.0000,2.0000,1.0000,1.0000,0.0000,0,正常报名
7.0000,1.0000,1.0000,8054.3599,1150.6200,1520.2700,1.0000,1.0000,0.1429,0.1429,2809.8701,0.0000,0.0000,1.0000,1218.9700,1.0000,1.0000,132.5700,0.1088,803.9900,0.0000,2.0000,1.0000,8.0000,0.0000,1,同设备多账号
5.0000,0.0000,0.0000,12873.7402,2574.7500,4728.0298,0.0000,1.0000,0.0000,0.2000,0.0000,0.0000,0.0000,1.0000,4048.5200,1.0000,1.0000,341.1300,0.0843,1638.7900,0.0000,1.0000,1.0000,2.0000,0.0000,0,正常报名
1.0000,1.0000,1.0000,2050.7100,2050.7100,3959.0601,0.0000,0.0000,0.0000,0.0000,0.0000,0.0000,0.0000,2.0000,13944.6143,1.0000,1.0000,163.5900,0.0565,1964.6700,0.0000,1.0000,2.0000,2.0000,1.0000,1,新设备大额报名
12.0000,0.0000,0.0000,34711.8516,2892.6499,3490.0300,0.0000,0.0000,0.0000,0.0000,0.0000,0.0000,0.0000,2.0000,1210.5400,1.0000,1.0000,191.3300,0.1581,972.8600,0.0000,5.0000,2.0000,1.0000,0.0000,0,正常报名
7.0000,0.0000,0.0000,18682.3301,2668.8999,3477.0901,0.0000,0.0000,0.0000,0.0000,0.0000,0.0000,0.0000,1.0000,23131.6074,1.0000,1.0000,71.5000,0.1130,1098.7800,0.0000,3.0000,1.0000,2.0000,1.0000,1,新设备大额报名
1.0000,0.0000,0.0000,3323.1001,3323.1001,4170.0400,0.0000,0.0000,0.0000,0.0000,0.0000,0.0000,0.0000,2.0000,4118.1499,1.0000,1.0000,320.8400,0.0779,989.2300,0.0000,1.0000,2.0000,1.0000,0.0000,0,正常报名
11.0000,2.0000,2.0000,11750.1201,1068.1899,3977.8401,0.0000,0.0000,0.0000,0.0000,0.0000,0.0000,0.0000,2.0000,3977.8401,1.0000,1.0000,337.3300,0.0848,620.9900,0.0000,4.0000,2.0000,2.0000,0.0000,0,正常报名
10.0000,5.0000,1.0000,21471.3203,2147.1299,4244.7202,0.0000,0.0000,0.0000,0.0000,0.0000,0.0000,0.0000,1.0000,3182.0901,1.0000,1.0000,530.9200,0.1668,1136.6300,0.0000,3.0000,1.0000,2.0000,0.0000,0,正常报名
5.0000,5.0000,2.0000,8178.5400,1635.7100,2976.6799,0.0000,0.0000,0.0000,0.0000,0.0000,0.0000,0.0000,3.0000,9051.4824,1.0000,1.0000,78.0800,0.1000,582.6700,1.0000,3.0000,3.0000,1.0000,0.0000,0,凌晨大额标记
11.0000,5.0000,0.0000,14019.7402,1274.5200,1482.2800,0.0000,0.0000,0.0000,0.0000,0.0000,0.0000,0.0000,1.0000,865.5500,1.0000,1.0000,34.2500,0.0396,1502.4399,0.0000,1.0000,1.0000,2.0000,1.0000,0,正常报名
8.0000,1.0000,0.0000,25103.7891,3137.9700,5341.3301,0.0000,0.0000,0.0000,0.0000,0.0000,0.0000,0.0000,2.0000,7172.9731,1.0000,1.0000,22.3300,0.0307,799.2700,1.0000,2.0000,2.0000,1.0000,0.0000,0,凌晨大额标记
12.0000,0.0000,0.0000,24273.4902,2022.7900,3619.0200,1.0000,1.0000,0.0833,0.0833,2660.3301,0.0000,0.0000,1.0000,571.8400,1.0000,1.0000,98.9700,0.1731,563.7400,0.0000,5.0000,1.0000,1.0000,0.0000,0,正常报名
2.0000,0.0000,0.0000,4170.4800,2085.2400,4528.9902,0.0000,0.0000,0.0000,0.0000,0.0000,0.0000,0.0000,2.0000,11040.5557,1.0000,1.0000,119.7800,0.1147,432.7400,0.0000,1.0000,2.0000,2.0000,1.0000,1,新设备大额报名
2.0000,1.0000,0.0000,1172.5500,586.2700,4166.1899,0.0000,0.0000,0.0000,0.0000,0.0000,0.0000,0.0000,1.0000,4166.1899,1.0000,1.0000,458.2300,0.1100,159.7400,0.0000,2.0000,1.0000,2.0000,0.0000,0,正常报名
11.0000,5.0000,0.0000,16524.1992,1502.2000,3051.4700,0.0000,1.0000,0.0000,0.0909,0.0000,0.0000,0.0000,3.0000,492.8600,1.0000,1.0000,71.2300,0.1445,390.5900,1.0000,1.0000,3.0000,2.0000,0.0000,0,正常报名
3.0000,3.0000,2.0000,7670.1802,2556.7300,4057.2600,0.0000,0.0000,0.0000,0.0000,0.0000,0.0000,0.0000,1.0000,2084.8999,1.0000,1.0000,374.9700,0.1798,699.9700,0.0000,2.0000,1.0000,1.0000,0.0000,0,正常报名
4.0000,2.0000,0.0000,10703.1201,2675.7800,3934.0200,0.0000,0.0000,0.0000,0.0000,0.0000,0.0000,0.0000,3.0000,1751.4900,1.0000,1.0000,243.5400,0.1390,211.5000,0.0000,1.0000,3.0000,2.0000,1.0000,0,正常报名
11.0000,4.0000,1.0000,27535.3398,2503.2100,4722.4199,0.0000,0.0000,0.0000,0.0000,0.0000,0.0000,0.0000,2.0000,3872.2900,1.0000,1.0000,87.3700,0.0226,1558.8700,0.0000,4.0000,2.0000,1.0000,0.0000,0,正常报名
5.0000,2.0000,0.0000,9413.3398,1882.6700,3817.9099,0.0000,0.0000,0.0000,0.0000,0.0000,0.0000,0.0000,2.0000,3510.0400,1.0000,1.0000,340.6500,0.0971,93.3900,0.0000,2.0000,2.0000,2.0000,0.0000,0,正常报名
10.0000,4.0000,2.0000,33815.3906,2817.9500,4199.1699,4.0000,7.0000,0.4000,0.7000,23988.4668,0.0000,0.0000,3.0000,2229.0901,1.0000,1.0000,112.3200,0.0504,89.7000,1.0000,1.0000,3.0000,2.0000,0.0000,1,连环退费
7.0000,0.0000,0.0000,20382.3203,2911.7600,3886.3501,1.0000,1.0000,0.1429,0.1429,2900.1399,0.0000,0.0000,2.0000,646.8100,1.0000,1.0000,44.2900,0.0685,2051.0500,0.0000,4.0000,2.0000,2.0000,0.0000,0,正常报名
1.0000,1.0000,0.0000,734.2800,734.2800,1743.0900,0.0000,0.0000,0.0000,0.0000,0.0000,0.0000,2.0000,1.0000,0.0000,0.0000,0.0000,0.0000,0.0000,0.0000,1.0000,1.0000,1.0000,2.0000,0.0000,1,身份连续认证失败
8.0000,0.0000,0.0000,21242.1699,2360.2400,4161.3101,4.0000,4.0000,0.5000,0.5000,23476.8516,1.0000,0.0000,2.0000,2655.7400,1.0000,1.0000,134.6100,0.0507,2097.2700,0.0000,3.0000,2.0000,1.0000,1.0000,1,极高退费率
3.0000,3.0000,1.0000,1126.1500,375.3800,871.0500,0.0000,0.0000,0.0000,0.0000,0.0000,0.0000,0.0000,1.0000,8442.0127,1.0000,1.0000,120.4900,0.1383,2199.6101,1.0000,2.0000,1.0000,2.0000,1.0000,0,凌晨大额标记
4.0000,0.0000,0.0000,3799.3799,474.9200,1999.9100,3.0000,3.0000,0.7500,0.7500,21118.0586,0.0000,0.0000,1.0000,1999.9100,1.0000,1.0000,1.0900,0.0005,2350.0801,0.0000,2.0000,1.0000,1.0000,0.0000,1,连环退费
5.0000,1.0000,0.0000,16807.6191,3361.5200,3647.8201,0.0000,1.0000,0.0000,0.0000,0.0000,0.0000,0.0000,2.0000,5754.2383,1.0000,1.0000,106.2200,0.1478,2.6617,0.0000,3.0000,2.0000,1.0000,0.0000,1,零学时大额退费
8.0000,0.0000,0.0000,25017.8301,3127.2300,4957.6802,0.0000,1.0000,0.0000,0.0000,0.0000,0.0000,0.0000,3.0000,650.4573,1.0000,1.0000,299.4700,0.0968,590.3253,0.0000,5.0000,3.0000,2.0000,0.0000,0,正常退费
12.0000,4.0000,0.0000,38388.6602,3199.0500,3512.7400,0.0000,1.0000,0.0000,0.0833,0.0000,0.0000,0.0000,3.0000,8692.6875,1.0000,1.0000,229.8100,0.0675,1845.0300,1.0000,1.0000,3.0000,1.0000,0.0000,0,凌晨大额标记
7.0000,2.0000,1.0000,9018.2803,1288.3300,1975.7400,0.0000,0.0000,0.0000,0.0000,0.0000,0.0000,0.0000,2.0000,1975.7400,1.0000,1.0000,39.7700,0.0201,911.8600,0.0000,5.0000,2.0000,1.0000,0.0000,0,正常报名
9.0000,0.0000,0.0000,13682.4805,1520.2800,3564.8401,0.0000,1.0000,0.0000,0.1111,0.0000,0.0000,0.0000,3.0000,1850.0342,1.0000,1.0000,482.0400,0.1352,1.9120,0.0000,1.0000,3.0000,2.0000,0.0000,1,零学时大额退费
9.0000,0.0000,0.0000,15502.4404,1722.4900,3109.9299,0.0000,0.0000,0.0000,0.0000,0.0000,0.0000,0.0000,1.0000,14140.6572,1.0000,1.0000,233.1400,0.0946,568.6000,0.0000,2.0000,1.0000,3.0000,1.0000,1,新设备大额报名
7.0000,3.0000,0.0000,21361.6797,3051.6699,4716.8799,0.0000,0.0000,0.0000,0.0000,0.0000,0.0000,0.0000,2.0000,2258.4500,1.0000,1.0000,168.8800,0.0748,1737.6801,1.0000,5.0000,2.0000,2.0000,0.0000,0,正常报名
11.0000,3.0000,0.0000,31270.9297,2842.8101,4259.4399,0.0000,1.0000,0.0000,0.0000,0.0000,0.0000,0.0000,2.0000,3479.7144,1.0000,1.0000,410.0600,0.0963,843.9417,0.0000,1.0000,2.0000,1.0000,0.0000,0,正常退费
5.0000,3.0000,0.0000,8456.0898,1691.2200,3502.2100,0.0000,0.0000,0.0000,0.0000,0.0000,0.0000,0.0000,1.0000,3502.2100,1.0000,1.0000,64.5600,0.0184,183.8300,0.0000,5.0000,1.0000,1.0000,0.0000,0,正常报名
12.0000,1.0000,0.0000,25656.4297,2138.0400,3944.1101,0.0000,1.0000,0.0000,0.0000,0.0000,1.0000,0.0000,1.0000,3175.0564,1.0000,1.0000,52.3300,0.0279,3.5958,0.0000,4.0000,1.0000,1.0000,1.0000,1,零学时大额退费
9.0000,2.0000,1.0000,12259.7803,1362.2000,2775.7100,0.0000,0.0000,0.0000,0.0000,0.0000,0.0000,0.0000,3.0000,0.0000,0.0000,0.0000,0.0000,0.0000,0.0000,0.0000,2.0000,3.0000,2.0000,0.0000,0,正常学历认证
2.0000,2.0000,2.0000,1268.0699,634.0400,51931.0234,0.0000,0.0000,0.0000,0.0000,0.0000,0.0000,0.0000,1.0000,51931.0234,1.0000,1.0000,166.0700,0.0871,2208.8601,0.0000,2.0000,1.0000,2.0000,0.0000,1,超高金额报名
11.0000,5.0000,1.0000,14037.0996,1276.1000,2558.3999,0.0000,1.0000,0.0000,0.0000,0.0000,0.0000,0.0000,1.0000,7153.2124,1.0000,1.0000,286.9200,0.1121,4.6390,0.0000,2.0000,1.0000,1.0000,0.0000,1,零学时大额退费
11.0000,0.0000,0.0000,7585.0200,689.5500,3831.7600,0.0000,1.0000,0.0000,0.0909,0.0000,0.0000,0.0000,2.0000,6053.0347,1.0000,1.0000,687.9800,0.1795,2215.1799,1.0000,1.0000,2.0000,2.0000,0.0000,0,凌晨大额标记
13.0000,4.0000,2.0000,8435.8496,702.9900,3009.9800,5.0000,6.0000,0.3846,0.4615,17972.3516,0.0000,0.0000,3.0000,3009.9800,1.0000,1.0000,293.6000,0.0975,1221.9100,0.0000,4.0000,3.0000,2.0000,0.0000,1,连环退费
6.0000,0.0000,0.0000,7307.1899,1217.8700,1901.3800,0.0000,0.0000,0.0000,0.0000,0.0000,0.0000,0.0000,1.0000,7390.5498,1.0000,1.0000,154.6600,0.0813,2291.2700,1.0000,1.0000,1.0000,1.0000,0.0000,0,凌晨大额标记
6.0000,2.0000,2.0000,8342.9805,1390.5000,2961.7900,0.0000,0.0000,0.0000,0.0000,0.0000,0.0000,0.0000,2.0000,0.0000,0.0000,0.0000,0.0000,0.0000,0.0000,0.0000,4.0000,2.0000,1.0000,1.0000,0,正常学历认证
10.0000,3.0000,2.0000,28402.6699,2840.2700,4866.3799,0.0000,0.0000,0.0000,0.0000,0.0000,1.0000,0.0000,1.0000,26590.9414,1.0000,1.0000,289.0500,0.1153,1736.7800,0.0000,3.0000,1.0000,2.0000,1.0000,1,新设备大额报名
3.0000,1.0000,1.0000,5684.3999,1894.8000,2137.3701,0.0000,1.0000,0.0000,0.0000,0.0000,0.0000,0.0000,1.0000,5252.4043,1.0000,1.0000,111.9500,0.1796,1.4773,0.0000,2.0000,1.0000,2.0000,0.0000,1,零学时大额退费
4.0000,0.0000,0.0000,10909.6504,2727.4099,5092.0000,0.0000,1.0000,0.0000,0.0000,0.0000,0.0000,0.0000,3.0000,5971.8965,1.0000,1.0000,409.4700,0.1215,4.2734,0.0000,1.0000,3.0000,2.0000,1.0000,1,零学时大额退费
12.0000,3.0000,2.0000,9785.1504,815.4300,1676.2000,0.0000,1.0000,0.0000,0.0000,0.0000,0.0000,0.0000,3.0000,5279.0205,1.0000,1.0000,20.5600,0.0516,1.2421,0.0000,2.0000,3.0000,2.0000,0.0000,1,零学时大额退费
8.0000,0.0000,0.0000,25782.1191,3222.7700,6335.8901,0.0000,1.0000,0.0000,0.0000,0.0000,1.0000,0.0000,3.0000,2320.4546,1.0000,1.0000,248.7700,0.0980,4.3054,1.0000,4.0000,3.0000,2.0000,0.0000,1,零学时大额退费
1.0000,0.0000,0.0000,2073.2000,2073.2000,4013.4600,0.0000,1.0000,0.0000,0.0000,0.0000,0.0000,0.0000,2.0000,9988.6299,1.0000,1.0000,186.8400,0.0466,3.0330,0.0000,1.0000,2.0000,2.0000,1.0000,1,零学时大额退费
11.0000,4.0000,2.0000,26066.7793,2369.7100,4027.2900,0.0000,1.0000,0.0000,0.0000,0.0000,0.0000,0.0000,2.0000,2283.0798,1.0000,1.0000,35.3200,0.0443,834.6706,0.0000,5.0000,2.0000,2.0000,0.0000,0,正常退费
10.0000,0.0000,0.0000,21308.1094,2130.8101,3580.1499,0.0000,0.0000,0.0000,0.0000,0.0000,0.0000,0.0000,2.0000,6897.5327,1.0000,1.0000,63.5500,0.0477,987.1600,1.0000,5.0000,2.0000,1.0000,0.0000,0,凌晨大额标记
6.0000,1.0000,0.0000,4217.4800,1054.3700,1897.7000,6.0000,3.0000,1.0000,0.5000,31689.0957,0.0000,0.0000,3.0000,894.3400,1.0000,1.0000,56.6600,0.0634,805.1500,0.0000,2.0000,3.0000,2.0000,0.0000,1,连环退费
5.0000,2.0000,1.0000,14645.1602,2929.0300,5578.7700,0.0000,0.0000,0.0000,0.0000,0.0000,0.0000,0.0000,2.0000,1886.4700,1.0000,1.0000,85.2500,0.0452,1640.3700,0.0000,5.0000,2.0000,1.0000,0.0000,0,正常报名
11.0000,4.0000,0.0000,17199.4707,1563.5900,2220.4700,0.0000,0.0000,0.0000,0.0000,0.0000,1.0000,3.0000,1.0000,0.0000,0.0000,0.0000,0.0000,0.0000,0.0000,0.0000,3.0000,1.0000,1.0000,1.0000,1,身份连续认证失败
2.0000,0.0000,0.0000,2384.5901,1192.2900,53324.8398,0.0000,0.0000,0.0000,0.0000,0.0000,1.0000,0.0000,1.0000,53324.8398,1.0000,1.0000,181.5800,0.1261,184.8700,0.0000,1.0000,1.0000,1.0000,0.0000,1,超高金额报名
5.0000,0.0000,0.0000,6499.5098,1299.9000,3655.0000,0.0000,0.0000,0.0000,0.0000,0.0000,0.0000,0.0000,2.0000,3655.0000,1.0000,1.0000,557.0800,0.1524,1980.1700,0.0000,3.0000,2.0000,2.0000,0.0000,0,正常报名
8.0000,5.0000,0.0000,9269.8398,1544.9700,2020.4301,5.0000,5.0000,0.6250,0.6250,26865.0391,0.0000,0.0000,3.0000,2020.4301,1.0000,1.0000,167.0300,0.0827,1162.8500,0.0000,2.0000,3.0000,1.0000,0.0000,1,极高退费率
7.0000,4.0000,2.0000,8604.6797,1229.2400,1889.9900,0.0000,0.0000,0.0000,0.0000,0.0000,0.0000,0.0000,3.0000,788.8500,1.0000,1.0000,118.1200,0.1497,1623.2700,0.0000,5.0000,3.0000,1.0000,0.0000,0,正常报名
3.0000,2.0000,0.0000,6222.4800,2074.1599,2363.5100,0.0000,0.0000,0.0000,0.0000,0.0000,0.0000,0.0000,3.0000,1675.8700,1.0000,1.0000,233.7000,0.1395,1344.8900,1.0000,2.0000,3.0000,2.0000,0.0000,0,正常报名
8.0000,3.0000,0.0000,15103.5098,1887.9399,3842.0701,0.0000,1.0000,0.0000,0.0000,0.0000,0.0000,0.0000,3.0000,1660.8563,1.0000,1.0000,14.4800,0.0204,1674.0652,0.0000,4.0000,3.0000,1.0000,0.0000,0,正常退费
7.0000,0.0000,0.0000,10708.4805,1529.7800,1704.6500,0.0000,1.0000,0.0000,0.0000,0.0000,0.0000,0.0000,3.0000,884.4103,1.0000,1.0000,131.1300,0.1281,1333.3478,0.0000,1.0000,3.0000,2.0000,0.0000,0,正常退费
8.0000,3.0000,2.0000,8600.4199,1075.0500,2070.3899,0.0000,0.0000,0.0000,0.0000,0.0000,1.0000,0.0000,3.0000,653.0200,1.0000,1.0000,52.1200,0.0798,552.5400,0.0000,5.0000,3.0000,1.0000,0.0000,0,正常报名
4.0000,3.0000,2.0000,10736.0703,2684.0200,5881.0898,0.0000,0.0000,0.0000,0.0000,0.0000,0.0000,0.0000,2.0000,6288.9390,1.0000,1.0000,69.3400,0.0877,1506.7400,1.0000,2.0000,2.0000,2.0000,0.0000,0,凌晨大额标记
5.0000,3.0000,1.0000,12976.5596,2595.3101,4346.0000,0.0000,0.0000,0.0000,0.0000,0.0000,0.0000,0.0000,3.0000,1448.7200,1.0000,1.0000,170.5300,0.1177,622.4000,0.0000,4.0000,3.0000,2.0000,0.0000,0,正常报名
6.0000,4.0000,2.0000,12213.7402,2442.7500,3667.8799,3.0000,4.0000,0.5000,0.6667,26289.4453,0.0000,0.0000,2.0000,3412.5000,1.0000,1.0000,137.4500,0.0403,1762.3101,0.0000,1.0000,2.0000,1.0000,0.0000,1,连环退费
3.0000,0.0000,0.0000,3022.4399,3022.4399,5920.7300,3.0000,3.0000,1.0000,1.0000,28584.3965,0.0000,0.0000,3.0000,1179.8600,1.0000,1.0000,183.3400,0.1554,1182.9900,0.0000,1.0000,3.0000,1.0000,0.0000,1,极高退费率
10.0000,0.0000,0.0000,2327.0400,2327.0400,2991.3201,6.0000,6.0000,0.6000,0.6000,21353.3418,0.0000,0.0000,1.0000,2991.3201,1.0000,1.0000,249.6100,0.0834,155.7100,0.0000,1.0000,1.0000,1.0000,0.0000,1,极高退费率
11.0000,1.0000,0.0000,10804.9600,982.2700,1222.5100,0.0000,0.0000,0.0000,0.0000,0.0000,1.0000,0.0000,3.0000,1142.2400,1.0000,1.0000,1.2600,0.0011,609.4200,0.0000,3.0000,3.0000,2.0000,1.0000,0,正常报名
6.0000,3.0000,2.0000,18935.5000,3155.9199,3447.8701,0.0000,1.0000,0.0000,0.1667,0.0000,0.0000,0.0000,2.0000,3439.9500,1.0000,1.0000,40.3000,0.0117,1056.7800,0.0000,3.0000,2.0000,1.0000,1.0000,0,正常报名
10.0000,0.0000,0.0000,1490.3101,372.5800,1143.3800,7.0000,7.0000,0.7000,0.7000,10224.6025,0.0000,0.0000,2.0000,1143.3800,1.0000,1.0000,28.8300,0.0252,1787.3300,0.0000,2.0000,2.0000,2.0000,0.0000,1,极高退费率
4.0000,4.0000,2.0000,10206.0303,2551.5100,4590.3198,0.0000,0.0000,0.0000,0.0000,0.0000,0.0000,0.0000,3.0000,27576.0078,1.0000,1.0000,17.5400,0.0039,453.2900,0.0000,2.0000,3.0000,3.0000,1.0000,1,新设备大额报名
9.0000,0.0000,0.0000,8839.9297,982.2100,1737.1300,0.0000,0.0000,0.0000,0.0000,0.0000,0.0000,0.0000,2.0000,7051.2749,1.0000,1.0000,296.0300,0.1704,1352.7400,1.0000,5.0000,2.0000,2.0000,0.0000,0,凌晨大额标记
6.0000,2.0000,2.0000,9607.5098,2401.8799,5142.4399,5.0000,3.0000,0.8333,0.5000,27820.1777,0.0000,0.0000,3.0000,2420.5100,1.0000,1.0000,335.9100,0.1388,954.3700,0.0000,2.0000,3.0000,1.0000,0.0000,1,连环退费
12.0000,4.0000,2.0000,32954.1484,2746.1799,5111.9800,0.0000,0.0000,0.0000,0.0000,0.0000,0.0000,0.0000,2.0000,0.0000,0.0000,0.0000,0.0000,0.0000,0.0000,0.0000,4.0000,2.0000,2.0000,0.0000,0,正常学历认证
3.0000,0.0000,0.0000,3050.7200,1016.9100,1638.6801,0.0000,0.0000,0.0000,0.0000,0.0000,1.0000,0.0000,3.0000,702.5600,1.0000,1.0000,64.3500,0.0916,372.5600,0.0000,1.0000,3.0000,1.0000,0.0000,0,正常报名
10.0000,3.0000,1.0000,15036.9297,3007.3899,5172.6401,8.0000,8.0000,0.8000,0.8000,6902.5601,0.0000,0.0000,3.0000,3173.4800,1.0000,1.0000,71.4600,0.0225,546.2900,0.0000,4.0000,3.0000,2.0000,0.0000,1,极高退费率
9.0000,4.0000,1.0000,30585.9805,3398.4399,4567.0601,0.0000,0.0000,0.0000,0.0000,0.0000,0.0000,0.0000,2.0000,717.8900,1.0000,1.0000,28.2300,0.0393,2197.0500,0.0000,5.0000,2.0000,2.0000,0.0000,0,正常报名
5.0000,1.0000,1.0000,11714.3896,2342.8799,4012.2000,0.0000,0.0000,0.0000,0.0000,0.0000,0.0000,0.0000,3.0000,9273.1523,1.0000,1.0000,57.6000,0.0902,1437.1600,1.0000,5.0000,3.0000,2.0000,0.0000,0,凌晨大额标记
1.0000,0.0000,0.0000,3002.3799,3002.3799,4240.0898,0.0000,0.0000,0.0000,0.0000,0.0000,0.0000,0.0000,3.0000,1487.6500,1.0000,1.0000,137.6100,0.0925,302.8600,0.0000,1.0000,3.0000,1.0000,0.0000,0,正常报名
5.0000,5.0000,1.0000,16501.9805,3300.3999,4362.2598,0.0000,0.0000,0.0000,0.0000,0.0000,0.0000,0.0000,1.0000,5897.3208,1.0000,1.0000,379.5000,0.1352,1958.3199,1.0000,3.0000,1.0000,2.0000,0.0000,1,凌晨大额标记
1.0000,0.0000,0.0000,2207.6201,2207.6201,2370.0500,0.0000,1.0000,0.0000,0.0000,0.0000,0.0000,0.0000,3.0000,3032.6802,1.0000,1.0000,185.6300,0.0885,4.6712,0.0000,1.0000,3.0000,1.0000,0.0000,1,零学时大额退费
7.0000,5.0000,1.0000,40186.7812,3348.8999,5705.2202,7.0000,7.0000,1.0000,1.0000,11021.1396,0.0000,0.0000,2.0000,2758.0701,1.0000,1.0000,139.9100,0.0507,346.7000,0.0000,1.0000,2.0000,2.0000,0.0000,1,连环退费
9.0000,5.0000,1.0000,25653.1191,2850.3501,3566.6899,0.0000,0.0000,0.0000,0.0000,0.0000,0.0000,0.0000,1.0000,11346.0674,1.0000,1.0000,461.8700,0.1642,1564.6300,0.0000,1.0000,1.0000,3.0000,1.0000,1,新设备大额报名
3.0000,2.0000,1.0000,4405.0498,1468.3500,2322.8999,0.0000,0.0000,0.0000,0.0000,0.0000,0.0000,0.0000,3.0000,2186.4099,1.0000,1.0000,239.8600,0.1097,2116.0901,0.0000,3.0000,3.0000,1.0000,0.0000,0,正常报名
1.0000,0.0000,0.0000,2256.2200,2256.2200,4551.2900,0.0000,0.0000,0.0000,0.0000,0.0000,0.0000,4.0000,3.0000,0.0000,0.0000,0.0000,0.0000,0.0000,0.0000,0.0000,1.0000,3.0000,1.0000,0.0000,1,身份连续认证失败
1.0000,1.0000,1.0000,3399.0000,3399.0000,5188.9702,0.0000,0.0000,0.0000,0.0000,0.0000,0.0000,0.0000,3.0000,2149.6299,1.0000,1.0000,371.2600,0.1727,1335.9100,0.0000,1.0000,3.0000,2.0000,0.0000,0,正常报名
2.0000,1.0000,0.0000,4849.6699,2424.8401,4842.0801,0.0000,0.0000,0.0000,0.0000,0.0000,1.0000,0.0000,1.0000,1604.8900,1.0000,1.0000,88.3800,0.0551,1269.0601,0.0000,2.0000,1.0000,2.0000,0.0000,0,正常报名
2.0000,2.0000,0.0000,6901.4502,3450.7300,6949.0200,0.0000,0.0000,0.0000,0.0000,0.0000,0.0000,0.0000,1.0000,21135.1758,1.0000,1.0000,342.4400,0.1255,897.4200,0.0000,1.0000,1.0000,1.0000,1.0000,1,新设备大额报名
3.0000,2.0000,0.0000,1286.2500,428.7500,2378.1399,0.0000,0.0000,0.0000,0.0000,0.0000,0.0000,0.0000,2.0000,2378.1399,1.0000,1.0000,349.9000,0.1471,581.4100,0.0000,2.0000,2.0000,1.0000,0.0000,0,正常报名
12.0000,1.0000,1.0000,4830.2002,402.5200,1668.0400,0.0000,0.0000,0.0000,0.0000,0.0000,0.0000,0.0000,3.0000,1668.0400,1.0000,1.0000,79.3000,0.0475,1077.4900,0.0000,3.0000,3.0000,1.0000,0.0000,0,正常报名
4.0000,0.0000,0.0000,6022.9600,1505.7400,3109.1399,0.0000,1.0000,0.0000,0.0000,0.0000,0.0000,0.0000,2.0000,2342.8604,1.0000,1.0000,1.0700,0.0005,1587.0702,0.0000,3.0000,2.0000,1.0000,0.0000,0,正常退费
8.0000,0.0000,0.0000,17577.9902,2197.2500,3663.7300,0.0000,0.0000,0.0000,0.0000,0.0000,0.0000,0.0000,3.0000,2986.0400,1.0000,1.0000,157.9600,0.0529,1492.5400,0.0000,5.0000,3.0000,1.0000,0.0000,0,正常报名
8.0000,5.0000,0.0000,4719.1899,589.9000,2204.9199,0.0000,0.0000,0.0000,0.0000,0.0000,1.0000,0.0000,3.0000,2204.9199,1.0000,1.0000,111.7800,0.0507,658.5100,0.0000,2.0000,3.0000,1.0000,0.0000,0,正常报名
2.0000,2.0000,2.0000,3612.6899,1806.3500,3947.8201,0.0000,1.0000,0.0000,0.5000,0.0000,0.0000,0.0000,3.0000,0.0000,0.0000,0.0000,0.0000,0.0000,0.0000,0.0000,2.0000,3.0000,1.0000,0.0000,1,正常学历认证
4.0000,4.0000,1.0000,13264.0098,3316.0000,7209.0498,0.0000,0.0000,0.0000,0.0000,0.0000,0.0000,0.0000,2.0000,7621.2173,1.0000,1.0000,236.7500,0.1196,878.5600,1.0000,4.0000,2.0000,1.0000,0.0000,0,凌晨大额标记
2.0000,2.0000,2.0000,2983.6499,1491.8300,2898.8401,0.0000,1.0000,0.0000,0.0000,0.0000,1.0000,0.0000,2.0000,2333.7471,1.0000,1.0000,41.0500,0.1175,905.5176,0.0000,1.0000,2.0000,1.0000,1.0000,0,正常退费
8.0000,5.0000,0.0000,16665.3398,2083.1699,2705.3101,1.0000,1.0000,0.1250,0.1250,2802.1899,1.0000,0.0000,1.0000,1283.7000,1.0000,1.0000,123.2400,0.0960,2365.3501,0.0000,1.0000,1.0000,1.0000,0.0000,0,正常报名
1.0000,1.0000,0.0000,1852.3101,1852.3101,3963.6001,0.0000,0.0000,0.0000,0.0000,0.0000,0.0000,0.0000,1.0000,0.0000,0.0000,0.0000,0.0000,0.0000,0.0000,0.0000,1.0000,1.0000,2.0000,0.0000,0,正常学历认证
10.0000,2.0000,1.0000,4949.5498,494.9600,4005.8999,0.0000,0.0000,0.0000,0.0000,0.0000,0.0000,0.0000,2.0000,4005.8999,1.0000,1.0000,7.2000,0.0018,768.6400,0.0000,5.0000,2.0000,1.0000,0.0000,0,正常报名
9.0000,4.0000,2.0000,6722.8999,746.9900,962.8600,0.0000,0.0000,0.0000,0.0000,0.0000,1.0000,0.0000,3.0000,5867.2671,1.0000,1.0000,55.6400,0.0780,1787.7700,1.0000,5.0000,3.0000,2.0000,1.0000,0,凌晨大额标记
12.0000,2.0000,0.0000,13339.2500,1212.6600,2582.8601,6.0000,10.0000,0.5000,0.8333,21451.1836,1.0000,0.0000,1.0000,2582.8601,1.0000,1.0000,142.0800,0.0550,1178.6400,0.0000,1.0000,1.0000,2.0000,0.0000,1,连环退费
12.0000,4.0000,0.0000,32715.3906,2726.2800,3205.4900,0.0000,0.0000,0.0000,0.0000,0.0000,0.0000,0.0000,2.0000,0.0000,0.0000,0.0000,0.0000,0.0000,0.0000,0.0000,5.0000,2.0000,2.0000,0.0000,0,正常学历认证
11.0000,0.0000,0.0000,34831.0781,3166.4600,6169.0601,0.0000,1.0000,0.0000,0.0909,0.0000,0.0000,0.0000,1.0000,4481.6401,1.0000,1.0000,796.5200,0.1777,805.6000,0.0000,2.0000,1.0000,5.0000,0.0000,1,同设备多账号
3.0000,0.0000,0.0000,9407.6104,3135.8701,4206.0801,0.0000,0.0000,0.0000,0.0000,0.0000,0.0000,0.0000,2.0000,8032.5312,1.0000,1.0000,189.4600,0.0929,762.3300,1.0000,3.0000,2.0000,1.0000,0.0000,0,凌晨大额标记
6.0000,1.0000,1.0000,14864.2100,2477.3701,3901.6899,0.0000,0.0000,0.0000,0.0000,0.0000,1.0000,0.0000,3.0000,3901.6899,1.0000,1.0000,415.5300,0.1065,269.6400,0.0000,3.0000,3.0000,1.0000,1.0000,0,正常报名
2.0000,0.0000,0.0000,2234.8101,1117.4100,1950.5500,0.0000,1.0000,0.0000,0.0000,0.0000,0.0000,0.0000,2.0000,3058.3083,1.0000,1.0000,18.5000,0.0136,647.6756,0.0000,2.0000,2.0000,1.0000,0.0000,0,正常退费
11.0000,4.0000,1.0000,27422.5195,2492.9600,3012.3401,0.0000,1.0000,0.0000,0.0000,0.0000,1.0000,0.0000,1.0000,963.2566,1.0000,1.0000,293.2200,0.1269,127.9104,0.0000,2.0000,1.0000,2.0000,1.0000,0,正常退费
1.0000,0.0000,0.0000,870.1500,870.1500,1847.6500,0.0000,0.0000,0.0000,0.0000,0.0000,0.0000,0.0000,2.0000,544.9800,1.0000,1.0000,52.6200,0.0966,2394.6499,0.0000,1.0000,2.0000,2.0000,0.0000,0,正常报名
11.0000,4.0000,0.0000,27861.6094,2532.8701,4847.8101,0.0000,0.0000,0.0000,0.0000,0.0000,0.0000,6.0000,2.0000,0.0000,0.0000,0.0000,0.0000,0.0000,0.0000,1.0000,1.0000,2.0000,2.0000,0.0000,1,身份连续认证失败
3.0000,2.0000,0.0000,9823.0898,3274.3601,4419.3799,0.0000,0.0000,0.0000,0.0000,0.0000,0.0000,3.0000,3.0000,0.0000,0.0000,0.0000,0.0000,0.0000,0.0000,0.0000,1.0000,3.0000,1.0000,0.0000,1,身份连续认证失败
9.0000,0.0000,0.0000,21388.0898,2376.4500,3689.1299,0.0000,1.0000,0.0000,0.0000,0.0000,0.0000,0.0000,3.0000,667.6395,1.0000,1.0000,51.5500,0.0437,461.6535,0.0000,1.0000,3.0000,2.0000,0.0000,0,正常退费
11.0000,4.0000,1.0000,37065.4805,3369.5901,4711.7598,0.0000,0.0000,0.0000,0.0000,0.0000,0.0000,0.0000,3.0000,1821.7500,1.0000,1.0000,244.4500,0.1342,1136.3199,0.0000,1.0000,3.0000,2.0000,0.0000,0,正常报名
7.0000,3.0000,0.0000,13087.8496,1869.6899,3489.9900,0.0000,1.0000,0.0000,0.0000,0.0000,0.0000,0.0000,3.0000,8207.6172,1.0000,1.0000,511.8000,0.1478,1.9637,0.0000,3.0000,3.0000,2.0000,0.0000,1,零学时大额退费
8.0000,5.0000,2.0000,25078.3301,3134.7900,4196.0000,0.0000,0.0000,0.0000,0.0000,0.0000,0.0000,0.0000,3.0000,1149.6000,1.0000,1.0000,72.1000,0.0627,2119.0701,0.0000,5.0000,3.0000,1.0000,0.0000,0,正常报名
11.0000,4.0000,0.0000,13466.9502,1224.2700,42182.8438,0.0000,0.0000,0.0000,0.0000,0.0000,0.0000,0.0000,1.0000,42182.8438,1.0000,1.0000,16.0500,0.0155,738.8300,0.0000,4.0000,1.0000,2.0000,0.0000,1,超高金额报名
3.0000,3.0000,0.0000,1445.2100,481.7400,3991.3101,0.0000,0.0000,0.0000,0.0000,0.0000,0.0000,0.0000,1.0000,8697.6992,1.0000,1.0000,415.8700,0.1042,389.4500,1.0000,3.0000,1.0000,1.0000,0.0000,0,凌晨大额标记
6.0000,4.0000,2.0000,11262.3896,1877.0601,2812.5000,0.0000,1.0000,0.0000,0.0000,0.0000,0.0000,0.0000,1.0000,2084.6589,1.0000,1.0000,66.1400,0.0834,1771.5718,0.0000,5.0000,1.0000,1.0000,0.0000,0,正常退费
6.0000,4.0000,0.0000,5315.3901,885.9000,2585.6201,0.0000,1.0000,0.0000,0.0000,0.0000,0.0000,0.0000,3.0000,10384.4580,1.0000,1.0000,111.8300,0.0433,2.9380,0.0000,3.0000,3.0000,2.0000,0.0000,1,零学时大额退费
5.0000,4.0000,0.0000,8668.5703,1733.7100,4278.4199,0.0000,0.0000,0.0000,0.0000,0.0000,0.0000,0.0000,1.0000,4278.4199,1.0000,1.0000,248.0100,0.0580,1767.0100,0.0000,1.0000,1.0000,2.0000,0.0000,0,正常报名
10.0000,4.0000,2.0000,8045.8501,804.5900,4045.2400,0.0000,0.0000,0.0000,0.0000,0.0000,0.0000,0.0000,3.0000,4045.2400,1.0000,1.0000,459.6800,0.1136,1820.8300,0.0000,3.0000,3.0000,14.0000,0.0000,1,同设备多账号
2.0000,2.0000,0.0000,2963.1699,1481.5800,1733.3700,0.0000,1.0000,0.0000,0.5000,0.0000,0.0000,0.0000,1.0000,6592.0557,1.0000,1.0000,46.7000,0.0726,1850.9700,1.0000,2.0000,1.0000,1.0000,0.0000,0,凌晨大额标记
8.0000,5.0000,2.0000,11713.7695,1464.2200,3310.8101,0.0000,0.0000,0.0000,0.0000,0.0000,0.0000,0.0000,1.0000,5968.7100,1.0000,1.0000,333.8400,0.1008,2394.2600,1.0000,2.0000,1.0000,2.0000,0.0000,0,凌晨大额标记
6.0000,5.0000,0.0000,19226.9707,2136.3301,4212.5898,3.0000,5.0000,0.5000,0.8333,32283.5234,0.0000,0.0000,1.0000,4212.5898,1.0000,1.0000,377.8600,0.0897,1845.5500,0.0000,3.0000,1.0000,1.0000,1.0000,1,连环退费
4.0000,3.0000,2.0000,5305.3999,1326.3500,2841.3101,1.0000,1.0000,0.2500,0.2500,1051.1500,0.0000,3.0000,3.0000,0.0000,0.0000,0.0000,0.0000,0.0000,0.0000,0.0000,3.0000,3.0000,1.0000,0.0000,0,身份连续认证失败
11.0000,1.0000,1.0000,24698.1699,2245.2900,3706.7000,0.0000,0.0000,0.0000,0.0000,0.0000,0.0000,0.0000,2.0000,1790.3600,1.0000,1.0000,300.6100,0.1679,45.1000,0.0000,4.0000,2.0000,2.0000,1.0000,0,正常报名
11.0000,1.0000,1.0000,2167.6299,2167.6299,3140.2300,10.0000,10.0000,0.9091,0.9091,8111.7437,0.0000,0.0000,2.0000,3140.2300,1.0000,1.0000,220.3700,0.0702,375.8100,0.0000,1.0000,2.0000,2.0000,0.0000,1,极高退费率
4.0000,3.0000,0.0000,2217.1299,554.2800,2031.3101,0.0000,0.0000,0.0000,0.0000,0.0000,1.0000,0.0000,3.0000,2031.3101,1.0000,1.0000,285.9000,0.1407,585.4000,0.0000,4.0000,3.0000,2.0000,0.0000,1,正常报名
6.0000,3.0000,2.0000,2007.8900,334.6500,837.9100,0.0000,1.0000,0.0000,0.0000,0.0000,0.0000,0.0000,1.0000,10346.8887,1.0000,1.0000,10.1000,0.0121,3.7212,0.0000,4.0000,1.0000,2.0000,0.0000,1,零学时大额退费
12.0000,0.0000,0.0000,13392.8896,1116.0699,1147.3300,0.0000,0.0000,0.0000,0.0000,0.0000,1.0000,0.0000,1.0000,686.6000,1.0000,1.0000,34.1900,0.0498,1920.8500,0.0000,1.0000,1.0000,2.0000,0.0000,0,正常报名
7.0000,4.0000,2.0000,23300.9102,3328.7000,6067.4702,0.0000,0.0000,0.0000,0.0000,0.0000,0.0000,0.0000,2.0000,735.6000,1.0000,1.0000,108.7800,0.1479,2185.6001,1.0000,2.0000,2.0000,1.0000,0.0000,0,正常报名
12.0000,0.0000,0.0000,28967.3301,2413.9399,2619.4099,10.0000,10.0000,0.8333,0.8333,19630.2656,0.0000,0.0000,2.0000,2449.3701,1.0000,1.0000,7.9800,0.0033,1073.0800,0.0000,4.0000,2.0000,2.0000,0.0000,1,极高退费率
6.0000,3.0000,1.0000,14926.0703,2487.6799,5241.2900,0.0000,1.0000,0.0000,0.1667,0.0000,0.0000,0.0000,2.0000,532.7500,1.0000,1.0000,65.1200,0.1222,1136.8300,0.0000,4.0000,2.0000,5.0000,1.0000,1,同设备多账号
11.0000,1.0000,0.0000,31954.4199,2904.9500,4453.0200,0.0000,1.0000,0.0000,0.0909,0.0000,0.0000,0.0000,1.0000,1189.2500,1.0000,1.0000,181.9400,0.1530,240.0500,0.0000,3.0000,1.0000,1.0000,0.0000,0,正常报名
6.0000,5.0000,2.0000,14504.8096,2417.4700,53178.9062,1.0000,1.0000,0.1667,0.1667,1874.6400,0.0000,0.0000,2.0000,53178.9062,1.0000,1.0000,113.9900,0.0598,1161.8400,0.0000,1.0000,2.0000,2.0000,0.0000,1,超高金额报名
8.0000,0.0000,0.0000,15241.2197,1905.1500,3980.9199,0.0000,0.0000,0.0000,0.0000,0.0000,0.0000,0.0000,1.0000,3980.9199,1.0000,1.0000,74.5400,0.0187,333.2300,0.0000,3.0000,1.0000,2.0000,0.0000,0,正常报名
6.0000,1.0000,0.0000,12474.9502,2079.1599,2473.0601,0.0000,1.0000,0.0000,0.0000,0.0000,1.0000,0.0000,3.0000,6133.9326,1.0000,1.0000,223.0500,0.1358,0.0137,0.0000,4.0000,3.0000,2.0000,0.0000,1,零学时大额退费
6.0000,4.0000,2.0000,12332.2500,2055.3799,3416.4099,0.0000,1.0000,0.0000,0.0000,0.0000,0.0000,0.0000,3.0000,2946.0520,1.0000,1.0000,120.7100,0.1484,391.6809,0.0000,2.0000,3.0000,1.0000,0.0000,0,正常退费
8.0000,5.0000,0.0000,14307.4102,1788.4301,2541.7500,0.0000,0.0000,0.0000,0.0000,0.0000,0.0000,0.0000,3.0000,2541.7500,1.0000,1.0000,132.9300,0.0523,277.2700,0.0000,4.0000,3.0000,1.0000,0.0000,0,正常报名
12.0000,1.0000,1.0000,3321.4700,369.0500,1041.1000,6.0000,11.0000,0.5000,0.9167,19989.9023,0.0000,0.0000,2.0000,1041.1000,1.0000,1.0000,169.6200,0.1629,1630.3300,0.0000,5.0000,2.0000,2.0000,0.0000,1,连环退费
3.0000,0.0000,0.0000,1303.5000,434.5000,2321.0601,0.0000,1.0000,0.0000,0.3333,0.0000,0.0000,0.0000,1.0000,2810.7996,1.0000,1.0000,278.8400,0.1201,429.2116,0.0000,2.0000,1.0000,1.0000,0.0000,0,正常退费
8.0000,2.0000,1.0000,10003.0195,1250.3800,2182.6201,0.0000,0.0000,0.0000,0.0000,0.0000,0.0000,0.0000,3.0000,2182.6201,1.0000,1.0000,343.6200,0.1574,1274.4600,0.0000,2.0000,3.0000,1.0000,0.0000,0,正常报名
10.0000,5.0000,0.0000,16246.4102,1624.6400,2137.0100,0.0000,0.0000,0.0000,0.0000,0.0000,0.0000,5.0000,1.0000,0.0000,0.0000,0.0000,0.0000,0.0000,0.0000,0.0000,2.0000,1.0000,2.0000,0.0000,1,身份连续认证失败
6.0000,0.0000,0.0000,15794.2305,2632.3701,4957.1602,0.0000,0.0000,0.0000,0.0000,0.0000,0.0000,0.0000,1.0000,716.2400,1.0000,1.0000,65.1900,0.0910,2392.0901,0.0000,2.0000,1.0000,2.0000,0.0000,0,正常报名
3.0000,0.0000,0.0000,1120.2500,373.4200,1979.4200,0.0000,0.0000,0.0000,0.0000,0.0000,0.0000,0.0000,2.0000,0.0000,0.0000,0.0000,0.0000,0.0000,0.0000,0.0000,2.0000,2.0000,1.0000,0.0000,0,正常学历认证
3.0000,3.0000,0.0000,9863.9297,3287.9800,6430.4800,0.0000,0.0000,0.0000,0.0000,0.0000,0.0000,0.0000,3.0000,2841.3601,1.0000,1.0000,34.4300,0.0121,448.1300,0.0000,3.0000,3.0000,13.0000,1.0000,1,同设备多账号
4.0000,4.0000,2.0000,2304.7500,576.1900,3201.6699,0.0000,0.0000,0.0000,0.0000,0.0000,0.0000,0.0000,2.0000,3201.6699,1.0000,1.0000,371.3600,0.1160,412.0000,0.0000,4.0000,2.0000,1.0000,0.0000,0,正常报名
7.0000,5.0000,0.0000,8884.0596,1480.6801,2719.6001,3.0000,6.0000,0.4286,0.8571,33713.2148,0.0000,0.0000,3.0000,2719.6001,1.0000,1.0000,376.0500,0.1383,2151.4700,0.0000,4.0000,3.0000,2.0000,0.0000,1,连环退费
8.0000,5.0000,1.0000,19602.1504,3267.0200,5300.6201,5.0000,5.0000,0.6250,0.6250,26159.5527,0.0000,0.0000,1.0000,1748.2300,1.0000,1.0000,195.2100,0.1117,568.2800,0.0000,4.0000,1.0000,1.0000,0.0000,1,极高退费率
8.0000,1.0000,1.0000,20326.6309,2540.8301,4154.4302,0.0000,0.0000,0.0000,0.0000,0.0000,0.0000,0.0000,3.0000,0.0000,0.0000,0.0000,0.0000,0.0000,0.0000,0.0000,2.0000,3.0000,2.0000,1.0000,0,正常学历认证
5.0000,1.0000,0.0000,10379.7998,2075.9600,2982.0300,0.0000,0.0000,0.0000,0.0000,0.0000,0.0000,0.0000,3.0000,2813.5400,1.0000,1.0000,397.6500,0.1413,2065.0901,1.0000,3.0000,3.0000,2.0000,0.0000,0,正常报名
3.0000,1.0000,0.0000,1938.6100,646.2000,1042.6700,0.0000,0.0000,0.0000,0.0000,0.0000,0.0000,0.0000,3.0000,860.4700,1.0000,1.0000,21.1500,0.0246,96.5600,0.0000,1.0000,3.0000,2.0000,0.0000,0,正常报名
2.0000,2.0000,1.0000,4037.6101,2018.8101,2478.8501,0.0000,0.0000,0.0000,0.0000,0.0000,0.0000,0.0000,2.0000,854.4400,1.0000,1.0000,65.3800,0.0765,1924.4900,0.0000,2.0000,2.0000,2.0000,0.0000,1,正常报名
11.0000,4.0000,0.0000,22352.7695,2032.0699,3495.7100,10.0000,10.0000,0.9091,0.9091,13337.9355,0.0000,0.0000,3.0000,1152.0900,1.0000,1.0000,56.8700,0.0494,845.4700,0.0000,3.0000,3.0000,2.0000,0.0000,1,极高退费率
13.0000,4.0000,2.0000,13308.8799,1663.6100,2530.7700,6.0000,11.0000,0.4615,0.8462,11302.5010,0.0000,0.0000,3.0000,2530.7700,1.0000,1.0000,381.5700,0.1508,621.4100,0.0000,5.0000,3.0000,2.0000,0.0000,1,连环退费
2.0000,0.0000,0.0000,2694.4900,1347.2500,2687.7000,0.0000,1.0000,0.0000,0.0000,0.0000,0.0000,0.0000,3.0000,5921.5996,1.0000,1.0000,350.7200,0.1544,3.0792,0.0000,1.0000,3.0000,2.0000,0.0000,1,零学时大额退费
7.0000,1.0000,1.0000,6506.9902,929.5700,4220.8799,0.0000,0.0000,0.0000,0.0000,0.0000,0.0000,0.0000,3.0000,6434.4937,1.0000,1.0000,555.5300,0.1316,1190.0300,1.0000,5.0000,3.0000,1.0000,0.0000,0,凌晨大额标记
2.0000,1.0000,1.0000,6026.7500,3013.3701,4424.3501,0.0000,0.0000,0.0000,0.0000,0.0000,0.0000,0.0000,2.0000,700.9600,1.0000,1.0000,21.4900,0.0307,2317.6101,0.0000,2.0000,2.0000,1.0000,0.0000,0,正常报名
4.0000,4.0000,2.0000,10564.2100,2641.0500,5632.8398,0.0000,0.0000,0.0000,0.0000,0.0000,0.0000,6.0000,3.0000,0.0000,0.0000,0.0000,0.0000,0.0000,0.0000,1.0000,4.0000,3.0000,1.0000,1.0000,1,身份连续认证失败
2.0000,2.0000,0.0000,5715.4800,2857.7400,4092.5500,0.0000,0.0000,0.0000,0.0000,0.0000,0.0000,0.0000,1.0000,1311.6801,1.0000,1.0000,203.2000,0.1549,1722.7700,0.0000,1.0000,1.0000,1.0000,0.0000,0,正常报名
2.0000,2.0000,2.0000,6499.0400,3249.5200,6122.0200,0.0000,0.0000,0.0000,0.0000,0.0000,0.0000,0.0000,1.0000,0.0000,0.0000,0.0000,0.0000,0.0000,0.0000,0.0000,1.0000,1.0000,1.0000,0.0000,0,正常学历认证
3.0000,3.0000,2.0000,7703.1499,2567.7200,3295.3301,0.0000,0.0000,0.0000,0.0000,0.0000,0.0000,0.0000,3.0000,1025.4900,1.0000,1.0000,107.6400,0.1050,999.1200,0.0000,1.0000,3.0000,2.0000,0.0000,0,正常报名
10.0000,1.0000,0.0000,1471.4200,1471.4200,1604.4500,3.0000,5.0000,0.3000,0.5000,21427.6133,0.0000,0.0000,3.0000,1517.6801,1.0000,1.0000,123.0100,0.0811,2307.6499,0.0000,1.0000,3.0000,1.0000,0.0000,1,连环退费
12.0000,1.0000,0.0000,41962.9492,3496.9099,4140.2700,1.0000,1.0000,0.0833,0.0833,1133.1300,0.0000,0.0000,2.0000,4015.8301,1.0000,1.0000,342.5600,0.0853,1484.5000,0.0000,5.0000,2.0000,2.0000,0.0000,0,正常报名
1.0000,0.0000,0.0000,1433.7300,1433.7300,4114.3999,0.0000,0.0000,0.0000,0.0000,0.0000,0.0000,0.0000,2.0000,4114.3999,1.0000,1.0000,531.4900,0.1292,1398.9600,0.0000,1.0000,2.0000,1.0000,0.0000,0,正常报名
7.0000,5.0000,2.0000,15210.3096,2172.8999,4731.1001,0.0000,0.0000,0.0000,0.0000,0.0000,0.0000,0.0000,2.0000,4150.7598,1.0000,1.0000,164.7500,0.0397,2101.0400,0.0000,1.0000,2.0000,2.0000,1.0000,0,正常报名
8.0000,5.0000,2.0000,9845.3799,1230.6700,2485.5801,0.0000,0.0000,0.0000,0.0000,0.0000,0.0000,0.0000,1.0000,2485.5801,1.0000,1.0000,263.9900,0.1062,1560.2500,0.0000,4.0000,1.0000,2.0000,0.0000,0,正常报名
1.0000,0.0000,0.0000,1853.8000,1853.8000,2432.0000,0.0000,1.0000,0.0000,0.0000,0.0000,0.0000,0.0000,2.0000,10470.2227,1.0000,1.0000,135.1800,0.0556,3.1232,0.0000,1.0000,2.0000,1.0000,0.0000,1,零学时大额退费
3.0000,1.0000,0.0000,5561.9502,1853.9800,2971.1001,0.0000,0.0000,0.0000,0.0000,0.0000,0.0000,0.0000,2.0000,2971.1001,1.0000,1.0000,425.6400,0.1433,133.2500,0.0000,1.0000,2.0000,2.0000,0.0000,0,正常报名
9.0000,3.0000,2.0000,11331.5596,1259.0601,2729.6899,0.0000,0.0000,0.0000,0.0000,0.0000,0.0000,0.0000,1.0000,2729.6899,1.0000,1.0000,184.0100,0.0674,784.6600,0.0000,1.0000,1.0000,2.0000,1.0000,0,正常报名
7.0000,3.0000,1.0000,24274.3496,3467.7600,5736.4800,0.0000,0.0000,0.0000,0.0000,0.0000,0.0000,0.0000,3.0000,9350.1885,1.0000,1.0000,229.7100,0.1744,652.8200,1.0000,3.0000,3.0000,2.0000,0.0000,0,凌晨大额标记
8.0000,1.0000,1.0000,8731.1699,1091.4000,4249.5098,1.0000,1.0000,0.1250,0.1250,1714.3700,1.0000,0.0000,3.0000,4249.5098,1.0000,1.0000,343.2400,0.0808,531.0600,0.0000,5.0000,3.0000,1.0000,0.0000,0,正常报名
5.0000,5.0000,1.0000,13367.0195,2673.3999,5079.8901,0.0000,0.0000,0.0000,0.0000,0.0000,1.0000,0.0000,2.0000,724.5700,1.0000,1.0000,59.0300,0.0815,1348.5800,0.0000,5.0000,2.0000,1.0000,0.0000,0,正常报名
11.0000,0.0000,0.0000,16161.9697,1469.2700,2433.0400,0.0000,0.0000,0.0000,0.0000,0.0000,0.0000,0.0000,2.0000,860.4900,1.0000,1.0000,122.5500,0.1424,345.4800,0.0000,1.0000,2.0000,1.0000,0.0000,0,正常报名
8.0000,4.0000,0.0000,17877.2793,2234.6599,3548.9900,0.0000,0.0000,0.0000,0.0000,0.0000,0.0000,0.0000,2.0000,0.0000,0.0000,0.0000,0.0000,0.0000,0.0000,0.0000,5.0000,2.0000,1.0000,0.0000,0,正常学历认证
11.0000,2.0000,1.0000,33797.4219,3072.4900,4112.7300,0.0000,0.0000,0.0000,0.0000,0.0000,0.0000,0.0000,2.0000,357.6600,1.0000,1.0000,55.0800,0.1540,304.6000,0.0000,1.0000,2.0000,1.0000,0.0000,0,正常报名
9.0000,2.0000,0.0000,13722.6797,1524.7400,3342.9900,0.0000,0.0000,0.0000,0.0000,0.0000,0.0000,0.0000,1.0000,7484.4385,1.0000,1.0000,559.8700,0.1712,841.9200,1.0000,2.0000,1.0000,1.0000,0.0000,0,凌晨大额标记
11.0000,0.0000,0.0000,23145.6406,2104.1499,2467.2900,0.0000,0.0000,0.0000,0.0000,0.0000,0.0000,0.0000,3.0000,509.4000,1.0000,1.0000,61.3000,0.1203,1347.3900,0.0000,2.0000,3.0000,6.0000,0.0000,1,同设备多账号
5.0000,3.0000,2.0000,6041.0000,1208.2000,2287.7800,0.0000,1.0000,0.0000,0.0000,0.0000,0.0000,0.0000,2.0000,11461.0771,1.0000,1.0000,393.7800,0.1737,1.3845,0.0000,5.0000,2.0000,2.0000,1.0000,1,零学时大额退费
1.0000,1.0000,0.0000,2095.8899,2095.8899,3303.8899,0.0000,0.0000,0.0000,0.0000,0.0000,0.0000,0.0000,1.0000,11508.9268,1.0000,1.0000,189.2500,0.1479,1327.4800,0.0000,1.0000,1.0000,3.0000,1.0000,1,新设备大额报名
8.0000,3.0000,2.0000,16359.0996,2044.8900,3817.8301,0.0000,0.0000,0.0000,0.0000,0.0000,0.0000,0.0000,1.0000,1366.2800,1.0000,1.0000,231.2800,0.1693,1462.6700,0.0000,1.0000,1.0000,1.0000,1.0000,0,正常报名
5.0000,3.0000,1.0000,4514.3799,501.6000,1073.3300,5.0000,5.0000,1.0000,1.0000,6271.5044,0.0000,0.0000,1.0000,1073.3300,1.0000,1.0000,30.6300,0.0285,320.9900,0.0000,5.0000,1.0000,1.0000,1.0000,1,极高退费率
1.0000,1.0000,0.0000,2292.4800,2292.4800,3067.5500,0.0000,0.0000,0.0000,0.0000,0.0000,0.0000,0.0000,3.0000,2195.1201,1.0000,1.0000,319.2700,0.1454,585.1300,0.0000,1.0000,3.0000,1.0000,0.0000,0,正常报名
7.0000,5.0000,1.0000,21684.6699,3097.8101,6093.2900,0.0000,0.0000,0.0000,0.0000,0.0000,1.0000,0.0000,3.0000,0.0000,0.0000,0.0000,0.0000,0.0000,0.0000,0.0000,5.0000,3.0000,2.0000,0.0000,0,正常学历认证
2.0000,1.0000,0.0000,6838.6699,3419.3401,3733.0601,0.0000,0.0000,0.0000,0.0000,0.0000,0.0000,0.0000,3.0000,349.4300,1.0000,1.0000,37.2900,0.1067,998.6900,0.0000,2.0000,3.0000,1.0000,0.0000,0,正常报名
12.0000,3.0000,0.0000,40846.8984,3403.9099,6262.1201,0.0000,0.0000,0.0000,0.0000,0.0000,0.0000,0.0000,2.0000,1642.9800,1.0000,1.0000,7.3600,0.0045,1651.2900,0.0000,2.0000,2.0000,2.0000,0.0000,0,正常报名
10.0000,5.0000,0.0000,22416.9395,2241.6899,3934.3201,0.0000,1.0000,0.0000,0.0000,0.0000,0.0000,0.0000,2.0000,2581.8667,1.0000,1.0000,688.3400,0.1750,3.7013,0.0000,5.0000,2.0000,1.0000,0.0000,1,零学时大额退费
6.0000,1.0000,0.0000,15366.9600,2561.1599,2946.6101,0.0000,0.0000,0.0000,0.0000,0.0000,0.0000,0.0000,1.0000,2946.6101,1.0000,1.0000,441.5500,0.1498,1475.4500,0.0000,2.0000,1.0000,1.0000,0.0000,0,正常报名
3.0000,3.0000,0.0000,2804.4299,934.8100,1425.8199,0.0000,0.0000,0.0000,0.0000,0.0000,0.0000,0.0000,2.0000,0.0000,0.0000,0.0000,0.0000,0.0000,0.0000,0.0000,1.0000,2.0000,1.0000,0.0000,0,正常学历认证
7.0000,3.0000,0.0000,17290.2695,2470.0400,4413.2002,0.0000,0.0000,0.0000,0.0000,0.0000,0.0000,0.0000,1.0000,0.0000,0.0000,0.0000,0.0000,0.0000,0.0000,1.0000,4.0000,1.0000,1.0000,0.0000,0,正常学历认证
11.0000,1.0000,0.0000,15646.9600,1422.4500,2794.1201,0.0000,0.0000,0.0000,0.0000,0.0000,0.0000,0.0000,2.0000,2794.1201,1.0000,1.0000,321.8800,0.1152,1839.4600,0.0000,1.0000,2.0000,2.0000,0.0000,0,正常报名
9.0000,3.0000,1.0000,22615.9395,2512.8799,3949.2100,0.0000,0.0000,0.0000,0.0000,0.0000,0.0000,0.0000,1.0000,0.0000,0.0000,0.0000,0.0000,0.0000,0.0000,0.0000,4.0000,1.0000,2.0000,0.0000,0,正常学历认证
12.0000,5.0000,0.0000,7435.9502,619.6600,3676.5801,0.0000,0.0000,0.0000,0.0000,0.0000,0.0000,0.0000,1.0000,0.0000,0.0000,0.0000,0.0000,0.0000,0.0000,0.0000,4.0000,1.0000,1.0000,0.0000,0,正常学历认证
12.0000,3.0000,2.0000,28816.2305,2401.3501,4884.4902,0.0000,0.0000,0.0000,0.0000,0.0000,0.0000,0.0000,2.0000,4353.2402,1.0000,1.0000,504.2500,0.1158,829.7900,1.0000,3.0000,2.0000,1.0000,0.0000,0,正常报名
3.0000,1.0000,0.0000,3756.4800,1252.1600,2605.1101,0.0000,0.0000,0.0000,0.0000,0.0000,0.0000,0.0000,3.0000,1443.6400,1.0000,1.0000,237.7300,0.1647,90.9400,0.0000,3.0000,3.0000,2.0000,0.0000,0,正常报名
7.0000,3.0000,1.0000,2744.8000,392.1100,3148.8999,1.0000,1.0000,0.1429,0.1429,300.7900,0.0000,0.0000,3.0000,0.0000,0.0000,0.0000,0.0000,0.0000,0.0000,0.0000,2.0000,3.0000,1.0000,0.0000,0,正常学历认证
3.0000,1.0000,1.0000,4698.9302,1566.3101,2946.8201,0.0000,0.0000,0.0000,0.0000,0.0000,0.0000,0.0000,1.0000,1487.9900,1.0000,1.0000,34.0000,0.0229,1821.2400,0.0000,1.0000,1.0000,1.0000,1.0000,0,正常报名
1.0000,1.0000,1.0000,843.8900,843.8900,1821.1000,0.0000,0.0000,0.0000,0.0000,0.0000,0.0000,0.0000,1.0000,1821.1000,1.0000,1.0000,127.0500,0.0698,323.7300,0.0000,1.0000,1.0000,13.0000,1.0000,1,同设备多账号
11.0000,1.0000,1.0000,31263.9805,2842.1799,4665.0498,0.0000,0.0000,0.0000,0.0000,0.0000,0.0000,0.0000,3.0000,16081.4609,1.0000,1.0000,224.3900,0.1739,1053.6700,0.0000,4.0000,3.0000,1.0000,1.0000,1,新设备大额报名
12.0000,1.0000,1.0000,36674.8984,3056.2400,6364.4199,0.0000,0.0000,0.0000,0.0000,0.0000,0.0000,0.0000,1.0000,0.0000,0.0000,0.0000,0.0000,0.0000,0.0000,0.0000,3.0000,1.0000,1.0000,0.0000,0,正常学历认证
11.0000,0.0000,0.0000,16906.0801,1536.9200,2311.5300,1.0000,1.0000,0.0909,0.0909,1142.1700,0.0000,0.0000,2.0000,2154.9800,1.0000,1.0000,352.5900,0.1636,246.7400,0.0000,2.0000,2.0000,1.0000,0.0000,0,正常报名
8.0000,1.0000,0.0000,21436.1895,2679.5200,38484.8438,0.0000,0.0000,0.0000,0.0000,0.0000,0.0000,0.0000,1.0000,38484.8438,1.0000,1.0000,117.3000,0.0294,2069.0500,0.0000,2.0000,1.0000,2.0000,1.0000,1,超高金额报名
7.0000,2.0000,2.0000,23698.9805,3385.5701,5701.4199,0.0000,0.0000,0.0000,0.0000,0.0000,1.0000,2.0000,3.0000,0.0000,0.0000,0.0000,0.0000,0.0000,0.0000,0.0000,5.0000,3.0000,1.0000,0.0000,1,身份连续认证失败
12.0000,2.0000,1.0000,2537.3601,422.8900,2624.5500,11.0000,11.0000,0.9167,0.9167,26540.8652,0.0000,0.0000,1.0000,2624.5500,1.0000,1.0000,140.2600,0.0534,2224.8101,0.0000,4.0000,1.0000,2.0000,0.0000,1,极高退费率
2.0000,2.0000,1.0000,6803.0601,3401.5300,6910.1499,0.0000,1.0000,0.0000,0.5000,0.0000,0.0000,0.0000,2.0000,3806.7000,1.0000,1.0000,307.4100,0.0808,286.2500,0.0000,2.0000,2.0000,2.0000,0.0000,0,正常报名
5.0000,1.0000,0.0000,17277.0098,3455.3999,3761.0400,0.0000,0.0000,0.0000,0.0000,0.0000,0.0000,0.0000,1.0000,2951.2400,1.0000,1.0000,524.3600,0.1777,813.9600,0.0000,1.0000,1.0000,2.0000,1.0000,0,正常报名
8.0000,2.0000,1.0000,24302.6992,3037.8401,4486.0298,0.0000,0.0000,0.0000,0.0000,0.0000,0.0000,0.0000,3.0000,1667.2700,1.0000,1.0000,265.4300,0.1592,662.7500,0.0000,2.0000,3.0000,2.0000,0.0000,0,正常报名
7.0000,3.0000,2.0000,7037.2100,1005.3200,2835.1001,0.0000,0.0000,0.0000,0.0000,0.0000,0.0000,4.0000,3.0000,0.0000,0.0000,0.0000,0.0000,0.0000,0.0000,0.0000,5.0000,3.0000,1.0000,0.0000,1,身份连续认证失败
9.0000,0.0000,0.0000,24003.0898,2667.0100,5845.5400,1.0000,1.0000,0.1111,0.1111,2814.2500,0.0000,0.0000,3.0000,3065.0500,1.0000,1.0000,10.7000,0.0035,1506.3199,0.0000,5.0000,3.0000,10.0000,0.0000,0,同设备多账号
1.0000,1.0000,0.0000,2052.8899,2052.8899,3075.1101,0.0000,1.0000,0.0000,0.0000,0.0000,0.0000,0.0000,1.0000,8120.7295,1.0000,1.0000,120.9800,0.0859,3.0527,0.0000,1.0000,1.0000,2.0000,0.0000,1,零学时大额退费
4.0000,1.0000,1.0000,2994.8999,748.7200,2378.2400,0.0000,0.0000,0.0000,0.0000,0.0000,0.0000,0.0000,1.0000,2378.2400,1.0000,1.0000,289.8000,0.1219,1120.0601,0.0000,4.0000,1.0000,1.0000,0.0000,0,正常报名
4.0000,2.0000,1.0000,13313.3896,3328.3501,6912.9702,1.0000,1.0000,0.2500,0.2500,1317.2500,0.0000,0.0000,1.0000,3936.0400,1.0000,1.0000,133.9800,0.0340,1858.5900,0.0000,2.0000,1.0000,2.0000,0.0000,0,正常报名
3.0000,0.0000,0.0000,1760.1200,586.7100,2425.6599,0.0000,0.0000,0.0000,0.0000,0.0000,0.0000,0.0000,3.0000,0.0000,0.0000,0.0000,0.0000,0.0000,0.0000,0.0000,3.0000,3.0000,2.0000,0.0000,0,正常学历认证
10.0000,1.0000,1.0000,24210.6992,2421.0701,4232.4600,0.0000,0.0000,0.0000,0.0000,0.0000,0.0000,0.0000,1.0000,7755.6572,1.0000,1.0000,495.0300,0.1358,763.5000,1.0000,3.0000,1.0000,1.0000,0.0000,0,凌晨大额标记
10.0000,0.0000,0.0000,28261.9609,2826.2000,2960.3000,0.0000,0.0000,0.0000,0.0000,0.0000,0.0000,0.0000,2.0000,1072.6801,1.0000,1.0000,155.0900,0.1446,1491.5000,0.0000,3.0000,2.0000,2.0000,1.0000,0,正常报名
12.0000,5.0000,2.0000,32604.3008,2717.0300,3706.6899,1.0000,1.0000,0.0833,0.0833,2647.9399,0.0000,2.0000,1.0000,0.0000,0.0000,0.0000,0.0000,0.0000,0.0000,0.0000,1.0000,1.0000,1.0000,1.0000,1,身份连续认证失败
4.0000,0.0000,0.0000,1954.9800,488.7500,4436.3799,0.0000,0.0000,0.0000,0.0000,0.0000,0.0000,0.0000,2.0000,4436.3799,1.0000,1.0000,428.6400,0.0966,1501.0500,0.0000,3.0000,2.0000,1.0000,0.0000,0,正常报名
7.0000,3.0000,2.0000,16083.4902,2297.6399,5022.8599,0.0000,0.0000,0.0000,0.0000,0.0000,0.0000,0.0000,1.0000,1983.8199,1.0000,1.0000,10.7500,0.0054,1496.2600,0.0000,3.0000,1.0000,2.0000,1.0000,0,正常报名
12.0000,3.0000,0.0000,25471.2207,2122.6001,3347.3301,0.0000,1.0000,0.0000,0.0833,0.0000,0.0000,0.0000,3.0000,3347.3301,1.0000,1.0000,102.3800,0.0306,2003.3199,0.0000,2.0000,3.0000,2.0000,0.0000,0,正常报名
4.0000,2.0000,0.0000,8207.0596,2051.7600,3637.9299,0.0000,0.0000,0.0000,0.0000,0.0000,0.0000,0.0000,2.0000,9074.2461,1.0000,1.0000,102.6300,0.0585,157.6500,1.0000,1.0000,2.0000,2.0000,0.0000,0,凌晨大额标记
3.0000,3.0000,1.0000,2342.1201,780.7100,3143.7900,0.0000,0.0000,0.0000,0.0000,0.0000,0.0000,0.0000,1.0000,3143.7900,1.0000,1.0000,354.9000,0.1129,746.9000,0.0000,1.0000,1.0000,2.0000,0.0000,0,正常报名
7.0000,4.0000,0.0000,14144.0898,2020.5800,4082.5601,0.0000,0.0000,0.0000,0.0000,0.0000,0.0000,0.0000,2.0000,2771.1799,1.0000,1.0000,185.1100,0.0668,302.5000,0.0000,3.0000,2.0000,1.0000,0.0000,0,正常报名
7.0000,4.0000,2.0000,14602.7002,2086.1001,2924.1399,0.0000,1.0000,0.0000,0.1429,0.0000,0.0000,0.0000,2.0000,5832.6548,1.0000,1.0000,117.2000,0.0401,4.5461,0.0000,3.0000,2.0000,2.0000,0.0000,1,零学时大额退费
8.0000,3.0000,0.0000,24198.3594,3024.8000,3529.9099,0.0000,0.0000,0.0000,0.0000,0.0000,0.0000,0.0000,1.0000,2600.1399,1.0000,1.0000,403.9600,0.1554,1932.0500,0.0000,3.0000,1.0000,1.0000,0.0000,0,正常报名
7.0000,3.0000,1.0000,23773.9902,3396.2800,7140.8901,0.0000,0.0000,0.0000,0.0000,0.0000,0.0000,0.0000,1.0000,0.0000,0.0000,0.0000,0.0000,0.0000,0.0000,0.0000,5.0000,1.0000,1.0000,0.0000,0,正常学历认证
1.0000,0.0000,0.0000,1844.0000,1844.0000,2846.1299,0.0000,0.0000,0.0000,0.0000,0.0000,0.0000,0.0000,2.0000,2370.4199,1.0000,1.0000,361.2500,0.1524,1020.9000,0.0000,1.0000,2.0000,1.0000,0.0000,0,正常报名
5.0000,1.0000,0.0000,1059.3300,529.6600,904.5900,3.0000,3.0000,0.6000,0.6000,20949.8672,1.0000,0.0000,2.0000,693.2700,1.0000,1.0000,48.0300,0.0693,1089.9900,0.0000,2.0000,2.0000,1.0000,0.0000,1,极高退费率
5.0000,1.0000,1.0000,4396.3799,2198.1899,3090.5000,5.0000,5.0000,1.0000,1.0000,5433.6562,0.0000,0.0000,3.0000,1950.7100,1.0000,1.0000,140.8300,0.0722,787.2600,0.0000,1.0000,3.0000,1.0000,0.0000,1,极高退费率
3.0000,0.0000,0.0000,7123.4600,2374.4900,5112.7598,0.0000,1.0000,0.0000,0.3333,0.0000,1.0000,0.0000,3.0000,10668.2373,1.0000,1.0000,402.3400,0.1362,2.9238,0.0000,3.0000,3.0000,1.0000,0.0000,1,零学时大额退费
2.0000,1.0000,0.0000,1887.9301,943.9700,1234.4900,0.0000,0.0000,0.0000,0.0000,0.0000,0.0000,0.0000,1.0000,7076.7202,1.0000,1.0000,99.9500,0.1664,1794.0300,1.0000,1.0000,1.0000,1.0000,0.0000,0,凌晨大额标记
10.0000,4.0000,2.0000,13821.9805,1382.2000,2763.9900,0.0000,0.0000,0.0000,0.0000,0.0000,0.0000,0.0000,1.0000,1819.2100,1.0000,1.0000,141.5200,0.0778,336.3500,0.0000,5.0000,1.0000,1.0000,0.0000,0,正常报名
3.0000,3.0000,0.0000,21461.1094,3065.8701,3146.2600,2.0000,2.0000,0.6667,0.6667,8788.1387,0.0000,0.0000,2.0000,2803.5200,1.0000,1.0000,79.3500,0.0283,1503.9800,0.0000,2.0000,2.0000,1.0000,0.0000,1,极高退费率
5.0000,5.0000,2.0000,9096.6104,1819.3199,2620.8000,0.0000,1.0000,0.0000,0.0000,0.0000,1.0000,0.0000,2.0000,3682.3281,1.0000,1.0000,77.9000,0.0327,1.7695,0.0000,4.0000,2.0000,2.0000,0.0000,1,零学时大额退费
9.0000,2.0000,0.0000,8543.8701,949.3200,2088.1599,0.0000,0.0000,0.0000,0.0000,0.0000,0.0000,0.0000,3.0000,637.0100,1.0000,1.0000,31.2100,0.0490,748.6900,1.0000,5.0000,3.0000,1.0000,0.0000,0,正常报名
8.0000,2.0000,2.0000,9454.8604,1181.8600,3977.0901,1.0000,1.0000,0.1250,0.1250,1941.5900,0.0000,0.0000,2.0000,3977.0901,1.0000,1.0000,322.0100,0.0810,917.3300,0.0000,5.0000,2.0000,1.0000,0.0000,0,正常报名
6.0000,4.0000,2.0000,18974.3691,3162.3999,6449.2900,3.0000,6.0000,0.5000,1.0000,25174.2500,1.0000,0.0000,2.0000,2143.1201,1.0000,1.0000,185.5900,0.0866,837.3000,0.0000,4.0000,2.0000,2.0000,0.0000,1,连环退费
6.0000,0.0000,0.0000,4346.5200,724.4200,3948.8401,1.0000,1.0000,0.1667,0.1667,2311.9600,0.0000,0.0000,3.0000,3948.8401,1.0000,1.0000,617.6500,0.1564,2208.0400,0.0000,3.0000,3.0000,1.0000,1.0000,0,正常报名
9.0000,0.0000,0.0000,4188.3501,465.3700,3484.1399,0.0000,0.0000,0.0000,0.0000,0.0000,0.0000,0.0000,1.0000,3484.1399,1.0000,1.0000,462.3700,0.1327,1261.4399,0.0000,2.0000,1.0000,1.0000,0.0000,0,正常报名
8.0000,3.0000,2.0000,13709.0996,1713.6400,2941.7300,1.0000,1.0000,0.1250,0.1250,1439.1600,0.0000,0.0000,3.0000,6216.1211,1.0000,1.0000,310.1800,0.1438,1373.7800,1.0000,4.0000,3.0000,1.0000,0.0000,0,凌晨大额标记
5.0000,4.0000,1.0000,2542.3501,508.4700,846.8300,0.0000,0.0000,0.0000,0.0000,0.0000,0.0000,0.0000,1.0000,846.8300,1.0000,1.0000,97.2600,0.1149,687.3500,0.0000,3.0000,1.0000,1.0000,0.0000,0,正常报名
3.0000,2.0000,2.0000,2766.5901,922.2000,3562.4600,0.0000,1.0000,0.0000,0.3333,0.0000,0.0000,0.0000,2.0000,3562.4600,1.0000,1.0000,452.6900,0.1271,772.4900,0.0000,3.0000,2.0000,2.0000,1.0000,0,正常报名
1.0000,1.0000,1.0000,1065.6400,1065.6400,2069.3201,0.0000,0.0000,0.0000,0.0000,0.0000,0.0000,0.0000,3.0000,0.0000,0.0000,0.0000,0.0000,0.0000,0.0000,0.0000,1.0000,3.0000,1.0000,0.0000,0,正常学历认证
2.0000,2.0000,1.0000,5004.0400,2502.0200,5378.9902,0.0000,0.0000,0.0000,0.0000,0.0000,0.0000,0.0000,2.0000,1813.7700,1.0000,1.0000,283.2500,0.1562,1680.3101,0.0000,2.0000,2.0000,1.0000,0.0000,0,正常报名
5.0000,4.0000,2.0000,2686.6001,537.3200,2542.3601,0.0000,1.0000,0.0000,0.0000,0.0000,0.0000,0.0000,1.0000,860.2635,1.0000,1.0000,22.8500,0.0090,1434.0579,0.0000,4.0000,1.0000,1.0000,0.0000,0,正常退费
6.0000,0.0000,0.0000,388.6800,388.6800,4197.2500,6.0000,6.0000,1.0000,1.0000,15198.2354,0.0000,0.0000,3.0000,4197.2500,1.0000,1.0000,277.2500,0.0661,449.1700,0.0000,1.0000,3.0000,1.0000,0.0000,1,连环退费
9.0000,2.0000,1.0000,9682.1299,1075.7900,3185.7700,0.0000,1.0000,0.0000,0.1111,0.0000,0.0000,0.0000,2.0000,3185.7700,1.0000,1.0000,115.4000,0.0362,2084.2200,0.0000,2.0000,2.0000,1.0000,0.0000,0,正常报名
7.0000,0.0000,0.0000,17221.9102,2460.2700,5328.7500,0.0000,0.0000,0.0000,0.0000,0.0000,0.0000,0.0000,2.0000,0.0000,0.0000,0.0000,0.0000,0.0000,0.0000,0.0000,4.0000,2.0000,1.0000,0.0000,0,正常学历认证
4.0000,4.0000,2.0000,9926.8301,2481.7100,3565.5300,0.0000,0.0000,0.0000,0.0000,0.0000,0.0000,0.0000,1.0000,6270.5918,1.0000,1.0000,317.8800,0.0892,2058.0500,1.0000,3.0000,1.0000,1.0000,0.0000,0,凌晨大额标记
11.0000,4.0000,1.0000,18148.3398,1649.8500,2252.0701,0.0000,1.0000,0.0000,0.0000,0.0000,0.0000,0.0000,1.0000,2368.0852,1.0000,1.0000,49.8900,0.1114,1555.0310,1.0000,2.0000,1.0000,2.0000,0.0000,0,正常退费
7.0000,3.0000,1.0000,2134.5901,304.9400,3825.8601,0.0000,1.0000,0.0000,0.0000,0.0000,0.0000,0.0000,3.0000,2930.6853,1.0000,1.0000,0.2000,0.0001,272.9803,0.0000,2.0000,3.0000,2.0000,0.0000,0,正常退费
4.0000,0.0000,0.0000,2154.9399,538.7300,1059.9600,0.0000,0.0000,0.0000,0.0000,0.0000,0.0000,0.0000,2.0000,516.5300,1.0000,1.0000,51.6100,0.0999,1531.3400,0.0000,2.0000,2.0000,1.0000,0.0000,0,正常报名
5.0000,2.0000,2.0000,3311.8401,662.3700,4490.8398,0.0000,1.0000,0.0000,0.0000,0.0000,0.0000,0.0000,1.0000,1874.2114,1.0000,1.0000,700.5900,0.1560,383.8499,0.0000,3.0000,1.0000,2.0000,1.0000,0,正常退费
9.0000,3.0000,2.0000,8726.8604,969.6500,1486.6500,0.0000,0.0000,0.0000,0.0000,0.0000,1.0000,0.0000,1.0000,10724.3789,1.0000,1.0000,255.6600,0.1720,1608.2800,0.0000,1.0000,1.0000,3.0000,1.0000,1,新设备大额报名
2.0000,0.0000,0.0000,760.6000,380.3000,2916.7900,0.0000,1.0000,0.0000,0.0000,0.0000,0.0000,0.0000,2.0000,10545.1211,1.0000,1.0000,154.5000,0.0530,3.0256,0.0000,2.0000,2.0000,1.0000,0.0000,1,零学时大额退费
12.0000,4.0000,0.0000,14441.9600,1203.5000,48757.5352,0.0000,0.0000,0.0000,0.0000,0.0000,0.0000,0.0000,1.0000,48757.5352,1.0000,1.0000,134.8900,0.1010,1809.3000,0.0000,1.0000,1.0000,1.0000,0.0000,1,超高金额报名
4.0000,2.0000,2.0000,3322.3401,1661.1700,2428.5000,4.0000,4.0000,1.0000,1.0000,33327.5234,0.0000,0.0000,2.0000,2428.5000,1.0000,1.0000,41.4900,0.0171,1396.0400,0.0000,1.0000,2.0000,2.0000,0.0000,1,连环退费
2.0000,0.0000,0.0000,2622.3401,1311.1700,3142.4900,0.0000,0.0000,0.0000,0.0000,0.0000,0.0000,0.0000,2.0000,3142.4900,1.0000,1.0000,6.1700,0.0020,309.5900,0.0000,2.0000,2.0000,2.0000,1.0000,0,正常报名
1.0000,1.0000,0.0000,3267.9099,3267.9099,6768.3501,0.0000,0.0000,0.0000,0.0000,0.0000,0.0000,0.0000,1.0000,3481.2300,1.0000,1.0000,571.6300,0.1642,95.4000,0.0000,1.0000,1.0000,2.0000,0.0000,0,正常报名
9.0000,2.0000,2.0000,9660.0996,1073.3400,2287.3201,0.0000,1.0000,0.0000,0.0000,0.0000,0.0000,0.0000,2.0000,1065.0580,1.0000,1.0000,285.1400,0.1273,890.7899,0.0000,1.0000,2.0000,1.0000,0.0000,0,正常退费
4.0000,1.0000,1.0000,12136.7100,3034.1799,6407.8501,0.0000,0.0000,0.0000,0.0000,0.0000,0.0000,0.0000,3.0000,2855.9800,1.0000,1.0000,13.8000,0.0048,1695.8400,0.0000,1.0000,3.0000,1.0000,0.0000,0,正常报名
5.0000,0.0000,0.0000,11775.2803,2355.0601,3274.2500,0.0000,1.0000,0.0000,0.0000,0.0000,0.0000,0.0000,1.0000,2333.9001,1.0000,1.0000,41.2200,0.0126,974.1855,0.0000,1.0000,1.0000,1.0000,0.0000,0,正常退费
5.0000,2.0000,0.0000,4994.1899,2497.1001,5232.0601,3.0000,3.0000,0.6000,0.6000,25564.4375,1.0000,0.0000,3.0000,325.6100,1.0000,1.0000,5.3700,0.0165,717.4700,0.0000,1.0000,3.0000,2.0000,0.0000,1,极高退费率
8.0000,2.0000,1.0000,23241.8008,2905.2300,4628.7100,0.0000,1.0000,0.0000,0.1250,0.0000,0.0000,0.0000,2.0000,7039.2632,1.0000,1.0000,23.7300,0.0289,1113.2300,1.0000,5.0000,2.0000,1.0000,1.0000,0,凌晨大额标记
3.0000,3.0000,0.0000,8641.5596,2880.5200,3790.0801,0.0000,0.0000,0.0000,0.0000,0.0000,0.0000,0.0000,1.0000,0.0000,0.0000,0.0000,0.0000,0.0000,0.0000,0.0000,1.0000,1.0000,2.0000,0.0000,0,正常学历认证
12.0000,0.0000,0.0000,9762.3496,2440.5901,5189.5298,12.0000,12.0000,1.0000,1.0000,23157.6680,0.0000,0.0000,1.0000,4348.2002,1.0000,1.0000,761.4700,0.1751,1968.5500,0.0000,2.0000,1.0000,2.0000,0.0000,1,极高退费率
11.0000,3.0000,0.0000,26035.3105,2366.8501,4073.3701,0.0000,1.0000,0.0000,0.0000,0.0000,0.0000,0.0000,2.0000,7067.8486,1.0000,1.0000,30.0800,0.0785,2.5061,0.0000,3.0000,2.0000,2.0000,0.0000,1,零学时大额退费
12.0000,2.0000,2.0000,21271.0996,1772.5900,2324.1499,0.0000,0.0000,0.0000,0.0000,0.0000,0.0000,0.0000,1.0000,2324.1499,1.0000,1.0000,253.3600,0.1090,1923.3101,0.0000,2.0000,1.0000,2.0000,0.0000,0,正常报名
7.0000,1.0000,1.0000,13249.6904,1892.8101,3145.6899,0.0000,0.0000,0.0000,0.0000,0.0000,0.0000,0.0000,2.0000,1124.5200,1.0000,1.0000,61.8200,0.0550,644.7400,0.0000,3.0000,2.0000,2.0000,0.0000,0,正常报名
3.0000,3.0000,1.0000,10087.6299,3362.5400,4195.9902,0.0000,1.0000,0.0000,0.3333,0.0000,0.0000,0.0000,2.0000,3985.9900,1.0000,1.0000,242.3400,0.0608,256.0700,0.0000,1.0000,2.0000,2.0000,0.0000,0,正常报名
8.0000,3.0000,2.0000,21312.1895,2664.0200,4927.3501,0.0000,0.0000,0.0000,0.0000,0.0000,0.0000,0.0000,1.0000,419.7500,1.0000,1.0000,44.7100,0.1065,2174.2700,0.0000,1.0000,1.0000,1.0000,0.0000,0,正常报名
12.0000,0.0000,0.0000,24716.2891,2059.6899,4158.9702,0.0000,0.0000,0.0000,0.0000,0.0000,0.0000,0.0000,3.0000,2949.8501,1.0000,1.0000,505.1600,0.1712,2316.8799,0.0000,4.0000,3.0000,2.0000,0.0000,0,正常报名
3.0000,0.0000,0.0000,4896.5801,1632.1899,3422.0801,3.0000,3.0000,1.0000,1.0000,5379.6328,0.0000,0.0000,1.0000,3422.0801,1.0000,1.0000,409.0300,0.1195,1329.5400,0.0000,2.0000,1.0000,2.0000,0.0000,0,极高退费率
6.0000,0.0000,0.0000,6187.4902,1031.2500,3106.2500,1.0000,1.0000,0.1667,0.1667,353.6500,0.0000,0.0000,2.0000,8259.4248,1.0000,1.0000,156.8200,0.0505,1958.3199,1.0000,5.0000,2.0000,2.0000,0.0000,0,凌晨大额标记
5.0000,3.0000,2.0000,3382.9299,676.5900,2227.8201,0.0000,0.0000,0.0000,0.0000,0.0000,0.0000,0.0000,1.0000,0.0000,0.0000,0.0000,0.0000,0.0000,0.0000,0.0000,5.0000,1.0000,1.0000,0.0000,0,正常学历认证
10.0000,0.0000,0.0000,17178.8301,1908.7600,3987.7200,7.0000,7.0000,0.7000,0.7000,8218.2383,0.0000,0.0000,2.0000,3987.7200,1.0000,1.0000,417.4000,0.1047,1678.8199,0.0000,4.0000,2.0000,1.0000,0.0000,1,极高退费率
2.0000,2.0000,1.0000,6986.9702,3493.4900,5810.4302,0.0000,0.0000,0.0000,0.0000,0.0000,0.0000,0.0000,2.0000,2437.2400,1.0000,1.0000,370.1100,0.1519,2156.1001,0.0000,1.0000,2.0000,1.0000,0.0000,0,正常报名
9.0000,4.0000,1.0000,14888.3496,1654.2600,3471.0100,0.0000,0.0000,0.0000,0.0000,0.0000,0.0000,0.0000,3.0000,0.0000,0.0000,0.0000,0.0000,0.0000,0.0000,0.0000,3.0000,3.0000,1.0000,1.0000,0,正常学历认证
10.0000,0.0000,0.0000,28702.4805,2870.2500,5942.6499,0.0000,0.0000,0.0000,0.0000,0.0000,0.0000,0.0000,2.0000,3493.5300,1.0000,1.0000,90.7800,0.0260,1419.8600,0.0000,5.0000,2.0000,1.0000,0.0000,0,正常报名
8.0000,3.0000,1.0000,11135.1201,1391.8900,2479.0901,0.0000,0.0000,0.0000,0.0000,0.0000,1.0000,0.0000,1.0000,1416.1100,1.0000,1.0000,116.8300,0.0825,1529.0500,1.0000,1.0000,1.0000,1.0000,0.0000,0,正常报名
2.0000,0.0000,0.0000,1758.2600,879.1300,2615.4199,0.0000,0.0000,0.0000,0.0000,0.0000,0.0000,0.0000,2.0000,2615.4199,1.0000,1.0000,82.7400,0.0316,2014.5400,0.0000,1.0000,2.0000,2.0000,0.0000,0,正常报名
11.0000,0.0000,0.0000,32290.6699,2935.5200,5962.4302,0.0000,0.0000,0.0000,0.0000,0.0000,0.0000,0.0000,1.0000,625.8400,1.0000,1.0000,29.0200,0.0464,1580.1600,0.0000,3.0000,1.0000,2.0000,0.0000,0,正常报名
7.0000,3.0000,1.0000,17553.3594,2507.6201,3836.7300,0.0000,0.0000,0.0000,0.0000,0.0000,0.0000,0.0000,1.0000,26442.0391,1.0000,1.0000,22.3500,0.0080,2299.6001,0.0000,5.0000,1.0000,2.0000,1.0000,1,新设备大额报名
9.0000,2.0000,0.0000,9645.9502,1929.1899,2369.2700,6.0000,3.0000,0.6667,0.3333,21339.2285,0.0000,0.0000,1.0000,2369.2700,1.0000,1.0000,129.5500,0.0547,1478.6600,0.0000,4.0000,1.0000,2.0000,0.0000,1,连环退费
8.0000,1.0000,0.0000,13632.2998,1704.0400,3173.8401,1.0000,1.0000,0.1250,0.1250,2476.6699,0.0000,0.0000,2.0000,1760.8083,1.0000,1.0000,169.2800,0.0840,1.1066,0.0000,1.0000,2.0000,1.0000,0.0000,1,零学时大额退费
10.0000,3.0000,0.0000,24085.5996,2408.5601,3291.6499,0.0000,0.0000,0.0000,0.0000,0.0000,0.0000,0.0000,2.0000,0.0000,0.0000,0.0000,0.0000,0.0000,0.0000,0.0000,3.0000,2.0000,2.0000,0.0000,0,正常学历认证
11.0000,0.0000,0.0000,27636.8398,2512.4399,3656.9900,0.0000,1.0000,0.0000,0.0909,0.0000,0.0000,0.0000,1.0000,1601.8500,1.0000,1.0000,53.6000,0.0335,1344.8800,0.0000,1.0000,1.0000,2.0000,0.0000,0,正常报名
10.0000,2.0000,0.0000,22730.4004,2273.0400,3414.8701,0.0000,0.0000,0.0000,0.0000,0.0000,0.0000,0.0000,2.0000,17858.4824,1.0000,1.0000,90.9500,0.1363,2302.2700,0.0000,2.0000,2.0000,1.0000,1.0000,1,新设备大额报名
6.0000,2.0000,0.0000,2666.4700,333.3100,3763.9199,6.0000,3.0000,1.0000,0.5000,32617.9414,0.0000,0.0000,1.0000,3763.9199,1.0000,1.0000,612.1000,0.1626,1319.2700,0.0000,4.0000,1.0000,2.0000,0.0000,1,连环退费
9.0000,4.0000,1.0000,8386.3301,931.8100,3992.3201,0.0000,0.0000,0.0000,0.0000,0.0000,0.0000,0.0000,3.0000,3992.3201,1.0000,1.0000,136.5700,0.0342,939.9500,0.0000,4.0000,3.0000,11.0000,0.0000,1,同设备多账号
4.0000,1.0000,0.0000,5495.3599,2747.6799,4918.6602,3.0000,4.0000,0.7500,1.0000,19252.7930,0.0000,0.0000,2.0000,1940.7100,1.0000,1.0000,30.1400,0.0155,975.6500,0.0000,2.0000,2.0000,2.0000,0.0000,1,连环退费
9.0000,0.0000,0.0000,21501.1191,1791.7600,3104.0801,7.0000,7.0000,0.7778,0.7778,6685.4756,0.0000,0.0000,1.0000,1838.1700,1.0000,1.0000,201.9600,0.1099,1131.6100,0.0000,5.0000,1.0000,1.0000,1.0000,1,极高退费率
2.0000,2.0000,1.0000,4588.9102,2294.4600,4091.7700,0.0000,0.0000,0.0000,0.0000,0.0000,0.0000,0.0000,1.0000,1260.1000,1.0000,1.0000,126.2200,0.1002,208.4400,0.0000,2.0000,1.0000,2.0000,0.0000,0,正常报名
10.0000,0.0000,0.0000,4941.8701,2470.9299,2968.8701,8.0000,8.0000,0.8000,0.8000,9771.6455,0.0000,0.0000,1.0000,340.2900,1.0000,1.0000,4.8300,0.0142,1976.2500,0.0000,1.0000,1.0000,1.0000,0.0000,1,极高退费率
11.0000,0.0000,0.0000,15099.9697,1372.7200,2780.0500,0.0000,0.0000,0.0000,0.0000,0.0000,0.0000,0.0000,1.0000,2780.0500,1.0000,1.0000,135.2500,0.0487,318.0100,0.0000,1.0000,1.0000,1.0000,0.0000,0,正常报名
4.0000,0.0000,0.0000,6656.0000,1664.0000,3438.5200,0.0000,0.0000,0.0000,0.0000,0.0000,0.0000,0.0000,3.0000,6051.0303,1.0000,1.0000,461.3800,0.1342,1284.7400,1.0000,3.0000,3.0000,2.0000,1.0000,0,凌晨大额标记
12.0000,0.0000,0.0000,33343.4805,2778.6201,3605.9399,0.0000,0.0000,0.0000,0.0000,0.0000,0.0000,0.0000,1.0000,1044.5800,1.0000,1.0000,114.6600,0.1098,1333.6700,0.0000,5.0000,1.0000,2.0000,0.0000,0,正常报名
9.0000,4.0000,1.0000,6226.4800,691.8300,3486.7800,0.0000,0.0000,0.0000,0.0000,0.0000,0.0000,5.0000,3.0000,0.0000,0.0000,0.0000,0.0000,0.0000,0.0000,0.0000,4.0000,3.0000,2.0000,0.0000,1,身份连续认证失败
7.0000,5.0000,0.0000,20814.0605,2973.4399,3699.8701,0.0000,0.0000,0.0000,0.0000,0.0000,0.0000,0.0000,3.0000,2491.2300,1.0000,1.0000,167.4800,0.0672,743.1300,0.0000,3.0000,3.0000,1.0000,0.0000,0,正常报名
9.0000,1.0000,0.0000,29200.5098,3244.5000,6973.6099,0.0000,0.0000,0.0000,0.0000,0.0000,0.0000,0.0000,2.0000,2964.4399,1.0000,1.0000,132.1600,0.0446,710.5000,0.0000,4.0000,2.0000,2.0000,0.0000,0,正常报名
3.0000,2.0000,0.0000,3431.7700,1143.9200,2291.5000,0.0000,0.0000,0.0000,0.0000,0.0000,0.0000,0.0000,3.0000,0.0000,0.0000,0.0000,0.0000,0.0000,0.0000,0.0000,1.0000,3.0000,1.0000,0.0000,1,正常学历认证
4.0000,1.0000,0.0000,5228.1299,1307.0300,1798.9600,0.0000,0.0000,0.0000,0.0000,0.0000,0.0000,0.0000,1.0000,1696.6500,1.0000,1.0000,211.8100,0.1248,55.4700,0.0000,3.0000,1.0000,1.0000,0.0000,0,正常报名
11.0000,4.0000,2.0000,20264.0391,1842.1899,3364.6799,0.0000,0.0000,0.0000,0.0000,0.0000,0.0000,0.0000,1.0000,3364.6799,1.0000,1.0000,522.9900,0.1554,1308.3900,0.0000,5.0000,1.0000,1.0000,1.0000,0,正常报名
14.0000,2.0000,1.0000,6773.6201,846.7000,1402.8800,7.0000,14.0000,0.5000,1.0000,11723.2295,0.0000,0.0000,3.0000,1174.0699,1.0000,1.0000,10.4300,0.0089,75.1700,0.0000,5.0000,3.0000,2.0000,0.0000,1,连环退费
10.0000,5.0000,2.0000,27515.2207,2751.5200,3336.1101,0.0000,0.0000,0.0000,0.0000,0.0000,0.0000,0.0000,1.0000,1453.0400,1.0000,1.0000,195.1400,0.1343,1639.4399,0.0000,1.0000,1.0000,14.0000,1.0000,1,同设备多账号
9.0000,1.0000,1.0000,7552.3599,839.1500,4436.1001,0.0000,0.0000,0.0000,0.0000,0.0000,0.0000,0.0000,3.0000,0.0000,0.0000,0.0000,0.0000,0.0000,0.0000,0.0000,3.0000,3.0000,2.0000,0.0000,0,正常学历认证
7.0000,5.0000,2.0000,13183.0303,1883.2900,4094.2900,0.0000,0.0000,0.0000,0.0000,0.0000,0.0000,0.0000,1.0000,4094.2900,1.0000,1.0000,328.1900,0.0802,2313.2100,0.0000,1.0000,1.0000,2.0000,0.0000,0,正常报名
5.0000,1.0000,1.0000,4069.8501,813.9700,1562.1400,0.0000,1.0000,0.0000,0.0000,0.0000,0.0000,0.0000,2.0000,2294.2258,1.0000,1.0000,53.4100,0.0605,538.0224,0.0000,5.0000,2.0000,1.0000,0.0000,1,正常退费
9.0000,1.0000,0.0000,12532.4297,1392.4900,2773.9600,0.0000,0.0000,0.0000,0.0000,0.0000,0.0000,0.0000,1.0000,1583.1400,1.0000,1.0000,210.8700,0.1332,864.7000,0.0000,5.0000,1.0000,6.0000,1.0000,1,同设备多账号
11.0000,0.0000,0.0000,21894.9902,1990.4500,4369.3701,0.0000,1.0000,0.0000,0.0000,0.0000,0.0000,0.0000,2.0000,6110.1309,1.0000,1.0000,154.3800,0.0353,4.6862,0.0000,2.0000,2.0000,1.0000,0.0000,1,零学时大额退费
7.0000,2.0000,1.0000,11807.2695,1686.7500,3047.4399,0.0000,0.0000,0.0000,0.0000,0.0000,0.0000,0.0000,1.0000,5164.8818,1.0000,1.0000,446.7900,0.1640,1954.7200,1.0000,5.0000,1.0000,2.0000,0.0000,0,凌晨大额标记
12.0000,3.0000,1.0000,22566.0898,1880.5100,36101.4102,0.0000,0.0000,0.0000,0.0000,0.0000,0.0000,0.0000,2.0000,36101.4102,1.0000,1.0000,240.1300,0.0584,534.3500,0.0000,5.0000,2.0000,2.0000,0.0000,1,超高金额报名
1.0000,0.0000,0.0000,829.7600,829.7600,2042.6200,0.0000,0.0000,0.0000,0.0000,0.0000,0.0000,0.0000,1.0000,2042.6200,1.0000,1.0000,61.7700,0.0302,740.2100,0.0000,1.0000,1.0000,2.0000,0.0000,0,正常报名
2.0000,2.0000,2.0000,5635.3501,2817.6799,3873.9600,0.0000,0.0000,0.0000,0.0000,0.0000,0.0000,0.0000,2.0000,3873.9600,1.0000,1.0000,501.8700,0.1296,980.9500,0.0000,2.0000,2.0000,10.0000,0.0000,1,同设备多账号
5.0000,5.0000,0.0000,12561.9697,2512.3899,2900.0601,0.0000,0.0000,0.0000,0.0000,0.0000,0.0000,0.0000,3.0000,1410.7900,1.0000,1.0000,74.0200,0.0525,1991.8500,0.0000,1.0000,3.0000,12.0000,1.0000,1,同设备多账号
7.0000,0.0000,0.0000,22279.0703,2475.4500,5353.7300,4.0000,3.0000,0.5714,0.4286,20730.9531,0.0000,0.0000,1.0000,1862.5400,1.0000,1.0000,282.8600,0.1519,1367.6300,0.0000,3.0000,1.0000,1.0000,0.0000,1,连环退费
2.0000,1.0000,0.0000,1476.1000,738.0500,3787.7000,0.0000,0.0000,0.0000,0.0000,0.0000,0.0000,0.0000,1.0000,3787.7000,1.0000,1.0000,330.7500,0.0873,868.1600,0.0000,2.0000,1.0000,15.0000,1.0000,1,同设备多账号
10.0000,3.0000,1.0000,32350.4707,3235.0500,5090.2598,0.0000,0.0000,0.0000,0.0000,0.0000,0.0000,0.0000,2.0000,1552.7000,1.0000,1.0000,60.9700,0.0393,2025.0601,0.0000,4.0000,2.0000,2.0000,1.0000,0,正常报名
9.0000,1.0000,1.0000,9902.2100,1100.2500,4433.7798,0.0000,0.0000,0.0000,0.0000,0.0000,0.0000,0.0000,2.0000,4433.7798,1.0000,1.0000,306.5500,0.0691,188.0500,0.0000,1.0000,2.0000,7.0000,0.0000,1,同设备多账号
8.0000,0.0000,0.0000,11733.3701,1466.6700,3080.9700,0.0000,0.0000,0.0000,0.0000,0.0000,0.0000,0.0000,1.0000,0.0000,0.0000,0.0000,0.0000,0.0000,0.0000,0.0000,1.0000,1.0000,1.0000,0.0000,0,正常学历认证
8.0000,0.0000,0.0000,6017.3501,752.1700,3927.7200,0.0000,0.0000,0.0000,0.0000,0.0000,0.0000,0.0000,1.0000,3927.7200,1.0000,1.0000,211.1300,0.0538,1488.0500,0.0000,5.0000,1.0000,1.0000,0.0000,0,正常报名
3.0000,2.0000,0.0000,9361.9502,3120.6499,4150.6802,0.0000,0.0000,0.0000,0.0000,0.0000,1.0000,0.0000,3.0000,3547.4099,1.0000,1.0000,298.0200,0.0840,407.0700,0.0000,2.0000,3.0000,1.0000,1.0000,0,正常报名
5.0000,4.0000,0.0000,5659.1899,1131.8400,1328.9301,0.0000,0.0000,0.0000,0.0000,0.0000,0.0000,0.0000,1.0000,1328.9301,1.0000,1.0000,32.5200,0.0245,1983.7400,0.0000,5.0000,1.0000,2.0000,0.0000,0,正常报名
8.0000,2.0000,1.0000,14678.4600,1834.8101,3289.5601,0.0000,0.0000,0.0000,0.0000,0.0000,0.0000,0.0000,3.0000,1535.5000,1.0000,1.0000,37.6600,0.0245,1532.5400,0.0000,3.0000,3.0000,1.0000,0.0000,0,正常报名
9.0000,3.0000,1.0000,13396.6797,1488.5200,3193.9199,0.0000,0.0000,0.0000,0.0000,0.0000,0.0000,0.0000,2.0000,933.1200,1.0000,1.0000,124.5200,0.1334,1012.5300,0.0000,5.0000,2.0000,1.0000,1.0000,0,正常报名
12.0000,0.0000,0.0000,14063.8701,1171.9900,3053.8899,0.0000,1.0000,0.0000,0.0000,0.0000,0.0000,0.0000,2.0000,7062.4790,1.0000,1.0000,496.9200,0.1627,3.5669,0.0000,1.0000,2.0000,2.0000,0.0000,1,零学时大额退费
5.0000,0.0000,0.0000,14788.9004,2957.7800,3502.0801,0.0000,0.0000,0.0000,0.0000,0.0000,0.0000,0.0000,2.0000,1969.3600,1.0000,1.0000,88.4100,0.0449,1507.4399,0.0000,1.0000,2.0000,13.0000,1.0000,1,同设备多账号
6.0000,5.0000,0.0000,11541.1504,1923.5300,3883.8799,0.0000,0.0000,0.0000,0.0000,0.0000,1.0000,0.0000,2.0000,0.0000,0.0000,0.0000,0.0000,0.0000,0.0000,0.0000,1.0000,2.0000,1.0000,0.0000,0,正常学历认证
4.0000,4.0000,1.0000,7186.1401,1796.5300,4066.3799,1.0000,1.0000,0.2500,0.2500,960.7700,0.0000,0.0000,3.0000,4066.3799,1.0000,1.0000,120.2800,0.0296,904.4200,0.0000,4.0000,3.0000,2.0000,0.0000,0,正常报名
6.0000,5.0000,1.0000,10033.3398,1672.2200,2731.4099,0.0000,1.0000,0.0000,0.0000,0.0000,0.0000,0.0000,2.0000,1131.8696,1.0000,1.0000,27.3800,0.0156,1132.8201,0.0000,2.0000,2.0000,1.0000,0.0000,0,正常退费
12.0000,1.0000,0.0000,25001.9805,2083.5000,3216.5100,0.0000,0.0000,0.0000,0.0000,0.0000,0.0000,0.0000,1.0000,3216.5100,1.0000,1.0000,542.8900,0.1688,1494.6801,0.0000,1.0000,1.0000,7.0000,1.0000,1,同设备多账号
6.0000,0.0000,0.0000,20466.1191,3411.0200,4590.9600,0.0000,0.0000,0.0000,0.0000,0.0000,1.0000,0.0000,2.0000,3666.0400,1.0000,1.0000,195.7800,0.0534,1313.0100,0.0000,1.0000,2.0000,2.0000,0.0000,0,正常报名
2.0000,2.0000,2.0000,6131.1699,3065.5801,5742.4902,0.0000,1.0000,0.0000,0.5000,0.0000,1.0000,0.0000,3.0000,1867.1700,1.0000,1.0000,203.7600,0.1091,924.5800,0.0000,1.0000,3.0000,1.0000,0.0000,0,正常报名
11.0000,3.0000,0.0000,3494.1499,317.6500,483.9400,0.0000,0.0000,0.0000,0.0000,0.0000,0.0000,0.0000,2.0000,337.0100,1.0000,1.0000,59.2900,0.1759,2397.4800,0.0000,2.0000,2.0000,5.0000,1.0000,1,同设备多账号
9.0000,3.0000,0.0000,23431.1895,2603.4700,5219.1602,1.0000,1.0000,0.1111,0.1111,2794.4099,0.0000,0.0000,3.0000,7455.0015,1.0000,1.0000,114.9600,0.0260,1332.1200,1.0000,5.0000,3.0000,2.0000,0.0000,0,凌晨大额标记
10.0000,4.0000,1.0000,9836.3096,983.6300,3664.2800,1.0000,1.0000,0.1000,0.1000,1334.0900,0.0000,0.0000,2.0000,0.0000,0.0000,0.0000,0.0000,0.0000,0.0000,0.0000,2.0000,2.0000,2.0000,0.0000,0,正常学历认证
7.0000,3.0000,0.0000,12643.2900,1806.1801,2825.4700,0.0000,0.0000,0.0000,0.0000,0.0000,0.0000,0.0000,2.0000,642.6300,1.0000,1.0000,48.8800,0.0761,1471.5500,0.0000,4.0000,2.0000,12.0000,0.0000,1,同设备多账号
6.0000,0.0000,0.0000,2183.8101,363.9700,2854.8401,0.0000,0.0000,0.0000,0.0000,0.0000,0.0000,0.0000,3.0000,6371.5693,1.0000,1.0000,165.5600,0.0580,2222.3999,1.0000,1.0000,3.0000,2.0000,1.0000,0,凌晨大额标记
9.0000,2.0000,0.0000,3092.9600,1030.9900,1766.0601,7.0000,5.0000,0.7778,0.5556,22309.6113,1.0000,0.0000,3.0000,1616.2000,1.0000,1.0000,65.6800,0.0406,53.0600,0.0000,2.0000,3.0000,2.0000,0.0000,1,连环退费
6.0000,3.0000,0.0000,8681.5195,1446.9200,2886.4099,0.0000,0.0000,0.0000,0.0000,0.0000,0.0000,0.0000,1.0000,15703.1709,1.0000,1.0000,45.2600,0.0192,1621.9301,0.0000,4.0000,1.0000,1.0000,1.0000,1,新设备大额报名
7.0000,5.0000,0.0000,9295.0303,1327.8600,4208.1099,0.0000,0.0000,0.0000,0.0000,0.0000,0.0000,0.0000,3.0000,4208.1099,1.0000,1.0000,32.3700,0.0077,1116.2000,0.0000,4.0000,3.0000,6.0000,0.0000,1,同设备多账号
3.0000,1.0000,0.0000,8485.9199,2828.6399,4055.1001,0.0000,1.0000,0.0000,0.0000,0.0000,0.0000,0.0000,1.0000,8053.4771,1.0000,1.0000,521.9400,0.1678,2.4157,1.0000,1.0000,1.0000,1.0000,0.0000,1,零学时大额退费
12.0000,2.0000,1.0000,3682.1101,306.8400,4002.6299,0.0000,0.0000,0.0000,0.0000,0.0000,0.0000,0.0000,2.0000,4002.6299,1.0000,1.0000,424.9600,0.1062,982.7000,0.0000,3.0000,2.0000,2.0000,0.0000,0,正常报名
7.0000,2.0000,1.0000,10621.9004,1517.4100,3294.7000,0.0000,0.0000,0.0000,0.0000,0.0000,0.0000,0.0000,1.0000,2242.6799,1.0000,1.0000,251.4400,0.1121,769.6600,0.0000,5.0000,1.0000,2.0000,0.0000,0,正常报名
5.0000,4.0000,2.0000,14437.9004,2887.5801,6014.8398,0.0000,0.0000,0.0000,0.0000,0.0000,0.0000,0.0000,2.0000,3828.8201,1.0000,1.0000,586.7400,0.1532,1905.5699,0.0000,1.0000,2.0000,1.0000,0.0000,0,正常报名
8.0000,4.0000,1.0000,7871.8101,983.9800,1273.9399,0.0000,0.0000,0.0000,0.0000,0.0000,0.0000,0.0000,1.0000,6847.1021,1.0000,1.0000,90.2100,0.1465,1715.6500,1.0000,1.0000,1.0000,1.0000,0.0000,0,凌晨大额标记
2.0000,0.0000,0.0000,5754.2900,2877.1499,5820.7798,0.0000,1.0000,0.0000,0.0000,0.0000,0.0000,0.0000,1.0000,1665.4951,1.0000,1.0000,503.9400,0.1221,1182.4744,0.0000,1.0000,1.0000,1.0000,0.0000,0,正常退费
12.0000,0.0000,0.0000,29227.9199,2435.6599,5276.1899,0.0000,1.0000,0.0000,0.0833,0.0000,0.0000,0.0000,1.0000,1849.0499,1.0000,1.0000,150.6800,0.1417,666.0533,0.0000,5.0000,1.0000,1.0000,0.0000,0,正常退费
2.0000,0.0000,0.0000,4226.2798,2113.1399,3684.0300,0.0000,0.0000,0.0000,0.0000,0.0000,1.0000,0.0000,1.0000,491.7200,1.0000,1.0000,56.8200,0.1156,568.2900,0.0000,2.0000,1.0000,1.0000,0.0000,0,正常报名
7.0000,2.0000,0.0000,4639.1802,662.7400,1829.1600,0.0000,0.0000,0.0000,0.0000,0.0000,0.0000,0.0000,1.0000,1829.1600,1.0000,1.0000,246.7300,0.1349,2203.7800,0.0000,4.0000,1.0000,1.0000,0.0000,0,正常报名
11.0000,4.0000,2.0000,34262.0195,3114.7300,6129.3701,0.0000,0.0000,0.0000,0.0000,0.0000,1.0000,0.0000,2.0000,4461.9600,1.0000,1.0000,51.8900,0.0116,841.6000,0.0000,2.0000,2.0000,1.0000,0.0000,0,正常报名
4.0000,0.0000,0.0000,11560.1104,2890.0300,5966.5801,0.0000,1.0000,0.0000,0.2500,0.0000,0.0000,0.0000,3.0000,0.0000,0.0000,0.0000,0.0000,0.0000,0.0000,0.0000,4.0000,3.0000,1.0000,0.0000,0,正常学历认证
2.0000,0.0000,0.0000,2535.5601,1267.7800,2136.2400,0.0000,0.0000,0.0000,0.0000,0.0000,0.0000,0.0000,2.0000,1369.1100,1.0000,1.0000,0.1100,0.0001,1482.8900,0.0000,2.0000,2.0000,2.0000,0.0000,0,正常报名
3.0000,2.0000,2.0000,8862.7998,2954.2700,5348.2202,0.0000,1.0000,0.0000,0.0000,0.0000,0.0000,0.0000,1.0000,11552.8613,1.0000,1.0000,96.2800,0.0751,2.3156,0.0000,1.0000,1.0000,2.0000,0.0000,1,零学时大额退费
3.0000,3.0000,1.0000,2592.1799,864.0600,1753.1300,0.0000,1.0000,0.0000,0.0000,0.0000,0.0000,0.0000,3.0000,9539.6191,1.0000,1.0000,66.8300,0.0381,3.3021,0.0000,1.0000,3.0000,1.0000,0.0000,1,零学时大额退费
11.0000,5.0000,2.0000,3752.1101,341.1000,4454.8701,0.0000,0.0000,0.0000,0.0000,0.0000,0.0000,0.0000,3.0000,4454.8701,1.0000,1.0000,298.9100,0.0671,771.0800,0.0000,2.0000,3.0000,14.0000,1.0000,1,同设备多账号
2.0000,1.0000,0.0000,5337.2002,2668.6001,5460.3398,0.0000,0.0000,0.0000,0.0000,0.0000,0.0000,0.0000,3.0000,0.0000,0.0000,0.0000,0.0000,0.0000,0.0000,0.0000,2.0000,3.0000,2.0000,0.0000,0,正常学历认证
3.0000,0.0000,0.0000,6424.4199,2141.4700,3352.9900,0.0000,0.0000,0.0000,0.0000,0.0000,0.0000,0.0000,2.0000,0.0000,0.0000,0.0000,0.0000,0.0000,0.0000,0.0000,3.0000,2.0000,2.0000,0.0000,0,正常学历认证
11.0000,4.0000,0.0000,26640.3691,2960.0400,5596.0200,7.0000,8.0000,0.6364,0.7273,12685.2129,0.0000,0.0000,2.0000,3521.1599,1.0000,1.0000,98.5400,0.0280,1436.3101,0.0000,1.0000,2.0000,2.0000,0.0000,1,连环退费
8.0000,5.0000,2.0000,4612.5000,576.5600,3395.5300,0.0000,0.0000,0.0000,0.0000,0.0000,0.0000,2.0000,3.0000,0.0000,0.0000,0.0000,0.0000,0.0000,0.0000,0.0000,3.0000,3.0000,2.0000,0.0000,1,身份连续认证失败
10.0000,2.0000,1.0000,17492.6406,1943.6300,4030.5400,9.0000,9.0000,0.9000,0.9000,12373.1660,0.0000,0.0000,1.0000,3778.6201,1.0000,1.0000,345.1100,0.0913,1213.9900,0.0000,5.0000,1.0000,1.0000,0.0000,1,极高退费率
4.0000,0.0000,0.0000,10012.7900,2503.2000,4769.5601,0.0000,0.0000,0.0000,0.0000,0.0000,0.0000,0.0000,3.0000,3590.6599,1.0000,1.0000,494.6100,0.1377,536.3500,0.0000,3.0000,3.0000,2.0000,0.0000,0,正常报名
3.0000,3.0000,0.0000,2503.3701,834.4600,2489.9900,0.0000,0.0000,0.0000,0.0000,0.0000,0.0000,0.0000,3.0000,8168.5063,1.0000,1.0000,119.7300,0.0481,449.7400,1.0000,2.0000,3.0000,2.0000,0.0000,0,凌晨大额标记
12.0000,0.0000,0.0000,32861.9805,2738.5000,4360.2402,0.0000,0.0000,0.0000,0.0000,0.0000,0.0000,0.0000,1.0000,0.0000,0.0000,0.0000,0.0000,0.0000,0.0000,0.0000,1.0000,1.0000,1.0000,1.0000,0,正常学历认证
4.0000,4.0000,2.0000,8052.0498,2013.0100,2916.1001,0.0000,0.0000,0.0000,0.0000,0.0000,0.0000,0.0000,3.0000,2916.1001,1.0000,1.0000,183.2100,0.0628,281.1200,0.0000,4.0000,3.0000,1.0000,0.0000,0,正常报名
12.0000,2.0000,1.0000,11266.0703,2253.2100,3685.5400,3.0000,8.0000,0.2500,0.6667,33914.6875,0.0000,0.0000,2.0000,531.9100,1.0000,1.0000,16.4100,0.0309,1887.1801,0.0000,4.0000,2.0000,2.0000,0.0000,1,连环退费
3.0000,3.0000,0.0000,7475.4399,2491.8101,2564.7200,0.0000,0.0000,0.0000,0.0000,0.0000,0.0000,0.0000,1.0000,782.1400,1.0000,1.0000,36.5800,0.0468,2097.5000,0.0000,1.0000,1.0000,2.0000,0.0000,0,正常报名
9.0000,5.0000,1.0000,30857.7598,3428.6399,5705.8799,0.0000,0.0000,0.0000,0.0000,0.0000,0.0000,0.0000,2.0000,1220.3600,1.0000,1.0000,95.6300,0.0784,1145.8300,0.0000,3.0000,2.0000,2.0000,0.0000,0,正常报名
6.0000,1.0000,1.0000,9166.4102,1527.7300,3549.1499,1.0000,1.0000,0.1667,0.1667,2788.2900,0.0000,0.0000,3.0000,3549.1499,1.0000,1.0000,380.7100,0.1073,1551.8400,0.0000,1.0000,3.0000,1.0000,1.0000,0,正常报名
2.0000,2.0000,2.0000,3864.9900,1932.4900,2221.4600,0.0000,0.0000,0.0000,0.0000,0.0000,0.0000,0.0000,2.0000,734.3300,1.0000,1.0000,22.9900,0.0313,1351.2300,1.0000,2.0000,2.0000,2.0000,0.0000,0,正常报名
6.0000,3.0000,0.0000,19588.0703,3264.6799,6960.0698,0.0000,0.0000,0.0000,0.0000,0.0000,1.0000,0.0000,1.0000,0.0000,0.0000,0.0000,0.0000,0.0000,0.0000,0.0000,2.0000,1.0000,1.0000,0.0000,0,正常学历认证
3.0000,2.0000,1.0000,4655.2998,1551.7700,3392.5500,0.0000,0.0000,0.0000,0.0000,0.0000,1.0000,0.0000,2.0000,3392.5500,1.0000,1.0000,25.6300,0.0076,417.5600,0.0000,1.0000,2.0000,13.0000,1.0000,1,同设备多账号
8.0000,2.0000,0.0000,24400.6094,2218.2400,3671.1101,6.0000,6.0000,0.7500,0.7500,11911.2490,0.0000,0.0000,3.0000,3671.1101,1.0000,1.0000,248.5200,0.0677,1674.6300,0.0000,4.0000,3.0000,2.0000,0.0000,1,极高退费率
6.0000,4.0000,0.0000,2028.3400,338.0600,2905.4900,1.0000,1.0000,0.1667,0.1667,2387.6001,0.0000,0.0000,2.0000,2905.4900,1.0000,1.0000,449.5200,0.1547,309.3000,0.0000,1.0000,2.0000,1.0000,0.0000,0,正常报名
3.0000,3.0000,0.0000,5746.7798,1915.5900,4003.8899,0.0000,0.0000,0.0000,0.0000,0.0000,1.0000,0.0000,2.0000,1340.9500,1.0000,1.0000,236.6500,0.1765,1685.9700,0.0000,2.0000,2.0000,2.0000,0.0000,0,正常报名
10.0000,2.0000,0.0000,3448.1499,344.8200,3488.9600,0.0000,0.0000,0.0000,0.0000,0.0000,0.0000,0.0000,3.0000,3488.9600,1.0000,1.0000,20.0900,0.0058,924.7700,0.0000,3.0000,3.0000,9.0000,0.0000,1,同设备多账号
7.0000,2.0000,0.0000,10814.7900,1544.9700,3193.8201,0.0000,1.0000,0.0000,0.1429,0.0000,0.0000,0.0000,1.0000,1667.0900,1.0000,1.0000,36.5800,0.0219,903.1100,0.0000,2.0000,1.0000,1.0000,0.0000,0,正常报名
1.0000,1.0000,0.0000,2783.8601,2783.8601,47695.5195,0.0000,0.0000,0.0000,0.0000,0.0000,0.0000,0.0000,3.0000,47695.5195,1.0000,1.0000,6.8900,0.0122,777.4700,0.0000,1.0000,3.0000,2.0000,0.0000,1,超高金额报名
10.0000,4.0000,1.0000,8818.2803,881.8300,1860.8400,0.0000,0.0000,0.0000,0.0000,0.0000,0.0000,0.0000,2.0000,384.3000,1.0000,1.0000,34.2700,0.0892,1880.0200,0.0000,3.0000,2.0000,1.0000,0.0000,0,正常报名
5.0000,4.0000,1.0000,14946.8604,2989.3701,6311.1099,0.0000,0.0000,0.0000,0.0000,0.0000,0.0000,0.0000,3.0000,2913.9299,1.0000,1.0000,120.0500,0.0412,2280.7500,0.0000,1.0000,3.0000,2.0000,0.0000,0,正常报名
5.0000,3.0000,1.0000,5420.2798,1084.0601,1873.5900,1.0000,1.0000,0.2000,0.2000,996.0300,0.0000,0.0000,3.0000,0.0000,0.0000,0.0000,0.0000,0.0000,0.0000,0.0000,4.0000,3.0000,2.0000,0.0000,0,正常学历认证
7.0000,2.0000,0.0000,5931.9902,1977.3300,3663.8101,7.0000,7.0000,1.0000,1.0000,17268.2109,0.0000,0.0000,1.0000,1562.6200,1.0000,1.0000,113.2600,0.0725,733.8800,0.0000,2.0000,1.0000,1.0000,0.0000,1,连环退费
5.0000,0.0000,0.0000,16029.0596,3205.8101,5572.4302,0.0000,0.0000,0.0000,0.0000,0.0000,0.0000,0.0000,1.0000,8250.5186,1.0000,1.0000,32.7600,0.0689,1386.9200,1.0000,5.0000,1.0000,1.0000,0.0000,0,凌晨大额标记
5.0000,4.0000,1.0000,14514.5195,2902.8999,4518.7002,0.0000,1.0000,0.0000,0.2000,0.0000,0.0000,0.0000,1.0000,3025.7966,1.0000,1.0000,30.3400,0.0316,1758.5632,0.0000,5.0000,1.0000,2.0000,0.0000,0,正常退费
4.0000,1.0000,1.0000,7844.4600,1961.1100,3914.1001,0.0000,0.0000,0.0000,0.0000,0.0000,0.0000,0.0000,1.0000,10263.1758,1.0000,1.0000,99.4600,0.1414,2155.1399,0.0000,3.0000,1.0000,2.0000,1.0000,1,新设备大额报名
8.0000,5.0000,1.0000,7763.5000,970.4400,3911.2500,0.0000,0.0000,0.0000,0.0000,0.0000,0.0000,0.0000,2.0000,3911.2500,1.0000,1.0000,350.5200,0.0896,2195.4600,0.0000,2.0000,2.0000,1.0000,0.0000,0,正常报名
12.0000,1.0000,0.0000,26971.2598,2247.6101,3652.4399,0.0000,0.0000,0.0000,0.0000,0.0000,1.0000,0.0000,1.0000,3652.4399,1.0000,1.0000,131.7100,0.0361,373.8300,0.0000,3.0000,1.0000,1.0000,0.0000,0,正常报名
3.0000,0.0000,0.0000,1118.1200,559.0600,4386.1802,3.0000,3.0000,1.0000,1.0000,13103.2168,0.0000,0.0000,1.0000,4386.1802,1.0000,1.0000,223.0300,0.0508,1881.3800,0.0000,1.0000,1.0000,1.0000,0.0000,1,极高退费率
7.0000,1.0000,0.0000,8584.4697,1226.3500,2220.8799,0.0000,0.0000,0.0000,0.0000,0.0000,0.0000,0.0000,1.0000,0.0000,0.0000,0.0000,0.0000,0.0000,0.0000,1.0000,3.0000,1.0000,2.0000,0.0000,0,正常学历认证
11.0000,2.0000,0.0000,17241.8594,1567.4399,3308.9199,0.0000,0.0000,0.0000,0.0000,0.0000,0.0000,0.0000,3.0000,22408.2363,1.0000,1.0000,100.4200,0.0994,1382.7500,0.0000,4.0000,3.0000,3.0000,1.0000,1,新设备大额报名
1.0000,0.0000,0.0000,2203.0000,2203.0000,3945.8799,0.0000,1.0000,0.0000,0.0000,0.0000,0.0000,0.0000,1.0000,4502.8354,1.0000,1.0000,81.8800,0.0266,1.9187,0.0000,1.0000,1.0000,2.0000,0.0000,1,零学时大额退费
5.0000,3.0000,2.0000,14232.9600,2846.5901,5847.6899,0.0000,0.0000,0.0000,0.0000,0.0000,0.0000,0.0000,1.0000,2955.1399,1.0000,1.0000,337.6100,0.1142,984.0500,0.0000,3.0000,1.0000,2.0000,0.0000,0,正常报名
9.0000,0.0000,0.0000,6759.6899,751.0800,1989.2000,0.0000,0.0000,0.0000,0.0000,0.0000,0.0000,0.0000,2.0000,1989.2000,1.0000,1.0000,2.6000,0.0013,1271.7200,0.0000,2.0000,2.0000,2.0000,0.0000,0,正常报名
10.0000,0.0000,0.0000,15707.4004,1570.7400,2941.0801,0.0000,1.0000,0.0000,0.0000,0.0000,1.0000,0.0000,1.0000,1270.2655,1.0000,1.0000,240.4900,0.1166,1.5013,0.0000,4.0000,1.0000,1.0000,0.0000,1,零学时大额退费
11.0000,1.0000,1.0000,21852.5605,1986.6000,4213.9902,1.0000,1.0000,0.0909,0.0909,1196.6300,0.0000,0.0000,2.0000,4213.9902,1.0000,1.0000,308.0200,0.0731,1257.1300,0.0000,4.0000,2.0000,1.0000,0.0000,0,正常报名
12.0000,0.0000,0.0000,27051.1992,2254.2700,3545.5300,1.0000,1.0000,0.0833,0.0833,1871.3600,0.0000,0.0000,2.0000,9028.1680,1.0000,1.0000,417.9000,0.1179,477.3700,1.0000,1.0000,2.0000,1.0000,0.0000,0,凌晨大额标记
3.0000,2.0000,1.0000,3420.3201,570.0500,1102.5000,3.0000,3.0000,1.0000,1.0000,28189.1523,0.0000,0.0000,2.0000,963.5000,1.0000,1.0000,6.5200,0.0068,57.3500,0.0000,2.0000,2.0000,1.0000,1.0000,1,极高退费率
11.0000,5.0000,1.0000,18384.8594,1671.3500,4017.3501,0.0000,0.0000,0.0000,0.0000,0.0000,0.0000,0.0000,2.0000,7109.0684,1.0000,1.0000,617.3100,0.1537,1930.8800,1.0000,5.0000,2.0000,2.0000,0.0000,0,凌晨大额标记
10.0000,4.0000,1.0000,32931.7812,3293.1799,3437.6899,0.0000,0.0000,0.0000,0.0000,0.0000,0.0000,0.0000,1.0000,0.0000,0.0000,0.0000,0.0000,0.0000,0.0000,0.0000,1.0000,1.0000,1.0000,0.0000,0,正常学历认证
5.0000,2.0000,0.0000,12725.8496,2545.1699,3170.3000,0.0000,0.0000,0.0000,0.0000,0.0000,0.0000,0.0000,2.0000,2295.3401,1.0000,1.0000,338.7600,0.1476,1752.6300,0.0000,5.0000,2.0000,1.0000,0.0000,0,正常报名
2.0000,0.0000,0.0000,1590.1899,795.1000,2548.5601,0.0000,1.0000,0.0000,0.0000,0.0000,1.0000,0.0000,3.0000,1431.1490,1.0000,1.0000,18.0400,0.0071,722.7428,0.0000,1.0000,3.0000,2.0000,0.0000,0,正常退费
8.0000,0.0000,0.0000,5994.9102,749.3600,2670.5901,0.0000,0.0000,0.0000,0.0000,0.0000,1.0000,0.0000,3.0000,26422.3926,1.0000,1.0000,364.0700,0.1363,1679.3700,0.0000,3.0000,3.0000,1.0000,1.0000,1,新设备大额报名
8.0000,3.0000,0.0000,25661.7793,3207.7200,5058.2700,0.0000,0.0000,0.0000,0.0000,0.0000,0.0000,0.0000,3.0000,21020.7168,1.0000,1.0000,138.3800,0.0393,848.5100,0.0000,1.0000,3.0000,3.0000,1.0000,1,新设备大额报名
9.0000,3.0000,2.0000,9172.5801,1019.1800,1797.8101,0.0000,1.0000,0.0000,0.0000,0.0000,0.0000,0.0000,2.0000,4324.7798,1.0000,1.0000,249.9800,0.1519,3.5703,0.0000,5.0000,2.0000,1.0000,0.0000,1,零学时大额退费
11.0000,3.0000,1.0000,35364.4297,3214.9500,5369.9502,0.0000,0.0000,0.0000,0.0000,0.0000,0.0000,0.0000,1.0000,2700.3601,1.0000,1.0000,367.9400,0.1363,1461.7500,0.0000,4.0000,1.0000,2.0000,0.0000,1,正常报名
6.0000,3.0000,2.0000,3352.7400,558.7900,3864.8000,0.0000,0.0000,0.0000,0.0000,0.0000,0.0000,0.0000,1.0000,3864.8000,1.0000,1.0000,556.7000,0.1440,1675.9900,0.0000,3.0000,1.0000,2.0000,0.0000,0,正常报名
3.0000,1.0000,0.0000,9729.2598,3243.0901,4980.0400,0.0000,0.0000,0.0000,0.0000,0.0000,0.0000,0.0000,2.0000,2508.4800,1.0000,1.0000,364.8200,0.1454,109.3200,0.0000,2.0000,2.0000,2.0000,0.0000,0,正常报名
8.0000,5.0000,1.0000,14310.6602,1788.8300,2514.6799,0.0000,0.0000,0.0000,0.0000,0.0000,0.0000,0.0000,1.0000,0.0000,0.0000,0.0000,0.0000,0.0000,0.0000,0.0000,5.0000,1.0000,1.0000,0.0000,0,正常学历认证
11.0000,2.0000,0.0000,7414.6802,674.0600,3935.2600,0.0000,0.0000,0.0000,0.0000,0.0000,1.0000,0.0000,3.0000,3935.2600,1.0000,1.0000,19.8300,0.0050,842.0100,0.0000,1.0000,3.0000,1.0000,0.0000,0,正常报名
11.0000,2.0000,0.0000,33666.8398,3060.6201,4825.2100,0.0000,0.0000,0.0000,0.0000,0.0000,0.0000,0.0000,2.0000,2292.8799,1.0000,1.0000,257.7500,0.1124,768.2300,0.0000,1.0000,2.0000,10.0000,0.0000,1,同设备多账号
8.0000,0.0000,0.0000,14520.0898,1815.0100,4466.1201,0.0000,0.0000,0.0000,0.0000,0.0000,0.0000,0.0000,1.0000,10722.6992,1.0000,1.0000,124.1000,0.0278,343.4800,0.0000,4.0000,1.0000,1.0000,1.0000,0,新设备大额报名
4.0000,3.0000,2.0000,5308.3501,1327.0900,2972.4500,1.0000,1.0000,0.2500,0.2500,553.7000,0.0000,0.0000,3.0000,0.0000,0.0000,0.0000,0.0000,0.0000,0.0000,0.0000,4.0000,3.0000,1.0000,0.0000,0,正常学历认证
10.0000,5.0000,2.0000,33468.1094,3346.8101,3956.8899,0.0000,0.0000,0.0000,0.0000,0.0000,0.0000,0.0000,1.0000,1188.0300,1.0000,1.0000,0.6300,0.0005,1245.8600,0.0000,1.0000,1.0000,2.0000,0.0000,0,正常报名
4.0000,1.0000,0.0000,1829.1100,457.2800,1983.2200,0.0000,0.0000,0.0000,0.0000,0.0000,0.0000,0.0000,2.0000,0.0000,0.0000,0.0000,0.0000,0.0000,0.0000,0.0000,4.0000,2.0000,2.0000,0.0000,0,正常学历认证
7.0000,3.0000,1.0000,23820.0996,3402.8701,4860.8398,0.0000,0.0000,0.0000,0.0000,0.0000,0.0000,0.0000,2.0000,5737.7026,1.0000,1.0000,20.4800,0.0096,263.0000,1.0000,2.0000,2.0000,2.0000,0.0000,0,凌晨大额标记
11.0000,2.0000,0.0000,16511.7598,1501.0699,4352.4199,0.0000,0.0000,0.0000,0.0000,0.0000,0.0000,0.0000,1.0000,21278.5000,1.0000,1.0000,361.7700,0.0831,1114.3600,0.0000,2.0000,1.0000,2.0000,1.0000,1,新设备大额报名
6.0000,0.0000,0.0000,11549.7803,1924.9600,1929.3500,0.0000,0.0000,0.0000,0.0000,0.0000,0.0000,0.0000,2.0000,993.3800,1.0000,1.0000,171.9600,0.1731,1577.5500,0.0000,1.0000,2.0000,1.0000,0.0000,0,正常报名
6.0000,4.0000,2.0000,10684.3096,1780.7200,3322.2400,0.0000,0.0000,0.0000,0.0000,0.0000,0.0000,0.0000,1.0000,523.2300,1.0000,1.0000,79.1000,0.1512,1834.5100,1.0000,2.0000,1.0000,2.0000,0.0000,0,正常报名
3.0000,2.0000,0.0000,4837.6602,1612.5500,4140.0698,0.0000,0.0000,0.0000,0.0000,0.0000,1.0000,0.0000,3.0000,0.0000,0.0000,0.0000,0.0000,0.0000,0.0000,0.0000,3.0000,3.0000,2.0000,0.0000,0,正常学历认证
5.0000,1.0000,1.0000,9268.4600,1853.6899,3598.6399,0.0000,0.0000,0.0000,0.0000,0.0000,0.0000,0.0000,3.0000,3598.6399,1.0000,1.0000,260.9200,0.0725,2229.5200,0.0000,5.0000,3.0000,1.0000,0.0000,0,正常报名
6.0000,2.0000,2.0000,8162.8101,1360.4700,3652.3201,0.0000,0.0000,0.0000,0.0000,0.0000,0.0000,0.0000,2.0000,3652.3201,1.0000,1.0000,109.5800,0.0300,162.0100,0.0000,3.0000,2.0000,1.0000,0.0000,0,正常报名
7.0000,5.0000,2.0000,10110.8799,1444.4100,3016.8601,0.0000,0.0000,0.0000,0.0000,0.0000,1.0000,0.0000,1.0000,0.0000,0.0000,0.0000,0.0000,0.0000,0.0000,0.0000,3.0000,1.0000,2.0000,0.0000,0,正常学历认证
7.0000,5.0000,1.0000,6569.8301,938.5500,2726.6699,0.0000,0.0000,0.0000,0.0000,0.0000,0.0000,0.0000,3.0000,11784.8809,1.0000,1.0000,98.4800,0.0361,2279.3701,0.0000,1.0000,3.0000,1.0000,1.0000,1,新设备大额报名
7.0000,5.0000,0.0000,10061.5000,1437.3600,1531.9000,0.0000,0.0000,0.0000,0.0000,0.0000,0.0000,0.0000,1.0000,1459.9500,1.0000,1.0000,14.4800,0.0099,2221.9900,0.0000,3.0000,1.0000,11.0000,1.0000,1,同设备多账号
1.0000,0.0000,0.0000,2877.5400,2877.5400,4851.4702,0.0000,0.0000,0.0000,0.0000,0.0000,0.0000,0.0000,1.0000,2961.4500,1.0000,1.0000,41.2200,0.0139,452.0300,0.0000,1.0000,1.0000,1.0000,0.0000,0,正常报名
12.0000,0.0000,0.0000,7148.6499,595.7200,4138.7998,0.0000,0.0000,0.0000,0.0000,0.0000,0.0000,0.0000,3.0000,4138.7998,1.0000,1.0000,432.5100,0.1045,963.8100,0.0000,4.0000,3.0000,2.0000,1.0000,0,正常报名
8.0000,1.0000,1.0000,15802.2402,1975.2800,45579.9062,0.0000,0.0000,0.0000,0.0000,0.0000,1.0000,0.0000,1.0000,45579.9062,1.0000,1.0000,571.8500,0.1691,699.2200,0.0000,5.0000,1.0000,1.0000,0.0000,1,超高金额报名
11.0000,2.0000,2.0000,14774.6904,1343.1500,2330.6499,0.0000,1.0000,0.0000,0.0000,0.0000,0.0000,0.0000,1.0000,1836.1139,1.0000,1.0000,143.1100,0.1323,1633.3759,0.0000,2.0000,1.0000,2.0000,0.0000,0,正常退费
2.0000,2.0000,1.0000,5439.8799,2719.9399,5856.3198,0.0000,0.0000,0.0000,0.0000,0.0000,0.0000,0.0000,2.0000,1406.4399,1.0000,1.0000,132.9000,0.0945,2080.4900,0.0000,1.0000,2.0000,1.0000,0.0000,0,正常报名
8.0000,3.0000,0.0000,10305.1299,1288.1400,2637.0500,0.0000,0.0000,0.0000,0.0000,0.0000,0.0000,0.0000,1.0000,2637.0500,1.0000,1.0000,365.6100,0.1386,2290.4600,0.0000,3.0000,1.0000,1.0000,0.0000,0,正常报名
6.0000,4.0000,0.0000,3288.9700,548.1600,817.7900,0.0000,0.0000,0.0000,0.0000,0.0000,0.0000,0.0000,3.0000,817.7900,1.0000,1.0000,106.8700,0.1307,190.9100,0.0000,3.0000,3.0000,1.0000,0.0000,0,正常报名
2.0000,1.0000,0.0000,4511.1499,2255.5701,4406.1201,0.0000,0.0000,0.0000,0.0000,0.0000,0.0000,0.0000,3.0000,4406.1201,1.0000,1.0000,493.0400,0.1119,1063.1400,0.0000,2.0000,3.0000,15.0000,0.0000,1,同设备多账号
11.0000,3.0000,0.0000,12298.9004,1118.0800,4174.7500,0.0000,0.0000,0.0000,0.0000,0.0000,0.0000,0.0000,3.0000,5858.1650,1.0000,1.0000,97.8500,0.0234,1419.2500,1.0000,3.0000,3.0000,2.0000,0.0000,0,凌晨大额标记
5.0000,2.0000,0.0000,5697.0898,1139.4200,1985.0000,0.0000,0.0000,0.0000,0.0000,0.0000,0.0000,0.0000,1.0000,1985.0000,1.0000,1.0000,201.8700,0.1017,930.4300,0.0000,1.0000,1.0000,1.0000,0.0000,0,正常报名
10.0000,4.0000,2.0000,10709.6504,1070.9700,1757.9800,0.0000,1.0000,0.0000,0.1000,0.0000,0.0000,0.0000,1.0000,1012.6400,1.0000,1.0000,59.6000,0.0589,1164.0100,0.0000,5.0000,1.0000,1.0000,1.0000,0,正常报名
10.0000,3.0000,1.0000,9741.6104,974.1600,1667.3400,0.0000,0.0000,0.0000,0.0000,0.0000,0.0000,0.0000,1.0000,6523.5010,1.0000,1.0000,251.3800,0.1716,190.7100,1.0000,4.0000,1.0000,1.0000,0.0000,0,凌晨大额标记
2.0000,2.0000,0.0000,2164.7200,1082.3600,3351.7300,0.0000,0.0000,0.0000,0.0000,0.0000,0.0000,0.0000,1.0000,3351.7300,1.0000,1.0000,369.9100,0.1104,888.3600,0.0000,2.0000,1.0000,1.0000,0.0000,0,正常报名
11.0000,5.0000,2.0000,5706.3799,518.7600,1150.5500,0.0000,0.0000,0.0000,0.0000,0.0000,0.0000,0.0000,3.0000,1150.5500,1.0000,1.0000,151.3200,0.1315,283.9900,0.0000,3.0000,3.0000,1.0000,0.0000,0,正常报名
12.0000,3.0000,0.0000,25876.2109,2156.3501,3979.9099,0.0000,0.0000,0.0000,0.0000,0.0000,0.0000,0.0000,2.0000,0.0000,0.0000,0.0000,0.0000,0.0000,0.0000,0.0000,1.0000,2.0000,2.0000,0.0000,0,正常学历认证
10.0000,5.0000,0.0000,28175.1992,3130.5801,5134.7202,10.0000,10.0000,1.0000,1.0000,21536.5859,0.0000,0.0000,2.0000,1377.9200,1.0000,1.0000,21.3800,0.0155,937.8200,0.0000,3.0000,2.0000,2.0000,0.0000,1,极高退费率
10.0000,0.0000,0.0000,19591.2695,1959.1300,3889.2900,0.0000,1.0000,0.0000,0.0000,0.0000,0.0000,0.0000,2.0000,2974.4778,1.0000,1.0000,72.6700,0.0363,1629.7800,0.0000,2.0000,2.0000,2.0000,0.0000,0,正常退费
10.0000,0.0000,0.0000,11888.7500,1188.8800,4151.6001,0.0000,0.0000,0.0000,0.0000,0.0000,0.0000,0.0000,3.0000,0.0000,0.0000,0.0000,0.0000,0.0000,0.0000,0.0000,4.0000,3.0000,2.0000,0.0000,0,正常学历认证
6.0000,2.0000,1.0000,3221.3401,536.8900,1927.6400,0.0000,1.0000,0.0000,0.0000,0.0000,0.0000,0.0000,1.0000,1996.2428,1.0000,1.0000,0.9100,0.0005,1372.1204,1.0000,2.0000,1.0000,2.0000,0.0000,0,正常退费
4.0000,4.0000,2.0000,10099.9902,1683.3300,2841.6799,4.0000,4.0000,1.0000,1.0000,13460.7754,0.0000,0.0000,2.0000,2841.6799,1.0000,1.0000,494.1800,0.1739,1673.4700,0.0000,3.0000,2.0000,2.0000,0.0000,1,连环退费
8.0000,2.0000,2.0000,9225.6396,1153.2000,3432.8899,0.0000,1.0000,0.0000,0.1250,0.0000,0.0000,0.0000,2.0000,3432.8899,1.0000,1.0000,167.4400,0.0488,968.6800,0.0000,3.0000,2.0000,2.0000,0.0000,0,正常报名
12.0000,3.0000,2.0000,34428.3906,2869.0300,5987.4302,1.0000,1.0000,0.0833,0.0833,522.4300,0.0000,0.0000,1.0000,3265.0701,1.0000,1.0000,358.0400,0.1097,1721.2000,0.0000,2.0000,1.0000,1.0000,0.0000,0,正常报名
1.0000,1.0000,0.0000,3468.7100,3468.7100,4605.4800,0.0000,0.0000,0.0000,0.0000,0.0000,0.0000,0.0000,3.0000,2945.4399,1.0000,1.0000,510.8600,0.1734,199.1800,0.0000,1.0000,3.0000,1.0000,0.0000,0,正常报名
11.0000,0.0000,0.0000,32252.6309,2932.0601,3827.6101,0.0000,1.0000,0.0000,0.0000,0.0000,0.0000,0.0000,3.0000,2136.2683,1.0000,1.0000,441.9700,0.1155,482.2621,0.0000,1.0000,3.0000,2.0000,0.0000,0,正常退费
9.0000,5.0000,1.0000,16592.2207,1843.5800,1991.1300,0.0000,0.0000,0.0000,0.0000,0.0000,0.0000,0.0000,2.0000,17257.1953,1.0000,1.0000,107.7900,0.1068,1984.7600,0.0000,1.0000,2.0000,1.0000,1.0000,1,新设备大额报名
1.0000,0.0000,0.0000,2070.3401,2070.3401,2475.4900,0.0000,1.0000,0.0000,0.0000,0.0000,0.0000,0.0000,3.0000,8238.8145,1.0000,1.0000,22.1200,0.0096,4.7735,0.0000,1.0000,3.0000,1.0000,0.0000,1,零学时大额退费
9.0000,3.0000,2.0000,24269.0605,2696.5601,2828.0000,0.0000,1.0000,0.0000,0.0000,0.0000,0.0000,0.0000,1.0000,2466.1111,1.0000,1.0000,104.0100,0.1699,1.4449,0.0000,1.0000,1.0000,1.0000,0.0000,1,零学时大额退费
8.0000,4.0000,2.0000,4086.9600,510.8700,838.1600,0.0000,1.0000,0.0000,0.1250,0.0000,0.0000,0.0000,3.0000,838.1600,1.0000,1.0000,122.3100,0.1459,1409.6600,0.0000,1.0000,3.0000,1.0000,0.0000,0,正常报名
6.0000,0.0000,0.0000,6271.8301,1045.3000,3263.8701,0.0000,0.0000,0.0000,0.0000,0.0000,1.0000,0.0000,2.0000,3263.8701,1.0000,1.0000,373.7300,0.1145,330.5200,0.0000,4.0000,2.0000,2.0000,0.0000,0,正常报名
5.0000,3.0000,2.0000,14338.3799,2867.6799,6019.1699,0.0000,0.0000,0.0000,0.0000,0.0000,0.0000,0.0000,2.0000,2385.6899,1.0000,1.0000,186.4200,0.0781,193.1600,0.0000,4.0000,2.0000,2.0000,0.0000,0,正常报名
11.0000,5.0000,0.0000,14830.2900,1348.2100,2462.7600,0.0000,0.0000,0.0000,0.0000,0.0000,0.0000,0.0000,2.0000,843.3300,1.0000,1.0000,149.9300,0.1778,1122.7900,0.0000,1.0000,2.0000,1.0000,0.0000,0,正常报名
9.0000,1.0000,0.0000,1720.4100,1720.4100,3479.7400,8.0000,8.0000,0.8889,0.8889,27226.2988,0.0000,0.0000,3.0000,967.1800,1.0000,1.0000,165.8900,0.1715,1885.2300,0.0000,1.0000,3.0000,2.0000,0.0000,1,极高退费率
10.0000,2.0000,1.0000,33535.3281,3353.5300,4594.2798,0.0000,0.0000,0.0000,0.0000,0.0000,0.0000,0.0000,3.0000,7989.9434,1.0000,1.0000,39.2600,0.0174,534.9300,1.0000,1.0000,3.0000,1.0000,0.0000,0,凌晨大额标记
6.0000,3.0000,1.0000,3483.5000,580.5800,4053.2300,0.0000,0.0000,0.0000,0.0000,0.0000,0.0000,0.0000,3.0000,4053.2300,1.0000,1.0000,249.1900,0.0615,1416.8000,0.0000,1.0000,3.0000,1.0000,0.0000,0,正常报名
8.0000,3.0000,2.0000,14254.1299,1781.7700,55368.2852,0.0000,0.0000,0.0000,0.0000,0.0000,0.0000,0.0000,1.0000,55368.2852,1.0000,1.0000,353.2000,0.1348,72.5500,0.0000,1.0000,1.0000,1.0000,1.0000,1,超高金额报名
7.0000,2.0000,0.0000,8410.5596,1201.5100,2814.2600,0.0000,0.0000,0.0000,0.0000,0.0000,0.0000,0.0000,3.0000,2814.2600,1.0000,1.0000,130.8900,0.0465,85.3200,0.0000,5.0000,3.0000,2.0000,1.0000,0,正常报名
1.0000,0.0000,0.0000,1295.7300,1295.7300,2282.6899,0.0000,1.0000,0.0000,0.0000,0.0000,0.0000,0.0000,3.0000,1228.5242,1.0000,1.0000,244.3500,0.1070,1432.5107,0.0000,1.0000,3.0000,1.0000,0.0000,0,正常退费
6.0000,1.0000,0.0000,14755.4805,2459.2500,3762.7800,0.0000,0.0000,0.0000,0.0000,0.0000,1.0000,0.0000,2.0000,9176.7119,1.0000,1.0000,564.5100,0.1500,221.3100,1.0000,4.0000,2.0000,1.0000,0.0000,0,凌晨大额标记
6.0000,0.0000,0.0000,17323.2793,2887.2100,6013.5698,0.0000,0.0000,0.0000,0.0000,0.0000,0.0000,0.0000,3.0000,2113.4299,1.0000,1.0000,71.3400,0.0338,1219.9301,0.0000,2.0000,3.0000,2.0000,0.0000,0,正常报名
7.0000,2.0000,0.0000,12656.5801,1808.0800,2858.1399,0.0000,0.0000,0.0000,0.0000,0.0000,0.0000,0.0000,2.0000,909.9500,1.0000,1.0000,56.1300,0.0617,348.7600,0.0000,3.0000,2.0000,1.0000,0.0000,0,正常报名
11.0000,1.0000,0.0000,6166.6401,560.6000,732.6000,0.0000,1.0000,0.0000,0.0909,0.0000,1.0000,0.0000,1.0000,732.6000,1.0000,1.0000,51.4000,0.0702,196.9800,0.0000,4.0000,1.0000,2.0000,0.0000,0,正常报名
10.0000,5.0000,0.0000,11629.5303,1162.9500,1347.1500,1.0000,1.0000,0.1000,0.1000,2739.5701,0.0000,0.0000,1.0000,3408.7344,1.0000,1.0000,130.1100,0.1316,799.9372,0.0000,1.0000,1.0000,2.0000,0.0000,0,正常退费
7.0000,0.0000,0.0000,22895.4902,3270.7800,3652.6499,0.0000,0.0000,0.0000,0.0000,0.0000,0.0000,0.0000,2.0000,803.4200,1.0000,1.0000,57.8700,0.0720,2209.1101,1.0000,3.0000,2.0000,1.0000,0.0000,0,正常报名
9.0000,3.0000,2.0000,5711.8101,634.6500,2443.1699,0.0000,0.0000,0.0000,0.0000,0.0000,0.0000,0.0000,1.0000,2443.1699,1.0000,1.0000,367.6500,0.1505,1711.6400,0.0000,2.0000,1.0000,1.0000,0.0000,0,正常报名
2.0000,2.0000,2.0000,6940.7700,3470.3899,52070.3281,0.0000,0.0000,0.0000,0.0000,0.0000,0.0000,0.0000,2.0000,52070.3281,1.0000,1.0000,8.0400,0.0179,362.9200,0.0000,1.0000,2.0000,1.0000,0.0000,1,超高金额报名
9.0000,0.0000,0.0000,24913.1602,2768.1299,5227.9800,0.0000,1.0000,0.0000,0.0000,0.0000,1.0000,0.0000,3.0000,10560.4990,1.0000,1.0000,61.4100,0.0357,2.6657,0.0000,4.0000,3.0000,2.0000,1.0000,1,零学时大额退费
5.0000,4.0000,0.0000,1598.5900,319.7200,4061.0701,0.0000,0.0000,0.0000,0.0000,0.0000,0.0000,0.0000,3.0000,4061.0701,1.0000,1.0000,3.8500,0.0009,617.2200,0.0000,1.0000,3.0000,1.0000,0.0000,0,正常报名
10.0000,3.0000,1.0000,4472.8799,447.2900,1538.6200,0.0000,0.0000,0.0000,0.0000,0.0000,1.0000,0.0000,3.0000,1538.6200,1.0000,1.0000,86.0300,0.0559,1900.2500,0.0000,5.0000,3.0000,1.0000,0.0000,0,正常报名
11.0000,3.0000,0.0000,8041.9302,731.0800,1327.7700,1.0000,1.0000,0.0909,0.0909,1607.0000,0.0000,0.0000,1.0000,8866.1289,1.0000,1.0000,206.4600,0.1555,142.8000,1.0000,2.0000,1.0000,2.0000,1.0000,0,凌晨大额标记
10.0000,0.0000,0.0000,2522.6499,2522.6499,2712.7300,5.0000,5.0000,0.5000,0.5000,29281.0977,0.0000,0.0000,1.0000,1438.4900,1.0000,1.0000,212.1200,0.1475,703.9000,0.0000,1.0000,1.0000,1.0000,0.0000,1,极高退费率
4.0000,4.0000,2.0000,8624.1602,2156.0400,4676.0000,0.0000,0.0000,0.0000,0.0000,0.0000,0.0000,0.0000,3.0000,1887.9500,1.0000,1.0000,315.5700,0.1671,1877.2600,0.0000,4.0000,3.0000,11.0000,1.0000,1,同设备多账号
3.0000,2.0000,2.0000,9434.6201,3144.8701,5000.3799,0.0000,0.0000,0.0000,0.0000,0.0000,1.0000,0.0000,3.0000,1792.9500,1.0000,1.0000,288.6300,0.1610,987.7100,0.0000,1.0000,3.0000,2.0000,0.0000,0,正常报名
10.0000,5.0000,2.0000,33718.0117,3371.8000,3873.2700,0.0000,1.0000,0.0000,0.0000,0.0000,0.0000,0.0000,1.0000,6112.2451,1.0000,1.0000,34.7800,0.0192,2.3397,0.0000,5.0000,1.0000,1.0000,0.0000,1,零学时大额退费
3.0000,0.0000,0.0000,1011.1300,337.0400,659.7400,0.0000,1.0000,0.0000,0.0000,0.0000,0.0000,0.0000,1.0000,2609.4954,1.0000,1.0000,32.4000,0.0508,246.5336,0.0000,1.0000,1.0000,2.0000,0.0000,0,正常退费
10.0000,4.0000,1.0000,30828.0098,3425.3301,6524.3301,8.0000,8.0000,0.8000,0.8000,5904.3027,0.0000,0.0000,1.0000,4051.9299,1.0000,1.0000,654.2200,0.1615,906.8400,0.0000,1.0000,1.0000,1.0000,0.0000,1,极高退费率
6.0000,1.0000,1.0000,4533.9702,755.6600,3336.5901,0.0000,0.0000,0.0000,0.0000,0.0000,0.0000,0.0000,2.0000,3336.5901,1.0000,1.0000,440.4800,0.1320,1425.9700,0.0000,2.0000,2.0000,1.0000,0.0000,0,正常报名
12.0000,3.0000,0.0000,5885.2402,1961.7500,4471.0000,10.0000,10.0000,0.8333,0.8333,8503.1172,1.0000,0.0000,2.0000,4471.0000,1.0000,1.0000,167.5700,0.0375,213.6900,0.0000,3.0000,2.0000,2.0000,0.0000,1,极高退费率
6.0000,3.0000,0.0000,8199.8301,1366.6400,4218.5400,0.0000,0.0000,0.0000,0.0000,0.0000,0.0000,0.0000,2.0000,0.0000,0.0000,0.0000,0.0000,0.0000,0.0000,0.0000,1.0000,2.0000,2.0000,0.0000,0,正常学历认证
8.0000,5.0000,0.0000,18277.4297,2284.6799,4722.2700,0.0000,0.0000,0.0000,0.0000,0.0000,0.0000,0.0000,1.0000,15144.1641,1.0000,1.0000,3.3500,0.0017,1773.2300,0.0000,1.0000,1.0000,3.0000,1.0000,1,新设备大额报名
5.0000,0.0000,0.0000,10962.5303,2192.5100,2237.8999,0.0000,0.0000,0.0000,0.0000,0.0000,0.0000,0.0000,2.0000,2009.0000,1.0000,1.0000,46.9400,0.0234,192.7000,0.0000,2.0000,2.0000,2.0000,0.0000,0,正常报名
7.0000,4.0000,2.0000,13685.2402,1955.0300,3541.8899,0.0000,1.0000,0.0000,0.0000,0.0000,0.0000,0.0000,2.0000,2649.8789,1.0000,1.0000,170.6100,0.0848,1583.9902,0.0000,1.0000,2.0000,1.0000,0.0000,0,正常退费
1.0000,0.0000,0.0000,1386.6200,1386.6200,4033.7400,0.0000,0.0000,0.0000,0.0000,0.0000,0.0000,0.0000,2.0000,19564.9648,1.0000,1.0000,394.3300,0.0978,2280.6599,0.0000,1.0000,2.0000,2.0000,1.0000,1,新设备大额报名
3.0000,0.0000,0.0000,3025.1899,1008.4000,3740.9099,0.0000,0.0000,0.0000,0.0000,0.0000,0.0000,0.0000,1.0000,3740.9099,1.0000,1.0000,575.9200,0.1540,1520.9200,0.0000,3.0000,1.0000,10.0000,0.0000,1,同设备多账号
7.0000,1.0000,0.0000,2883.3301,2883.3301,4377.8398,6.0000,6.0000,0.8571,0.8571,17010.1992,0.0000,0.0000,3.0000,867.0900,1.0000,1.0000,145.3500,0.1676,1234.3400,0.0000,1.0000,3.0000,1.0000,0.0000,1,极高退费率
12.0000,3.0000,2.0000,24834.5508,2069.5500,4137.9199,0.0000,0.0000,0.0000,0.0000,0.0000,0.0000,0.0000,3.0000,0.0000,0.0000,0.0000,0.0000,0.0000,0.0000,0.0000,5.0000,3.0000,1.0000,0.0000,0,正常学历认证
5.0000,1.0000,1.0000,2539.1201,507.8200,3375.1899,0.0000,0.0000,0.0000,0.0000,0.0000,0.0000,0.0000,1.0000,0.0000,0.0000,0.0000,0.0000,0.0000,0.0000,0.0000,2.0000,1.0000,2.0000,0.0000,0,正常学历认证
1.0000,0.0000,0.0000,1382.1500,1382.1500,1630.2900,0.0000,0.0000,0.0000,0.0000,0.0000,0.0000,0.0000,1.0000,926.8700,1.0000,1.0000,64.9900,0.0701,1811.9800,0.0000,1.0000,1.0000,2.0000,0.0000,0,正常报名
4.0000,2.0000,1.0000,8413.0996,2103.2800,2701.3799,0.0000,0.0000,0.0000,0.0000,0.0000,0.0000,0.0000,3.0000,1721.9700,1.0000,1.0000,158.3300,0.0919,1065.7700,0.0000,2.0000,3.0000,1.0000,0.0000,0,正常报名
2.0000,0.0000,0.0000,4987.7002,2493.8501,3250.9199,0.0000,0.0000,0.0000,0.0000,0.0000,1.0000,0.0000,2.0000,3250.9199,1.0000,1.0000,283.0400,0.0871,2089.5400,0.0000,1.0000,2.0000,2.0000,1.0000,0,正常报名
2.0000,1.0000,1.0000,2793.1001,1396.5500,37356.4219,0.0000,0.0000,0.0000,0.0000,0.0000,0.0000,0.0000,3.0000,37356.4219,1.0000,1.0000,662.6800,0.1667,577.2100,0.0000,2.0000,3.0000,1.0000,1.0000,1,超高金额报名
9.0000,4.0000,2.0000,9248.0596,1027.5601,3398.7100,0.0000,0.0000,0.0000,0.0000,0.0000,1.0000,0.0000,3.0000,0.0000,0.0000,0.0000,0.0000,0.0000,0.0000,0.0000,3.0000,3.0000,1.0000,0.0000,0,正常学历认证
6.0000,1.0000,1.0000,16790.0098,2798.3401,3172.4700,0.0000,0.0000,0.0000,0.0000,0.0000,1.0000,0.0000,3.0000,2475.6799,1.0000,1.0000,289.6900,0.1170,292.9500,0.0000,2.0000,3.0000,2.0000,0.0000,0,正常报名
8.0000,0.0000,0.0000,21136.4805,2642.0601,30561.8535,0.0000,0.0000,0.0000,0.0000,0.0000,0.0000,0.0000,2.0000,30561.8535,1.0000,1.0000,122.3800,0.0281,1882.7100,0.0000,2.0000,2.0000,2.0000,0.0000,1,超高金额报名
9.0000,5.0000,2.0000,19647.9102,2183.1001,2461.2900,0.0000,0.0000,0.0000,0.0000,0.0000,0.0000,0.0000,1.0000,19328.3594,1.0000,1.0000,339.2100,0.1798,1401.4000,0.0000,2.0000,1.0000,3.0000,1.0000,1,新设备大额报名
11.0000,5.0000,1.0000,15108.5400,1373.5000,2625.5801,0.0000,0.0000,0.0000,0.0000,0.0000,0.0000,0.0000,2.0000,2625.5801,1.0000,1.0000,390.6700,0.1488,449.8400,0.0000,3.0000,2.0000,1.0000,0.0000,0,正常报名
6.0000,3.0000,2.0000,4703.5298,783.9200,1515.2900,0.0000,0.0000,0.0000,0.0000,0.0000,0.0000,0.0000,3.0000,7450.0996,1.0000,1.0000,84.6500,0.1190,369.8300,1.0000,4.0000,3.0000,1.0000,0.0000,0,凌晨大额标记
5.0000,5.0000,0.0000,9390.0195,1878.0000,3772.5100,0.0000,1.0000,0.0000,0.0000,0.0000,1.0000,0.0000,3.0000,2223.1672,1.0000,1.0000,267.1300,0.0708,870.9268,0.0000,4.0000,3.0000,1.0000,1.0000,0,正常退费
12.0000,5.0000,2.0000,23565.1094,1963.7600,4175.8701,0.0000,0.0000,0.0000,0.0000,0.0000,0.0000,0.0000,2.0000,4175.8701,1.0000,1.0000,263.3100,0.0631,2315.3101,0.0000,4.0000,2.0000,1.0000,0.0000,0,正常报名
10.0000,0.0000,0.0000,22224.1602,2222.4199,3548.0500,0.0000,0.0000,0.0000,0.0000,0.0000,0.0000,0.0000,3.0000,1592.5100,1.0000,1.0000,251.8700,0.1582,916.8000,0.0000,1.0000,3.0000,2.0000,0.0000,0,正常报名
5.0000,4.0000,2.0000,7940.7700,1588.1500,3492.5100,0.0000,0.0000,0.0000,0.0000,0.0000,0.0000,0.0000,2.0000,3492.5100,1.0000,1.0000,427.5300,0.1224,2310.0300,0.0000,3.0000,2.0000,1.0000,1.0000,0,正常报名
2.0000,0.0000,0.0000,2453.4399,1226.7200,2643.1201,0.0000,0.0000,0.0000,0.0000,0.0000,0.0000,0.0000,1.0000,0.0000,0.0000,0.0000,0.0000,0.0000,0.0000,0.0000,2.0000,1.0000,1.0000,0.0000,0,正常学历认证
4.0000,3.0000,1.0000,3617.0601,904.2600,3131.4800,0.0000,0.0000,0.0000,0.0000,0.0000,0.0000,0.0000,3.0000,8599.3301,1.0000,1.0000,492.6400,0.1573,1809.7300,1.0000,1.0000,3.0000,1.0000,0.0000,0,凌晨大额标记
4.0000,1.0000,0.0000,6729.3198,1682.3300,3378.7700,0.0000,0.0000,0.0000,0.0000,0.0000,0.0000,0.0000,1.0000,3378.7700,1.0000,1.0000,143.8300,0.0426,1510.8000,1.0000,4.0000,1.0000,1.0000,0.0000,0,正常报名
12.0000,4.0000,2.0000,38309.1016,3192.4299,6744.5000,0.0000,0.0000,0.0000,0.0000,0.0000,0.0000,0.0000,2.0000,500.9900,1.0000,1.0000,15.9400,0.0318,1853.6200,0.0000,2.0000,2.0000,1.0000,0.0000,0,正常报名
8.0000,1.0000,1.0000,1105.8600,1105.8600,4321.7100,7.0000,7.0000,0.8750,0.8750,12693.6162,0.0000,0.0000,3.0000,4321.7100,1.0000,1.0000,570.8500,0.1321,209.9700,0.0000,1.0000,3.0000,1.0000,0.0000,1,极高退费率
6.0000,1.0000,0.0000,3522.8799,1761.4399,2672.7800,4.0000,6.0000,0.6667,1.0000,13548.2480,0.0000,0.0000,1.0000,2672.7800,1.0000,1.0000,403.8900,0.1511,2114.2300,0.0000,2.0000,1.0000,1.0000,0.0000,1,连环退费
3.0000,3.0000,2.0000,3726.5701,1242.1899,3585.3501,0.0000,1.0000,0.0000,0.0000,0.0000,0.0000,0.0000,3.0000,1591.7556,1.0000,1.0000,37.6200,0.0105,532.9338,0.0000,1.0000,3.0000,1.0000,0.0000,0,正常退费
7.0000,0.0000,0.0000,14567.0195,2081.0000,3622.3899,0.0000,1.0000,0.0000,0.0000,0.0000,0.0000,0.0000,2.0000,9978.4902,1.0000,1.0000,13.1500,0.0052,1.6335,0.0000,3.0000,2.0000,1.0000,0.0000,1,零学时大额退费
13.0000,2.0000,1.0000,9925.0000,1985.0000,2798.0300,3.0000,5.0000,0.2308,0.3846,20669.1797,1.0000,0.0000,3.0000,620.5900,1.0000,1.0000,77.1800,0.1244,665.4600,0.0000,3.0000,3.0000,2.0000,0.0000,1,连环退费
7.0000,1.0000,0.0000,14152.3203,2021.7600,4124.5200,0.0000,0.0000,0.0000,0.0000,0.0000,0.0000,0.0000,3.0000,2172.5100,1.0000,1.0000,103.5600,0.0477,410.2500,0.0000,4.0000,3.0000,14.0000,0.0000,1,同设备多账号
12.0000,0.0000,0.0000,38637.9805,3219.8301,3360.3301,0.0000,0.0000,0.0000,0.0000,0.0000,0.0000,0.0000,1.0000,1277.8400,1.0000,1.0000,95.3700,0.0746,388.8900,0.0000,2.0000,1.0000,2.0000,0.0000,0,正常报名
10.0000,3.0000,1.0000,31879.6191,3187.9600,3278.7200,0.0000,1.0000,0.0000,0.0000,0.0000,0.0000,0.0000,3.0000,3422.7869,1.0000,1.0000,368.9900,0.1740,1563.4795,0.0000,2.0000,3.0000,2.0000,0.0000,0,正常退费
2.0000,1.0000,0.0000,6531.1899,3265.6001,4400.3599,0.0000,0.0000,0.0000,0.0000,0.0000,0.0000,0.0000,1.0000,606.7300,1.0000,1.0000,15.1800,0.0250,669.9000,0.0000,1.0000,1.0000,2.0000,0.0000,0,正常报名
9.0000,3.0000,0.0000,4394.2598,1464.7500,4286.9302,6.0000,6.0000,0.6667,0.6667,7950.3940,0.0000,0.0000,2.0000,4286.9302,1.0000,1.0000,389.2100,0.0908,823.1900,0.0000,3.0000,2.0000,2.0000,0.0000,1,极高退费率
6.0000,3.0000,2.0000,4601.1602,766.8600,3409.2100,0.0000,0.0000,0.0000,0.0000,0.0000,1.0000,0.0000,1.0000,6811.1108,1.0000,1.0000,410.9700,0.1205,459.9700,1.0000,4.0000,1.0000,2.0000,0.0000,0,凌晨大额标记
6.0000,0.0000,0.0000,5399.2798,899.8800,1489.0200,0.0000,0.0000,0.0000,0.0000,0.0000,0.0000,0.0000,2.0000,365.0100,1.0000,1.0000,10.1200,0.0277,582.9400,0.0000,4.0000,2.0000,1.0000,0.0000,0,正常报名
7.0000,2.0000,1.0000,9807.5000,1401.0699,3594.6101,0.0000,1.0000,0.0000,0.0000,0.0000,0.0000,0.0000,3.0000,3244.7620,1.0000,1.0000,264.7400,0.0737,841.6791,0.0000,1.0000,3.0000,2.0000,0.0000,0,正常退费
5.0000,4.0000,0.0000,31071.6602,3452.4099,3926.5701,3.0000,3.0000,0.6000,0.6000,22228.9570,0.0000,0.0000,3.0000,3124.0100,1.0000,1.0000,297.1600,0.0951,2330.1201,0.0000,1.0000,3.0000,1.0000,0.0000,1,极高退费率
4.0000,3.0000,2.0000,2064.5200,516.1300,795.5300,0.0000,0.0000,0.0000,0.0000,0.0000,0.0000,6.0000,2.0000,0.0000,0.0000,0.0000,0.0000,0.0000,0.0000,0.0000,1.0000,2.0000,1.0000,0.0000,1,身份连续认证失败
7.0000,0.0000,0.0000,21820.6094,3117.2300,5315.4302,0.0000,0.0000,0.0000,0.0000,0.0000,0.0000,0.0000,2.0000,4436.1602,1.0000,1.0000,107.9300,0.0243,866.3100,0.0000,4.0000,2.0000,1.0000,1.0000,0,正常报名
4.0000,4.0000,2.0000,10062.6797,2515.6699,3393.7500,0.0000,0.0000,0.0000,0.0000,0.0000,0.0000,0.0000,3.0000,3393.7500,1.0000,1.0000,440.1800,0.1297,1833.0601,0.0000,2.0000,3.0000,2.0000,0.0000,0,正常报名
2.0000,1.0000,0.0000,5664.0601,2832.0300,4379.0801,0.0000,0.0000,0.0000,0.0000,0.0000,0.0000,0.0000,3.0000,8094.6997,1.0000,1.0000,220.3900,0.0503,1301.2800,1.0000,2.0000,3.0000,2.0000,1.0000,0,凌晨大额标记
7.0000,1.0000,0.0000,3589.1799,512.7400,4105.0200,0.0000,0.0000,0.0000,0.0000,0.0000,0.0000,0.0000,1.0000,4105.0200,1.0000,1.0000,142.5900,0.0347,829.5900,0.0000,3.0000,1.0000,1.0000,0.0000,0,正常报名
12.0000,1.0000,1.0000,27347.2402,2278.9399,3129.8101,0.0000,0.0000,0.0000,0.0000,0.0000,0.0000,0.0000,1.0000,1953.4800,1.0000,1.0000,50.1400,0.0257,683.3000,1.0000,2.0000,1.0000,2.0000,0.0000,0,正常报名
4.0000,1.0000,0.0000,8946.6396,2236.6599,4496.2100,0.0000,0.0000,0.0000,0.0000,0.0000,1.0000,0.0000,2.0000,0.0000,0.0000,0.0000,0.0000,0.0000,0.0000,0.0000,4.0000,2.0000,1.0000,1.0000,0,正常学历认证
5.0000,0.0000,0.0000,17039.2793,3407.8601,3799.3501,0.0000,0.0000,0.0000,0.0000,0.0000,0.0000,0.0000,1.0000,8228.0361,1.0000,1.0000,121.4600,0.1467,1206.8300,1.0000,5.0000,1.0000,2.0000,0.0000,0,凌晨大额标记
9.0000,1.0000,1.0000,18919.8906,2102.2100,3976.3701,0.0000,0.0000,0.0000,0.0000,0.0000,0.0000,0.0000,2.0000,3976.3701,1.0000,1.0000,323.3900,0.0813,1050.7100,0.0000,1.0000,2.0000,1.0000,0.0000,0,正常报名
10.0000,5.0000,1.0000,7180.3701,1196.7300,2476.4099,4.0000,10.0000,0.4000,1.0000,32284.9961,0.0000,0.0000,3.0000,2476.4099,1.0000,1.0000,326.2300,0.1317,1507.8700,0.0000,4.0000,3.0000,1.0000,0.0000,1,连环退费
3.0000,1.0000,0.0000,9550.0703,3183.3601,6146.3701,0.0000,0.0000,0.0000,0.0000,0.0000,0.0000,0.0000,3.0000,403.1000,1.0000,1.0000,54.1500,0.1343,102.2000,0.0000,1.0000,3.0000,2.0000,0.0000,0,正常报名
2.0000,2.0000,0.0000,2875.1001,1437.5500,3805.0300,0.0000,1.0000,0.0000,0.0000,0.0000,0.0000,0.0000,1.0000,1219.1207,1.0000,1.0000,260.3400,0.0684,140.2486,0.0000,2.0000,1.0000,2.0000,0.0000,0,正常退费
1.0000,0.0000,0.0000,1028.4200,1028.4200,4388.6401,0.0000,0.0000,0.0000,0.0000,0.0000,0.0000,0.0000,3.0000,4388.6401,1.0000,1.0000,356.2400,0.0812,1373.3101,0.0000,1.0000,3.0000,1.0000,0.0000,0,正常报名
4.0000,4.0000,2.0000,11375.7598,2843.9399,2969.1399,0.0000,1.0000,0.0000,0.0000,0.0000,0.0000,0.0000,1.0000,3022.8362,1.0000,1.0000,487.0600,0.1652,1214.6123,0.0000,1.0000,1.0000,1.0000,0.0000,0,正常退费
8.0000,1.0000,0.0000,10923.1797,1365.4000,2165.7600,0.0000,0.0000,0.0000,0.0000,0.0000,0.0000,0.0000,1.0000,0.0000,0.0000,0.0000,0.0000,0.0000,0.0000,0.0000,3.0000,1.0000,1.0000,0.0000,0,正常学历认证
4.0000,1.0000,1.0000,6619.7900,661.9800,3161.6499,3.0000,3.0000,0.7500,0.7500,12417.6914,0.0000,0.0000,2.0000,3161.6499,1.0000,1.0000,515.8600,0.1632,1695.4000,0.0000,4.0000,2.0000,2.0000,0.0000,1,连环退费
8.0000,2.0000,0.0000,17559.8105,2194.9800,3494.7500,0.0000,0.0000,0.0000,0.0000,0.0000,0.0000,0.0000,1.0000,1806.4000,1.0000,1.0000,205.0200,0.1135,557.7900,0.0000,2.0000,1.0000,2.0000,0.0000,0,正常报名
8.0000,0.0000,0.0000,20791.3594,2598.9199,3416.6799,0.0000,0.0000,0.0000,0.0000,0.0000,0.0000,0.0000,1.0000,2609.2500,1.0000,1.0000,294.7400,0.1130,816.7300,0.0000,4.0000,1.0000,1.0000,0.0000,0,正常报名
10.0000,5.0000,2.0000,12734.1201,1414.9000,3265.4900,8.0000,8.0000,0.8000,0.8000,7115.8096,0.0000,0.0000,1.0000,3265.4900,1.0000,1.0000,321.7900,0.0985,1905.9600,0.0000,4.0000,1.0000,2.0000,1.0000,1,极高退费率
12.0000,4.0000,0.0000,11691.2803,974.2700,1595.0200,0.0000,1.0000,0.0000,0.0833,0.0000,1.0000,0.0000,1.0000,3035.3628,1.0000,1.0000,111.2900,0.0698,252.0214,0.0000,2.0000,1.0000,2.0000,0.0000,0,正常退费
2.0000,2.0000,1.0000,5511.6299,2755.8101,2934.4399,0.0000,0.0000,0.0000,0.0000,0.0000,0.0000,0.0000,2.0000,0.0000,0.0000,0.0000,0.0000,0.0000,0.0000,0.0000,1.0000,2.0000,1.0000,1.0000,0,正常学历认证
3.0000,1.0000,0.0000,6539.6099,2179.8701,4527.1802,0.0000,0.0000,0.0000,0.0000,0.0000,0.0000,0.0000,3.0000,1471.1600,1.0000,1.0000,177.3100,0.1205,2259.2300,0.0000,2.0000,3.0000,1.0000,0.0000,0,正常报名
2.0000,2.0000,2.0000,3861.6899,1930.8400,2991.1699,0.0000,0.0000,0.0000,0.0000,0.0000,0.0000,0.0000,3.0000,0.0000,0.0000,0.0000,0.0000,0.0000,0.0000,0.0000,1.0000,3.0000,1.0000,0.0000,0,正常学历认证
12.0000,5.0000,1.0000,8531.2305,710.9400,1395.9500,0.0000,0.0000,0.0000,0.0000,0.0000,0.0000,0.0000,1.0000,7546.8276,1.0000,1.0000,110.7000,0.0830,1737.5900,1.0000,5.0000,1.0000,2.0000,0.0000,0,凌晨大额标记
8.0000,5.0000,1.0000,35438.8008,3221.7100,7051.2500,7.0000,6.0000,0.8750,0.7500,13318.1572,0.0000,0.0000,3.0000,3434.1799,1.0000,1.0000,23.3600,0.0068,1460.5800,0.0000,3.0000,3.0000,2.0000,0.0000,1,连环退费
5.0000,3.0000,2.0000,14031.2500,2806.2500,4268.0200,0.0000,0.0000,0.0000,0.0000,0.0000,0.0000,0.0000,2.0000,5035.8188,1.0000,1.0000,279.6000,0.0655,1530.3600,1.0000,3.0000,2.0000,2.0000,0.0000,0,凌晨大额标记
12.0000,2.0000,1.0000,20885.1895,1740.4301,3689.3301,0.0000,0.0000,0.0000,0.0000,0.0000,0.0000,0.0000,1.0000,589.8700,1.0000,1.0000,21.4900,0.0364,633.2900,0.0000,2.0000,1.0000,1.0000,0.0000,0,正常报名
5.0000,2.0000,2.0000,16103.8301,3220.7700,4439.7500,0.0000,0.0000,0.0000,0.0000,0.0000,1.0000,0.0000,3.0000,3882.5400,1.0000,1.0000,80.7500,0.0208,715.3300,0.0000,5.0000,3.0000,1.0000,0.0000,0,正常报名
3.0000,3.0000,0.0000,2109.4800,703.1600,2083.8000,0.0000,0.0000,0.0000,0.0000,0.0000,0.0000,0.0000,2.0000,0.0000,0.0000,0.0000,0.0000,0.0000,0.0000,0.0000,2.0000,2.0000,1.0000,0.0000,0,正常学历认证
4.0000,3.0000,2.0000,11032.7100,2206.5400,2322.4500,3.0000,4.0000,0.7500,1.0000,22377.2266,0.0000,0.0000,1.0000,2297.3301,1.0000,1.0000,365.9300,0.1593,1787.0000,0.0000,1.0000,1.0000,2.0000,0.0000,1,连环退费
5.0000,2.0000,2.0000,4099.5098,819.9000,3874.4600,0.0000,0.0000,0.0000,0.0000,0.0000,0.0000,0.0000,2.0000,3874.4600,1.0000,1.0000,271.7700,0.0701,570.5600,0.0000,5.0000,2.0000,2.0000,0.0000,0,正常报名
10.0000,2.0000,2.0000,11424.6504,1142.4700,1830.6100,0.0000,0.0000,0.0000,0.0000,0.0000,0.0000,0.0000,2.0000,1830.6100,1.0000,1.0000,3.7200,0.0020,953.2500,0.0000,2.0000,2.0000,1.0000,0.0000,0,正常报名
8.0000,1.0000,0.0000,18415.6895,2301.9600,3579.4900,0.0000,0.0000,0.0000,0.0000,0.0000,0.0000,0.0000,2.0000,1683.7000,1.0000,1.0000,145.4500,0.0864,2268.2500,0.0000,4.0000,2.0000,2.0000,0.0000,0,正常报名
10.0000,1.0000,0.0000,10709.9102,1070.9900,1685.8101,0.0000,0.0000,0.0000,0.0000,0.0000,1.0000,0.0000,1.0000,1685.8101,1.0000,1.0000,252.4700,0.1498,189.5200,0.0000,5.0000,1.0000,1.0000,0.0000,0,正常报名
3.0000,0.0000,0.0000,6781.2202,2260.4099,3069.9500,0.0000,1.0000,0.0000,0.0000,0.0000,0.0000,0.0000,3.0000,8804.6279,1.0000,1.0000,201.7200,0.0871,0.5096,0.0000,1.0000,3.0000,2.0000,0.0000,1,零学时大额退费
4.0000,2.0000,2.0000,2212.5801,553.1500,2148.8000,0.0000,1.0000,0.0000,0.0000,0.0000,0.0000,0.0000,1.0000,1405.4991,1.0000,1.0000,300.4200,0.1398,1.3331,0.0000,2.0000,1.0000,2.0000,1.0000,1,零学时大额退费
11.0000,3.0000,1.0000,34872.1992,3170.2000,4218.4399,5.0000,11.0000,0.4545,1.0000,29985.9043,1.0000,0.0000,1.0000,2128.3601,1.0000,1.0000,330.2100,0.1551,1743.4900,0.0000,5.0000,1.0000,1.0000,0.0000,1,连环退费
9.0000,4.0000,1.0000,29542.5293,3282.5000,6365.8701,0.0000,0.0000,0.0000,0.0000,0.0000,0.0000,0.0000,2.0000,0.0000,0.0000,0.0000,0.0000,0.0000,0.0000,0.0000,4.0000,2.0000,1.0000,1.0000,0,正常学历认证
1.0000,1.0000,0.0000,3344.1799,3344.1799,7117.4102,0.0000,0.0000,0.0000,0.0000,0.0000,0.0000,0.0000,2.0000,8861.3613,1.0000,1.0000,260.5000,0.0889,1671.3500,1.0000,1.0000,2.0000,2.0000,1.0000,0,凌晨大额标记
12.0000,3.0000,0.0000,5195.6699,432.9700,1431.7700,0.0000,0.0000,0.0000,0.0000,0.0000,1.0000,0.0000,1.0000,9124.0000,1.0000,1.0000,180.6200,0.1261,99.5800,1.0000,2.0000,1.0000,2.0000,0.0000,0,凌晨大额标记
1.0000,1.0000,0.0000,3446.0000,3446.0000,3467.1499,0.0000,0.0000,0.0000,0.0000,0.0000,0.0000,0.0000,2.0000,2370.9299,1.0000,1.0000,397.9300,0.1678,609.6600,0.0000,1.0000,2.0000,2.0000,0.0000,0,正常报名
8.0000,1.0000,0.0000,12088.0703,1511.0100,2344.3799,0.0000,0.0000,0.0000,0.0000,0.0000,0.0000,0.0000,3.0000,2344.3799,1.0000,1.0000,200.4300,0.0855,1200.2800,0.0000,2.0000,3.0000,1.0000,1.0000,0,正常报名
6.0000,4.0000,1.0000,8042.5400,670.2100,3587.6599,6.0000,6.0000,1.0000,1.0000,15654.4404,1.0000,0.0000,2.0000,3587.6599,1.0000,1.0000,240.7400,0.0671,1841.9600,0.0000,2.0000,2.0000,1.0000,0.0000,1,极高退费率
7.0000,4.0000,2.0000,8166.8301,1166.6899,2311.0801,0.0000,0.0000,0.0000,0.0000,0.0000,0.0000,0.0000,2.0000,7199.7178,1.0000,1.0000,83.2500,0.0481,1534.4000,1.0000,2.0000,2.0000,1.0000,0.0000,0,凌晨大额标记
10.0000,1.0000,0.0000,7241.6499,1810.4100,2730.8000,6.0000,5.0000,0.6000,0.5000,28098.3652,0.0000,0.0000,2.0000,1196.6700,1.0000,1.0000,155.8300,0.1302,1436.4301,0.0000,2.0000,2.0000,2.0000,0.0000,1,连环退费
12.0000,2.0000,1.0000,27247.2500,2270.6001,2888.3301,0.0000,0.0000,0.0000,0.0000,0.0000,0.0000,0.0000,2.0000,0.0000,0.0000,0.0000,0.0000,0.0000,0.0000,0.0000,5.0000,2.0000,2.0000,0.0000,0,正常学历认证
10.0000,3.0000,1.0000,10991.0000,1099.1000,3189.2600,0.0000,0.0000,0.0000,0.0000,0.0000,0.0000,0.0000,2.0000,3189.2600,1.0000,1.0000,166.0700,0.0521,1061.9000,0.0000,4.0000,2.0000,1.0000,0.0000,0,正常报名
3.0000,0.0000,0.0000,2836.8301,945.6100,1496.9301,0.0000,0.0000,0.0000,0.0000,0.0000,1.0000,0.0000,3.0000,1338.1300,1.0000,1.0000,215.4900,0.1610,595.4300,0.0000,3.0000,3.0000,2.0000,0.0000,0,正常报名
5.0000,0.0000,0.0000,12589.9297,2517.9900,4700.2300,0.0000,0.0000,0.0000,0.0000,0.0000,1.0000,0.0000,1.0000,2807.5200,1.0000,1.0000,210.5800,0.0750,1551.3300,0.0000,4.0000,1.0000,2.0000,0.0000,0,正常报名
5.0000,1.0000,0.0000,9594.0996,1918.8199,3161.3301,0.0000,0.0000,0.0000,0.0000,0.0000,1.0000,0.0000,3.0000,2189.9500,1.0000,1.0000,2.7700,0.0013,87.3400,0.0000,3.0000,3.0000,15.0000,0.0000,1,同设备多账号
13.0000,1.0000,1.0000,12014.4199,1092.2200,2758.8301,5.0000,3.0000,0.3846,0.2308,24696.1523,0.0000,0.0000,2.0000,2758.8301,1.0000,1.0000,260.9000,0.0946,807.7000,0.0000,3.0000,2.0000,1.0000,0.0000,1,连环退费
10.0000,2.0000,1.0000,2899.3799,966.4600,2025.8400,3.0000,9.0000,0.3000,0.9000,12065.8154,1.0000,0.0000,1.0000,2025.8400,1.0000,1.0000,10.1400,0.0050,1899.1700,0.0000,2.0000,1.0000,1.0000,0.0000,1,连环退费
9.0000,1.0000,1.0000,14955.0898,1661.6801,4185.4102,0.0000,1.0000,0.0000,0.0000,0.0000,0.0000,0.0000,2.0000,11729.2842,1.0000,1.0000,212.3400,0.0507,0.9583,1.0000,5.0000,2.0000,2.0000,0.0000,1,零学时大额退费
3.0000,0.0000,0.0000,7937.0400,2645.6799,5271.8999,0.0000,0.0000,0.0000,0.0000,0.0000,0.0000,0.0000,1.0000,2167.8000,1.0000,1.0000,236.0300,0.1089,590.6400,0.0000,3.0000,1.0000,2.0000,0.0000,0,正常报名
11.0000,2.0000,2.0000,14564.9199,1324.0800,3595.3701,0.0000,0.0000,0.0000,0.0000,0.0000,0.0000,0.0000,3.0000,3595.3701,1.0000,1.0000,333.7300,0.0928,1552.4900,0.0000,5.0000,3.0000,1.0000,1.0000,0,正常报名
4.0000,2.0000,2.0000,4883.5898,2441.7900,2464.3899,3.0000,4.0000,0.7500,1.0000,19628.6250,0.0000,0.0000,1.0000,2316.6201,1.0000,1.0000,38.0400,0.0164,1733.9301,0.0000,2.0000,1.0000,1.0000,0.0000,1,连环退费
6.0000,2.0000,2.0000,6199.9902,1033.3300,1388.1000,0.0000,0.0000,0.0000,0.0000,0.0000,0.0000,0.0000,3.0000,1302.4399,1.0000,1.0000,178.4000,0.1370,1733.4500,0.0000,5.0000,3.0000,7.0000,1.0000,1,同设备多账号
7.0000,1.0000,0.0000,10980.8203,1568.6899,2226.8799,0.0000,1.0000,0.0000,0.0000,0.0000,0.0000,0.0000,3.0000,821.2737,1.0000,1.0000,39.3300,0.0243,429.5199,0.0000,5.0000,3.0000,1.0000,0.0000,0,正常退费
7.0000,2.0000,0.0000,8193.6602,1170.5200,2640.3701,0.0000,0.0000,0.0000,0.0000,0.0000,0.0000,0.0000,2.0000,2640.3701,1.0000,1.0000,387.9900,0.1469,381.3600,0.0000,3.0000,2.0000,1.0000,0.0000,0,正常报名
3.0000,2.0000,0.0000,9587.5195,3195.8401,4587.0000,0.0000,1.0000,0.0000,0.0000,0.0000,1.0000,0.0000,2.0000,8704.6299,1.0000,1.0000,300.0700,0.1166,3.9618,0.0000,1.0000,2.0000,1.0000,0.0000,1,零学时大额退费
10.0000,3.0000,1.0000,21070.6309,2107.0601,3754.4399,1.0000,1.0000,0.1000,0.1000,1728.1100,0.0000,0.0000,2.0000,3754.4399,1.0000,1.0000,213.8400,0.0570,2365.5901,0.0000,2.0000,2.0000,2.0000,0.0000,0,正常报名
7.0000,5.0000,1.0000,2156.7600,308.1100,2661.3899,0.0000,0.0000,0.0000,0.0000,0.0000,0.0000,0.0000,2.0000,2661.3899,1.0000,1.0000,467.2200,0.1756,1512.6700,0.0000,5.0000,2.0000,2.0000,0.0000,0,正常报名
8.0000,4.0000,2.0000,24653.6699,3081.7100,4854.2100,0.0000,0.0000,0.0000,0.0000,0.0000,0.0000,0.0000,1.0000,27185.4238,1.0000,1.0000,238.0400,0.1329,1165.1100,0.0000,3.0000,1.0000,2.0000,1.0000,1,新设备大额报名
12.0000,5.0000,1.0000,33122.3906,2760.2000,5083.6099,0.0000,0.0000,0.0000,0.0000,0.0000,0.0000,0.0000,2.0000,1411.5500,1.0000,1.0000,110.5500,0.0783,2238.1499,0.0000,3.0000,2.0000,1.0000,0.0000,0,正常报名
4.0000,3.0000,0.0000,9615.5498,2403.8899,4509.8901,1.0000,1.0000,0.2500,0.2500,2967.7200,0.0000,0.0000,2.0000,0.0000,0.0000,0.0000,0.0000,0.0000,0.0000,0.0000,4.0000,2.0000,1.0000,0.0000,0,正常学历认证
7.0000,0.0000,0.0000,17792.2598,2541.7500,5095.6099,0.0000,0.0000,0.0000,0.0000,0.0000,0.0000,0.0000,3.0000,3403.3501,1.0000,1.0000,495.8000,0.1457,1328.4200,0.0000,5.0000,3.0000,2.0000,0.0000,0,正常报名
4.0000,2.0000,2.0000,4712.0898,1178.0200,3236.2300,0.0000,0.0000,0.0000,0.0000,0.0000,0.0000,0.0000,2.0000,3236.2300,1.0000,1.0000,55.4300,0.0171,665.5400,0.0000,2.0000,2.0000,2.0000,0.0000,0,正常报名
5.0000,5.0000,0.0000,16384.5801,3276.9199,6838.5400,0.0000,0.0000,0.0000,0.0000,0.0000,0.0000,0.0000,3.0000,0.0000,0.0000,0.0000,0.0000,0.0000,0.0000,0.0000,4.0000,3.0000,2.0000,0.0000,0,正常学历认证
6.0000,0.0000,0.0000,18224.6094,3037.4299,4494.6099,0.0000,0.0000,0.0000,0.0000,0.0000,0.0000,0.0000,1.0000,3446.7800,1.0000,1.0000,147.2000,0.0427,1136.4900,0.0000,2.0000,1.0000,1.0000,0.0000,0,正常报名
1.0000,1.0000,0.0000,1922.2300,1922.2300,3306.5500,0.0000,0.0000,0.0000,0.0000,0.0000,0.0000,0.0000,3.0000,3306.5500,1.0000,1.0000,99.0200,0.0299,1844.8700,0.0000,1.0000,3.0000,1.0000,0.0000,0,正常报名
2.0000,2.0000,1.0000,4642.0298,2321.0100,4237.7300,0.0000,0.0000,0.0000,0.0000,0.0000,0.0000,0.0000,2.0000,4237.7300,1.0000,1.0000,83.6600,0.0197,159.1100,0.0000,1.0000,2.0000,1.0000,0.0000,0,正常报名
10.0000,2.0000,1.0000,16200.6797,1620.0699,2649.3201,0.0000,0.0000,0.0000,0.0000,0.0000,0.0000,0.0000,3.0000,1375.5500,1.0000,1.0000,119.4800,0.0869,312.5600,0.0000,5.0000,3.0000,2.0000,0.0000,0,正常报名
7.0000,2.0000,0.0000,21630.7793,3090.1101,39439.5352,0.0000,0.0000,0.0000,0.0000,0.0000,0.0000,0.0000,3.0000,39439.5352,1.0000,1.0000,111.2600,0.1283,1635.7100,0.0000,5.0000,3.0000,2.0000,0.0000,1,超高金额报名
8.0000,2.0000,0.0000,2865.6201,358.2000,445.4900,0.0000,0.0000,0.0000,0.0000,0.0000,0.0000,0.0000,2.0000,402.4800,1.0000,1.0000,18.6400,0.0463,224.3100,0.0000,2.0000,2.0000,1.0000,0.0000,0,正常报名
2.0000,2.0000,2.0000,744.4000,372.2000,1027.4000,0.0000,0.0000,0.0000,0.0000,0.0000,0.0000,0.0000,3.0000,0.0000,0.0000,0.0000,0.0000,0.0000,0.0000,0.0000,1.0000,3.0000,2.0000,0.0000,0,正常学历认证
8.0000,1.0000,1.0000,2997.5100,374.6900,2075.7700,0.0000,0.0000,0.0000,0.0000,0.0000,0.0000,0.0000,1.0000,2075.7700,1.0000,1.0000,196.6600,0.0947,1856.5601,0.0000,1.0000,1.0000,1.0000,0.0000,0,正常报名
9.0000,5.0000,1.0000,10130.3301,1125.5900,2164.3101,0.0000,0.0000,0.0000,0.0000,0.0000,0.0000,0.0000,3.0000,1734.4600,1.0000,1.0000,133.5300,0.0770,373.5100,0.0000,4.0000,3.0000,1.0000,0.0000,0,正常报名
2.0000,0.0000,0.0000,1056.0400,528.0200,3405.4500,0.0000,0.0000,0.0000,0.0000,0.0000,0.0000,0.0000,3.0000,3405.4500,1.0000,1.0000,17.7800,0.0052,2130.0601,0.0000,2.0000,3.0000,1.0000,0.0000,0,正常报名
12.0000,3.0000,2.0000,37250.3398,3104.2000,4118.8301,0.0000,0.0000,0.0000,0.0000,0.0000,0.0000,0.0000,2.0000,6680.9893,1.0000,1.0000,217.7000,0.1228,1617.2900,1.0000,1.0000,2.0000,2.0000,0.0000,0,凌晨大额标记
2.0000,0.0000,0.0000,2303.8501,1151.9200,52386.9766,0.0000,0.0000,0.0000,0.0000,0.0000,0.0000,0.0000,2.0000,52386.9766,1.0000,1.0000,87.5200,0.1056,536.1400,0.0000,2.0000,2.0000,2.0000,0.0000,1,超高金额报名
11.0000,3.0000,0.0000,4246.1499,386.0100,3357.0200,0.0000,0.0000,0.0000,0.0000,0.0000,0.0000,0.0000,3.0000,3357.0200,1.0000,1.0000,277.8600,0.0828,255.5000,0.0000,4.0000,3.0000,2.0000,0.0000,0,正常报名
9.0000,5.0000,1.0000,13185.7998,1465.0900,1525.3101,0.0000,1.0000,0.0000,0.0000,0.0000,1.0000,0.0000,2.0000,2969.0818,1.0000,1.0000,4.4500,0.0046,311.8328,0.0000,1.0000,2.0000,2.0000,0.0000,0,正常退费
3.0000,3.0000,0.0000,4654.3999,1551.4700,3007.7900,0.0000,0.0000,0.0000,0.0000,0.0000,0.0000,0.0000,1.0000,17830.2910,1.0000,1.0000,88.6000,0.0878,2170.7400,0.0000,1.0000,1.0000,2.0000,1.0000,1,新设备大额报名
7.0000,5.0000,2.0000,6123.2998,874.7600,4443.5200,0.0000,0.0000,0.0000,0.0000,0.0000,0.0000,0.0000,2.0000,17933.1914,1.0000,1.0000,302.2200,0.0680,60.1700,0.0000,1.0000,2.0000,1.0000,1.0000,1,新设备大额报名
11.0000,5.0000,2.0000,29015.7500,2637.8000,2958.8401,0.0000,0.0000,0.0000,0.0000,0.0000,0.0000,0.0000,1.0000,18350.6582,1.0000,1.0000,407.0100,0.1510,1135.8199,0.0000,5.0000,1.0000,3.0000,1.0000,1,新设备大额报名
11.0000,3.0000,1.0000,25837.0898,2348.8301,3477.3401,0.0000,0.0000,0.0000,0.0000,0.0000,0.0000,5.0000,1.0000,0.0000,0.0000,0.0000,0.0000,0.0000,0.0000,0.0000,4.0000,1.0000,2.0000,0.0000,1,身份连续认证失败
9.0000,5.0000,0.0000,14844.6904,2968.9399,6305.6401,7.0000,9.0000,0.7778,1.0000,23700.3457,0.0000,0.0000,1.0000,1726.2700,1.0000,1.0000,240.1600,0.1391,1162.5200,0.0000,4.0000,1.0000,1.0000,0.0000,1,连环退费
7.0000,0.0000,0.0000,6567.6802,3283.8401,4447.6899,7.0000,7.0000,1.0000,1.0000,11698.1162,0.0000,0.0000,1.0000,4447.6899,1.0000,1.0000,749.3400,0.1685,2219.4399,0.0000,2.0000,1.0000,2.0000,0.0000,1,连环退费
5.0000,2.0000,1.0000,6601.1201,1320.2200,2360.8899,0.0000,0.0000,0.0000,0.0000,0.0000,0.0000,0.0000,1.0000,2360.8899,1.0000,1.0000,159.4400,0.0675,151.7900,0.0000,3.0000,1.0000,1.0000,0.0000,0,正常报名
12.0000,1.0000,1.0000,30859.7402,2571.6499,3739.1899,0.0000,1.0000,0.0000,0.0000,0.0000,0.0000,0.0000,2.0000,10230.0508,1.0000,1.0000,281.3400,0.1057,2.1986,0.0000,2.0000,2.0000,1.0000,1.0000,1,零学时大额退费
11.0000,3.0000,1.0000,34763.1289,3160.2800,6295.1802,0.0000,0.0000,0.0000,0.0000,0.0000,0.0000,0.0000,2.0000,2087.5801,1.0000,1.0000,314.6200,0.1507,1387.3900,0.0000,2.0000,2.0000,6.0000,1.0000,1,同设备多账号
8.0000,1.0000,0.0000,2443.4900,305.4400,3026.4199,0.0000,1.0000,0.0000,0.0000,0.0000,0.0000,0.0000,3.0000,1492.6714,1.0000,1.0000,129.6400,0.0428,1514.2111,0.0000,1.0000,3.0000,1.0000,0.0000,0,正常退费
1.0000,0.0000,0.0000,1808.9200,1808.9200,3843.1499,0.0000,0.0000,0.0000,0.0000,0.0000,0.0000,0.0000,2.0000,2638.9199,1.0000,1.0000,440.8300,0.1670,41.5400,0.0000,1.0000,2.0000,14.0000,1.0000,1,同设备多账号
12.0000,5.0000,1.0000,32530.7109,2710.8899,3717.1599,0.0000,1.0000,0.0000,0.0833,0.0000,0.0000,0.0000,3.0000,327.8500,1.0000,1.0000,33.8200,0.1032,1782.0100,0.0000,3.0000,3.0000,2.0000,1.0000,0,正常报名
4.0000,0.0000,0.0000,14021.3496,2003.0500,4354.8398,3.0000,3.0000,0.7500,0.7500,13981.6357,0.0000,0.0000,3.0000,3223.3799,1.0000,1.0000,77.6900,0.0241,1479.3000,0.0000,1.0000,3.0000,1.0000,0.0000,1,极高退费率
12.0000,2.0000,2.0000,7705.5801,1926.4000,4287.3501,7.0000,7.0000,0.5833,0.5833,11813.9199,0.0000,0.0000,2.0000,4287.3501,1.0000,1.0000,443.0100,0.1033,2247.2300,0.0000,1.0000,2.0000,2.0000,1.0000,1,极高退费率
7.0000,1.0000,0.0000,13515.0801,1930.7300,3680.7300,0.0000,0.0000,0.0000,0.0000,0.0000,1.0000,0.0000,2.0000,0.0000,0.0000,0.0000,0.0000,0.0000,0.0000,0.0000,1.0000,2.0000,2.0000,0.0000,0,正常学历认证
5.0000,2.0000,0.0000,14314.4600,2862.8899,4796.7900,1.0000,1.0000,0.2000,0.2000,2546.7200,0.0000,0.0000,2.0000,540.3300,1.0000,1.0000,40.6000,0.0751,816.2600,0.0000,4.0000,2.0000,1.0000,0.0000,0,正常报名
7.0000,0.0000,0.0000,4811.4600,687.3500,3296.6499,0.0000,0.0000,0.0000,0.0000,0.0000,1.0000,0.0000,2.0000,3296.6499,1.0000,1.0000,257.4000,0.0781,169.4200,0.0000,1.0000,2.0000,2.0000,0.0000,0,正常报名
6.0000,5.0000,0.0000,4965.4502,827.5700,3128.8899,0.0000,0.0000,0.0000,0.0000,0.0000,0.0000,0.0000,2.0000,3128.8899,1.0000,1.0000,479.5000,0.1532,1347.9000,0.0000,5.0000,2.0000,1.0000,0.0000,0,正常报名
8.0000,5.0000,2.0000,5536.7402,692.0900,2938.5801,0.0000,0.0000,0.0000,0.0000,0.0000,0.0000,0.0000,1.0000,2938.5801,1.0000,1.0000,320.5900,0.1091,839.2700,0.0000,1.0000,1.0000,1.0000,0.0000,0,正常报名
8.0000,1.0000,0.0000,14431.9404,1803.9900,3382.1101,0.0000,0.0000,0.0000,0.0000,0.0000,0.0000,0.0000,3.0000,349.1100,1.0000,1.0000,44.7700,0.1282,601.8500,0.0000,4.0000,3.0000,2.0000,0.0000,0,正常报名
4.0000,3.0000,1.0000,12221.9404,3055.4900,3427.3000,0.0000,0.0000,0.0000,0.0000,0.0000,0.0000,0.0000,1.0000,2063.0801,1.0000,1.0000,237.5500,0.1151,576.9200,1.0000,1.0000,1.0000,1.0000,0.0000,0,正常报名
10.0000,3.0000,0.0000,26006.4609,2600.6499,5617.5801,1.0000,1.0000,0.1000,0.1000,1801.5900,0.0000,0.0000,2.0000,2303.8501,1.0000,1.0000,11.8800,0.0052,2375.6399,0.0000,4.0000,2.0000,1.0000,0.0000,0,正常报名
7.0000,4.0000,0.0000,15546.9600,2220.9900,4279.3701,0.0000,0.0000,0.0000,0.0000,0.0000,0.0000,0.0000,1.0000,1829.0699,1.0000,1.0000,207.1900,0.1133,1437.9200,0.0000,4.0000,1.0000,1.0000,1.0000,0,正常报名
9.0000,3.0000,1.0000,24837.7207,2759.7500,5161.7300,0.0000,0.0000,0.0000,0.0000,0.0000,0.0000,0.0000,2.0000,5862.9673,1.0000,1.0000,210.3100,0.1621,285.3500,1.0000,2.0000,2.0000,1.0000,0.0000,0,凌晨大额标记
11.0000,1.0000,0.0000,27580.7500,2507.3401,4602.6201,0.0000,0.0000,0.0000,0.0000,0.0000,0.0000,0.0000,2.0000,2117.3401,1.0000,1.0000,62.1500,0.0294,905.6000,1.0000,5.0000,2.0000,1.0000,0.0000,0,正常报名
9.0000,3.0000,2.0000,28767.1191,3196.3501,6898.6201,0.0000,0.0000,0.0000,0.0000,0.0000,0.0000,0.0000,2.0000,6822.0112,1.0000,1.0000,196.2300,0.1355,2345.3501,1.0000,3.0000,2.0000,1.0000,0.0000,0,凌晨大额标记
8.0000,3.0000,1.0000,9631.0898,1203.8900,2160.3301,0.0000,0.0000,0.0000,0.0000,0.0000,0.0000,0.0000,1.0000,1711.1801,1.0000,1.0000,22.1700,0.0130,1359.2600,0.0000,5.0000,1.0000,1.0000,0.0000,0,正常报名
2.0000,2.0000,0.0000,4876.5498,2438.2800,4892.1499,0.0000,0.0000,0.0000,0.0000,0.0000,0.0000,0.0000,1.0000,4480.7402,1.0000,1.0000,112.4900,0.0251,1342.6500,0.0000,1.0000,1.0000,2.0000,0.0000,0,正常报名
12.0000,5.0000,2.0000,39228.3984,3269.0300,5449.3901,0.0000,0.0000,0.0000,0.0000,0.0000,0.0000,0.0000,3.0000,606.7000,1.0000,1.0000,92.3900,0.1523,636.9000,0.0000,3.0000,3.0000,2.0000,0.0000,0,正常报名
1.0000,0.0000,0.0000,1587.0800,1587.0800,3335.9500,0.0000,1.0000,0.0000,0.0000,0.0000,1.0000,0.0000,2.0000,10424.6406,1.0000,1.0000,440.0900,0.1319,3.5388,0.0000,1.0000,2.0000,2.0000,0.0000,1,零学时大额退费
7.0000,5.0000,2.0000,22885.9805,3269.4299,6997.4502,0.0000,0.0000,0.0000,0.0000,0.0000,1.0000,0.0000,1.0000,1639.9500,1.0000,1.0000,214.1900,0.1306,319.4500,0.0000,3.0000,1.0000,9.0000,1.0000,1,同设备多账号
12.0000,1.0000,0.0000,27930.3496,2327.5300,3476.1799,0.0000,1.0000,0.0000,0.0000,0.0000,0.0000,0.0000,3.0000,3965.6248,1.0000,1.0000,420.6100,0.1210,3.1560,0.0000,1.0000,3.0000,1.0000,0.0000,1,零学时大额退费
2.0000,0.0000,0.0000,3513.6899,1756.8500,4103.2998,0.0000,0.0000,0.0000,0.0000,0.0000,1.0000,0.0000,1.0000,4103.2998,1.0000,1.0000,267.8600,0.0653,1041.5400,0.0000,1.0000,1.0000,2.0000,0.0000,0,正常报名
4.0000,2.0000,2.0000,8123.0801,2030.7700,3280.2700,0.0000,0.0000,0.0000,0.0000,0.0000,0.0000,0.0000,2.0000,752.4500,1.0000,1.0000,77.6600,0.1032,1205.0800,0.0000,2.0000,2.0000,2.0000,0.0000,0,正常报名
3.0000,0.0000,0.0000,8547.0996,2849.0300,33047.5078,0.0000,0.0000,0.0000,0.0000,0.0000,0.0000,0.0000,2.0000,33047.5078,1.0000,1.0000,363.2600,0.1414,1001.1400,0.0000,3.0000,2.0000,1.0000,0.0000,1,超高金额报名
11.0000,4.0000,0.0000,21624.6406,1965.8800,4074.3601,0.0000,0.0000,0.0000,0.0000,0.0000,1.0000,0.0000,3.0000,3195.9199,1.0000,1.0000,69.1600,0.0216,1914.9000,0.0000,2.0000,3.0000,2.0000,0.0000,0,正常报名
7.0000,3.0000,0.0000,4546.1299,909.2300,1664.0400,6.0000,6.0000,0.8571,0.8571,19380.5996,0.0000,0.0000,3.0000,484.4500,1.0000,1.0000,78.8400,0.1627,1046.7400,0.0000,2.0000,3.0000,2.0000,1.0000,1,极高退费率
12.0000,3.0000,2.0000,7008.4199,584.0300,3280.1399,0.0000,0.0000,0.0000,0.0000,0.0000,0.0000,0.0000,3.0000,3280.1399,1.0000,1.0000,496.0400,0.1512,1504.5100,0.0000,5.0000,3.0000,5.0000,0.0000,1,同设备多账号
10.0000,5.0000,0.0000,19299.0996,1929.9100,3578.2200,0.0000,1.0000,0.0000,0.0000,0.0000,0.0000,0.0000,2.0000,3293.5771,1.0000,1.0000,304.1900,0.0850,795.4426,0.0000,1.0000,2.0000,2.0000,0.0000,0,正常退费
11.0000,3.0000,1.0000,26916.1895,2446.9299,35822.8750,0.0000,1.0000,0.0000,0.0909,0.0000,0.0000,0.0000,1.0000,35822.8750,1.0000,1.0000,554.6000,0.1701,1244.7300,0.0000,2.0000,1.0000,1.0000,0.0000,0,超高金额报名
9.0000,2.0000,2.0000,2264.6699,754.8900,1387.0800,6.0000,6.0000,0.6667,0.6667,21292.0117,0.0000,0.0000,3.0000,505.3600,1.0000,1.0000,31.7700,0.0629,180.2300,0.0000,1.0000,3.0000,1.0000,0.0000,1,连环退费
8.0000,3.0000,1.0000,6090.0498,1522.5100,2387.1799,7.0000,5.0000,0.8750,0.6250,11904.4395,0.0000,0.0000,3.0000,2387.1799,1.0000,1.0000,227.1400,0.0952,1298.5800,0.0000,1.0000,3.0000,1.0000,1.0000,1,连环退费
10.0000,2.0000,0.0000,21002.7891,2100.2800,3409.3000,0.0000,1.0000,0.0000,0.1000,0.0000,0.0000,6.0000,1.0000,0.0000,0.0000,0.0000,0.0000,0.0000,0.0000,0.0000,4.0000,1.0000,2.0000,0.0000,1,身份连续认证失败
4.0000,3.0000,2.0000,4883.0200,488.3000,4446.0400,3.0000,3.0000,0.7500,0.7500,27770.4434,0.0000,0.0000,2.0000,4446.0400,1.0000,1.0000,189.8300,0.0427,1476.0000,0.0000,4.0000,2.0000,1.0000,0.0000,1,极高退费率
7.0000,1.0000,0.0000,18757.9004,3126.3201,5144.0400,5.0000,5.0000,0.7143,0.7143,26862.2734,0.0000,0.0000,1.0000,4066.5801,1.0000,1.0000,492.2800,0.1211,1542.5300,0.0000,3.0000,1.0000,2.0000,0.0000,1,极高退费率
5.0000,3.0000,2.0000,9788.0596,1957.6100,3431.0200,0.0000,1.0000,0.0000,0.0000,0.0000,0.0000,0.0000,2.0000,683.0123,1.0000,1.0000,268.3700,0.0782,1237.3568,0.0000,2.0000,2.0000,1.0000,0.0000,0,正常退费
2.0000,0.0000,0.0000,6727.5000,3363.7500,6585.3101,0.0000,0.0000,0.0000,0.0000,0.0000,0.0000,0.0000,2.0000,7602.3003,1.0000,1.0000,630.4300,0.1520,2296.1299,1.0000,2.0000,2.0000,2.0000,0.0000,0,凌晨大额标记
7.0000,0.0000,0.0000,16055.5000,2293.6399,3231.0601,0.0000,0.0000,0.0000,0.0000,0.0000,0.0000,0.0000,2.0000,895.1800,1.0000,1.0000,152.3100,0.1701,580.7200,1.0000,2.0000,2.0000,1.0000,0.0000,0,正常报名
2.0000,1.0000,0.0000,6500.8999,3250.4500,3890.1799,0.0000,0.0000,0.0000,0.0000,0.0000,0.0000,0.0000,3.0000,3365.9500,1.0000,1.0000,323.5200,0.0961,1006.9400,0.0000,2.0000,3.0000,2.0000,0.0000,0,正常报名
10.0000,2.0000,0.0000,34131.9102,3413.1899,3881.6899,0.0000,0.0000,0.0000,0.0000,0.0000,0.0000,0.0000,3.0000,3881.6899,1.0000,1.0000,574.1800,0.1479,618.5000,0.0000,2.0000,3.0000,1.0000,0.0000,0,正常报名
5.0000,5.0000,2.0000,7479.5801,1495.9200,2725.1001,0.0000,0.0000,0.0000,0.0000,0.0000,0.0000,0.0000,3.0000,14895.7715,1.0000,1.0000,73.4500,0.0274,1359.8700,0.0000,2.0000,3.0000,1.0000,1.0000,1,新设备大额报名
8.0000,5.0000,1.0000,20618.0195,2577.2500,3691.3999,0.0000,0.0000,0.0000,0.0000,0.0000,0.0000,0.0000,1.0000,3691.3999,1.0000,1.0000,49.3900,0.0134,2334.4399,0.0000,3.0000,1.0000,1.0000,0.0000,0,正常报名
6.0000,1.0000,1.0000,15105.7500,2517.6201,2882.6299,0.0000,0.0000,0.0000,0.0000,0.0000,0.0000,0.0000,2.0000,0.0000,0.0000,0.0000,0.0000,0.0000,0.0000,0.0000,5.0000,2.0000,2.0000,1.0000,0,正常学历认证
12.0000,2.0000,0.0000,6765.6201,3382.8101,4024.8799,5.0000,11.0000,0.4167,0.9167,10629.8418,0.0000,0.0000,3.0000,4024.8799,1.0000,1.0000,390.2100,0.0970,1190.5100,0.0000,1.0000,3.0000,2.0000,0.0000,1,连环退费
3.0000,3.0000,0.0000,6258.0400,1043.0100,2497.3000,2.0000,2.0000,0.6667,0.6667,10788.5322,0.0000,0.0000,3.0000,2497.3000,1.0000,1.0000,341.4000,0.1367,772.1800,0.0000,1.0000,3.0000,2.0000,0.0000,1,极高退费率
5.0000,1.0000,1.0000,4804.5200,960.9000,1635.3101,0.0000,1.0000,0.0000,0.0000,0.0000,0.0000,0.0000,1.0000,8246.5557,1.0000,1.0000,37.9000,0.0333,3.1506,0.0000,1.0000,1.0000,2.0000,0.0000,1,零学时大额退费
3.0000,1.0000,0.0000,16365.0596,1487.7300,3099.5701,2.0000,2.0000,0.6667,0.6667,23301.3066,0.0000,0.0000,3.0000,3099.5701,1.0000,1.0000,451.3700,0.1456,647.1000,0.0000,5.0000,3.0000,1.0000,0.0000,1,极高退费率
2.0000,0.0000,0.0000,2836.9700,1418.4800,3585.2100,0.0000,0.0000,0.0000,0.0000,0.0000,0.0000,0.0000,2.0000,9122.3047,1.0000,1.0000,399.4500,0.1114,444.3400,1.0000,2.0000,2.0000,1.0000,0.0000,0,凌晨大额标记
4.0000,3.0000,1.0000,2433.0701,608.2700,1318.1400,0.0000,0.0000,0.0000,0.0000,0.0000,0.0000,0.0000,3.0000,602.1900,1.0000,1.0000,96.7200,0.1606,2041.8400,0.0000,1.0000,3.0000,1.0000,0.0000,0,正常报名
2.0000,2.0000,0.0000,3863.7500,1931.8700,3875.5200,0.0000,0.0000,0.0000,0.0000,0.0000,1.0000,0.0000,3.0000,578.7700,1.0000,1.0000,29.4700,0.0509,1268.0900,0.0000,1.0000,3.0000,1.0000,1.0000,0,正常报名
4.0000,3.0000,0.0000,9366.2803,2341.5701,2890.6799,0.0000,1.0000,0.0000,0.0000,0.0000,0.0000,0.0000,1.0000,503.9323,1.0000,1.0000,301.8900,0.1681,935.3745,0.0000,2.0000,1.0000,2.0000,0.0000,0,正常退费
11.0000,0.0000,0.0000,38072.0703,3461.1001,3646.6499,0.0000,0.0000,0.0000,0.0000,0.0000,1.0000,5.0000,2.0000,0.0000,0.0000,0.0000,0.0000,0.0000,0.0000,0.0000,1.0000,2.0000,1.0000,0.0000,0,身份连续认证失败
4.0000,1.0000,0.0000,2577.1101,644.2800,3473.3301,0.0000,0.0000,0.0000,0.0000,0.0000,0.0000,0.0000,3.0000,0.0000,0.0000,0.0000,0.0000,0.0000,0.0000,0.0000,1.0000,3.0000,2.0000,0.0000,0,正常学历认证
6.0000,0.0000,0.0000,10935.8604,1822.6400,2247.4600,0.0000,0.0000,0.0000,0.0000,0.0000,0.0000,0.0000,1.0000,0.0000,0.0000,0.0000,0.0000,0.0000,0.0000,0.0000,1.0000,1.0000,2.0000,0.0000,0,正常学历认证
4.0000,2.0000,1.0000,2642.1699,660.5400,3091.3201,0.0000,1.0000,0.0000,0.0000,0.0000,0.0000,0.0000,3.0000,5191.9912,1.0000,1.0000,453.1900,0.1466,0.2062,0.0000,3.0000,3.0000,2.0000,0.0000,1,零学时大额退费
13.0000,1.0000,0.0000,4494.7500,1123.6899,2738.3000,5.0000,5.0000,0.3846,0.3846,32397.6699,0.0000,0.0000,3.0000,2738.3000,1.0000,1.0000,193.8600,0.0708,1272.5100,0.0000,3.0000,3.0000,2.0000,0.0000,1,连环退费
1.0000,1.0000,1.0000,1696.1000,1696.1000,2915.6399,0.0000,0.0000,0.0000,0.0000,0.0000,0.0000,0.0000,2.0000,982.7000,1.0000,1.0000,85.6500,0.0872,651.5100,0.0000,1.0000,2.0000,1.0000,0.0000,0,正常报名
15.0000,5.0000,2.0000,21421.4395,2677.6799,4949.9600,3.0000,8.0000,0.2000,0.5333,20930.3184,0.0000,0.0000,2.0000,3219.1001,1.0000,1.0000,262.2600,0.0815,1615.0000,0.0000,5.0000,2.0000,2.0000,0.0000,1,连环退费
12.0000,0.0000,0.0000,41854.3906,3487.8701,32953.4375,0.0000,0.0000,0.0000,0.0000,0.0000,0.0000,0.0000,2.0000,32953.4375,1.0000,1.0000,57.7300,0.0138,1254.5100,1.0000,3.0000,2.0000,2.0000,0.0000,1,超高金额报名
11.0000,4.0000,1.0000,8684.9404,789.5400,1219.5500,1.0000,1.0000,0.0909,0.0909,2994.7700,1.0000,0.0000,2.0000,5291.5635,1.0000,1.0000,27.4600,0.0225,1339.2000,1.0000,4.0000,2.0000,2.0000,0.0000,0,凌晨大额标记
11.0000,2.0000,1.0000,12896.5801,1172.4200,2830.3501,0.0000,0.0000,0.0000,0.0000,0.0000,0.0000,0.0000,3.0000,2830.3501,1.0000,1.0000,437.5800,0.1546,350.3500,0.0000,3.0000,3.0000,7.0000,1.0000,1,同设备多账号
4.0000,0.0000,0.0000,5178.4199,2589.2100,5501.8799,4.0000,4.0000,1.0000,1.0000,15283.2725,0.0000,0.0000,3.0000,1909.6200,1.0000,1.0000,109.2300,0.0572,470.0700,0.0000,1.0000,3.0000,2.0000,0.0000,1,连环退费
6.0000,4.0000,2.0000,12632.3799,2105.3999,2306.4700,0.0000,0.0000,0.0000,0.0000,0.0000,0.0000,0.0000,1.0000,0.0000,0.0000,0.0000,0.0000,0.0000,0.0000,0.0000,1.0000,1.0000,2.0000,0.0000,0,正常学历认证
11.0000,4.0000,2.0000,35689.1484,3244.4700,4469.2998,0.0000,0.0000,0.0000,0.0000,0.0000,0.0000,0.0000,3.0000,1167.0500,1.0000,1.0000,169.8700,0.1456,1704.4000,0.0000,3.0000,3.0000,2.0000,0.0000,0,正常报名
7.0000,2.0000,1.0000,6633.6001,947.6600,2224.8401,0.0000,0.0000,0.0000,0.0000,0.0000,0.0000,0.0000,1.0000,5589.4307,1.0000,1.0000,330.9800,0.1488,351.8800,1.0000,3.0000,1.0000,1.0000,0.0000,0,凌晨大额标记
9.0000,3.0000,1.0000,30423.0605,3380.3401,5694.1802,1.0000,2.0000,0.1111,0.2222,1935.9399,0.0000,0.0000,1.0000,14695.4648,1.0000,1.0000,468.4900,0.1484,2250.6899,0.0000,2.0000,1.0000,1.0000,1.0000,1,新设备大额报名
1.0000,0.0000,0.0000,1655.2000,1655.2000,3491.6201,0.0000,0.0000,0.0000,0.0000,0.0000,0.0000,0.0000,2.0000,1648.8199,1.0000,1.0000,214.8000,0.1303,1802.4200,0.0000,1.0000,2.0000,2.0000,0.0000,0,正常报名
10.0000,5.0000,0.0000,9227.1504,922.7200,45250.7031,0.0000,0.0000,0.0000,0.0000,0.0000,0.0000,0.0000,1.0000,45250.7031,1.0000,1.0000,17.1400,0.0521,1610.8101,0.0000,1.0000,1.0000,1.0000,0.0000,1,超高金额报名
5.0000,0.0000,0.0000,8566.3896,1713.2800,2247.3401,1.0000,1.0000,0.2000,0.2000,358.6600,0.0000,2.0000,3.0000,0.0000,0.0000,0.0000,0.0000,0.0000,0.0000,0.0000,2.0000,3.0000,1.0000,0.0000,1,身份连续认证失败
8.0000,1.0000,1.0000,26483.0996,3310.3899,6109.3101,1.0000,1.0000,0.1250,0.1250,2640.6399,0.0000,0.0000,3.0000,4863.4946,1.0000,1.0000,154.8500,0.0370,4.7480,0.0000,2.0000,3.0000,2.0000,0.0000,1,零学时大额退费
5.0000,4.0000,1.0000,8266.4805,1653.3000,2781.5400,0.0000,0.0000,0.0000,0.0000,0.0000,0.0000,0.0000,3.0000,1473.4301,1.0000,1.0000,195.7300,0.1328,1377.5900,0.0000,5.0000,3.0000,2.0000,1.0000,0,正常报名
5.0000,2.0000,1.0000,13519.6904,2703.9399,4265.8301,0.0000,0.0000,0.0000,0.0000,0.0000,0.0000,0.0000,2.0000,938.0000,1.0000,1.0000,149.4800,0.1594,912.0100,0.0000,5.0000,2.0000,1.0000,0.0000,0,正常报名
3.0000,2.0000,0.0000,4341.2402,1447.0800,3130.8501,0.0000,0.0000,0.0000,0.0000,0.0000,0.0000,0.0000,3.0000,1548.5601,1.0000,1.0000,145.6900,0.0941,198.8200,0.0000,3.0000,3.0000,2.0000,0.0000,0,正常报名
1.0000,1.0000,1.0000,3138.5100,3138.5100,4331.7598,0.0000,0.0000,0.0000,0.0000,0.0000,1.0000,0.0000,2.0000,1104.9900,1.0000,1.0000,113.3100,0.1025,1402.7600,0.0000,1.0000,2.0000,2.0000,0.0000,0,正常报名
7.0000,1.0000,0.0000,8719.5898,1245.6600,1611.5300,0.0000,0.0000,0.0000,0.0000,0.0000,0.0000,0.0000,2.0000,6013.9204,1.0000,1.0000,163.2100,0.1345,1447.7000,1.0000,1.0000,2.0000,2.0000,0.0000,0,凌晨大额标记
7.0000,2.0000,1.0000,16091.1797,2298.7400,3719.0801,0.0000,0.0000,0.0000,0.0000,0.0000,0.0000,0.0000,3.0000,0.0000,0.0000,0.0000,0.0000,0.0000,0.0000,0.0000,2.0000,3.0000,1.0000,0.0000,0,正常学历认证
1.0000,1.0000,1.0000,1682.5100,1682.5100,3245.3899,0.0000,1.0000,0.0000,0.0000,0.0000,0.0000,0.0000,1.0000,11818.8984,1.0000,1.0000,39.7100,0.0909,0.8001,0.0000,1.0000,1.0000,1.0000,0.0000,1,零学时大额退费
7.0000,2.0000,1.0000,8626.6396,1232.3800,2598.4399,0.0000,0.0000,0.0000,0.0000,0.0000,1.0000,0.0000,2.0000,2038.9600,1.0000,1.0000,276.3700,0.1355,1389.7500,0.0000,2.0000,2.0000,2.0000,1.0000,0,正常报名
3.0000,3.0000,0.0000,1149.2800,383.0900,1649.7300,0.0000,0.0000,0.0000,0.0000,0.0000,0.0000,0.0000,2.0000,1649.7300,1.0000,1.0000,90.3900,0.0548,1744.1200,0.0000,1.0000,2.0000,1.0000,0.0000,0,正常报名
5.0000,3.0000,2.0000,15792.5498,3158.5100,3801.9199,0.0000,0.0000,0.0000,0.0000,0.0000,0.0000,0.0000,1.0000,2375.7200,1.0000,1.0000,30.6800,0.0129,168.4400,0.0000,5.0000,1.0000,2.0000,0.0000,0,正常报名
5.0000,0.0000,0.0000,12025.2803,2405.0601,4161.4702,0.0000,1.0000,0.0000,0.0000,0.0000,0.0000,0.0000,1.0000,685.8096,1.0000,1.0000,342.0000,0.0949,1024.7036,0.0000,3.0000,1.0000,2.0000,0.0000,0,正常退费
8.0000,0.0000,0.0000,11873.4805,1484.1899,2268.1101,0.0000,0.0000,0.0000,0.0000,0.0000,0.0000,0.0000,2.0000,1215.3199,1.0000,1.0000,184.1700,0.1515,1263.5400,0.0000,4.0000,2.0000,2.0000,0.0000,1,正常报名
9.0000,2.0000,0.0000,4164.3198,462.7000,2800.5000,0.0000,1.0000,0.0000,0.0000,0.0000,0.0000,0.0000,1.0000,2029.6394,1.0000,1.0000,373.0700,0.1332,3.7983,0.0000,5.0000,1.0000,1.0000,0.0000,1,零学时大额退费
2.0000,2.0000,1.0000,5904.3101,2952.1499,5341.9102,0.0000,1.0000,0.0000,0.0000,0.0000,0.0000,0.0000,2.0000,9468.1797,1.0000,1.0000,9.7000,0.0024,3.1471,0.0000,1.0000,2.0000,1.0000,0.0000,1,零学时大额退费
10.0000,4.0000,1.0000,27460.8105,3432.6001,5761.8198,4.0000,8.0000,0.4000,0.8000,16700.3633,0.0000,0.0000,3.0000,812.8900,1.0000,1.0000,69.1100,0.0850,1690.3400,0.0000,4.0000,3.0000,2.0000,0.0000,1,连环退费
3.0000,4.0000,0.0000,24527.2402,3065.8999,6243.1802,3.0000,3.0000,1.0000,1.0000,5833.5942,0.0000,0.0000,3.0000,1505.3300,1.0000,1.0000,241.3100,0.1603,2315.1101,0.0000,3.0000,3.0000,2.0000,0.0000,1,极高退费率
14.0000,0.0000,0.0000,4300.0801,716.6800,1276.4900,6.0000,12.0000,0.4286,0.8571,30203.7754,0.0000,0.0000,1.0000,340.3300,1.0000,1.0000,8.6300,0.0253,58.5700,0.0000,5.0000,1.0000,2.0000,0.0000,1,连环退费
10.0000,4.0000,2.0000,34088.6992,3408.8701,6622.0400,0.0000,0.0000,0.0000,0.0000,0.0000,0.0000,0.0000,2.0000,1403.8101,1.0000,1.0000,18.3500,0.0131,906.0500,0.0000,4.0000,2.0000,1.0000,0.0000,0,正常报名
7.0000,1.0000,0.0000,10648.0498,1521.1500,3027.7900,0.0000,0.0000,0.0000,0.0000,0.0000,0.0000,0.0000,1.0000,0.0000,0.0000,0.0000,0.0000,0.0000,0.0000,0.0000,1.0000,1.0000,2.0000,0.0000,0,正常学历认证
12.0000,1.0000,1.0000,6718.0200,1343.6000,1894.5900,8.0000,8.0000,0.6667,0.6667,26070.4141,0.0000,0.0000,2.0000,441.3800,1.0000,1.0000,17.3500,0.0393,1668.2200,0.0000,1.0000,2.0000,1.0000,0.0000,1,极高退费率
2.0000,1.0000,0.0000,2542.6799,1271.3400,1990.0800,0.0000,0.0000,0.0000,0.0000,0.0000,0.0000,0.0000,1.0000,1083.9000,1.0000,1.0000,78.7100,0.0726,1893.8400,0.0000,1.0000,1.0000,2.0000,0.0000,0,正常报名
7.0000,4.0000,1.0000,14222.2305,2031.7500,4113.2998,0.0000,0.0000,0.0000,0.0000,0.0000,0.0000,0.0000,2.0000,4113.2998,1.0000,1.0000,306.3600,0.0745,1229.7200,0.0000,5.0000,2.0000,2.0000,0.0000,0,正常报名
8.0000,1.0000,0.0000,17552.8008,2194.1001,3899.1499,0.0000,0.0000,0.0000,0.0000,0.0000,0.0000,0.0000,1.0000,0.0000,0.0000,0.0000,0.0000,0.0000,0.0000,1.0000,2.0000,1.0000,2.0000,0.0000,0,正常学历认证
10.0000,3.0000,0.0000,3575.4199,357.5400,2241.9500,0.0000,0.0000,0.0000,0.0000,0.0000,0.0000,0.0000,3.0000,2241.9500,1.0000,1.0000,132.6400,0.0592,942.7400,0.0000,3.0000,3.0000,1.0000,0.0000,0,正常报名
11.0000,5.0000,0.0000,21438.8203,1948.9800,3639.8101,0.0000,0.0000,0.0000,0.0000,0.0000,0.0000,2.0000,2.0000,0.0000,0.0000,0.0000,0.0000,0.0000,0.0000,0.0000,2.0000,2.0000,2.0000,0.0000,1,身份连续认证失败
9.0000,1.0000,1.0000,24298.9707,2429.8999,3749.1799,6.0000,9.0000,0.6667,1.0000,32796.7422,0.0000,0.0000,1.0000,3749.1799,1.0000,1.0000,385.8900,0.1029,1959.6500,0.0000,4.0000,1.0000,1.0000,1.0000,1,连环退费
1.0000,1.0000,1.0000,1310.9800,1310.9800,2624.7200,0.0000,0.0000,0.0000,0.0000,0.0000,1.0000,0.0000,1.0000,1612.8101,1.0000,1.0000,148.6700,0.0922,1131.4399,0.0000,1.0000,1.0000,2.0000,1.0000,0,正常报名
1.0000,1.0000,0.0000,3410.0500,3410.0500,5524.4399,0.0000,0.0000,0.0000,0.0000,0.0000,0.0000,0.0000,3.0000,3861.2400,1.0000,1.0000,342.0500,0.0886,384.3200,0.0000,1.0000,3.0000,2.0000,0.0000,0,正常报名
3.0000,1.0000,1.0000,2607.0500,869.0200,1477.1899,0.0000,1.0000,0.0000,0.3333,0.0000,0.0000,0.0000,1.0000,0.0000,0.0000,0.0000,0.0000,0.0000,0.0000,0.0000,1.0000,1.0000,1.0000,1.0000,0,正常学历认证
8.0000,2.0000,0.0000,16628.4297,2375.4900,4620.7402,3.0000,7.0000,0.3750,0.8750,12867.7676,0.0000,0.0000,1.0000,1643.5699,1.0000,1.0000,36.9400,0.0225,2019.2800,0.0000,3.0000,1.0000,2.0000,0.0000,1,连环退费
8.0000,5.0000,0.0000,9318.0898,1164.7600,3307.6001,0.0000,0.0000,0.0000,0.0000,0.0000,1.0000,0.0000,1.0000,7414.5947,1.0000,1.0000,556.6000,0.1683,524.9100,1.0000,2.0000,1.0000,1.0000,0.0000,0,凌晨大额标记
7.0000,4.0000,2.0000,3591.7500,718.3500,1441.4700,4.0000,4.0000,0.5714,0.5714,6159.9644,0.0000,0.0000,1.0000,1141.8199,1.0000,1.0000,33.6300,0.0295,332.5900,0.0000,4.0000,1.0000,2.0000,0.0000,1,极高退费率
8.0000,3.0000,2.0000,21108.9805,2638.6201,3819.3000,1.0000,1.0000,0.1250,0.1250,1508.1200,0.0000,0.0000,3.0000,3819.3000,1.0000,1.0000,77.7500,0.0204,959.2800,0.0000,3.0000,3.0000,1.0000,0.0000,0,正常报名
12.0000,5.0000,0.0000,40775.4883,3397.9600,5817.7798,0.0000,0.0000,0.0000,0.0000,0.0000,0.0000,0.0000,1.0000,2526.6001,1.0000,1.0000,266.0700,0.1053,1426.9200,0.0000,1.0000,1.0000,8.0000,0.0000,1,同设备多账号
7.0000,5.0000,1.0000,13025.7998,1860.8300,4059.9399,0.0000,1.0000,0.0000,0.0000,0.0000,0.0000,0.0000,2.0000,2493.7024,1.0000,1.0000,61.1300,0.0584,623.1786,0.0000,3.0000,2.0000,2.0000,1.0000,0,正常退费
5.0000,3.0000,1.0000,3759.2800,751.8600,2123.7200,0.0000,1.0000,0.0000,0.0000,0.0000,1.0000,0.0000,2.0000,10627.8145,1.0000,1.0000,363.1300,0.1710,1.7643,0.0000,1.0000,2.0000,2.0000,0.0000,1,零学时大额退费
2.0000,2.0000,0.0000,3334.0901,1667.0400,39244.0156,0.0000,0.0000,0.0000,0.0000,0.0000,0.0000,0.0000,2.0000,39244.0156,1.0000,1.0000,113.3900,0.0488,543.3300,0.0000,1.0000,2.0000,1.0000,0.0000,1,超高金额报名
12.0000,1.0000,1.0000,20795.7109,1890.5200,3157.7900,3.0000,6.0000,0.2500,0.5000,19325.9941,1.0000,0.0000,1.0000,1101.9800,1.0000,1.0000,23.6600,0.0215,1344.1100,0.0000,5.0000,1.0000,1.0000,0.0000,1,连环退费
2.0000,1.0000,0.0000,5914.9102,2957.4600,5706.0298,0.0000,0.0000,0.0000,0.0000,0.0000,0.0000,0.0000,1.0000,0.0000,0.0000,0.0000,0.0000,0.0000,0.0000,0.0000,1.0000,1.0000,2.0000,0.0000,0,正常学历认证
8.0000,4.0000,0.0000,7414.5898,926.8200,2380.1799,0.0000,0.0000,0.0000,0.0000,0.0000,0.0000,0.0000,3.0000,2380.1799,1.0000,1.0000,134.9000,0.0567,576.1600,0.0000,1.0000,3.0000,2.0000,0.0000,0,正常报名
11.0000,5.0000,1.0000,15604.0000,1418.5500,4029.9700,0.0000,0.0000,0.0000,0.0000,0.0000,0.0000,0.0000,2.0000,4029.9700,1.0000,1.0000,46.2700,0.0115,2267.3401,0.0000,5.0000,2.0000,1.0000,0.0000,0,正常报名
12.0000,3.0000,2.0000,19546.0508,1628.8400,3525.5200,0.0000,1.0000,0.0000,0.0000,0.0000,0.0000,0.0000,3.0000,6719.7344,1.0000,1.0000,319.7700,0.0907,1.9453,0.0000,1.0000,3.0000,2.0000,1.0000,1,零学时大额退费
12.0000,5.0000,0.0000,29206.8008,2433.8999,3096.3401,0.0000,0.0000,0.0000,0.0000,0.0000,0.0000,0.0000,1.0000,0.0000,0.0000,0.0000,0.0000,0.0000,0.0000,1.0000,5.0000,1.0000,1.0000,0.0000,0,正常学历认证
14.0000,1.0000,0.0000,11183.9199,1597.7000,3291.7200,6.0000,8.0000,0.4286,0.5714,19791.7812,0.0000,0.0000,1.0000,1895.9600,1.0000,1.0000,315.1900,0.1662,840.9500,0.0000,3.0000,1.0000,2.0000,0.0000,1,连环退费
2.0000,2.0000,0.0000,1319.5601,659.7800,49927.0742,0.0000,0.0000,0.0000,0.0000,0.0000,0.0000,0.0000,1.0000,49927.0742,1.0000,1.0000,177.9300,0.0691,1800.8700,0.0000,1.0000,1.0000,2.0000,1.0000,1,超高金额报名
3.0000,1.0000,0.0000,10120.1504,3373.3799,5188.5400,0.0000,0.0000,0.0000,0.0000,0.0000,0.0000,0.0000,3.0000,2272.7600,1.0000,1.0000,54.9600,0.0242,1733.3400,0.0000,1.0000,3.0000,2.0000,1.0000,0,正常报名
4.0000,3.0000,0.0000,4058.0701,1014.5200,2084.8899,0.0000,0.0000,0.0000,0.0000,0.0000,0.0000,0.0000,3.0000,0.0000,0.0000,0.0000,0.0000,0.0000,0.0000,0.0000,1.0000,3.0000,2.0000,0.0000,0,正常学历认证
9.0000,0.0000,0.0000,21490.1699,2387.8000,4168.7500,1.0000,1.0000,0.1111,0.1111,729.9100,0.0000,0.0000,2.0000,6207.7275,1.0000,1.0000,14.1600,0.0445,2086.1201,1.0000,5.0000,2.0000,1.0000,0.0000,0,凌晨大额标记
11.0000,4.0000,0.0000,35532.3008,3230.2100,5843.9902,0.0000,0.0000,0.0000,0.0000,0.0000,0.0000,0.0000,3.0000,1080.6899,1.0000,1.0000,77.9300,0.0721,1676.0400,0.0000,3.0000,3.0000,2.0000,0.0000,0,正常报名
2.0000,0.0000,0.0000,6948.9199,3474.4600,7528.0200,0.0000,0.0000,0.0000,0.0000,0.0000,0.0000,0.0000,3.0000,4172.5400,1.0000,1.0000,1.6900,0.0004,1946.1700,0.0000,2.0000,3.0000,2.0000,0.0000,0,正常报名
11.0000,4.0000,2.0000,24448.6309,2222.6001,2908.8401,0.0000,0.0000,0.0000,0.0000,0.0000,0.0000,0.0000,1.0000,2908.8401,1.0000,1.0000,190.0900,0.0653,2195.5000,0.0000,2.0000,1.0000,1.0000,0.0000,0,正常报名
1.0000,0.0000,0.0000,581.0000,581.0000,3131.5601,0.0000,0.0000,0.0000,0.0000,0.0000,0.0000,0.0000,3.0000,14500.9043,1.0000,1.0000,40.4900,0.0129,579.5500,0.0000,1.0000,3.0000,1.0000,1.0000,1,新设备大额报名
12.0000,5.0000,0.0000,27126.6094,2260.5500,4661.2500,1.0000,1.0000,0.0833,0.0833,547.5700,0.0000,0.0000,1.0000,3558.8201,1.0000,1.0000,125.7700,0.0353,1397.8900,0.0000,5.0000,1.0000,2.0000,0.0000,0,正常报名
15.0000,0.0000,0.0000,2231.9700,2231.9700,2779.0601,4.0000,12.0000,0.2667,0.8000,34875.8242,0.0000,0.0000,1.0000,440.8700,1.0000,1.0000,51.9400,0.1178,789.1900,0.0000,1.0000,1.0000,2.0000,1.0000,1,连环退费
5.0000,3.0000,1.0000,2620.2700,524.0500,2139.6599,0.0000,0.0000,0.0000,0.0000,0.0000,0.0000,0.0000,2.0000,2139.6599,1.0000,1.0000,162.4900,0.0759,1008.6700,0.0000,3.0000,2.0000,2.0000,0.0000,0,正常报名
10.0000,1.0000,0.0000,16328.9004,1632.8900,3549.8000,0.0000,1.0000,0.0000,0.1000,0.0000,0.0000,0.0000,2.0000,17471.6055,1.0000,1.0000,28.9300,0.0285,1888.9399,0.0000,4.0000,2.0000,1.0000,1.0000,1,新设备大额报名
9.0000,5.0000,1.0000,3047.4800,338.6100,1795.2000,0.0000,1.0000,0.0000,0.1111,0.0000,0.0000,0.0000,1.0000,1795.2000,1.0000,1.0000,35.9800,0.0200,2016.5200,0.0000,1.0000,1.0000,2.0000,1.0000,0,正常报名
12.0000,1.0000,0.0000,28417.8691,2368.1599,4008.5100,0.0000,1.0000,0.0000,0.0833,0.0000,0.0000,0.0000,1.0000,4008.5100,1.0000,1.0000,531.9300,0.1327,1784.6500,0.0000,4.0000,1.0000,1.0000,0.0000,0,正常报名
4.0000,4.0000,0.0000,3074.1499,768.5400,1550.7000,0.0000,0.0000,0.0000,0.0000,0.0000,0.0000,0.0000,3.0000,1550.7000,1.0000,1.0000,155.5000,0.1003,1544.8700,0.0000,4.0000,3.0000,1.0000,0.0000,0,正常报名
3.0000,3.0000,0.0000,9602.7900,3200.9299,5075.3501,0.0000,1.0000,0.0000,0.3333,0.0000,0.0000,0.0000,2.0000,1815.6000,1.0000,1.0000,8.9500,0.0049,767.9200,0.0000,1.0000,2.0000,1.0000,0.0000,0,正常报名
8.0000,4.0000,2.0000,8025.5801,1003.2000,1872.7200,0.0000,0.0000,0.0000,0.0000,0.0000,0.0000,0.0000,1.0000,933.6900,1.0000,1.0000,115.9600,0.1242,551.3800,0.0000,5.0000,1.0000,7.0000,0.0000,1,同设备多账号
4.0000,4.0000,1.0000,5058.3398,1264.5800,3921.8201,1.0000,1.0000,0.2500,0.2500,1990.1500,0.0000,0.0000,1.0000,3921.8201,1.0000,1.0000,180.3000,0.0460,1815.0900,0.0000,4.0000,1.0000,1.0000,0.0000,0,正常报名
9.0000,0.0000,0.0000,31017.3008,3446.3701,4969.5698,0.0000,1.0000,0.0000,0.0000,0.0000,0.0000,0.0000,2.0000,967.6928,1.0000,1.0000,75.5500,0.0409,199.8391,0.0000,1.0000,2.0000,2.0000,0.0000,0,正常退费
5.0000,5.0000,1.0000,9243.5996,1848.7200,3558.7400,0.0000,0.0000,0.0000,0.0000,0.0000,0.0000,4.0000,2.0000,0.0000,0.0000,0.0000,0.0000,0.0000,0.0000,0.0000,5.0000,2.0000,2.0000,0.0000,1,身份连续认证失败
1.0000,1.0000,0.0000,1782.1400,1782.1400,3097.5701,0.0000,0.0000,0.0000,0.0000,0.0000,0.0000,0.0000,2.0000,1741.1700,1.0000,1.0000,59.4000,0.0341,1465.0300,0.0000,1.0000,2.0000,1.0000,0.0000,0,正常报名
1.0000,0.0000,0.0000,2957.4399,2957.4399,3799.7500,0.0000,0.0000,0.0000,0.0000,0.0000,0.0000,0.0000,1.0000,6620.5732,1.0000,1.0000,212.6800,0.1417,66.2300,1.0000,1.0000,1.0000,2.0000,0.0000,0,凌晨大额标记
3.0000,3.0000,1.0000,7379.9800,2459.9900,5333.5898,0.0000,0.0000,0.0000,0.0000,0.0000,0.0000,0.0000,3.0000,357.0000,1.0000,1.0000,3.8900,0.0109,1358.9100,0.0000,1.0000,3.0000,2.0000,0.0000,0,正常报名
7.0000,2.0000,0.0000,16777.6191,2396.8000,4837.0400,0.0000,0.0000,0.0000,0.0000,0.0000,1.0000,0.0000,3.0000,3516.1499,1.0000,1.0000,393.6400,0.1120,143.6500,0.0000,2.0000,3.0000,2.0000,1.0000,0,正常报名
9.0000,3.0000,0.0000,12983.5195,1442.6100,2158.8799,0.0000,0.0000,0.0000,0.0000,0.0000,0.0000,0.0000,2.0000,1789.1500,1.0000,1.0000,296.2500,0.1656,970.3700,0.0000,2.0000,2.0000,2.0000,0.0000,0,正常报名
4.0000,3.0000,1.0000,10399.6396,2599.9099,3903.8000,0.0000,1.0000,0.0000,0.0000,0.0000,0.0000,0.0000,2.0000,7498.7090,1.0000,1.0000,244.1200,0.1347,3.4625,0.0000,2.0000,2.0000,2.0000,0.0000,1,零学时大额退费
6.0000,3.0000,0.0000,10986.6201,1831.1000,3726.1599,0.0000,0.0000,0.0000,0.0000,0.0000,0.0000,0.0000,1.0000,2036.2300,1.0000,1.0000,274.3600,0.1347,455.9100,0.0000,5.0000,1.0000,2.0000,0.0000,0,正常报名
12.0000,5.0000,0.0000,8874.1299,739.5100,1589.3500,0.0000,0.0000,0.0000,0.0000,0.0000,1.0000,0.0000,1.0000,1552.7000,1.0000,1.0000,174.3600,0.1123,2379.4800,0.0000,1.0000,1.0000,1.0000,0.0000,0,正常报名
4.0000,3.0000,1.0000,5753.5400,1438.3900,3995.9199,0.0000,0.0000,0.0000,0.0000,0.0000,1.0000,0.0000,1.0000,3995.9199,1.0000,1.0000,485.2200,0.1214,1255.2200,0.0000,2.0000,1.0000,1.0000,0.0000,0,正常报名
9.0000,3.0000,1.0000,16679.5801,1853.2900,2941.7800,0.0000,1.0000,0.0000,0.0000,0.0000,1.0000,0.0000,3.0000,2834.4595,1.0000,1.0000,238.2200,0.1564,404.2579,0.0000,3.0000,3.0000,1.0000,0.0000,0,正常退费
10.0000,3.0000,1.0000,14633.2305,1463.3199,2748.2700,0.0000,0.0000,0.0000,0.0000,0.0000,0.0000,0.0000,1.0000,2748.2700,1.0000,1.0000,188.2700,0.0685,2008.0800,0.0000,4.0000,1.0000,1.0000,0.0000,0,正常报名
5.0000,0.0000,0.0000,14804.2100,2960.8401,4117.0098,0.0000,0.0000,0.0000,0.0000,0.0000,1.0000,0.0000,2.0000,2238.0100,1.0000,1.0000,363.1600,0.1623,1379.8800,0.0000,3.0000,2.0000,2.0000,0.0000,0,正常报名
9.0000,0.0000,0.0000,3165.4600,351.7200,4474.6899,0.0000,1.0000,0.0000,0.0000,0.0000,0.0000,0.0000,1.0000,871.7788,1.0000,1.0000,762.9900,0.1705,1231.0072,0.0000,4.0000,1.0000,1.0000,1.0000,0,正常退费
1.0000,0.0000,0.0000,721.8900,721.8900,3132.5701,0.0000,0.0000,0.0000,0.0000,0.0000,0.0000,6.0000,1.0000,0.0000,0.0000,0.0000,0.0000,0.0000,0.0000,0.0000,1.0000,1.0000,1.0000,0.0000,1,身份连续认证失败
14.0000,1.0000,0.0000,11258.8301,1250.9800,3017.1799,4.0000,4.0000,0.2857,0.2857,22302.9648,0.0000,0.0000,2.0000,3017.1799,1.0000,1.0000,344.7300,0.1143,134.8000,0.0000,5.0000,2.0000,2.0000,0.0000,1,连环退费
4.0000,3.0000,1.0000,2413.0300,603.2600,2709.4500,0.0000,1.0000,0.0000,0.0000,0.0000,0.0000,0.0000,1.0000,2218.8381,1.0000,1.0000,38.0100,0.0140,1099.7256,0.0000,4.0000,1.0000,1.0000,0.0000,0,正常退费
1.0000,0.0000,0.0000,2921.9399,2921.9399,5739.5298,0.0000,1.0000,0.0000,0.0000,0.0000,0.0000,0.0000,2.0000,686.3710,1.0000,1.0000,484.5600,0.1365,762.2002,0.0000,1.0000,2.0000,1.0000,0.0000,0,正常退费
5.0000,1.0000,1.0000,9555.7305,1592.6200,2813.7800,4.0000,3.0000,0.8000,0.6000,13435.0381,0.0000,0.0000,1.0000,2658.3201,1.0000,1.0000,280.9100,0.1057,1168.8101,0.0000,3.0000,1.0000,2.0000,0.0000,1,连环退费
5.0000,3.0000,0.0000,9799.9404,1959.9900,2253.0801,0.0000,0.0000,0.0000,0.0000,0.0000,0.0000,0.0000,1.0000,534.4500,1.0000,1.0000,0.5400,0.0010,182.8500,0.0000,5.0000,1.0000,1.0000,0.0000,0,正常报名
7.0000,2.0000,0.0000,5696.9102,632.9900,2870.8701,3.0000,6.0000,0.4286,0.8571,28230.4414,1.0000,0.0000,1.0000,2870.8701,1.0000,1.0000,15.1200,0.0053,1947.4301,0.0000,5.0000,1.0000,1.0000,0.0000,1,连环退费
9.0000,3.0000,0.0000,7452.2100,828.0200,3775.8401,0.0000,0.0000,0.0000,0.0000,0.0000,0.0000,0.0000,1.0000,3775.8401,1.0000,1.0000,3.0600,0.0008,410.5700,0.0000,5.0000,1.0000,1.0000,0.0000,0,正常报名
7.0000,3.0000,2.0000,9457.2100,1351.0300,1479.5300,0.0000,0.0000,0.0000,0.0000,0.0000,0.0000,0.0000,2.0000,334.3600,1.0000,1.0000,37.7700,0.1130,327.0000,0.0000,3.0000,2.0000,2.0000,1.0000,0,正常报名
10.0000,0.0000,0.0000,14710.1201,1471.0100,4004.7800,0.0000,0.0000,0.0000,0.0000,0.0000,0.0000,0.0000,1.0000,0.0000,0.0000,0.0000,0.0000,0.0000,0.0000,0.0000,1.0000,1.0000,2.0000,0.0000,0,正常学历认证
12.0000,4.0000,2.0000,7804.0000,650.3300,1567.8300,0.0000,0.0000,0.0000,0.0000,0.0000,0.0000,0.0000,2.0000,8394.9775,1.0000,1.0000,212.7500,0.1357,188.8100,1.0000,4.0000,2.0000,1.0000,0.0000,0,凌晨大额标记
3.0000,3.0000,1.0000,1783.7600,594.5900,979.1500,0.0000,1.0000,0.0000,0.0000,0.0000,0.0000,0.0000,2.0000,2596.9363,1.0000,1.0000,77.1700,0.0788,958.8640,0.0000,1.0000,2.0000,1.0000,0.0000,0,正常退费
12.0000,5.0000,1.0000,14155.0303,1179.5900,3437.9700,0.0000,0.0000,0.0000,0.0000,0.0000,0.0000,0.0000,1.0000,3437.9700,1.0000,1.0000,206.7300,0.0601,761.3100,0.0000,1.0000,1.0000,2.0000,0.0000,0,正常报名
7.0000,4.0000,0.0000,6008.4902,858.3600,1658.2900,0.0000,0.0000,0.0000,0.0000,0.0000,0.0000,0.0000,3.0000,1658.2900,1.0000,1.0000,296.7800,0.1790,481.7700,0.0000,1.0000,3.0000,1.0000,0.0000,0,正常报名
4.0000,2.0000,1.0000,8929.2402,2232.3101,4791.0200,0.0000,1.0000,0.0000,0.0000,0.0000,0.0000,0.0000,2.0000,6110.6636,1.0000,1.0000,113.0200,0.0514,3.4336,0.0000,1.0000,2.0000,1.0000,1.0000,1,零学时大额退费
12.0000,5.0000,2.0000,6250.8999,520.9100,741.1700,0.0000,0.0000,0.0000,0.0000,0.0000,0.0000,0.0000,3.0000,741.1700,1.0000,1.0000,53.2200,0.0718,512.3600,0.0000,4.0000,3.0000,11.0000,1.0000,1,同设备多账号
11.0000,0.0000,0.0000,23493.7695,2135.8000,4691.8198,0.0000,0.0000,0.0000,0.0000,0.0000,0.0000,0.0000,1.0000,2799.8701,1.0000,1.0000,288.3800,0.1030,1337.7000,0.0000,3.0000,1.0000,1.0000,0.0000,0,正常报名
10.0000,3.0000,1.0000,9323.4102,932.3400,3839.3501,1.0000,1.0000,0.1000,0.1000,2814.0400,0.0000,0.0000,1.0000,3839.3501,1.0000,1.0000,452.7600,0.1179,1446.9600,0.0000,2.0000,1.0000,1.0000,0.0000,0,正常报名
9.0000,1.0000,0.0000,9247.1699,1027.4600,3921.4299,0.0000,0.0000,0.0000,0.0000,0.0000,0.0000,0.0000,1.0000,3921.4299,1.0000,1.0000,187.3600,0.0478,563.8300,0.0000,1.0000,1.0000,1.0000,0.0000,0,正常报名
11.0000,4.0000,0.0000,9702.8301,1940.5699,2929.3701,11.0000,11.0000,1.0000,1.0000,7832.9775,0.0000,0.0000,1.0000,2929.3701,1.0000,1.0000,156.4200,0.0534,663.6300,0.0000,4.0000,1.0000,2.0000,0.0000,1,极高退费率
2.0000,1.0000,1.0000,4641.7300,2320.8701,4088.7800,0.0000,0.0000,0.0000,0.0000,0.0000,0.0000,0.0000,3.0000,4088.7800,1.0000,1.0000,627.7400,0.1535,1460.8800,0.0000,2.0000,3.0000,2.0000,0.0000,0,正常报名
6.0000,0.0000,0.0000,20444.5000,3407.4199,4966.6401,0.0000,0.0000,0.0000,0.0000,0.0000,0.0000,0.0000,3.0000,2719.3701,1.0000,1.0000,391.1800,0.1438,1836.7600,0.0000,5.0000,3.0000,1.0000,0.0000,1,正常报名
9.0000,1.0000,1.0000,26262.5801,2918.0601,5811.5098,0.0000,0.0000,0.0000,0.0000,0.0000,0.0000,0.0000,2.0000,2607.4199,1.0000,1.0000,295.6700,0.1134,1687.9000,0.0000,3.0000,2.0000,1.0000,1.0000,0,正常报名
12.0000,1.0000,0.0000,33847.8086,2820.6499,6140.5898,0.0000,0.0000,0.0000,0.0000,0.0000,0.0000,0.0000,3.0000,0.0000,0.0000,0.0000,0.0000,0.0000,0.0000,0.0000,5.0000,3.0000,2.0000,0.0000,0,正常学历认证
14.0000,0.0000,0.0000,6101.6802,1525.4200,3273.5801,7.0000,12.0000,0.5000,0.8571,18911.0254,1.0000,0.0000,3.0000,2123.5100,1.0000,1.0000,116.0400,0.0546,743.8700,0.0000,2.0000,3.0000,1.0000,0.0000,1,连环退费
12.0000,0.0000,0.0000,37006.9219,3083.9099,3084.1101,0.0000,0.0000,0.0000,0.0000,0.0000,0.0000,0.0000,1.0000,1778.8000,1.0000,1.0000,68.6300,0.0386,1319.3500,0.0000,3.0000,1.0000,2.0000,0.0000,0,正常报名
3.0000,2.0000,1.0000,4887.2202,1629.0699,2658.7100,0.0000,0.0000,0.0000,0.0000,0.0000,0.0000,0.0000,1.0000,14451.5928,1.0000,1.0000,440.3600,0.1656,562.6800,0.0000,2.0000,1.0000,1.0000,1.0000,1,新设备大额报名
2.0000,0.0000,0.0000,2012.7100,1006.3500,1687.9800,0.0000,0.0000,0.0000,0.0000,0.0000,0.0000,0.0000,1.0000,1440.7300,1.0000,1.0000,36.5200,0.0253,1505.3300,1.0000,1.0000,1.0000,1.0000,0.0000,0,正常报名
10.0000,2.0000,0.0000,10170.7402,1017.0700,1110.2500,0.0000,0.0000,0.0000,0.0000,0.0000,0.0000,0.0000,3.0000,652.0700,1.0000,1.0000,75.6300,0.1160,1016.6400,0.0000,5.0000,3.0000,2.0000,0.0000,0,正常报名
2.0000,2.0000,2.0000,5190.1401,2595.0701,4370.8501,0.0000,0.0000,0.0000,0.0000,0.0000,0.0000,0.0000,1.0000,2176.6299,1.0000,1.0000,357.7100,0.1643,620.6200,0.0000,2.0000,1.0000,1.0000,0.0000,0,正常报名
9.0000,0.0000,0.0000,16569.5898,1841.0699,4495.4102,0.0000,0.0000,0.0000,0.0000,0.0000,0.0000,0.0000,1.0000,4495.4102,1.0000,1.0000,213.1000,0.0474,2044.1500,0.0000,2.0000,1.0000,1.0000,0.0000,0,正常报名
8.0000,1.0000,1.0000,12186.6299,1523.3300,2291.6299,0.0000,0.0000,0.0000,0.0000,0.0000,0.0000,0.0000,2.0000,1525.0601,1.0000,1.0000,200.7200,0.1316,1254.8600,0.0000,1.0000,2.0000,2.0000,1.0000,0,正常报名
2.0000,2.0000,2.0000,952.1700,476.0900,1174.1600,0.0000,0.0000,0.0000,0.0000,0.0000,0.0000,0.0000,1.0000,10714.3965,1.0000,1.0000,171.4300,0.1460,546.6400,0.0000,2.0000,1.0000,1.0000,1.0000,1,新设备大额报名
7.0000,2.0000,1.0000,13461.1602,1923.0200,3474.8999,0.0000,1.0000,0.0000,0.0000,0.0000,0.0000,0.0000,3.0000,534.8284,1.0000,1.0000,536.0800,0.1778,207.7801,0.0000,2.0000,3.0000,2.0000,0.0000,0,正常退费
11.0000,0.0000,0.0000,30860.8906,2805.5400,5895.4702,0.0000,0.0000,0.0000,0.0000,0.0000,0.0000,0.0000,3.0000,2940.6001,1.0000,1.0000,463.4900,0.1576,85.0700,0.0000,5.0000,3.0000,2.0000,0.0000,0,正常报名
8.0000,0.0000,0.0000,24647.7793,3080.9700,4894.7798,0.0000,1.0000,0.0000,0.0000,0.0000,0.0000,0.0000,2.0000,1310.0104,1.0000,1.0000,393.8500,0.1094,836.6461,0.0000,2.0000,2.0000,2.0000,1.0000,0,正常退费
8.0000,2.0000,0.0000,14508.9697,1813.6200,2398.0100,0.0000,1.0000,0.0000,0.0000,0.0000,0.0000,0.0000,1.0000,2587.6177,1.0000,1.0000,63.2000,0.0483,1558.5491,1.0000,1.0000,1.0000,2.0000,0.0000,0,正常退费
8.0000,5.0000,0.0000,5393.1001,674.1400,2922.6899,0.0000,0.0000,0.0000,0.0000,0.0000,0.0000,0.0000,1.0000,2922.6899,1.0000,1.0000,127.6200,0.0437,1274.4399,0.0000,4.0000,1.0000,1.0000,0.0000,0,正常报名
4.0000,2.0000,1.0000,7712.3301,1928.0800,4046.3601,1.0000,1.0000,0.2500,0.2500,2869.5701,0.0000,0.0000,1.0000,7491.5000,1.0000,1.0000,512.1700,0.1466,1271.1600,1.0000,2.0000,1.0000,2.0000,0.0000,0,凌晨大额标记
6.0000,1.0000,1.0000,12318.1699,2053.0300,4461.9600,0.0000,0.0000,0.0000,0.0000,0.0000,0.0000,0.0000,2.0000,9486.9355,1.0000,1.0000,128.3500,0.0288,648.5100,1.0000,3.0000,2.0000,1.0000,0.0000,0,凌晨大额标记
6.0000,1.0000,0.0000,2077.7300,346.2900,1571.1700,0.0000,0.0000,0.0000,0.0000,0.0000,0.0000,0.0000,3.0000,0.0000,0.0000,0.0000,0.0000,0.0000,0.0000,0.0000,5.0000,3.0000,1.0000,0.0000,0,正常学历认证
4.0000,0.0000,0.0000,6198.9502,1549.7400,2295.7500,0.0000,0.0000,0.0000,0.0000,0.0000,0.0000,0.0000,3.0000,459.5900,1.0000,1.0000,65.3400,0.1422,2314.6399,0.0000,1.0000,3.0000,10.0000,0.0000,1,同设备多账号
11.0000,1.0000,0.0000,14083.1396,1280.2900,2666.9500,0.0000,0.0000,0.0000,0.0000,0.0000,0.0000,0.0000,2.0000,2666.9500,1.0000,1.0000,342.1500,0.1283,1937.1100,0.0000,1.0000,2.0000,1.0000,0.0000,0,正常报名
8.0000,0.0000,0.0000,26446.4609,3305.8101,3531.6699,0.0000,0.0000,0.0000,0.0000,0.0000,0.0000,6.0000,2.0000,0.0000,0.0000,0.0000,0.0000,0.0000,0.0000,1.0000,1.0000,2.0000,1.0000,0.0000,1,身份连续认证失败
4.0000,3.0000,0.0000,1905.2100,476.3000,3341.2300,0.0000,1.0000,0.0000,0.0000,0.0000,0.0000,0.0000,2.0000,1012.5125,1.0000,1.0000,330.5500,0.0989,1054.8076,0.0000,4.0000,2.0000,2.0000,1.0000,0,正常退费
7.0000,3.0000,0.0000,7692.9702,1538.5900,2655.5400,6.0000,7.0000,0.8571,1.0000,23606.3984,0.0000,0.0000,1.0000,2655.5400,1.0000,1.0000,39.0100,0.0147,2048.1201,0.0000,5.0000,1.0000,2.0000,0.0000,1,连环退费
5.0000,3.0000,0.0000,11224.5400,2244.9099,3554.7100,0.0000,0.0000,0.0000,0.0000,0.0000,0.0000,0.0000,3.0000,1359.2900,1.0000,1.0000,12.5100,0.0092,1609.1899,0.0000,1.0000,3.0000,2.0000,1.0000,0,正常报名
6.0000,5.0000,2.0000,7344.4399,1224.0699,2770.8000,0.0000,0.0000,0.0000,0.0000,0.0000,0.0000,0.0000,3.0000,2770.8000,1.0000,1.0000,295.0500,0.1065,2050.8101,0.0000,5.0000,3.0000,2.0000,0.0000,0,正常报名
1.0000,1.0000,0.0000,2204.3201,2204.3201,4317.2300,0.0000,0.0000,0.0000,0.0000,0.0000,0.0000,0.0000,1.0000,1851.3300,1.0000,1.0000,330.5600,0.1786,1997.5900,0.0000,1.0000,1.0000,2.0000,0.0000,0,正常报名
12.0000,2.0000,2.0000,39976.4492,3331.3701,6728.2598,0.0000,1.0000,0.0000,0.0000,0.0000,0.0000,0.0000,3.0000,2697.1309,1.0000,1.0000,129.9100,0.0436,461.4307,0.0000,5.0000,3.0000,1.0000,0.0000,0,正常退费
2.0000,2.0000,1.0000,4185.1602,2092.5801,3286.7700,0.0000,1.0000,0.0000,0.5000,0.0000,0.0000,0.0000,1.0000,2288.5701,1.0000,1.0000,147.1200,0.0643,1359.9700,0.0000,2.0000,1.0000,2.0000,0.0000,0,正常报名
2.0000,2.0000,0.0000,1606.1400,803.0700,3381.8201,0.0000,1.0000,0.0000,0.0000,0.0000,0.0000,0.0000,2.0000,6675.7930,1.0000,1.0000,467.5600,0.1383,2.7073,0.0000,2.0000,2.0000,1.0000,0.0000,1,零学时大额退费
13.0000,3.0000,0.0000,6028.3799,1205.6801,3027.2600,4.0000,11.0000,0.3077,0.8462,31132.9902,0.0000,0.0000,1.0000,3027.2600,1.0000,1.0000,40.7500,0.0135,243.6200,0.0000,2.0000,1.0000,1.0000,0.0000,1,连环退费
9.0000,1.0000,0.0000,13525.0996,3381.2800,6997.0698,5.0000,5.0000,0.5556,0.5556,26669.1016,0.0000,0.0000,2.0000,3709.2500,1.0000,1.0000,473.3800,0.1276,1187.8199,0.0000,4.0000,2.0000,1.0000,0.0000,1,极高退费率
7.0000,0.0000,0.0000,21000.7207,3000.1001,5265.8101,1.0000,1.0000,0.1429,0.1429,2492.6201,0.0000,0.0000,1.0000,4946.8521,1.0000,1.0000,267.4900,0.0632,4.4516,0.0000,3.0000,1.0000,2.0000,0.0000,1,零学时大额退费
10.0000,1.0000,1.0000,9132.5596,913.2600,2566.2800,0.0000,0.0000,0.0000,0.0000,0.0000,1.0000,0.0000,1.0000,8490.1270,1.0000,1.0000,176.6000,0.0688,1523.2900,1.0000,4.0000,1.0000,2.0000,1.0000,0,凌晨大额标记
4.0000,1.0000,0.0000,10706.0703,2676.5200,4824.8799,0.0000,0.0000,0.0000,0.0000,0.0000,0.0000,0.0000,3.0000,2358.0300,1.0000,1.0000,313.8300,0.1331,2328.1699,0.0000,1.0000,3.0000,1.0000,0.0000,0,正常报名
8.0000,0.0000,0.0000,6841.5898,855.2000,1279.1700,0.0000,0.0000,0.0000,0.0000,0.0000,0.0000,0.0000,2.0000,1279.1700,1.0000,1.0000,93.1700,0.0728,415.5800,0.0000,3.0000,2.0000,2.0000,0.0000,0,正常报名
3.0000,3.0000,2.0000,4937.7700,1645.9200,3057.7200,0.0000,0.0000,0.0000,0.0000,0.0000,0.0000,0.0000,2.0000,3016.0901,1.0000,1.0000,509.5200,0.1689,423.0700,0.0000,1.0000,2.0000,1.0000,0.0000,0,正常报名
2.0000,1.0000,0.0000,6530.2100,3265.1001,6256.3501,0.0000,0.0000,0.0000,0.0000,0.0000,0.0000,0.0000,2.0000,709.5300,1.0000,1.0000,54.1100,0.0763,1678.8101,0.0000,2.0000,2.0000,7.0000,0.0000,1,同设备多账号
9.0000,3.0000,0.0000,27804.9297,3089.4399,5948.0098,0.0000,0.0000,0.0000,0.0000,0.0000,0.0000,0.0000,2.0000,627.6500,1.0000,1.0000,111.5600,0.1777,1583.5000,0.0000,3.0000,2.0000,2.0000,0.0000,0,正常报名
11.0000,1.0000,0.0000,31425.4102,2856.8601,5342.6001,0.0000,0.0000,0.0000,0.0000,0.0000,0.0000,0.0000,2.0000,1796.4700,1.0000,1.0000,168.3300,0.0937,1540.5200,0.0000,5.0000,2.0000,2.0000,0.0000,0,正常报名
6.0000,1.0000,1.0000,17895.9492,2982.6599,5123.7402,0.0000,1.0000,0.0000,0.0000,0.0000,0.0000,0.0000,1.0000,1697.2920,1.0000,1.0000,112.9700,0.1669,781.9844,0.0000,4.0000,1.0000,1.0000,1.0000,0,正常退费
9.0000,5.0000,1.0000,25918.9297,2879.8799,6245.5298,0.0000,0.0000,0.0000,0.0000,0.0000,0.0000,0.0000,1.0000,9153.8477,1.0000,1.0000,210.8100,0.0557,1802.8700,1.0000,1.0000,1.0000,2.0000,0.0000,0,凌晨大额标记
8.0000,0.0000,0.0000,5786.3799,723.3000,1174.0400,0.0000,0.0000,0.0000,0.0000,0.0000,0.0000,0.0000,1.0000,1157.9000,1.0000,1.0000,144.8200,0.1251,1360.5000,0.0000,2.0000,1.0000,12.0000,1.0000,1,同设备多账号
7.0000,0.0000,0.0000,21844.8008,3120.6899,6031.5698,1.0000,1.0000,0.1429,0.1429,976.9100,1.0000,3.0000,1.0000,0.0000,0.0000,0.0000,0.0000,0.0000,0.0000,0.0000,4.0000,1.0000,1.0000,0.0000,1,身份连续认证失败
4.0000,1.0000,0.0000,1876.7500,469.1900,1524.3900,0.0000,1.0000,0.0000,0.0000,0.0000,0.0000,0.0000,2.0000,3131.2686,1.0000,1.0000,34.9600,0.0229,1781.0087,0.0000,2.0000,2.0000,2.0000,0.0000,0,正常退费
11.0000,2.0000,1.0000,6054.5801,550.4200,798.1400,0.0000,0.0000,0.0000,0.0000,0.0000,0.0000,0.0000,2.0000,588.0500,1.0000,1.0000,86.1500,0.1465,414.5400,0.0000,3.0000,2.0000,1.0000,0.0000,0,正常报名
11.0000,0.0000,0.0000,20840.4492,1894.5900,3036.0000,0.0000,0.0000,0.0000,0.0000,0.0000,0.0000,0.0000,2.0000,0.0000,0.0000,0.0000,0.0000,0.0000,0.0000,0.0000,1.0000,2.0000,1.0000,0.0000,0,正常学历认证
7.0000,3.0000,2.0000,4205.0200,600.7200,2511.0400,0.0000,0.0000,0.0000,0.0000,0.0000,0.0000,0.0000,3.0000,2511.0400,1.0000,1.0000,150.0300,0.0597,1142.2200,0.0000,5.0000,3.0000,12.0000,0.0000,1,同设备多账号
2.0000,1.0000,1.0000,4356.1602,2178.0801,4321.1401,0.0000,0.0000,0.0000,0.0000,0.0000,0.0000,0.0000,3.0000,3925.0200,1.0000,1.0000,664.3100,0.1692,1332.6300,0.0000,1.0000,3.0000,2.0000,0.0000,0,正常报名
4.0000,1.0000,1.0000,9379.6699,2344.9199,4153.9199,0.0000,0.0000,0.0000,0.0000,0.0000,0.0000,0.0000,1.0000,4153.9199,1.0000,1.0000,274.6500,0.0661,1526.6400,0.0000,1.0000,1.0000,2.0000,0.0000,0,正常报名
7.0000,1.0000,0.0000,4009.6399,572.8100,2101.2000,0.0000,1.0000,0.0000,0.0000,0.0000,0.0000,0.0000,2.0000,1614.3589,1.0000,1.0000,282.8100,0.1346,162.5660,0.0000,4.0000,2.0000,2.0000,0.0000,0,正常退费
2.0000,2.0000,0.0000,5246.3101,2623.1499,37927.5391,0.0000,0.0000,0.0000,0.0000,0.0000,0.0000,0.0000,3.0000,37927.5391,1.0000,1.0000,730.4400,0.1773,1368.2900,0.0000,2.0000,3.0000,2.0000,0.0000,1,超高金额报名
1.0000,1.0000,1.0000,1189.7200,1189.7200,2814.8501,0.0000,0.0000,0.0000,0.0000,0.0000,0.0000,0.0000,2.0000,2814.8501,1.0000,1.0000,194.8300,0.0692,1256.8000,0.0000,1.0000,2.0000,8.0000,1.0000,1,同设备多账号
1.0000,1.0000,0.0000,417.4600,417.4600,2975.8899,0.0000,0.0000,0.0000,0.0000,0.0000,0.0000,6.0000,2.0000,0.0000,0.0000,0.0000,0.0000,0.0000,0.0000,0.0000,1.0000,2.0000,1.0000,0.0000,1,身份连续认证失败
10.0000,5.0000,0.0000,6284.2700,628.4300,2292.8501,0.0000,0.0000,0.0000,0.0000,0.0000,1.0000,0.0000,3.0000,2292.8501,1.0000,1.0000,165.2300,0.0721,1589.8700,0.0000,3.0000,3.0000,1.0000,0.0000,0,正常报名
3.0000,2.0000,0.0000,2190.0300,730.0100,2463.1001,0.0000,0.0000,0.0000,0.0000,0.0000,0.0000,0.0000,3.0000,2463.1001,1.0000,1.0000,83.9400,0.0341,702.8000,0.0000,1.0000,3.0000,1.0000,1.0000,0,正常报名
4.0000,2.0000,2.0000,8854.2500,1106.7800,1336.8000,3.0000,3.0000,0.7500,0.7500,13753.3955,0.0000,0.0000,2.0000,463.6600,1.0000,1.0000,67.9700,0.1466,1536.5400,0.0000,4.0000,2.0000,2.0000,0.0000,1,连环退费
7.0000,1.0000,1.0000,23310.7402,3330.1101,6056.7300,0.0000,1.0000,0.0000,0.0000,0.0000,0.0000,0.0000,2.0000,3343.6208,1.0000,1.0000,58.8500,0.0189,794.8380,0.0000,3.0000,2.0000,1.0000,0.0000,0,正常退费
11.0000,5.0000,2.0000,37162.3008,3378.3899,6903.9102,0.0000,0.0000,0.0000,0.0000,0.0000,0.0000,0.0000,2.0000,0.0000,0.0000,0.0000,0.0000,0.0000,0.0000,0.0000,1.0000,2.0000,2.0000,0.0000,0,正常学历认证
9.0000,1.0000,0.0000,18587.0000,2065.2200,3129.2500,0.0000,1.0000,0.0000,0.0000,0.0000,0.0000,0.0000,1.0000,8484.3486,1.0000,1.0000,263.8800,0.1152,2.3447,0.0000,2.0000,1.0000,2.0000,0.0000,1,零学时大额退费
7.0000,5.0000,0.0000,8832.6699,1261.8101,2151.0801,0.0000,0.0000,0.0000,0.0000,0.0000,0.0000,0.0000,3.0000,2151.0801,1.0000,1.0000,339.9600,0.1580,1698.9301,0.0000,4.0000,3.0000,2.0000,0.0000,1,正常报名
2.0000,1.0000,0.0000,5203.0200,2601.5100,5256.9902,0.0000,0.0000,0.0000,0.0000,0.0000,1.0000,0.0000,2.0000,1835.8300,1.0000,1.0000,143.0300,0.0779,2274.1599,0.0000,1.0000,2.0000,2.0000,0.0000,0,正常报名
3.0000,1.0000,1.0000,10209.4902,3403.1599,32467.9004,0.0000,0.0000,0.0000,0.0000,0.0000,0.0000,0.0000,3.0000,32467.9004,1.0000,1.0000,176.2000,0.0891,1627.9200,0.0000,1.0000,3.0000,1.0000,0.0000,1,超高金额报名
2.0000,2.0000,2.0000,4335.6802,2167.8401,3087.7600,0.0000,0.0000,0.0000,0.0000,0.0000,0.0000,0.0000,3.0000,16224.5361,1.0000,1.0000,518.6700,0.1680,430.0700,0.0000,2.0000,3.0000,3.0000,1.0000,1,新设备大额报名
8.0000,0.0000,0.0000,7455.2402,931.9000,1312.8700,1.0000,2.0000,0.1250,0.2500,1002.1700,0.0000,0.0000,3.0000,1450.2444,1.0000,1.0000,93.0600,0.0965,544.2285,0.0000,3.0000,3.0000,2.0000,0.0000,0,正常退费
7.0000,3.0000,1.0000,18364.0195,2623.4299,4225.8301,1.0000,1.0000,0.1429,0.1429,1456.6899,0.0000,0.0000,3.0000,4225.8301,1.0000,1.0000,143.6900,0.0340,1221.7600,0.0000,2.0000,3.0000,1.0000,1.0000,0,正常报名
9.0000,0.0000,0.0000,5404.1099,2702.0601,4212.3901,6.0000,6.0000,0.6667,0.6667,13266.9619,0.0000,0.0000,2.0000,523.2300,1.0000,1.0000,81.0900,0.1550,300.1600,0.0000,1.0000,2.0000,2.0000,0.0000,1,极高退费率
12.0000,3.0000,2.0000,16727.2793,1393.9399,4193.1899,0.0000,1.0000,0.0000,0.0000,0.0000,0.0000,0.0000,2.0000,10900.8691,1.0000,1.0000,258.2900,0.0616,1.9443,0.0000,4.0000,2.0000,2.0000,0.0000,1,零学时大额退费
6.0000,2.0000,0.0000,9340.6904,1556.7800,50751.8438,0.0000,0.0000,0.0000,0.0000,0.0000,0.0000,0.0000,3.0000,50751.8438,1.0000,1.0000,194.7100,0.0437,1715.9200,0.0000,3.0000,3.0000,2.0000,0.0000,1,超高金额报名
11.0000,4.0000,0.0000,4563.1602,414.8300,2017.3000,0.0000,1.0000,0.0000,0.0000,0.0000,0.0000,0.0000,2.0000,1023.6367,1.0000,1.0000,290.7700,0.1441,1232.9902,0.0000,2.0000,2.0000,2.0000,0.0000,0,正常退费
6.0000,3.0000,0.0000,5867.1699,977.8600,3231.5400,0.0000,0.0000,0.0000,0.0000,0.0000,0.0000,0.0000,2.0000,3231.5400,1.0000,1.0000,559.5900,0.1732,2399.6201,0.0000,2.0000,2.0000,2.0000,0.0000,0,正常报名
8.0000,5.0000,2.0000,15253.8604,1906.7300,2717.7400,0.0000,1.0000,0.0000,0.0000,0.0000,0.0000,0.0000,1.0000,3437.1040,1.0000,1.0000,420.5200,0.1547,910.7108,0.0000,3.0000,1.0000,1.0000,0.0000,0,正常退费
4.0000,1.0000,0.0000,3173.9099,793.4800,2851.8401,0.0000,0.0000,0.0000,0.0000,0.0000,0.0000,0.0000,2.0000,6396.4253,1.0000,1.0000,321.4700,0.1127,1594.0699,1.0000,3.0000,2.0000,1.0000,0.0000,0,凌晨大额标记
7.0000,3.0000,0.0000,9362.5996,1337.5100,1352.7000,0.0000,0.0000,0.0000,0.0000,0.0000,0.0000,0.0000,1.0000,484.4800,1.0000,1.0000,41.9700,0.0866,642.0900,0.0000,5.0000,1.0000,1.0000,0.0000,0,正常报名
11.0000,2.0000,1.0000,22528.4609,2048.0400,2937.6799,0.0000,1.0000,0.0000,0.0000,0.0000,0.0000,0.0000,2.0000,1330.1521,1.0000,1.0000,80.5300,0.0492,1734.0942,0.0000,5.0000,2.0000,2.0000,0.0000,0,正常退费
5.0000,2.0000,2.0000,10006.8301,2001.3700,3476.7900,0.0000,0.0000,0.0000,0.0000,0.0000,0.0000,0.0000,2.0000,1374.4399,1.0000,1.0000,147.3000,0.1072,211.8100,0.0000,2.0000,2.0000,1.0000,0.0000,0,正常报名
9.0000,5.0000,0.0000,19009.2500,2112.1399,3700.3799,0.0000,0.0000,0.0000,0.0000,0.0000,0.0000,0.0000,1.0000,723.6100,1.0000,1.0000,110.3700,0.1525,781.5200,0.0000,4.0000,1.0000,5.0000,1.0000,1,同设备多账号
10.0000,1.0000,0.0000,12720.0400,1272.0000,2171.4900,0.0000,0.0000,0.0000,0.0000,0.0000,0.0000,0.0000,2.0000,0.0000,0.0000,0.0000,0.0000,0.0000,0.0000,0.0000,5.0000,2.0000,1.0000,0.0000,0,正常学历认证
6.0000,4.0000,2.0000,20419.6797,3403.2800,3543.1101,0.0000,0.0000,0.0000,0.0000,0.0000,0.0000,0.0000,2.0000,1796.6400,1.0000,1.0000,272.9400,0.1519,1839.8700,0.0000,1.0000,2.0000,1.0000,0.0000,0,正常报名
11.0000,1.0000,1.0000,28824.8398,2620.4399,4204.7002,0.0000,1.0000,0.0000,0.0909,0.0000,0.0000,0.0000,3.0000,17953.7891,1.0000,1.0000,112.5600,0.0781,1120.2100,1.0000,2.0000,3.0000,2.0000,1.0000,1,新设备大额报名
9.0000,1.0000,1.0000,8624.1699,958.2400,4003.8601,0.0000,1.0000,0.0000,0.1111,0.0000,0.0000,0.0000,2.0000,0.0000,0.0000,0.0000,0.0000,0.0000,0.0000,0.0000,5.0000,2.0000,1.0000,0.0000,0,正常学历认证
8.0000,1.0000,1.0000,2495.1499,2495.1499,3143.3401,5.0000,5.0000,0.6250,0.6250,22869.0977,0.0000,0.0000,3.0000,2601.5100,1.0000,1.0000,292.3900,0.1124,319.9500,0.0000,1.0000,3.0000,1.0000,0.0000,1,连环退费
4.0000,4.0000,1.0000,11141.2100,928.4300,2870.6899,4.0000,4.0000,1.0000,1.0000,23085.7031,0.0000,0.0000,2.0000,2870.6899,1.0000,1.0000,428.7400,0.1494,1911.1700,0.0000,5.0000,2.0000,1.0000,0.0000,1,极高退费率
4.0000,4.0000,2.0000,16684.0195,3336.8000,5551.2300,4.0000,4.0000,1.0000,1.0000,10515.1475,0.0000,0.0000,3.0000,2487.4299,1.0000,1.0000,173.1200,0.0696,2226.1201,0.0000,4.0000,3.0000,1.0000,0.0000,1,极高退费率
8.0000,5.0000,1.0000,12578.3203,2096.3899,4241.5698,4.0000,6.0000,0.5000,0.7500,13033.0381,0.0000,0.0000,1.0000,4241.5698,1.0000,1.0000,427.8100,0.1009,242.2600,0.0000,4.0000,1.0000,1.0000,0.0000,1,连环退费
6.0000,0.0000,0.0000,3980.0901,1326.7000,2863.5100,5.0000,6.0000,0.8333,1.0000,16842.0371,0.0000,0.0000,2.0000,2863.5100,1.0000,1.0000,124.1000,0.0433,1181.4000,0.0000,2.0000,2.0000,2.0000,0.0000,0,连环退费
4.0000,3.0000,1.0000,13094.9697,1190.4500,2020.7100,2.0000,2.0000,0.5000,0.5000,28965.9414,0.0000,0.0000,2.0000,1991.3300,1.0000,1.0000,346.5700,0.1740,961.1700,0.0000,3.0000,2.0000,1.0000,0.0000,1,极高退费率
7.0000,0.0000,0.0000,13155.6699,1879.3800,3259.2600,0.0000,0.0000,0.0000,0.0000,0.0000,0.0000,0.0000,3.0000,3259.2600,1.0000,1.0000,452.6000,0.1389,1756.7100,0.0000,5.0000,3.0000,2.0000,0.0000,0,正常报名
10.0000,3.0000,0.0000,17146.2891,1714.6300,3333.4199,0.0000,0.0000,0.0000,0.0000,0.0000,1.0000,0.0000,1.0000,2249.1599,1.0000,1.0000,306.6400,0.1363,667.7300,0.0000,2.0000,1.0000,2.0000,0.0000,0,正常报名
7.0000,2.0000,1.0000,17074.0605,2439.1499,3411.0000,0.0000,0.0000,0.0000,0.0000,0.0000,0.0000,0.0000,3.0000,2477.6299,1.0000,1.0000,78.4900,0.0317,1080.2900,0.0000,5.0000,3.0000,2.0000,0.0000,0,正常报名
10.0000,0.0000,0.0000,12924.0596,1292.4100,4171.4702,0.0000,0.0000,0.0000,0.0000,0.0000,0.0000,0.0000,3.0000,4171.4702,1.0000,1.0000,539.9800,0.1294,2381.0200,0.0000,5.0000,3.0000,1.0000,0.0000,0,正常报名
10.0000,4.0000,2.0000,4517.2700,451.7300,2869.5801,0.0000,1.0000,0.0000,0.0000,0.0000,0.0000,0.0000,3.0000,7880.3057,1.0000,1.0000,485.3900,0.1691,1.8268,0.0000,4.0000,3.0000,1.0000,0.0000,1,零学时大额退费
9.0000,0.0000,0.0000,1225.8600,408.6200,1352.0100,6.0000,5.0000,0.6667,0.5556,28460.5566,0.0000,0.0000,3.0000,1352.0100,1.0000,1.0000,202.7300,0.1499,1634.4900,0.0000,2.0000,3.0000,1.0000,0.0000,0,连环退费
6.0000,2.0000,2.0000,12150.0303,2025.0000,2495.1201,0.0000,1.0000,0.0000,0.1667,0.0000,0.0000,0.0000,3.0000,2045.9454,1.0000,1.0000,58.0500,0.0993,161.8294,0.0000,4.0000,3.0000,2.0000,0.0000,0,正常退费
7.0000,4.0000,1.0000,16679.4395,2382.7800,4543.2900,0.0000,1.0000,0.0000,0.0000,0.0000,0.0000,0.0000,3.0000,11598.0244,1.0000,1.0000,225.9300,0.1160,2.4695,0.0000,2.0000,3.0000,1.0000,0.0000,1,零学时大额退费
8.0000,1.0000,0.0000,5947.2300,743.4000,3058.4199,0.0000,0.0000,0.0000,0.0000,0.0000,0.0000,0.0000,1.0000,3058.4199,1.0000,1.0000,167.8000,0.0549,498.8800,0.0000,1.0000,1.0000,2.0000,0.0000,0,正常报名
2.0000,1.0000,0.0000,3969.5200,1984.7600,3949.6499,0.0000,1.0000,0.0000,0.0000,0.0000,0.0000,0.0000,2.0000,3286.4746,1.0000,1.0000,75.1200,0.0527,1431.8835,0.0000,1.0000,2.0000,2.0000,0.0000,0,正常退费
1.0000,0.0000,0.0000,3470.5100,3470.5100,4941.4302,0.0000,0.0000,0.0000,0.0000,0.0000,0.0000,0.0000,3.0000,6942.7485,1.0000,1.0000,33.9400,0.0677,1767.8199,1.0000,1.0000,3.0000,1.0000,0.0000,0,凌晨大额标记
6.0000,1.0000,0.0000,7085.8501,1180.9700,3787.3999,0.0000,0.0000,0.0000,0.0000,0.0000,0.0000,0.0000,2.0000,3787.3999,1.0000,1.0000,143.1100,0.0378,642.6600,0.0000,2.0000,2.0000,1.0000,0.0000,0,正常报名
9.0000,0.0000,0.0000,29011.4199,3223.4900,5034.7598,0.0000,0.0000,0.0000,0.0000,0.0000,0.0000,0.0000,3.0000,1878.5200,1.0000,1.0000,179.8600,0.0957,1738.4000,0.0000,3.0000,3.0000,2.0000,0.0000,0,正常报名
5.0000,2.0000,2.0000,2513.8000,502.7600,779.7900,0.0000,0.0000,0.0000,0.0000,0.0000,0.0000,0.0000,3.0000,5352.8247,1.0000,1.0000,88.8000,0.1619,2050.6499,1.0000,3.0000,3.0000,1.0000,0.0000,0,凌晨大额标记
5.0000,0.0000,0.0000,14319.6504,2045.6600,3208.6299,3.0000,3.0000,0.6000,0.6000,17040.9824,0.0000,0.0000,1.0000,1013.2900,1.0000,1.0000,68.4200,0.0675,1815.0300,0.0000,3.0000,1.0000,2.0000,1.0000,1,连环退费
6.0000,2.0000,1.0000,1901.7800,316.9600,907.3100,0.0000,0.0000,0.0000,0.0000,0.0000,0.0000,0.0000,1.0000,6823.4448,1.0000,1.0000,115.5600,0.1274,239.3000,1.0000,2.0000,1.0000,1.0000,0.0000,0,凌晨大额标记
1.0000,0.0000,0.0000,1674.1899,1674.1899,4447.7300,0.0000,1.0000,0.0000,0.0000,0.0000,0.0000,0.0000,1.0000,1040.9951,1.0000,1.0000,134.4100,0.0302,369.5901,0.0000,1.0000,1.0000,1.0000,0.0000,0,正常退费
3.0000,1.0000,0.0000,4540.9502,1513.6500,4393.0000,0.0000,0.0000,0.0000,0.0000,0.0000,0.0000,0.0000,3.0000,4393.0000,1.0000,1.0000,665.4700,0.1515,2321.5801,0.0000,3.0000,3.0000,2.0000,0.0000,0,正常报名
12.0000,5.0000,2.0000,39628.3008,3302.3601,5440.6001,0.0000,1.0000,0.0000,0.0000,0.0000,0.0000,0.0000,3.0000,3145.0994,1.0000,1.0000,3.1800,0.0081,600.6907,0.0000,4.0000,3.0000,1.0000,1.0000,0,正常退费
5.0000,0.0000,0.0000,7904.8398,1580.9700,3082.0200,1.0000,1.0000,0.2000,0.2000,2460.7300,0.0000,0.0000,3.0000,5090.7056,1.0000,1.0000,51.8500,0.0554,1579.5699,1.0000,2.0000,3.0000,2.0000,0.0000,0,凌晨大额标记
5.0000,1.0000,0.0000,16573.3691,3314.6699,4339.4102,0.0000,0.0000,0.0000,0.0000,0.0000,0.0000,0.0000,1.0000,1067.9800,1.0000,1.0000,67.5100,0.0632,293.5500,0.0000,5.0000,1.0000,2.0000,1.0000,0,正常报名
10.0000,5.0000,1.0000,25812.5293,2581.2500,5497.9800,0.0000,0.0000,0.0000,0.0000,0.0000,0.0000,0.0000,1.0000,1627.1100,1.0000,1.0000,96.2200,0.0591,2123.4600,0.0000,2.0000,1.0000,1.0000,0.0000,0,正常报名
4.0000,3.0000,1.0000,7043.9302,1760.9800,2100.4700,0.0000,0.0000,0.0000,0.0000,0.0000,0.0000,0.0000,3.0000,2100.4700,1.0000,1.0000,154.8900,0.0737,898.4200,0.0000,3.0000,3.0000,1.0000,0.0000,0,正常报名
9.0000,1.0000,0.0000,4402.5801,489.1800,2329.0000,0.0000,1.0000,0.0000,0.1111,0.0000,0.0000,0.0000,2.0000,4984.7192,1.0000,1.0000,4.2600,0.0018,1.6304,0.0000,3.0000,2.0000,2.0000,0.0000,1,零学时大额退费
4.0000,2.0000,0.0000,13590.1504,3397.5400,33154.7539,1.0000,1.0000,0.2500,0.2500,1158.8199,0.0000,0.0000,1.0000,33154.7539,1.0000,1.0000,701.0100,0.1744,1101.7700,0.0000,2.0000,1.0000,1.0000,0.0000,1,超高金额报名
2.0000,0.0000,0.0000,3646.7000,1823.3500,3763.3101,0.0000,0.0000,0.0000,0.0000,0.0000,0.0000,0.0000,1.0000,3763.3101,1.0000,1.0000,311.1600,0.0827,738.8500,0.0000,2.0000,1.0000,2.0000,0.0000,0,正常报名
1.0000,0.0000,0.0000,803.6500,803.6500,4412.0098,0.0000,0.0000,0.0000,0.0000,0.0000,1.0000,0.0000,2.0000,4412.0098,1.0000,1.0000,78.2600,0.0177,1363.1600,0.0000,1.0000,2.0000,2.0000,0.0000,0,正常报名
2.0000,2.0000,1.0000,1195.6500,597.8300,2579.0300,0.0000,0.0000,0.0000,0.0000,0.0000,1.0000,0.0000,1.0000,2579.0300,1.0000,1.0000,304.2400,0.1180,1527.3900,0.0000,2.0000,1.0000,2.0000,1.0000,0,正常报名
10.0000,3.0000,2.0000,5736.0801,956.0100,2158.4800,5.0000,10.0000,0.5000,1.0000,28475.0215,0.0000,0.0000,2.0000,2158.4800,1.0000,1.0000,88.0900,0.0408,41.3400,0.0000,4.0000,2.0000,2.0000,0.0000,1,连环退费
2.0000,1.0000,1.0000,5907.4399,2953.7200,3494.3401,0.0000,0.0000,0.0000,0.0000,0.0000,1.0000,0.0000,3.0000,3458.3301,1.0000,1.0000,397.8300,0.1150,501.2700,0.0000,1.0000,3.0000,14.0000,1.0000,1,同设备多账号
10.0000,0.0000,0.0000,27141.1992,2714.1201,3164.5601,0.0000,0.0000,0.0000,0.0000,0.0000,1.0000,0.0000,3.0000,1807.1300,1.0000,1.0000,52.5400,0.0291,105.8900,0.0000,5.0000,3.0000,7.0000,0.0000,1,同设备多账号
2.0000,0.0000,0.0000,5201.1802,2600.5901,5231.0000,0.0000,0.0000,0.0000,0.0000,0.0000,0.0000,0.0000,2.0000,1713.8199,1.0000,1.0000,107.2400,0.0626,1811.0800,0.0000,2.0000,2.0000,1.0000,0.0000,0,正常报名
6.0000,4.0000,2.0000,6131.3501,1021.8900,1919.2900,0.0000,0.0000,0.0000,0.0000,0.0000,0.0000,0.0000,1.0000,8611.9287,1.0000,1.0000,133.6800,0.1383,1491.4000,1.0000,5.0000,1.0000,2.0000,1.0000,0,凌晨大额标记
9.0000,4.0000,0.0000,24325.2402,2702.8000,4943.7998,0.0000,0.0000,0.0000,0.0000,0.0000,0.0000,0.0000,3.0000,9389.5762,1.0000,1.0000,414.0800,0.1713,972.3600,1.0000,1.0000,3.0000,1.0000,0.0000,0,凌晨大额标记
6.0000,0.0000,0.0000,19150.1094,3191.6899,3524.7100,0.0000,1.0000,0.0000,0.0000,0.0000,0.0000,0.0000,2.0000,11549.5596,1.0000,1.0000,413.7000,0.1606,1.8623,0.0000,5.0000,2.0000,1.0000,0.0000,1,零学时大额退费
4.0000,1.0000,1.0000,2980.3101,745.0800,2663.3301,0.0000,0.0000,0.0000,0.0000,0.0000,1.0000,0.0000,3.0000,2663.3301,1.0000,1.0000,54.5500,0.0205,1368.7400,0.0000,1.0000,3.0000,2.0000,0.0000,0,正常报名
15.0000,4.0000,2.0000,34536.8281,3453.6799,4686.5898,3.0000,13.0000,0.2000,0.8667,28318.2734,1.0000,0.0000,3.0000,4194.7002,1.0000,1.0000,635.2300,0.1514,2139.5200,0.0000,3.0000,3.0000,1.0000,0.0000,1,连环退费
1.0000,0.0000,0.0000,2899.4199,2899.4199,4924.1201,0.0000,0.0000,0.0000,0.0000,0.0000,0.0000,0.0000,3.0000,1866.6801,1.0000,1.0000,184.4600,0.0988,1708.3000,0.0000,1.0000,3.0000,1.0000,0.0000,0,正常报名
7.0000,3.0000,0.0000,7962.3701,1137.4800,2292.7700,0.0000,0.0000,0.0000,0.0000,0.0000,0.0000,0.0000,2.0000,0.0000,0.0000,0.0000,0.0000,0.0000,0.0000,0.0000,2.0000,2.0000,1.0000,0.0000,0,正常学历认证
9.0000,1.0000,1.0000,4484.3301,2242.1599,2686.9900,8.0000,8.0000,0.8889,0.8889,26737.1055,0.0000,0.0000,3.0000,1897.2600,1.0000,1.0000,243.7800,0.1285,2114.4399,1.0000,1.0000,3.0000,2.0000,0.0000,1,极高退费率
5.0000,2.0000,0.0000,7797.3999,1559.4800,1740.9800,0.0000,0.0000,0.0000,0.0000,0.0000,0.0000,0.0000,3.0000,1029.1899,1.0000,1.0000,112.7100,0.1095,306.3400,0.0000,4.0000,3.0000,1.0000,0.0000,0,正常报名
1.0000,0.0000,0.0000,1810.6400,1810.6400,3395.3601,0.0000,0.0000,0.0000,0.0000,0.0000,0.0000,0.0000,2.0000,1405.4800,1.0000,1.0000,131.8800,0.0938,700.8100,0.0000,1.0000,2.0000,1.0000,0.0000,0,正常报名
4.0000,4.0000,1.0000,11937.0098,2984.2500,5887.4600,0.0000,1.0000,0.0000,0.0000,0.0000,0.0000,0.0000,3.0000,2893.3728,1.0000,1.0000,266.0400,0.0864,1466.4502,1.0000,1.0000,3.0000,2.0000,0.0000,0,正常退费
6.0000,3.0000,1.0000,8325.4600,1387.5800,2517.7600,0.0000,0.0000,0.0000,0.0000,0.0000,0.0000,0.0000,1.0000,0.0000,0.0000,0.0000,0.0000,0.0000,0.0000,0.0000,4.0000,1.0000,1.0000,0.0000,0,正常学历认证
2.0000,2.0000,2.0000,3384.7500,1692.3700,3272.2100,0.0000,0.0000,0.0000,0.0000,0.0000,0.0000,0.0000,2.0000,0.0000,0.0000,0.0000,0.0000,0.0000,0.0000,0.0000,1.0000,2.0000,1.0000,0.0000,0,正常学历认证
12.0000,1.0000,1.0000,19155.2207,1596.2700,2837.8701,0.0000,0.0000,0.0000,0.0000,0.0000,0.0000,0.0000,2.0000,370.9400,1.0000,1.0000,18.2100,0.0491,1023.0400,0.0000,1.0000,2.0000,2.0000,0.0000,0,正常报名
6.0000,3.0000,0.0000,19051.6406,3175.2700,3800.1101,0.0000,0.0000,0.0000,0.0000,0.0000,0.0000,0.0000,2.0000,3388.9199,1.0000,1.0000,601.3100,0.1774,971.5700,0.0000,1.0000,2.0000,2.0000,0.0000,0,正常报名
6.0000,0.0000,0.0000,6059.0298,3029.5100,4496.0898,5.0000,5.0000,0.8333,0.8333,28331.1953,0.0000,0.0000,1.0000,3513.6699,1.0000,1.0000,106.7100,0.0304,1847.1500,0.0000,2.0000,1.0000,2.0000,0.0000,1,极高退费率
3.0000,1.0000,0.0000,10198.9697,3399.6599,6932.3999,0.0000,0.0000,0.0000,0.0000,0.0000,0.0000,4.0000,1.0000,0.0000,0.0000,0.0000,0.0000,0.0000,0.0000,0.0000,1.0000,1.0000,2.0000,0.0000,1,身份连续认证失败
11.0000,4.0000,2.0000,7437.5601,676.1400,1069.3800,0.0000,0.0000,0.0000,0.0000,0.0000,0.0000,0.0000,1.0000,592.1700,1.0000,1.0000,52.4000,0.0885,362.7200,0.0000,3.0000,1.0000,2.0000,0.0000,0,正常报名
6.0000,4.0000,2.0000,2335.3899,389.2300,3606.4900,0.0000,0.0000,0.0000,0.0000,0.0000,0.0000,0.0000,1.0000,8382.9141,1.0000,1.0000,458.9200,0.1272,401.4000,1.0000,1.0000,1.0000,1.0000,0.0000,0,凌晨大额标记
10.0000,3.0000,2.0000,30378.4395,3037.8401,3972.4099,0.0000,1.0000,0.0000,0.0000,0.0000,0.0000,0.0000,3.0000,2306.4363,1.0000,1.0000,173.7200,0.1498,750.7745,0.0000,3.0000,3.0000,2.0000,0.0000,0,正常退费
5.0000,0.0000,0.0000,14830.0801,2966.0200,6369.9502,1.0000,1.0000,0.2000,0.2000,2175.5100,0.0000,0.0000,2.0000,3835.3201,1.0000,1.0000,106.2700,0.0277,2062.6499,0.0000,3.0000,2.0000,2.0000,0.0000,0,正常报名
6.0000,4.0000,2.0000,6024.8398,1004.1400,2600.7900,0.0000,0.0000,0.0000,0.0000,0.0000,0.0000,0.0000,3.0000,2600.7900,1.0000,1.0000,149.0500,0.0573,762.3000,0.0000,3.0000,3.0000,1.0000,0.0000,0,正常报名
5.0000,3.0000,2.0000,9292.5303,1858.5100,2080.8401,0.0000,1.0000,0.0000,0.2000,0.0000,0.0000,0.0000,1.0000,5666.3101,1.0000,1.0000,65.1900,0.1203,861.7500,1.0000,4.0000,1.0000,2.0000,0.0000,0,凌晨大额标记
4.0000,2.0000,1.0000,25058.8301,3132.3501,4192.2402,3.0000,3.0000,0.7500,0.7500,10811.7217,0.0000,0.0000,1.0000,1058.5500,1.0000,1.0000,144.8700,0.1369,943.6300,0.0000,3.0000,1.0000,1.0000,0.0000,1,极高退费率
9.0000,3.0000,2.0000,18338.9609,2037.6600,4016.3000,0.0000,1.0000,0.0000,0.0000,0.0000,0.0000,0.0000,3.0000,513.5847,1.0000,1.0000,36.3200,0.0838,594.2238,0.0000,2.0000,3.0000,2.0000,0.0000,0,正常退费
1.0000,0.0000,0.0000,2354.9600,2354.9600,5088.9502,0.0000,0.0000,0.0000,0.0000,0.0000,0.0000,0.0000,2.0000,1472.4200,1.0000,1.0000,255.0300,0.1732,324.0100,0.0000,1.0000,2.0000,8.0000,1.0000,1,同设备多账号
11.0000,5.0000,0.0000,9409.4199,855.4000,1654.2300,0.0000,0.0000,0.0000,0.0000,0.0000,1.0000,0.0000,1.0000,1547.7300,1.0000,1.0000,95.6700,0.0618,1414.1200,0.0000,2.0000,1.0000,1.0000,0.0000,0,正常报名
7.0000,2.0000,1.0000,8534.3096,1219.1899,1930.6200,0.0000,0.0000,0.0000,0.0000,0.0000,0.0000,0.0000,1.0000,818.4000,1.0000,1.0000,42.3800,0.0518,184.3800,0.0000,1.0000,1.0000,2.0000,0.0000,0,正常报名
5.0000,2.0000,1.0000,7855.7700,1571.1500,3756.9099,0.0000,0.0000,0.0000,0.0000,0.0000,0.0000,0.0000,1.0000,18205.1035,1.0000,1.0000,32.8200,0.0087,1847.9100,0.0000,4.0000,1.0000,2.0000,1.0000,1,新设备大额报名
6.0000,2.0000,1.0000,18506.9805,3084.5000,4678.6099,0.0000,1.0000,0.0000,0.0000,0.0000,0.0000,0.0000,2.0000,2858.5881,1.0000,1.0000,30.5300,0.0096,1432.7704,0.0000,1.0000,2.0000,2.0000,1.0000,0,正常退费
7.0000,1.0000,0.0000,10032.3203,1433.1899,4299.4302,0.0000,0.0000,0.0000,0.0000,0.0000,0.0000,0.0000,2.0000,4299.4302,1.0000,1.0000,341.5500,0.0794,2122.0701,0.0000,5.0000,2.0000,12.0000,1.0000,1,同设备多账号
8.0000,2.0000,1.0000,4800.6401,1200.1600,1702.0500,3.0000,8.0000,0.3750,1.0000,11974.4717,0.0000,0.0000,2.0000,1416.6400,1.0000,1.0000,153.3600,0.1083,670.8300,0.0000,2.0000,2.0000,1.0000,0.0000,1,连环退费
6.0000,5.0000,1.0000,7232.6299,1205.4399,3730.7000,0.0000,0.0000,0.0000,0.0000,0.0000,1.0000,0.0000,1.0000,3730.7000,1.0000,1.0000,30.7400,0.0082,341.7900,0.0000,1.0000,1.0000,2.0000,0.0000,0,正常报名
8.0000,1.0000,0.0000,5779.9702,722.5000,1552.6100,0.0000,0.0000,0.0000,0.0000,0.0000,0.0000,0.0000,1.0000,1552.6100,1.0000,1.0000,125.5800,0.0809,1780.1801,0.0000,5.0000,1.0000,2.0000,0.0000,0,正常报名
9.0000,2.0000,2.0000,22919.7109,2546.6299,4179.7598,0.0000,0.0000,0.0000,0.0000,0.0000,0.0000,0.0000,1.0000,4179.7598,1.0000,1.0000,672.7800,0.1610,734.8800,0.0000,5.0000,1.0000,9.0000,0.0000,1,同设备多账号
4.0000,2.0000,0.0000,1204.9301,401.6400,3545.1699,3.0000,3.0000,0.7500,0.7500,26136.7305,0.0000,0.0000,2.0000,3545.1699,1.0000,1.0000,481.4300,0.1358,2305.9399,0.0000,3.0000,2.0000,2.0000,0.0000,1,极高退费率
12.0000,2.0000,0.0000,23690.9805,1974.2500,3543.3301,0.0000,0.0000,0.0000,0.0000,0.0000,1.0000,0.0000,2.0000,1999.5601,1.0000,1.0000,320.6700,0.1604,401.4900,0.0000,3.0000,2.0000,2.0000,0.0000,0,正常报名
10.0000,2.0000,2.0000,3687.3000,368.7300,759.2000,0.0000,0.0000,0.0000,0.0000,0.0000,0.0000,0.0000,1.0000,7242.8843,1.0000,1.0000,59.3900,0.1240,1469.8199,1.0000,4.0000,1.0000,2.0000,0.0000,0,凌晨大额标记
1.0000,0.0000,0.0000,2832.3799,2832.3799,5620.5000,0.0000,0.0000,0.0000,0.0000,0.0000,1.0000,0.0000,3.0000,2061.6799,1.0000,1.0000,319.8900,0.1552,2377.5901,0.0000,1.0000,3.0000,2.0000,0.0000,0,正常报名
2.0000,0.0000,0.0000,3592.1499,1796.0699,2581.2500,0.0000,0.0000,0.0000,0.0000,0.0000,0.0000,0.0000,3.0000,8933.7363,1.0000,1.0000,389.6800,0.1510,1604.7400,1.0000,1.0000,3.0000,2.0000,1.0000,0,凌晨大额标记
11.0000,0.0000,0.0000,21984.6699,1998.6100,2371.5200,0.0000,0.0000,0.0000,0.0000,0.0000,0.0000,0.0000,3.0000,1085.1700,1.0000,1.0000,30.5700,0.0282,2068.0000,0.0000,1.0000,3.0000,1.0000,0.0000,0,正常报名
1.0000,0.0000,0.0000,1536.7800,1536.7800,2073.4299,0.0000,0.0000,0.0000,0.0000,0.0000,1.0000,0.0000,1.0000,0.0000,0.0000,0.0000,0.0000,0.0000,0.0000,0.0000,1.0000,1.0000,1.0000,0.0000,1,正常学历认证
5.0000,3.0000,2.0000,12070.3301,2414.0701,3288.1499,0.0000,1.0000,0.0000,0.0000,0.0000,0.0000,0.0000,3.0000,3440.0784,1.0000,1.0000,277.7400,0.1343,1680.6504,0.0000,5.0000,3.0000,2.0000,0.0000,0,正常退费
12.0000,5.0000,0.0000,9177.3203,1311.0500,1343.1600,3.0000,8.0000,0.2500,0.6667,26763.6602,0.0000,0.0000,1.0000,1135.0400,1.0000,1.0000,174.6900,0.1539,2038.4200,0.0000,1.0000,1.0000,1.0000,0.0000,1,连环退费
3.0000,2.0000,0.0000,2976.1101,992.0400,4259.4600,0.0000,0.0000,0.0000,0.0000,0.0000,1.0000,0.0000,1.0000,4259.4600,1.0000,1.0000,411.6000,0.0966,646.8500,0.0000,3.0000,1.0000,1.0000,0.0000,0,正常报名
11.0000,1.0000,0.0000,17702.3691,1609.3101,3596.6399,0.0000,0.0000,0.0000,0.0000,0.0000,0.0000,0.0000,1.0000,3596.6399,1.0000,1.0000,54.5600,0.0152,640.0600,0.0000,4.0000,1.0000,1.0000,0.0000,0,正常报名
2.0000,2.0000,1.0000,6199.6899,3099.8401,4188.3599,0.0000,1.0000,0.0000,0.0000,0.0000,0.0000,0.0000,3.0000,11272.2119,1.0000,1.0000,101.1900,0.0666,4.4152,0.0000,2.0000,3.0000,2.0000,0.0000,1,零学时大额退费
7.0000,1.0000,0.0000,12579.8701,1797.1200,2852.8201,0.0000,0.0000,0.0000,0.0000,0.0000,0.0000,0.0000,3.0000,1740.8800,1.0000,1.0000,144.4000,0.0829,2282.1799,0.0000,5.0000,3.0000,1.0000,0.0000,0,正常报名
9.0000,1.0000,0.0000,20713.8809,2301.5400,4126.8701,1.0000,1.0000,0.1111,0.1111,620.0400,0.0000,0.0000,2.0000,3008.9199,1.0000,1.0000,203.2600,0.0676,2358.7300,0.0000,1.0000,2.0000,1.0000,0.0000,0,正常报名
11.0000,3.0000,2.0000,3650.3501,331.8500,2635.3401,0.0000,0.0000,0.0000,0.0000,0.0000,0.0000,0.0000,2.0000,2635.3401,1.0000,1.0000,256.3600,0.0973,517.2100,0.0000,4.0000,2.0000,1.0000,0.0000,0,正常报名
10.0000,4.0000,1.0000,3524.3899,352.4400,1366.7300,0.0000,0.0000,0.0000,0.0000,0.0000,1.0000,0.0000,3.0000,7129.7715,1.0000,1.0000,121.6800,0.0890,267.4100,1.0000,2.0000,3.0000,2.0000,0.0000,0,凌晨大额标记
1.0000,0.0000,0.0000,1231.9900,1231.9900,3471.3601,0.0000,0.0000,0.0000,0.0000,0.0000,1.0000,0.0000,1.0000,0.0000,0.0000,0.0000,0.0000,0.0000,0.0000,0.0000,1.0000,1.0000,1.0000,1.0000,1,正常学历认证
5.0000,0.0000,0.0000,9908.4805,1981.7000,3975.8999,0.0000,0.0000,0.0000,0.0000,0.0000,0.0000,0.0000,1.0000,3975.8999,1.0000,1.0000,671.4100,0.1689,776.6900,0.0000,1.0000,1.0000,2.0000,0.0000,0,正常报名
4.0000,4.0000,0.0000,23968.8594,2178.9900,4476.2300,4.0000,4.0000,1.0000,1.0000,33593.0898,0.0000,0.0000,3.0000,4193.3101,1.0000,1.0000,500.5000,0.1194,2028.3500,0.0000,3.0000,3.0000,2.0000,0.0000,1,连环退费
7.0000,0.0000,0.0000,10627.5098,1518.2200,3179.2000,0.0000,0.0000,0.0000,0.0000,0.0000,0.0000,0.0000,1.0000,0.0000,0.0000,0.0000,0.0000,0.0000,0.0000,0.0000,5.0000,1.0000,1.0000,0.0000,0,正常学历认证
3.0000,3.0000,1.0000,7263.8198,2421.2700,3562.4199,0.0000,0.0000,0.0000,0.0000,0.0000,0.0000,0.0000,1.0000,1413.6801,1.0000,1.0000,89.4300,0.0633,2210.8101,0.0000,1.0000,1.0000,1.0000,1.0000,0,正常报名
7.0000,4.0000,2.0000,16681.2598,2383.0400,4968.1499,0.0000,0.0000,0.0000,0.0000,0.0000,0.0000,0.0000,3.0000,7104.2930,1.0000,1.0000,67.1200,0.0821,304.8100,1.0000,4.0000,3.0000,2.0000,0.0000,0,凌晨大额标记
9.0000,0.0000,0.0000,25541.7891,2837.9800,3651.8701,0.0000,1.0000,0.0000,0.0000,0.0000,0.0000,0.0000,2.0000,617.7219,1.0000,1.0000,18.9700,0.0219,1440.2113,0.0000,2.0000,2.0000,1.0000,1.0000,0,正常退费
12.0000,5.0000,2.0000,29392.6992,2449.3899,3447.7800,0.0000,0.0000,0.0000,0.0000,0.0000,0.0000,0.0000,1.0000,1929.1200,1.0000,1.0000,189.6300,0.0983,1766.2300,0.0000,3.0000,1.0000,2.0000,0.0000,0,正常报名
6.0000,5.0000,2.0000,15213.5400,2535.5901,4460.1201,0.0000,0.0000,0.0000,0.0000,0.0000,0.0000,0.0000,1.0000,4460.1201,1.0000,1.0000,188.2000,0.0422,1680.0699,0.0000,2.0000,1.0000,2.0000,0.0000,0,正常报名
10.0000,3.0000,1.0000,23004.8203,2300.4800,3066.5500,1.0000,1.0000,0.1000,0.1000,921.3500,0.0000,0.0000,1.0000,3066.5500,1.0000,1.0000,221.9300,0.0724,1320.5300,0.0000,3.0000,1.0000,1.0000,0.0000,0,正常报名
7.0000,1.0000,1.0000,19947.5293,2849.6499,5632.1099,0.0000,0.0000,0.0000,0.0000,0.0000,0.0000,0.0000,2.0000,708.5500,1.0000,1.0000,69.3100,0.0978,578.5200,0.0000,2.0000,2.0000,9.0000,0.0000,1,同设备多账号
8.0000,5.0000,2.0000,24505.1094,3063.1399,3454.7300,0.0000,0.0000,0.0000,0.0000,0.0000,0.0000,5.0000,3.0000,0.0000,0.0000,0.0000,0.0000,0.0000,0.0000,0.0000,5.0000,3.0000,1.0000,0.0000,1,身份连续认证失败
10.0000,4.0000,1.0000,29078.1094,2907.8101,6278.3999,0.0000,0.0000,0.0000,0.0000,0.0000,0.0000,0.0000,1.0000,2752.6299,1.0000,1.0000,194.4200,0.0706,2068.3999,0.0000,2.0000,1.0000,1.0000,0.0000,0,正常报名
10.0000,2.0000,0.0000,8315.4902,831.5500,2925.5601,0.0000,1.0000,0.0000,0.0000,0.0000,0.0000,0.0000,2.0000,8118.7949,1.0000,1.0000,509.6600,0.1742,0.2306,0.0000,4.0000,2.0000,1.0000,0.0000,1,零学时大额退费
5.0000,4.0000,2.0000,7043.7798,1408.7600,2909.8899,0.0000,0.0000,0.0000,0.0000,0.0000,0.0000,0.0000,3.0000,2909.8899,1.0000,1.0000,87.0200,0.0299,1096.4000,0.0000,2.0000,3.0000,12.0000,0.0000,1,同设备多账号
3.0000,1.0000,0.0000,1093.9200,364.6400,2958.1001,0.0000,0.0000,0.0000,0.0000,0.0000,1.0000,0.0000,3.0000,2958.1001,1.0000,1.0000,69.7700,0.0236,1944.1400,0.0000,3.0000,3.0000,8.0000,1.0000,1,同设备多账号
9.0000,4.0000,2.0000,18645.7109,2071.7500,3905.7400,0.0000,0.0000,0.0000,0.0000,0.0000,0.0000,0.0000,2.0000,13708.0518,1.0000,1.0000,673.3000,0.1724,1838.4900,0.0000,5.0000,2.0000,3.0000,1.0000,1,新设备大额报名
1.0000,1.0000,1.0000,1319.6801,1319.6801,3854.5200,0.0000,0.0000,0.0000,0.0000,0.0000,0.0000,0.0000,3.0000,3854.5200,1.0000,1.0000,639.1500,0.1658,428.6900,0.0000,1.0000,3.0000,11.0000,1.0000,1,同设备多账号
6.0000,3.0000,2.0000,15819.5303,2636.5901,5388.2002,0.0000,0.0000,0.0000,0.0000,0.0000,0.0000,0.0000,1.0000,2118.0801,1.0000,1.0000,78.2500,0.0369,2339.8301,0.0000,3.0000,1.0000,2.0000,0.0000,0,正常报名
3.0000,0.0000,0.0000,5554.7998,1851.6000,2311.5100,0.0000,0.0000,0.0000,0.0000,0.0000,1.0000,0.0000,3.0000,1627.3800,1.0000,1.0000,14.0600,0.0086,1916.8500,0.0000,2.0000,3.0000,1.0000,0.0000,0,正常报名
5.0000,3.0000,1.0000,5217.6401,1043.5300,3762.2300,0.0000,1.0000,0.0000,0.2000,0.0000,0.0000,0.0000,3.0000,3762.2300,1.0000,1.0000,201.0400,0.0534,30.4600,0.0000,4.0000,3.0000,1.0000,1.0000,0,正常报名
12.0000,3.0000,0.0000,14032.2305,1169.3500,2151.4199,0.0000,1.0000,0.0000,0.0000,0.0000,0.0000,0.0000,2.0000,5936.6377,1.0000,1.0000,357.2200,0.1660,0.0596,0.0000,1.0000,2.0000,1.0000,0.0000,1,零学时大额退费
11.0000,2.0000,2.0000,26662.3008,2423.8501,4215.8701,0.0000,0.0000,0.0000,0.0000,0.0000,0.0000,0.0000,3.0000,2135.1001,1.0000,1.0000,309.6200,0.1450,2160.8101,1.0000,3.0000,3.0000,1.0000,1.0000,0,正常报名
10.0000,2.0000,1.0000,16951.6504,1695.1600,3227.2000,0.0000,0.0000,0.0000,0.0000,0.0000,0.0000,0.0000,2.0000,867.1900,1.0000,1.0000,20.1800,0.0233,2228.7200,0.0000,5.0000,2.0000,1.0000,1.0000,0,正常报名
2.0000,2.0000,0.0000,915.9100,457.9600,4301.6499,0.0000,1.0000,0.0000,0.0000,0.0000,0.0000,0.0000,1.0000,2722.1260,1.0000,1.0000,4.8000,0.0011,1500.2377,0.0000,2.0000,1.0000,2.0000,0.0000,0,正常退费
12.0000,0.0000,0.0000,33624.8516,2802.0701,4425.2202,0.0000,0.0000,0.0000,0.0000,0.0000,0.0000,6.0000,3.0000,0.0000,0.0000,0.0000,0.0000,0.0000,0.0000,0.0000,5.0000,3.0000,1.0000,1.0000,1,身份连续认证失败
12.0000,2.0000,2.0000,40446.5508,3370.5500,6876.9902,0.0000,0.0000,0.0000,0.0000,0.0000,0.0000,0.0000,3.0000,2343.1799,1.0000,1.0000,42.9900,0.0183,140.0500,0.0000,4.0000,3.0000,1.0000,0.0000,0,正常报名
11.0000,4.0000,0.0000,8627.5898,784.3300,4071.1399,0.0000,1.0000,0.0000,0.0909,0.0000,1.0000,0.0000,3.0000,0.0000,0.0000,0.0000,0.0000,0.0000,0.0000,0.0000,3.0000,3.0000,1.0000,0.0000,0,正常学历认证
5.0000,0.0000,0.0000,7337.2500,1467.4500,51456.8281,0.0000,0.0000,0.0000,0.0000,0.0000,0.0000,0.0000,3.0000,51456.8281,1.0000,1.0000,413.6100,0.1405,1446.8101,0.0000,3.0000,3.0000,2.0000,0.0000,1,超高金额报名
1.0000,1.0000,1.0000,3225.0200,3225.0200,5415.2900,0.0000,0.0000,0.0000,0.0000,0.0000,0.0000,0.0000,1.0000,979.9600,1.0000,1.0000,5.4700,0.0056,2185.7500,0.0000,1.0000,1.0000,2.0000,0.0000,0,正常报名
11.0000,0.0000,0.0000,31882.9102,2898.4500,5154.9800,0.0000,0.0000,0.0000,0.0000,0.0000,0.0000,0.0000,1.0000,0.0000,0.0000,0.0000,0.0000,0.0000,0.0000,0.0000,4.0000,1.0000,2.0000,0.0000,0,正常学历认证
4.0000,4.0000,1.0000,2338.6599,584.6700,4491.0601,0.0000,0.0000,0.0000,0.0000,0.0000,1.0000,0.0000,2.0000,0.0000,0.0000,0.0000,0.0000,0.0000,0.0000,0.0000,3.0000,2.0000,1.0000,0.0000,0,正常学历认证
4.0000,4.0000,0.0000,3189.3899,797.3500,1270.0000,0.0000,0.0000,0.0000,0.0000,0.0000,0.0000,0.0000,1.0000,6893.8940,1.0000,1.0000,110.5800,0.1000,814.0700,1.0000,4.0000,1.0000,2.0000,0.0000,0,凌晨大额标记
5.0000,0.0000,0.0000,546.9900,546.9900,987.3700,5.0000,5.0000,1.0000,1.0000,25464.7734,0.0000,0.0000,2.0000,987.3700,1.0000,1.0000,162.8100,0.1649,363.3700,0.0000,1.0000,2.0000,1.0000,0.0000,1,极高退费率
6.0000,4.0000,2.0000,3721.0300,620.1700,42584.1055,0.0000,0.0000,0.0000,0.0000,0.0000,0.0000,0.0000,2.0000,42584.1055,1.0000,1.0000,308.1200,0.1063,1582.3800,0.0000,1.0000,2.0000,1.0000,1.0000,1,超高金额报名
11.0000,5.0000,2.0000,22792.5098,2072.0500,2618.3701,0.0000,0.0000,0.0000,0.0000,0.0000,0.0000,0.0000,1.0000,2618.3701,1.0000,1.0000,86.5300,0.0330,904.8100,0.0000,2.0000,1.0000,2.0000,1.0000,0,正常报名
10.0000,4.0000,0.0000,25135.5000,2513.5500,4038.2600,0.0000,1.0000,0.0000,0.0000,0.0000,0.0000,0.0000,3.0000,7000.4629,1.0000,1.0000,7.8500,0.0108,1.0723,0.0000,2.0000,3.0000,2.0000,0.0000,1,零学时大额退费
11.0000,1.0000,1.0000,3354.3701,304.9400,1457.8101,0.0000,0.0000,0.0000,0.0000,0.0000,0.0000,0.0000,1.0000,1457.8101,1.0000,1.0000,74.4700,0.0511,1069.9700,0.0000,3.0000,1.0000,1.0000,0.0000,0,正常报名
4.0000,1.0000,0.0000,3265.2500,816.3100,3096.3701,1.0000,1.0000,0.2500,0.2500,915.2000,0.0000,0.0000,2.0000,3096.3701,1.0000,1.0000,336.7000,0.1087,347.5000,0.0000,3.0000,2.0000,1.0000,0.0000,0,正常报名
12.0000,4.0000,2.0000,19970.2891,1997.0300,3829.3501,7.0000,5.0000,0.5833,0.4167,27551.5273,1.0000,0.0000,2.0000,3829.3501,1.0000,1.0000,215.7100,0.0563,66.4000,1.0000,5.0000,2.0000,2.0000,0.0000,1,连环退费
4.0000,2.0000,2.0000,1452.6899,363.1700,3902.5701,0.0000,0.0000,0.0000,0.0000,0.0000,0.0000,0.0000,1.0000,3902.5701,1.0000,1.0000,559.1800,0.1433,276.0700,0.0000,1.0000,1.0000,1.0000,0.0000,0,正常报名
1.0000,1.0000,0.0000,1962.3400,1962.3400,2000.0200,0.0000,1.0000,0.0000,0.0000,0.0000,0.0000,0.0000,1.0000,1982.5408,1.0000,1.0000,89.6900,0.0631,445.0684,0.0000,1.0000,1.0000,1.0000,0.0000,0,正常退费
1.0000,0.0000,0.0000,903.0300,903.0300,3084.6399,0.0000,0.0000,0.0000,0.0000,0.0000,0.0000,0.0000,1.0000,0.0000,0.0000,0.0000,0.0000,0.0000,0.0000,0.0000,1.0000,1.0000,2.0000,0.0000,0,正常学历认证
11.0000,1.0000,0.0000,9298.6104,845.3300,1616.8600,0.0000,1.0000,0.0000,0.0000,0.0000,1.0000,0.0000,1.0000,8037.9268,1.0000,1.0000,42.3400,0.0289,4.5284,0.0000,5.0000,1.0000,2.0000,1.0000,1,零学时大额退费
1.0000,0.0000,0.0000,2492.7900,2492.7900,4236.8101,0.0000,0.0000,0.0000,0.0000,0.0000,0.0000,0.0000,2.0000,6569.3823,1.0000,1.0000,467.0500,0.1102,134.4700,1.0000,1.0000,2.0000,2.0000,0.0000,0,凌晨大额标记
4.0000,1.0000,1.0000,11516.5400,2879.1399,3752.2000,0.0000,1.0000,0.0000,0.0000,0.0000,0.0000,0.0000,2.0000,4031.7595,1.0000,1.0000,88.6500,0.0969,4.4982,0.0000,1.0000,2.0000,1.0000,0.0000,1,零学时大额退费
12.0000,1.0000,0.0000,25400.5801,2116.7200,2893.6299,0.0000,0.0000,0.0000,0.0000,0.0000,0.0000,0.0000,1.0000,1902.2800,1.0000,1.0000,51.8200,0.0272,1628.9000,0.0000,5.0000,1.0000,2.0000,0.0000,0,正常报名
12.0000,0.0000,0.0000,32756.5996,2729.7200,3391.0500,0.0000,0.0000,0.0000,0.0000,0.0000,0.0000,0.0000,1.0000,1281.2100,1.0000,1.0000,71.7600,0.0560,2112.9600,1.0000,1.0000,1.0000,1.0000,0.0000,0,正常报名
6.0000,3.0000,2.0000,13157.9199,2192.9900,3681.9700,0.0000,0.0000,0.0000,0.0000,0.0000,0.0000,0.0000,2.0000,308.4800,1.0000,1.0000,53.2700,0.1727,1699.0200,0.0000,3.0000,2.0000,2.0000,0.0000,0,正常报名
11.0000,5.0000,2.0000,32573.2891,2961.2100,5202.4902,1.0000,1.0000,0.0909,0.0909,555.8600,0.0000,0.0000,1.0000,2088.3000,1.0000,1.0000,308.4200,0.1477,398.5200,0.0000,4.0000,1.0000,2.0000,0.0000,0,正常报名
10.0000,0.0000,0.0000,14310.2695,1431.0300,2520.6399,0.0000,0.0000,0.0000,0.0000,0.0000,0.0000,0.0000,3.0000,2233.7300,1.0000,1.0000,88.3900,0.0396,1709.2000,0.0000,5.0000,3.0000,7.0000,0.0000,1,同设备多账号
6.0000,1.0000,1.0000,5546.7002,2773.3501,4488.3999,5.0000,5.0000,0.8333,0.8333,9563.0439,0.0000,0.0000,3.0000,4488.3999,1.0000,1.0000,280.0100,0.0624,1679.1400,0.0000,1.0000,3.0000,2.0000,0.0000,1,极高退费率
9.0000,3.0000,2.0000,15857.2500,1761.9200,2668.1399,7.0000,9.0000,0.7778,1.0000,13330.2842,0.0000,0.0000,3.0000,2133.3201,1.0000,1.0000,261.0800,0.1224,2082.2900,0.0000,2.0000,3.0000,2.0000,0.0000,1,连环退费
12.0000,2.0000,1.0000,7470.7402,622.5600,1460.2600,0.0000,0.0000,0.0000,0.0000,0.0000,0.0000,0.0000,1.0000,1460.2600,1.0000,1.0000,71.8700,0.0492,2030.3600,0.0000,2.0000,1.0000,1.0000,0.0000,0,正常报名
10.0000,4.0000,2.0000,20853.7207,2085.3701,2423.0300,0.0000,1.0000,0.0000,0.0000,0.0000,0.0000,0.0000,3.0000,7192.7188,1.0000,1.0000,83.3000,0.0587,1.6687,0.0000,4.0000,3.0000,1.0000,0.0000,1,零学时大额退费
7.0000,4.0000,1.0000,20815.8809,2973.7000,5803.9800,0.0000,0.0000,0.0000,0.0000,0.0000,0.0000,0.0000,3.0000,3717.1399,1.0000,1.0000,482.1600,0.1297,540.6000,0.0000,4.0000,3.0000,1.0000,0.0000,0,正常报名
1.0000,0.0000,0.0000,1906.1600,1906.1600,2441.6101,0.0000,0.0000,0.0000,0.0000,0.0000,1.0000,0.0000,1.0000,2031.8500,1.0000,1.0000,176.8600,0.0870,2155.3899,0.0000,1.0000,1.0000,2.0000,0.0000,0,正常报名
8.0000,1.0000,1.0000,16223.2900,2027.9100,4260.5898,1.0000,1.0000,0.1250,0.1250,882.2000,0.0000,0.0000,1.0000,0.0000,0.0000,0.0000,0.0000,0.0000,0.0000,0.0000,2.0000,1.0000,2.0000,0.0000,0,正常学历认证
1.0000,1.0000,1.0000,323.5900,323.5900,3629.6299,0.0000,0.0000,0.0000,0.0000,0.0000,0.0000,0.0000,2.0000,3629.6299,1.0000,1.0000,83.1400,0.0229,1684.4900,0.0000,1.0000,2.0000,2.0000,0.0000,0,正常报名
5.0000,1.0000,0.0000,17117.9004,3423.5801,7429.2900,0.0000,0.0000,0.0000,0.0000,0.0000,0.0000,0.0000,1.0000,1062.9600,1.0000,1.0000,95.4300,0.0898,1524.6600,0.0000,5.0000,1.0000,2.0000,1.0000,0,正常报名
11.0000,2.0000,0.0000,6881.9302,3440.9600,4270.7700,6.0000,4.0000,0.5455,0.3636,31931.3516,0.0000,0.0000,2.0000,1816.6000,1.0000,1.0000,285.5700,0.1572,1429.9200,0.0000,1.0000,2.0000,1.0000,0.0000,1,连环退费
9.0000,0.0000,0.0000,15159.5596,2165.6499,3343.6699,5.0000,5.0000,0.5556,0.5556,11160.1963,0.0000,0.0000,3.0000,1080.8600,1.0000,1.0000,124.1600,0.1149,717.2900,0.0000,4.0000,3.0000,2.0000,0.0000,1,极高退费率
9.0000,1.0000,0.0000,16305.4102,1811.7100,3870.5100,0.0000,0.0000,0.0000,0.0000,0.0000,0.0000,0.0000,2.0000,22275.7148,1.0000,1.0000,17.3000,0.0563,1231.1899,0.0000,3.0000,2.0000,1.0000,1.0000,1,新设备大额报名
5.0000,2.0000,2.0000,7328.1499,1465.6300,1671.4900,0.0000,0.0000,0.0000,0.0000,0.0000,1.0000,0.0000,1.0000,8235.5381,1.0000,1.0000,29.3600,0.0249,961.6400,1.0000,4.0000,1.0000,2.0000,0.0000,0,凌晨大额标记
10.0000,0.0000,0.0000,7853.1299,785.3100,4105.5000,0.0000,0.0000,0.0000,0.0000,0.0000,0.0000,0.0000,2.0000,8027.7852,1.0000,1.0000,451.3800,0.1099,2128.5500,1.0000,2.0000,2.0000,1.0000,1.0000,0,凌晨大额标记
6.0000,3.0000,2.0000,9197.2900,1532.8800,4200.4302,0.0000,0.0000,0.0000,0.0000,0.0000,0.0000,0.0000,2.0000,6800.0039,1.0000,1.0000,181.5900,0.0432,887.7700,1.0000,4.0000,2.0000,1.0000,0.0000,0,凌晨大额标记
12.0000,0.0000,0.0000,7389.2798,615.7700,1267.6500,0.0000,0.0000,0.0000,0.0000,0.0000,0.0000,0.0000,1.0000,1267.6500,1.0000,1.0000,116.9300,0.0922,1748.2300,0.0000,4.0000,1.0000,12.0000,0.0000,1,同设备多账号
4.0000,3.0000,0.0000,5320.2798,1330.0699,3427.1399,0.0000,1.0000,0.0000,0.2500,0.0000,0.0000,0.0000,1.0000,3427.1399,1.0000,1.0000,211.0500,0.0616,974.2100,0.0000,4.0000,1.0000,9.0000,0.0000,1,同设备多账号
3.0000,2.0000,0.0000,3556.7300,1185.5800,48382.5352,0.0000,0.0000,0.0000,0.0000,0.0000,0.0000,0.0000,1.0000,48382.5352,1.0000,1.0000,298.4800,0.1213,271.0500,0.0000,2.0000,1.0000,2.0000,0.0000,1,超高金额报名
7.0000,0.0000,0.0000,15256.5400,2179.5100,4581.9199,0.0000,0.0000,0.0000,0.0000,0.0000,0.0000,0.0000,2.0000,3885.4700,1.0000,1.0000,163.1800,0.0420,1359.9500,0.0000,5.0000,2.0000,2.0000,0.0000,0,正常报名
5.0000,1.0000,0.0000,15955.0498,3191.0100,5621.2998,0.0000,0.0000,0.0000,0.0000,0.0000,0.0000,0.0000,1.0000,1265.9100,1.0000,1.0000,28.5100,0.0225,1308.0000,1.0000,3.0000,1.0000,2.0000,0.0000,0,正常报名
7.0000,1.0000,1.0000,14376.1396,2053.7300,2422.1699,1.0000,1.0000,0.1429,0.1429,1269.5400,0.0000,0.0000,1.0000,1700.6000,1.0000,1.0000,266.0800,0.1565,1152.4700,0.0000,4.0000,1.0000,1.0000,1.0000,0,正常报名
3.0000,2.0000,0.0000,8063.3198,2687.7700,5065.8501,0.0000,0.0000,0.0000,0.0000,0.0000,0.0000,0.0000,3.0000,5546.5518,1.0000,1.0000,554.1200,0.1378,2251.6201,1.0000,1.0000,3.0000,2.0000,0.0000,0,凌晨大额标记
3.0000,2.0000,2.0000,2657.4900,885.8300,2686.5000,0.0000,0.0000,0.0000,0.0000,0.0000,0.0000,0.0000,3.0000,2686.5000,1.0000,1.0000,349.7400,0.1302,1030.1700,0.0000,2.0000,3.0000,1.0000,0.0000,0,正常报名
2.0000,0.0000,0.0000,1872.9900,936.5000,4238.5298,0.0000,1.0000,0.0000,0.0000,0.0000,0.0000,0.0000,1.0000,9036.6709,1.0000,1.0000,88.7500,0.0209,0.5577,0.0000,1.0000,1.0000,1.0000,0.0000,1,零学时大额退费
5.0000,2.0000,1.0000,4124.1201,824.8200,4119.1299,0.0000,0.0000,0.0000,0.0000,0.0000,0.0000,0.0000,3.0000,19782.8203,1.0000,1.0000,519.8600,0.1262,1009.6000,0.0000,4.0000,3.0000,3.0000,1.0000,1,新设备大额报名
7.0000,3.0000,0.0000,3062.4900,437.5000,3159.9399,0.0000,0.0000,0.0000,0.0000,0.0000,0.0000,0.0000,2.0000,3159.9399,1.0000,1.0000,545.7800,0.1727,2186.3799,0.0000,1.0000,2.0000,2.0000,0.0000,0,正常报名
2.0000,2.0000,2.0000,5856.3999,2928.2000,4508.4102,0.0000,0.0000,0.0000,0.0000,0.0000,0.0000,0.0000,2.0000,2950.2100,1.0000,1.0000,100.2600,0.0340,1825.8300,0.0000,1.0000,2.0000,1.0000,0.0000,0,正常报名
9.0000,0.0000,0.0000,16162.7305,1795.8600,2957.3601,0.0000,0.0000,0.0000,0.0000,0.0000,0.0000,0.0000,1.0000,2957.3601,1.0000,1.0000,138.4400,0.0468,742.4500,0.0000,3.0000,1.0000,2.0000,1.0000,0,正常报名
2.0000,2.0000,0.0000,2782.2900,1391.1500,3997.5000,0.0000,0.0000,0.0000,0.0000,0.0000,0.0000,0.0000,3.0000,3997.5000,1.0000,1.0000,68.7900,0.0172,430.0700,0.0000,1.0000,3.0000,2.0000,0.0000,0,正常报名
12.0000,5.0000,1.0000,20589.2695,1715.7700,2497.9399,0.0000,0.0000,0.0000,0.0000,0.0000,0.0000,0.0000,1.0000,2497.9399,1.0000,1.0000,278.9500,0.1117,2343.0000,0.0000,4.0000,1.0000,1.0000,0.0000,1,正常报名
7.0000,5.0000,2.0000,7455.3198,1065.0500,3086.8401,0.0000,1.0000,0.0000,0.1429,0.0000,0.0000,0.0000,3.0000,1824.8948,1.0000,1.0000,116.7800,0.0378,258.2354,0.0000,2.0000,3.0000,1.0000,0.0000,0,正常退费
11.0000,2.0000,2.0000,34022.8203,3092.9800,4120.7202,0.0000,0.0000,0.0000,0.0000,0.0000,0.0000,0.0000,3.0000,2730.6101,1.0000,1.0000,399.2300,0.1462,1312.3700,0.0000,3.0000,3.0000,2.0000,0.0000,0,正常报名
2.0000,1.0000,0.0000,723.3000,361.6500,2003.7300,0.0000,1.0000,0.0000,0.5000,0.0000,0.0000,0.0000,3.0000,10231.6377,1.0000,1.0000,296.9600,0.1482,4.4591,1.0000,2.0000,3.0000,1.0000,0.0000,1,零学时大额退费
14.0000,0.0000,0.0000,8625.2598,862.5300,2585.1299,4.0000,11.0000,0.2857,0.7857,22217.8008,0.0000,0.0000,2.0000,2585.1299,1.0000,1.0000,402.3000,0.1556,821.3100,0.0000,1.0000,2.0000,1.0000,1.0000,1,连环退费
3.0000,1.0000,0.0000,6444.1802,2148.0601,3281.8799,0.0000,1.0000,0.0000,0.0000,0.0000,0.0000,0.0000,1.0000,1754.0026,1.0000,1.0000,134.3000,0.0693,342.6956,0.0000,3.0000,1.0000,2.0000,0.0000,0,正常退费
2.0000,0.0000,0.0000,4727.3999,2363.7000,3094.8999,0.0000,0.0000,0.0000,0.0000,0.0000,0.0000,0.0000,2.0000,26380.7324,1.0000,1.0000,77.1800,0.0474,655.3800,0.0000,2.0000,2.0000,2.0000,1.0000,1,新设备大额报名
7.0000,1.0000,0.0000,19220.3594,2745.7700,5045.1299,0.0000,0.0000,0.0000,0.0000,0.0000,1.0000,0.0000,1.0000,3990.5801,1.0000,1.0000,162.3600,0.0407,2192.8401,0.0000,3.0000,1.0000,1.0000,0.0000,0,正常报名
11.0000,1.0000,0.0000,17531.1895,1593.7400,3264.3101,0.0000,0.0000,0.0000,0.0000,0.0000,0.0000,0.0000,2.0000,3264.3101,1.0000,1.0000,424.0700,0.1299,1067.4399,0.0000,5.0000,2.0000,2.0000,1.0000,0,正常报名
2.0000,2.0000,2.0000,1276.6801,638.3400,4035.9099,0.0000,0.0000,0.0000,0.0000,0.0000,0.0000,0.0000,3.0000,4035.9099,1.0000,1.0000,662.0700,0.1640,1476.8700,0.0000,1.0000,3.0000,1.0000,0.0000,0,正常报名
10.0000,5.0000,1.0000,20673.2402,2067.3201,3801.5701,0.0000,0.0000,0.0000,0.0000,0.0000,0.0000,0.0000,1.0000,2042.0900,1.0000,1.0000,323.2100,0.1583,2269.6201,0.0000,4.0000,1.0000,5.0000,0.0000,1,同设备多账号
6.0000,1.0000,1.0000,16818.9492,2803.1599,4634.3701,0.0000,0.0000,0.0000,0.0000,0.0000,0.0000,0.0000,3.0000,2248.6001,1.0000,1.0000,224.8800,0.1000,666.8400,0.0000,2.0000,3.0000,2.0000,0.0000,0,正常报名
3.0000,1.0000,0.0000,6625.9902,2208.6599,2944.4099,0.0000,1.0000,0.0000,0.0000,0.0000,0.0000,0.0000,3.0000,11185.9463,1.0000,1.0000,253.0500,0.1341,2.9397,0.0000,2.0000,3.0000,2.0000,0.0000,1,零学时大额退费
11.0000,0.0000,0.0000,7873.6499,715.7900,4222.2002,0.0000,0.0000,0.0000,0.0000,0.0000,0.0000,0.0000,1.0000,4222.2002,1.0000,1.0000,199.2900,0.0472,1620.3800,0.0000,1.0000,1.0000,1.0000,0.0000,0,正常报名
3.0000,1.0000,1.0000,9077.6797,3025.8899,5081.7700,0.0000,0.0000,0.0000,0.0000,0.0000,0.0000,0.0000,1.0000,3666.8501,1.0000,1.0000,576.5000,0.1572,1984.3800,0.0000,1.0000,1.0000,2.0000,0.0000,0,正常报名
2.0000,1.0000,1.0000,2074.7800,1037.3900,4229.8599,0.0000,0.0000,0.0000,0.0000,0.0000,0.0000,0.0000,1.0000,4229.8599,1.0000,1.0000,124.5900,0.0295,459.4200,0.0000,2.0000,1.0000,2.0000,0.0000,0,正常报名
10.0000,0.0000,0.0000,23942.6504,2394.2600,3782.2200,0.0000,0.0000,0.0000,0.0000,0.0000,0.0000,0.0000,3.0000,3782.2200,1.0000,1.0000,428.7500,0.1134,1761.4900,0.0000,2.0000,3.0000,14.0000,1.0000,1,同设备多账号
3.0000,3.0000,1.0000,1399.7900,466.6000,846.5500,0.0000,0.0000,0.0000,0.0000,0.0000,0.0000,0.0000,3.0000,846.5500,1.0000,1.0000,78.2700,0.0925,1635.9900,0.0000,2.0000,3.0000,1.0000,1.0000,0,正常报名
12.0000,1.0000,0.0000,7008.9199,584.0800,1047.6600,0.0000,0.0000,0.0000,0.0000,0.0000,0.0000,0.0000,3.0000,372.7300,1.0000,1.0000,19.3500,0.0519,1669.5100,0.0000,4.0000,3.0000,1.0000,1.0000,0,正常报名
7.0000,3.0000,0.0000,6097.3101,871.0400,2057.1101,0.0000,0.0000,0.0000,0.0000,0.0000,0.0000,0.0000,3.0000,2057.1101,1.0000,1.0000,177.5000,0.0863,304.2600,0.0000,2.0000,3.0000,1.0000,0.0000,0,正常报名
5.0000,2.0000,2.0000,1964.9700,392.9900,3741.4700,0.0000,1.0000,0.0000,0.0000,0.0000,0.0000,0.0000,3.0000,2554.2263,1.0000,1.0000,607.0700,0.1623,1269.2971,0.0000,4.0000,3.0000,1.0000,0.0000,0,正常退费
12.0000,5.0000,2.0000,37513.3789,3126.1201,4861.4600,0.0000,1.0000,0.0000,0.0000,0.0000,0.0000,0.0000,3.0000,2729.5532,1.0000,1.0000,315.7500,0.0724,4.6419,0.0000,3.0000,3.0000,1.0000,1.0000,1,零学时大额退费
11.0000,2.0000,0.0000,7271.3501,908.9200,1153.2100,9.0000,9.0000,0.8182,0.8182,16013.8066,0.0000,0.0000,2.0000,1147.2700,1.0000,1.0000,63.3300,0.0552,917.0200,0.0000,3.0000,2.0000,1.0000,0.0000,1,极高退费率
11.0000,0.0000,0.0000,15353.4404,1395.7700,3601.8401,0.0000,0.0000,0.0000,0.0000,0.0000,0.0000,0.0000,2.0000,3601.8401,1.0000,1.0000,369.3700,0.1026,1750.9100,0.0000,3.0000,2.0000,1.0000,0.0000,0,正常报名
6.0000,5.0000,0.0000,4464.4502,744.0700,3371.5200,0.0000,0.0000,0.0000,0.0000,0.0000,0.0000,0.0000,1.0000,0.0000,0.0000,0.0000,0.0000,0.0000,0.0000,0.0000,1.0000,1.0000,1.0000,0.0000,0,正常学历认证
5.0000,3.0000,1.0000,10644.5703,2128.9099,2959.1499,0.0000,0.0000,0.0000,0.0000,0.0000,0.0000,0.0000,2.0000,27469.2031,1.0000,1.0000,21.0600,0.0297,1794.7700,0.0000,4.0000,2.0000,1.0000,1.0000,1,新设备大额报名
12.0000,1.0000,1.0000,5458.1201,909.6900,1981.9600,10.0000,10.0000,0.8333,0.8333,7252.5747,0.0000,0.0000,3.0000,1981.9600,1.0000,1.0000,322.2900,0.1626,1301.6300,0.0000,5.0000,3.0000,2.0000,0.0000,1,极高退费率
12.0000,4.0000,1.0000,28286.7207,2357.2300,2553.3301,0.0000,0.0000,0.0000,0.0000,0.0000,0.0000,0.0000,2.0000,5529.3101,1.0000,1.0000,290.7400,0.1635,2057.8501,1.0000,5.0000,2.0000,1.0000,0.0000,0,凌晨大额标记
8.0000,3.0000,0.0000,18040.6406,2255.0801,3788.9399,1.0000,1.0000,0.1250,0.1250,326.4300,0.0000,0.0000,2.0000,3788.9399,1.0000,1.0000,599.5200,0.1582,720.2000,0.0000,4.0000,2.0000,2.0000,0.0000,0,正常报名
6.0000,2.0000,1.0000,17790.5391,2965.0901,3689.8401,0.0000,0.0000,0.0000,0.0000,0.0000,0.0000,0.0000,3.0000,2001.3400,1.0000,1.0000,46.8600,0.0234,536.1300,0.0000,1.0000,3.0000,2.0000,0.0000,0,正常报名
9.0000,0.0000,0.0000,13208.0996,1467.5699,3729.3899,1.0000,1.0000,0.1111,0.1111,2950.3899,0.0000,0.0000,2.0000,7642.7124,1.0000,1.0000,272.5300,0.0731,1.9673,0.0000,4.0000,2.0000,2.0000,0.0000,1,零学时大额退费
7.0000,1.0000,0.0000,21419.3105,3059.8999,3384.6699,0.0000,0.0000,0.0000,0.0000,0.0000,0.0000,0.0000,3.0000,3384.6699,1.0000,1.0000,10.1200,0.0030,981.7100,0.0000,4.0000,3.0000,1.0000,0.0000,0,正常报名
11.0000,1.0000,0.0000,10003.5400,909.4100,1224.0100,0.0000,0.0000,0.0000,0.0000,0.0000,0.0000,0.0000,3.0000,19686.1895,1.0000,1.0000,16.1300,0.0414,774.0400,0.0000,1.0000,3.0000,1.0000,1.0000,1,新设备大额报名
11.0000,3.0000,1.0000,11437.8799,1039.8101,1383.7400,0.0000,1.0000,0.0000,0.0909,0.0000,0.0000,0.0000,2.0000,794.6200,1.0000,1.0000,39.1400,0.0493,39.5800,0.0000,2.0000,2.0000,1.0000,1.0000,0,正常报名
5.0000,5.0000,2.0000,8194.1904,1638.8400,2859.5701,0.0000,0.0000,0.0000,0.0000,0.0000,0.0000,0.0000,1.0000,14603.7891,1.0000,1.0000,493.4900,0.1726,1838.1500,0.0000,4.0000,1.0000,1.0000,1.0000,1,新设备大额报名
10.0000,0.0000,0.0000,3718.4299,371.8400,865.4300,0.0000,0.0000,0.0000,0.0000,0.0000,0.0000,0.0000,3.0000,0.0000,0.0000,0.0000,0.0000,0.0000,0.0000,0.0000,2.0000,3.0000,2.0000,0.0000,0,正常学历认证
3.0000,0.0000,0.0000,31936.5508,2903.3201,5236.0200,3.0000,3.0000,1.0000,1.0000,26563.9707,0.0000,0.0000,2.0000,3884.6699,1.0000,1.0000,148.9000,0.0383,1001.8400,0.0000,3.0000,2.0000,1.0000,0.0000,1,极高退费率
5.0000,4.0000,2.0000,1630.3199,326.0600,2740.9800,0.0000,0.0000,0.0000,0.0000,0.0000,0.0000,0.0000,3.0000,2740.9800,1.0000,1.0000,159.2800,0.0581,763.7000,0.0000,2.0000,3.0000,1.0000,0.0000,0,正常报名
3.0000,2.0000,1.0000,4670.1299,1556.7100,2061.8501,0.0000,0.0000,0.0000,0.0000,0.0000,0.0000,0.0000,2.0000,10656.8877,1.0000,1.0000,124.1700,0.0602,2322.6499,1.0000,3.0000,2.0000,1.0000,1.0000,1,新设备大额报名
11.0000,5.0000,2.0000,20717.1895,1883.3800,3315.4500,0.0000,0.0000,0.0000,0.0000,0.0000,1.0000,0.0000,2.0000,729.2800,1.0000,1.0000,106.3600,0.1458,531.1900,0.0000,4.0000,2.0000,2.0000,0.0000,0,正常报名
7.0000,3.0000,0.0000,11332.0498,1618.8600,3454.7000,0.0000,0.0000,0.0000,0.0000,0.0000,0.0000,0.0000,2.0000,6450.1958,1.0000,1.0000,41.6300,0.1162,1816.0100,1.0000,1.0000,2.0000,1.0000,0.0000,0,凌晨大额标记
8.0000,2.0000,0.0000,5211.5098,651.4400,1548.4301,0.0000,0.0000,0.0000,0.0000,0.0000,0.0000,0.0000,3.0000,1548.4301,1.0000,1.0000,31.1400,0.0201,1382.1400,0.0000,1.0000,3.0000,5.0000,0.0000,1,同设备多账号
10.0000,0.0000,0.0000,8900.5898,890.0600,2642.9099,0.0000,0.0000,0.0000,0.0000,0.0000,0.0000,0.0000,3.0000,5698.7974,1.0000,1.0000,139.7600,0.0529,490.2000,1.0000,4.0000,3.0000,2.0000,0.0000,0,凌晨大额标记
6.0000,1.0000,1.0000,14548.8301,2424.8101,4946.7998,0.0000,0.0000,0.0000,0.0000,0.0000,0.0000,0.0000,3.0000,1405.6300,1.0000,1.0000,221.8000,0.1578,117.3700,0.0000,3.0000,3.0000,10.0000,1.0000,1,同设备多账号
9.0000,2.0000,1.0000,19055.2305,2117.2500,3987.0701,0.0000,0.0000,0.0000,0.0000,0.0000,0.0000,0.0000,3.0000,2871.7200,1.0000,1.0000,268.3100,0.0934,1966.4500,0.0000,4.0000,3.0000,2.0000,0.0000,0,正常报名
2.0000,1.0000,1.0000,6622.3301,3311.1599,4963.7500,0.0000,0.0000,0.0000,0.0000,0.0000,0.0000,0.0000,3.0000,7220.1987,1.0000,1.0000,96.6900,0.0921,1298.7300,1.0000,2.0000,3.0000,2.0000,0.0000,0,凌晨大额标记
4.0000,2.0000,0.0000,5376.7998,1344.2000,4104.8398,0.0000,1.0000,0.0000,0.2500,0.0000,0.0000,0.0000,2.0000,4104.8398,1.0000,1.0000,279.6000,0.0681,1980.5300,0.0000,2.0000,2.0000,1.0000,0.0000,0,正常报名
2.0000,1.0000,0.0000,3442.9600,1721.4800,3492.0400,0.0000,0.0000,0.0000,0.0000,0.0000,1.0000,0.0000,3.0000,19085.2461,1.0000,1.0000,314.6700,0.1683,1981.3700,0.0000,2.0000,3.0000,3.0000,1.0000,1,新设备大额报名
12.0000,2.0000,2.0000,19815.4395,1651.2900,3523.7700,0.0000,0.0000,0.0000,0.0000,0.0000,1.0000,0.0000,3.0000,2949.9600,1.0000,1.0000,344.5600,0.1168,149.3400,0.0000,1.0000,3.0000,14.0000,0.0000,1,同设备多账号
6.0000,1.0000,1.0000,9955.8203,1659.3000,3537.2200,0.0000,0.0000,0.0000,0.0000,0.0000,0.0000,0.0000,1.0000,2695.8601,1.0000,1.0000,149.3500,0.0554,973.1600,0.0000,2.0000,1.0000,2.0000,0.0000,0,正常报名
7.0000,1.0000,1.0000,5936.7002,2968.3501,3737.7400,7.0000,7.0000,1.0000,1.0000,10250.0000,0.0000,0.0000,2.0000,3737.7400,1.0000,1.0000,484.9700,0.1297,995.4400,0.0000,1.0000,2.0000,1.0000,1.0000,1,极高退费率
12.0000,1.0000,0.0000,10636.7002,886.3900,2502.6299,0.0000,0.0000,0.0000,0.0000,0.0000,0.0000,0.0000,1.0000,2502.6299,1.0000,1.0000,371.8400,0.1486,1810.5000,0.0000,1.0000,1.0000,2.0000,0.0000,0,正常报名
7.0000,0.0000,0.0000,23289.7793,3327.1101,4923.5200,0.0000,0.0000,0.0000,0.0000,0.0000,0.0000,0.0000,1.0000,0.0000,0.0000,0.0000,0.0000,0.0000,0.0000,0.0000,2.0000,1.0000,1.0000,0.0000,0,正常学历认证
7.0000,2.0000,2.0000,11467.0195,1638.1500,3609.3201,0.0000,1.0000,0.0000,0.0000,0.0000,0.0000,0.0000,3.0000,9252.4922,1.0000,1.0000,430.2200,0.1192,0.2869,0.0000,4.0000,3.0000,2.0000,0.0000,1,零学时大额退费
10.0000,2.0000,0.0000,15295.8203,3059.1599,4673.3101,5.0000,10.0000,0.5000,1.0000,20569.2266,0.0000,0.0000,3.0000,3235.6101,1.0000,1.0000,444.4400,0.1374,452.8300,0.0000,4.0000,3.0000,1.0000,1.0000,1,连环退费
9.0000,1.0000,0.0000,2944.3201,327.1500,2790.2500,0.0000,1.0000,0.0000,0.0000,0.0000,0.0000,0.0000,1.0000,5786.9233,1.0000,1.0000,124.5900,0.0447,3.6556,0.0000,3.0000,1.0000,1.0000,0.0000,1,零学时大额退费
7.0000,3.0000,0.0000,19203.1309,2743.3000,5923.5601,0.0000,0.0000,0.0000,0.0000,0.0000,0.0000,0.0000,3.0000,4175.0200,1.0000,1.0000,246.5200,0.0590,1917.9399,0.0000,4.0000,3.0000,2.0000,1.0000,0,正常报名
10.0000,4.0000,1.0000,33458.9102,3345.8899,6224.7402,0.0000,0.0000,0.0000,0.0000,0.0000,0.0000,0.0000,1.0000,7688.7534,1.0000,1.0000,296.5300,0.1144,541.3800,1.0000,1.0000,1.0000,2.0000,1.0000,0,凌晨大额标记
6.0000,5.0000,0.0000,13737.2500,2289.5400,4813.7798,0.0000,0.0000,0.0000,0.0000,0.0000,0.0000,0.0000,1.0000,2737.8601,1.0000,1.0000,244.7400,0.0894,1595.2900,0.0000,3.0000,1.0000,2.0000,0.0000,0,正常报名
4.0000,2.0000,1.0000,9858.5596,2464.6399,4990.7700,0.0000,0.0000,0.0000,0.0000,0.0000,0.0000,0.0000,2.0000,2905.4600,1.0000,1.0000,130.7300,0.0450,549.6600,0.0000,4.0000,2.0000,2.0000,1.0000,0,正常报名
7.0000,5.0000,2.0000,14587.8799,1326.1700,2364.6201,5.0000,7.0000,0.7143,1.0000,26501.0703,0.0000,0.0000,2.0000,603.1500,1.0000,1.0000,64.5400,0.1070,2316.6599,0.0000,5.0000,2.0000,1.0000,0.0000,1,连环退费
10.0000,0.0000,0.0000,9466.7598,946.6800,1201.8600,7.0000,7.0000,0.7000,0.7000,9605.3652,0.0000,0.0000,2.0000,1201.8600,1.0000,1.0000,96.9800,0.0807,495.1700,0.0000,1.0000,2.0000,1.0000,0.0000,1,极高退费率
10.0000,2.0000,2.0000,30940.2598,3094.0300,3761.0701,0.0000,0.0000,0.0000,0.0000,0.0000,0.0000,0.0000,2.0000,8097.8267,1.0000,1.0000,246.5100,0.1160,1471.6801,1.0000,3.0000,2.0000,1.0000,0.0000,0,凌晨大额标记
11.0000,0.0000,0.0000,2061.2400,2061.2400,3790.5901,10.0000,10.0000,0.9091,0.9091,25973.8730,0.0000,0.0000,2.0000,3383.6699,1.0000,1.0000,278.5500,0.0823,2244.0000,0.0000,1.0000,2.0000,2.0000,0.0000,1,极高退费率
11.0000,2.0000,0.0000,25095.5195,2281.4099,4263.1099,0.0000,0.0000,0.0000,0.0000,0.0000,1.0000,0.0000,3.0000,4263.1099,1.0000,1.0000,765.5400,0.1796,1577.9200,0.0000,5.0000,3.0000,15.0000,0.0000,1,同设备多账号
4.0000,4.0000,1.0000,3599.0601,899.7600,3027.5500,0.0000,0.0000,0.0000,0.0000,0.0000,0.0000,0.0000,1.0000,9178.2061,1.0000,1.0000,352.4200,0.1164,1949.4301,1.0000,2.0000,1.0000,2.0000,0.0000,0,凌晨大额标记
6.0000,5.0000,1.0000,11681.2305,1946.8700,4070.7600,0.0000,1.0000,0.0000,0.0000,0.0000,0.0000,0.0000,2.0000,916.4235,1.0000,1.0000,147.0400,0.0698,979.7593,0.0000,5.0000,2.0000,2.0000,0.0000,0,正常退费
2.0000,2.0000,2.0000,855.2800,427.6400,936.2400,0.0000,0.0000,0.0000,0.0000,0.0000,1.0000,0.0000,1.0000,936.2400,1.0000,1.0000,77.6000,0.0829,2141.9700,0.0000,1.0000,1.0000,2.0000,0.0000,0,正常报名
9.0000,5.0000,1.0000,17714.5508,1968.2800,2634.5601,0.0000,0.0000,0.0000,0.0000,0.0000,0.0000,0.0000,1.0000,2634.5601,1.0000,1.0000,196.7500,0.0747,2117.8201,0.0000,1.0000,1.0000,2.0000,0.0000,0,正常报名
12.0000,1.0000,1.0000,28398.5391,2366.5500,3878.4900,0.0000,1.0000,0.0000,0.0000,0.0000,0.0000,0.0000,2.0000,4655.5625,1.0000,1.0000,391.0900,0.1015,4.0347,0.0000,2.0000,2.0000,2.0000,0.0000,1,零学时大额退费
6.0000,4.0000,0.0000,3652.5400,608.7600,4415.4702,0.0000,0.0000,0.0000,0.0000,0.0000,0.0000,0.0000,3.0000,4415.4702,1.0000,1.0000,658.3700,0.1491,1229.0100,0.0000,3.0000,3.0000,1.0000,0.0000,0,正常报名
12.0000,0.0000,0.0000,10992.8896,916.0700,1615.7000,0.0000,0.0000,0.0000,0.0000,0.0000,0.0000,0.0000,3.0000,1615.7000,1.0000,1.0000,29.7000,0.0184,625.6700,0.0000,4.0000,3.0000,2.0000,1.0000,0,正常报名
6.0000,2.0000,1.0000,15069.7305,2152.8201,3402.5200,5.0000,4.0000,0.8333,0.6667,30182.0449,1.0000,0.0000,3.0000,3402.5200,1.0000,1.0000,470.1500,0.1382,1818.9500,0.0000,1.0000,3.0000,2.0000,0.0000,1,连环退费
3.0000,1.0000,0.0000,1413.2200,471.0700,2993.5300,0.0000,0.0000,0.0000,0.0000,0.0000,0.0000,0.0000,2.0000,2993.5300,1.0000,1.0000,169.7100,0.0567,630.2800,0.0000,1.0000,2.0000,1.0000,0.0000,0,正常报名
4.0000,3.0000,0.0000,10166.4199,2541.6001,4899.9902,0.0000,0.0000,0.0000,0.0000,0.0000,0.0000,0.0000,2.0000,3512.2700,1.0000,1.0000,310.9800,0.0885,624.2600,0.0000,1.0000,2.0000,1.0000,0.0000,0,正常报名
8.0000,4.0000,0.0000,24832.7891,3104.1001,4679.3701,1.0000,1.0000,0.1250,0.1250,2392.8201,0.0000,0.0000,2.0000,547.7400,1.0000,1.0000,88.4700,0.1615,318.0300,0.0000,4.0000,2.0000,2.0000,0.0000,0,正常报名
10.0000,1.0000,0.0000,24455.1191,2445.5100,3752.7400,0.0000,1.0000,0.0000,0.0000,0.0000,0.0000,0.0000,3.0000,865.2252,1.0000,1.0000,121.3200,0.1369,1039.4403,0.0000,4.0000,3.0000,2.0000,0.0000,0,正常退费
6.0000,2.0000,1.0000,2161.8999,360.3200,3179.4900,0.0000,0.0000,0.0000,0.0000,0.0000,1.0000,0.0000,2.0000,3179.4900,1.0000,1.0000,271.0600,0.0853,1059.9100,0.0000,5.0000,2.0000,7.0000,1.0000,1,同设备多账号
3.0000,2.0000,0.0000,8572.3604,2857.4500,4840.9502,0.0000,0.0000,0.0000,0.0000,0.0000,0.0000,0.0000,1.0000,2451.9299,1.0000,1.0000,404.2200,0.1649,1162.4600,0.0000,1.0000,1.0000,1.0000,0.0000,0,正常报名
4.0000,1.0000,1.0000,11162.0996,2790.5300,3218.9199,0.0000,0.0000,0.0000,0.0000,0.0000,0.0000,0.0000,3.0000,709.4800,1.0000,1.0000,114.3400,0.1612,129.7100,0.0000,1.0000,3.0000,12.0000,0.0000,1,同设备多账号
1.0000,0.0000,0.0000,583.9100,583.9100,4116.1001,0.0000,1.0000,0.0000,0.0000,0.0000,0.0000,0.0000,3.0000,6661.3472,1.0000,1.0000,96.1300,0.0234,0.7424,0.0000,1.0000,3.0000,2.0000,0.0000,1,零学时大额退费
12.0000,1.0000,1.0000,25352.3105,2112.6899,3044.5500,0.0000,0.0000,0.0000,0.0000,0.0000,0.0000,0.0000,1.0000,0.0000,0.0000,0.0000,0.0000,0.0000,0.0000,0.0000,3.0000,1.0000,2.0000,0.0000,1,正常学历认证
7.0000,3.0000,0.0000,10991.9102,1570.2700,2434.5200,0.0000,1.0000,0.0000,0.1429,0.0000,0.0000,0.0000,3.0000,544.1794,1.0000,1.0000,327.7500,0.1673,668.5530,0.0000,1.0000,3.0000,1.0000,0.0000,0,正常退费
3.0000,2.0000,0.0000,9005.2197,3001.7400,3535.2400,0.0000,0.0000,0.0000,0.0000,0.0000,0.0000,2.0000,2.0000,0.0000,0.0000,0.0000,0.0000,0.0000,0.0000,0.0000,1.0000,2.0000,1.0000,0.0000,1,身份连续认证失败
5.0000,2.0000,0.0000,1827.5100,365.5000,3166.6001,0.0000,0.0000,0.0000,0.0000,0.0000,0.0000,0.0000,2.0000,0.0000,0.0000,0.0000,0.0000,0.0000,0.0000,0.0000,2.0000,2.0000,1.0000,0.0000,0,正常学历认证
2.0000,0.0000,0.0000,2344.7500,1172.3800,1594.8500,0.0000,0.0000,0.0000,0.0000,0.0000,0.0000,0.0000,1.0000,7672.9834,1.0000,1.0000,145.9600,0.1324,2171.5701,1.0000,2.0000,1.0000,1.0000,0.0000,0,凌晨大额标记
13.0000,1.0000,1.0000,6778.5898,3389.2900,4955.1401,7.0000,5.0000,0.5385,0.3846,31839.0215,0.0000,0.0000,1.0000,2903.8401,1.0000,1.0000,237.5100,0.0818,147.3900,1.0000,1.0000,1.0000,2.0000,0.0000,1,连环退费
10.0000,1.0000,1.0000,27049.4297,2704.9399,4817.9800,0.0000,0.0000,0.0000,0.0000,0.0000,0.0000,0.0000,3.0000,1973.3199,1.0000,1.0000,96.5300,0.0489,1379.5400,0.0000,5.0000,3.0000,2.0000,0.0000,0,正常报名
8.0000,2.0000,0.0000,3360.5701,420.0700,3646.7400,0.0000,1.0000,0.0000,0.0000,0.0000,0.0000,0.0000,2.0000,7057.4023,1.0000,1.0000,491.7200,0.1348,2.4242,0.0000,5.0000,2.0000,2.0000,0.0000,1,零学时大额退费
4.0000,1.0000,0.0000,2725.1599,681.2900,1011.5400,0.0000,0.0000,0.0000,0.0000,0.0000,1.0000,0.0000,2.0000,1011.5400,1.0000,1.0000,124.7500,0.1233,1451.7900,0.0000,1.0000,2.0000,14.0000,1.0000,1,同设备多账号
4.0000,1.0000,1.0000,12515.3398,3128.8401,55956.6797,0.0000,0.0000,0.0000,0.0000,0.0000,0.0000,0.0000,3.0000,55956.6797,1.0000,1.0000,312.4800,0.1009,848.9000,0.0000,2.0000,3.0000,1.0000,0.0000,1,超高金额报名
12.0000,0.0000,0.0000,34282.4609,2856.8701,5942.7598,0.0000,0.0000,0.0000,0.0000,0.0000,1.0000,0.0000,2.0000,1565.2100,1.0000,1.0000,244.4900,0.1562,1861.4700,0.0000,4.0000,2.0000,1.0000,0.0000,0,正常报名
6.0000,2.0000,1.0000,15939.4502,2656.5701,3425.2900,0.0000,0.0000,0.0000,0.0000,0.0000,0.0000,0.0000,1.0000,2496.7500,1.0000,1.0000,247.8600,0.0993,569.9600,0.0000,5.0000,1.0000,1.0000,0.0000,0,正常报名
6.0000,3.0000,0.0000,8573.2803,1428.8800,4163.8301,0.0000,1.0000,0.0000,0.0000,0.0000,0.0000,0.0000,3.0000,764.7169,1.0000,1.0000,692.0300,0.1662,1003.9871,1.0000,4.0000,3.0000,1.0000,1.0000,0,正常退费
10.0000,4.0000,2.0000,11443.1299,1271.4600,3664.5801,5.0000,5.0000,0.5000,0.5000,29974.7910,0.0000,0.0000,3.0000,3664.5801,1.0000,1.0000,276.4800,0.0754,413.8200,0.0000,4.0000,3.0000,1.0000,0.0000,1,极高退费率
6.0000,4.0000,1.0000,12830.1104,2138.3501,2511.9099,0.0000,0.0000,0.0000,0.0000,0.0000,0.0000,0.0000,2.0000,864.2100,1.0000,1.0000,77.9700,0.0902,847.2000,0.0000,2.0000,2.0000,1.0000,0.0000,0,正常报名
3.0000,3.0000,1.0000,6467.8799,2155.9600,2707.9700,0.0000,1.0000,0.0000,0.0000,0.0000,0.0000,0.0000,2.0000,1447.5773,1.0000,1.0000,127.6400,0.1183,0.0498,0.0000,2.0000,2.0000,2.0000,0.0000,1,零学时大额退费
8.0000,2.0000,0.0000,6613.9302,826.7400,1518.4900,0.0000,1.0000,0.0000,0.0000,0.0000,0.0000,0.0000,3.0000,1417.6923,1.0000,1.0000,186.1000,0.1486,725.5798,0.0000,1.0000,3.0000,2.0000,0.0000,0,正常退费
1.0000,0.0000,0.0000,2230.1201,2230.1201,4249.7998,0.0000,0.0000,0.0000,0.0000,0.0000,0.0000,0.0000,2.0000,809.2500,1.0000,1.0000,11.0000,0.0136,1738.1300,0.0000,1.0000,2.0000,1.0000,0.0000,0,正常报名
10.0000,0.0000,0.0000,4424.9102,442.4900,2922.0200,0.0000,0.0000,0.0000,0.0000,0.0000,0.0000,0.0000,3.0000,2922.0200,1.0000,1.0000,489.9400,0.1677,1447.6000,0.0000,5.0000,3.0000,1.0000,1.0000,0,正常报名
4.0000,1.0000,0.0000,38491.3516,3207.6101,5847.6499,3.0000,4.0000,0.7500,1.0000,32320.0273,0.0000,0.0000,2.0000,2300.6699,1.0000,1.0000,126.7500,0.0551,1436.4301,0.0000,5.0000,2.0000,1.0000,0.0000,1,连环退费
10.0000,4.0000,2.0000,24172.5801,2417.2600,2945.1699,0.0000,0.0000,0.0000,0.0000,0.0000,0.0000,0.0000,1.0000,0.0000,0.0000,0.0000,0.0000,0.0000,0.0000,0.0000,5.0000,1.0000,2.0000,0.0000,0,正常学历认证
4.0000,3.0000,1.0000,6738.0298,1684.5100,2242.5801,0.0000,1.0000,0.0000,0.0000,0.0000,0.0000,0.0000,1.0000,1592.6144,1.0000,1.0000,7.7800,0.0194,2.4993,0.0000,3.0000,1.0000,2.0000,0.0000,1,零学时大额退费
13.0000,3.0000,0.0000,26554.8301,2212.8999,4433.6099,5.0000,8.0000,0.3846,0.6154,22121.4355,0.0000,0.0000,1.0000,4136.3101,1.0000,1.0000,175.6400,0.0425,211.3500,0.0000,1.0000,1.0000,2.0000,0.0000,1,连环退费
7.0000,0.0000,0.0000,23932.4004,3418.9099,6654.4302,0.0000,0.0000,0.0000,0.0000,0.0000,0.0000,0.0000,1.0000,1913.8900,1.0000,1.0000,153.7500,0.0803,1708.6400,0.0000,2.0000,1.0000,2.0000,1.0000,0,正常报名
4.0000,0.0000,0.0000,534.2000,534.2000,1065.2800,4.0000,4.0000,1.0000,1.0000,8880.4512,0.0000,0.0000,2.0000,1023.6000,1.0000,1.0000,11.5300,0.0113,382.9800,0.0000,1.0000,2.0000,2.0000,0.0000,1,极高退费率
7.0000,0.0000,0.0000,15189.9502,2169.9900,3442.7100,0.0000,0.0000,0.0000,0.0000,0.0000,0.0000,0.0000,3.0000,7576.0073,1.0000,1.0000,43.2900,0.0387,1016.4900,1.0000,2.0000,3.0000,1.0000,0.0000,0,凌晨大额标记
5.0000,1.0000,0.0000,12650.2803,2530.0601,4202.3198,0.0000,1.0000,0.0000,0.0000,0.0000,0.0000,0.0000,2.0000,9741.2666,1.0000,1.0000,16.0000,0.0260,3.9779,0.0000,2.0000,2.0000,2.0000,0.0000,1,零学时大额退费
8.0000,5.0000,0.0000,23068.4902,2883.5601,5272.4199,0.0000,0.0000,0.0000,0.0000,0.0000,0.0000,0.0000,2.0000,985.6000,1.0000,1.0000,149.7700,0.1520,303.4200,0.0000,1.0000,2.0000,1.0000,1.0000,0,正常报名
4.0000,3.0000,1.0000,7988.7500,1997.1899,54501.3477,0.0000,0.0000,0.0000,0.0000,0.0000,0.0000,0.0000,3.0000,54501.3477,1.0000,1.0000,3.8100,0.0109,295.4000,0.0000,4.0000,3.0000,1.0000,0.0000,1,超高金额报名
10.0000,1.0000,1.0000,11086.5703,1108.6600,3196.7400,0.0000,0.0000,0.0000,0.0000,0.0000,0.0000,0.0000,1.0000,3196.7400,1.0000,1.0000,539.4300,0.1687,1635.9000,0.0000,1.0000,1.0000,2.0000,0.0000,1,正常报名
6.0000,4.0000,1.0000,10137.6104,1689.6000,2579.8101,0.0000,0.0000,0.0000,0.0000,0.0000,1.0000,0.0000,1.0000,7537.3276,1.0000,1.0000,89.7800,0.0348,1565.2800,1.0000,5.0000,1.0000,1.0000,0.0000,0,凌晨大额标记
9.0000,3.0000,1.0000,27039.8809,3004.4299,4547.0601,0.0000,1.0000,0.0000,0.1111,0.0000,0.0000,0.0000,1.0000,0.0000,0.0000,0.0000,0.0000,0.0000,0.0000,0.0000,1.0000,1.0000,1.0000,0.0000,0,正常学历认证
4.0000,4.0000,1.0000,13199.5400,3299.8799,4511.7798,0.0000,0.0000,0.0000,0.0000,0.0000,0.0000,0.0000,2.0000,0.0000,0.0000,0.0000,0.0000,0.0000,0.0000,0.0000,1.0000,2.0000,2.0000,0.0000,0,正常学历认证
12.0000,2.0000,2.0000,37831.6719,3152.6399,4986.0498,0.0000,1.0000,0.0000,0.0000,0.0000,0.0000,0.0000,3.0000,1531.6267,1.0000,1.0000,33.4600,0.0926,208.2107,0.0000,5.0000,3.0000,1.0000,0.0000,0,正常退费
5.0000,1.0000,0.0000,3913.3701,782.6700,1668.5400,0.0000,0.0000,0.0000,0.0000,0.0000,0.0000,0.0000,2.0000,854.2900,1.0000,1.0000,105.8600,0.1239,362.9800,0.0000,5.0000,2.0000,1.0000,0.0000,0,正常报名
2.0000,0.0000,0.0000,6593.9702,3296.9800,5754.2402,0.0000,1.0000,0.0000,0.0000,0.0000,0.0000,0.0000,1.0000,2573.9050,1.0000,1.0000,388.8700,0.1599,1483.6377,0.0000,2.0000,1.0000,1.0000,0.0000,0,正常退费
7.0000,4.0000,0.0000,22464.3105,3209.1899,4063.7500,0.0000,1.0000,0.0000,0.0000,0.0000,0.0000,0.0000,1.0000,6755.4121,1.0000,1.0000,214.7300,0.0528,4.2014,0.0000,2.0000,1.0000,2.0000,0.0000,1,零学时大额退费
10.0000,5.0000,1.0000,26684.7500,2668.4700,3985.3601,0.0000,1.0000,0.0000,0.0000,0.0000,1.0000,0.0000,3.0000,6456.6919,1.0000,1.0000,204.9800,0.1428,2.8167,0.0000,5.0000,3.0000,2.0000,0.0000,1,零学时大额退费
5.0000,3.0000,0.0000,8409.7900,1681.9600,2527.1001,0.0000,0.0000,0.0000,0.0000,0.0000,0.0000,0.0000,1.0000,0.0000,0.0000,0.0000,0.0000,0.0000,0.0000,0.0000,1.0000,1.0000,2.0000,0.0000,0,正常学历认证
10.0000,1.0000,1.0000,15410.7900,1541.0800,2846.5500,0.0000,0.0000,0.0000,0.0000,0.0000,1.0000,0.0000,1.0000,2846.5500,1.0000,1.0000,372.8700,0.1310,223.8200,0.0000,4.0000,1.0000,1.0000,1.0000,0,正常报名
8.0000,0.0000,0.0000,11942.4004,1492.8000,2660.1299,0.0000,0.0000,0.0000,0.0000,0.0000,0.0000,0.0000,1.0000,664.1000,1.0000,1.0000,69.8700,0.1052,379.1100,0.0000,5.0000,1.0000,1.0000,0.0000,0,正常报名
3.0000,1.0000,1.0000,3148.5901,3148.5901,4728.6001,3.0000,3.0000,1.0000,1.0000,9942.5869,0.0000,0.0000,2.0000,2803.9700,1.0000,1.0000,94.9400,0.0339,522.1900,0.0000,1.0000,2.0000,2.0000,0.0000,1,极高退费率
4.0000,3.0000,2.0000,17031.4297,1548.3101,3223.0400,3.0000,3.0000,0.7500,0.7500,30871.9609,0.0000,0.0000,1.0000,3223.0400,1.0000,1.0000,401.0200,0.1244,1736.7900,0.0000,3.0000,1.0000,1.0000,0.0000,1,连环退费
5.0000,4.0000,0.0000,12584.9102,2516.9800,3060.2100,0.0000,1.0000,0.0000,0.0000,0.0000,0.0000,0.0000,2.0000,1185.3472,1.0000,1.0000,32.9700,0.0157,1.3954,0.0000,1.0000,2.0000,1.0000,0.0000,1,零学时大额退费
3.0000,3.0000,0.0000,5252.2402,1750.7500,3101.0601,0.0000,0.0000,0.0000,0.0000,0.0000,0.0000,0.0000,3.0000,3101.0601,1.0000,1.0000,368.6000,0.1189,623.2200,0.0000,1.0000,3.0000,2.0000,0.0000,0,正常报名
2.0000,2.0000,1.0000,1141.9000,570.9500,4191.6099,0.0000,1.0000,0.0000,0.0000,0.0000,0.0000,0.0000,3.0000,10218.0215,1.0000,1.0000,424.4200,0.1013,3.4787,0.0000,1.0000,3.0000,1.0000,0.0000,1,零学时大额退费
11.0000,4.0000,0.0000,34941.8008,3176.5300,6124.3599,0.0000,0.0000,0.0000,0.0000,0.0000,0.0000,0.0000,2.0000,2062.2500,1.0000,1.0000,235.2000,0.1141,1644.1400,0.0000,3.0000,2.0000,2.0000,0.0000,0,正常报名
8.0000,1.0000,0.0000,2743.9399,342.9900,1205.2000,0.0000,1.0000,0.0000,0.0000,0.0000,0.0000,0.0000,2.0000,3004.0125,1.0000,1.0000,146.4000,0.1215,1666.1158,0.0000,5.0000,2.0000,2.0000,0.0000,0,正常退费
8.0000,0.0000,0.0000,2812.3799,351.5500,3670.6201,0.0000,0.0000,0.0000,0.0000,0.0000,0.0000,0.0000,2.0000,3670.6201,1.0000,1.0000,545.8200,0.1487,840.8800,0.0000,3.0000,2.0000,2.0000,0.0000,0,正常报名
4.0000,1.0000,0.0000,12677.8799,3169.4700,3897.3999,0.0000,1.0000,0.0000,0.0000,0.0000,1.0000,0.0000,3.0000,1746.7996,1.0000,1.0000,276.8200,0.1468,1199.3385,0.0000,1.0000,3.0000,1.0000,0.0000,1,正常退费
5.0000,0.0000,0.0000,3759.3401,751.8700,4281.1099,0.0000,1.0000,0.0000,0.0000,0.0000,0.0000,0.0000,2.0000,6227.3662,1.0000,1.0000,613.9000,0.1434,2.8999,0.0000,2.0000,2.0000,2.0000,0.0000,1,零学时大额退费
9.0000,1.0000,0.0000,5134.3599,2567.1799,4559.2100,8.0000,8.0000,0.8889,0.8889,20708.9258,0.0000,0.0000,2.0000,3063.9800,1.0000,1.0000,288.4700,0.0941,2372.4399,0.0000,1.0000,2.0000,1.0000,0.0000,1,极高退费率
10.0000,0.0000,0.0000,33534.1797,3353.4199,3621.0901,0.0000,0.0000,0.0000,0.0000,0.0000,0.0000,0.0000,2.0000,1460.3800,1.0000,1.0000,97.9900,0.0671,1452.3000,0.0000,1.0000,2.0000,1.0000,1.0000,0,正常报名
12.0000,5.0000,1.0000,5347.3398,445.6100,1112.6600,0.0000,0.0000,0.0000,0.0000,0.0000,0.0000,0.0000,1.0000,0.0000,0.0000,0.0000,0.0000,0.0000,0.0000,0.0000,5.0000,1.0000,2.0000,0.0000,0,正常学历认证
8.0000,3.0000,0.0000,2582.8999,322.8600,48976.6172,0.0000,0.0000,0.0000,0.0000,0.0000,1.0000,0.0000,1.0000,48976.6172,1.0000,1.0000,85.6200,0.0676,411.3300,0.0000,3.0000,1.0000,2.0000,0.0000,1,超高金额报名
3.0000,1.0000,1.0000,3344.7000,1114.9000,1873.8199,0.0000,0.0000,0.0000,0.0000,0.0000,0.0000,0.0000,1.0000,938.4400,1.0000,1.0000,124.0900,0.1322,247.7800,0.0000,2.0000,1.0000,1.0000,0.0000,0,正常报名
2.0000,0.0000,0.0000,5487.6699,2743.8301,3817.1599,0.0000,0.0000,0.0000,0.0000,0.0000,0.0000,0.0000,2.0000,567.8400,1.0000,1.0000,1.9600,0.0034,287.5800,0.0000,2.0000,2.0000,9.0000,1.0000,1,同设备多账号
6.0000,0.0000,0.0000,7966.5498,1327.7600,4306.7002,0.0000,1.0000,0.0000,0.1667,0.0000,0.0000,0.0000,2.0000,4306.7002,1.0000,1.0000,754.2100,0.1751,1061.1300,0.0000,1.0000,2.0000,1.0000,0.0000,0,正常报名
7.0000,1.0000,0.0000,16911.9707,2416.0000,3330.8000,0.0000,0.0000,0.0000,0.0000,0.0000,0.0000,0.0000,2.0000,3330.8000,1.0000,1.0000,168.0900,0.0505,103.5500,0.0000,2.0000,2.0000,2.0000,1.0000,0,正常报名
4.0000,3.0000,1.0000,11647.2598,2911.8101,3385.5801,0.0000,0.0000,0.0000,0.0000,0.0000,0.0000,0.0000,1.0000,1249.9399,1.0000,1.0000,182.9000,0.1463,699.7800,0.0000,2.0000,1.0000,2.0000,0.0000,0,正常报名
11.0000,5.0000,2.0000,22291.7402,2026.5200,3895.7300,0.0000,0.0000,0.0000,0.0000,0.0000,0.0000,0.0000,1.0000,0.0000,0.0000,0.0000,0.0000,0.0000,0.0000,0.0000,1.0000,1.0000,1.0000,0.0000,0,正常学历认证
3.0000,3.0000,2.0000,6077.8999,2025.9700,3021.2100,0.0000,0.0000,0.0000,0.0000,0.0000,0.0000,0.0000,1.0000,1155.2100,1.0000,1.0000,171.7600,0.1487,2033.7500,0.0000,3.0000,1.0000,2.0000,0.0000,1,正常报名
12.0000,3.0000,1.0000,39779.8906,3314.9900,6925.5000,0.0000,1.0000,0.0000,0.0833,0.0000,0.0000,0.0000,2.0000,19784.2305,1.0000,1.0000,218.8200,0.0795,1253.1200,0.0000,5.0000,2.0000,3.0000,1.0000,1,新设备大额报名
5.0000,4.0000,2.0000,16607.6895,3321.5400,6778.8701,0.0000,0.0000,0.0000,0.0000,0.0000,0.0000,0.0000,2.0000,2593.1001,1.0000,1.0000,96.7300,0.0373,1450.8600,0.0000,2.0000,2.0000,14.0000,1.0000,1,同设备多账号
4.0000,0.0000,0.0000,8122.1699,2030.5400,3923.1399,4.0000,3.0000,1.0000,0.7500,13590.7910,0.0000,0.0000,2.0000,3832.3401,1.0000,1.0000,129.7800,0.0339,755.0700,0.0000,2.0000,2.0000,1.0000,0.0000,1,连环退费
11.0000,2.0000,1.0000,4343.5898,394.8700,3673.4299,0.0000,0.0000,0.0000,0.0000,0.0000,0.0000,3.0000,1.0000,0.0000,0.0000,0.0000,0.0000,0.0000,0.0000,0.0000,5.0000,1.0000,2.0000,0.0000,1,身份连续认证失败
8.0000,5.0000,0.0000,25523.6191,3190.4500,3551.2800,0.0000,0.0000,0.0000,0.0000,0.0000,0.0000,0.0000,1.0000,2844.1201,1.0000,1.0000,403.1200,0.1417,602.5400,0.0000,2.0000,1.0000,2.0000,0.0000,0,正常报名
3.0000,3.0000,1.0000,5263.3901,1754.4600,3485.9800,0.0000,0.0000,0.0000,0.0000,0.0000,0.0000,0.0000,2.0000,2938.2800,1.0000,1.0000,424.8900,0.1446,187.1000,0.0000,1.0000,2.0000,1.0000,0.0000,0,正常报名
11.0000,3.0000,2.0000,36508.8789,3318.9900,4478.9902,0.0000,0.0000,0.0000,0.0000,0.0000,0.0000,2.0000,1.0000,0.0000,0.0000,0.0000,0.0000,0.0000,0.0000,0.0000,1.0000,1.0000,1.0000,0.0000,1,身份连续认证失败
3.0000,2.0000,1.0000,3880.2100,1293.4000,3901.7100,0.0000,0.0000,0.0000,0.0000,0.0000,0.0000,0.0000,2.0000,3901.7100,1.0000,1.0000,289.2700,0.0741,1715.1801,0.0000,3.0000,2.0000,2.0000,0.0000,0,正常报名
3.0000,1.0000,0.0000,2859.2500,953.0800,1540.6700,2.0000,2.0000,0.6667,0.6667,15612.3750,0.0000,0.0000,1.0000,1229.5800,1.0000,1.0000,191.4100,0.1557,2183.4900,0.0000,1.0000,1.0000,2.0000,0.0000,1,极高退费率
10.0000,3.0000,1.0000,11256.1104,1125.6100,2449.8799,0.0000,1.0000,0.0000,0.0000,0.0000,1.0000,0.0000,3.0000,1434.6842,1.0000,1.0000,423.1400,0.1727,469.8687,0.0000,2.0000,3.0000,2.0000,0.0000,0,正常退费
11.0000,0.0000,0.0000,28788.1191,2617.1001,5649.7798,0.0000,0.0000,0.0000,0.0000,0.0000,0.0000,0.0000,2.0000,3389.8501,1.0000,1.0000,272.4400,0.0804,405.1700,0.0000,5.0000,2.0000,2.0000,0.0000,0,正常报名
7.0000,3.0000,0.0000,8686.7598,1240.9700,1715.0200,1.0000,1.0000,0.1429,0.1429,2871.0801,0.0000,0.0000,2.0000,0.0000,0.0000,0.0000,0.0000,0.0000,0.0000,0.0000,1.0000,2.0000,2.0000,1.0000,0,正常学历认证
7.0000,0.0000,0.0000,21854.7402,3122.1101,3318.7300,0.0000,0.0000,0.0000,0.0000,0.0000,0.0000,0.0000,3.0000,2683.7600,1.0000,1.0000,312.4200,0.1164,1619.3000,0.0000,3.0000,3.0000,2.0000,0.0000,0,正常报名
8.0000,5.0000,0.0000,13934.6504,1741.8300,3078.8799,0.0000,0.0000,0.0000,0.0000,0.0000,0.0000,0.0000,1.0000,11072.4229,1.0000,1.0000,51.7800,0.0830,949.6300,0.0000,5.0000,1.0000,2.0000,1.0000,1,新设备大额报名
2.0000,2.0000,2.0000,1037.9800,518.9900,3063.0200,0.0000,1.0000,0.0000,0.0000,0.0000,0.0000,0.0000,3.0000,2244.7571,1.0000,1.0000,423.4400,0.1382,482.3637,0.0000,1.0000,3.0000,1.0000,0.0000,0,正常退费
2.0000,0.0000,0.0000,5283.0298,2641.5200,4344.7300,0.0000,0.0000,0.0000,0.0000,0.0000,0.0000,0.0000,1.0000,4344.7300,1.0000,1.0000,610.1100,0.1404,1845.5601,0.0000,1.0000,1.0000,1.0000,0.0000,0,正常报名
3.0000,3.0000,1.0000,4320.7402,1440.2500,1555.5900,0.0000,0.0000,0.0000,0.0000,0.0000,0.0000,0.0000,1.0000,761.9900,1.0000,1.0000,86.8300,0.1140,684.6100,0.0000,3.0000,1.0000,2.0000,0.0000,0,正常报名
8.0000,1.0000,1.0000,24679.5391,3084.9399,5985.4199,0.0000,0.0000,0.0000,0.0000,0.0000,0.0000,0.0000,1.0000,4350.7900,1.0000,1.0000,267.4300,0.0615,1759.5900,0.0000,1.0000,1.0000,1.0000,0.0000,0,正常报名
8.0000,2.0000,0.0000,8059.5498,1007.4400,1050.1200,0.0000,1.0000,0.0000,0.1250,0.0000,0.0000,0.0000,2.0000,570.9000,1.0000,1.0000,46.7000,0.0818,2266.1299,0.0000,4.0000,2.0000,2.0000,0.0000,0,正常报名
5.0000,5.0000,2.0000,13778.8896,2755.7800,3591.9600,0.0000,0.0000,0.0000,0.0000,0.0000,0.0000,0.0000,1.0000,3591.9600,1.0000,1.0000,48.5700,0.0135,2288.3701,0.0000,3.0000,1.0000,1.0000,0.0000,0,正常报名
11.0000,0.0000,0.0000,31066.4102,2824.2200,4299.1802,0.0000,0.0000,0.0000,0.0000,0.0000,0.0000,0.0000,2.0000,2699.2800,1.0000,1.0000,342.5900,0.1269,256.2600,0.0000,1.0000,2.0000,15.0000,1.0000,1,同设备多账号
8.0000,4.0000,1.0000,8354.0703,1044.2600,2244.1499,0.0000,1.0000,0.0000,0.0000,0.0000,0.0000,0.0000,1.0000,6015.7842,1.0000,1.0000,59.5600,0.1601,1.3781,0.0000,5.0000,1.0000,2.0000,0.0000,1,零学时大额退费
4.0000,0.0000,0.0000,10953.5195,2738.3799,3148.1799,0.0000,0.0000,0.0000,0.0000,0.0000,0.0000,0.0000,3.0000,907.8000,1.0000,1.0000,30.6600,0.0338,245.7900,0.0000,1.0000,3.0000,1.0000,0.0000,0,正常报名
10.0000,3.0000,1.0000,31585.3809,2871.3999,4703.2100,7.0000,7.0000,0.7000,0.7000,9257.4824,0.0000,0.0000,2.0000,3216.2700,1.0000,1.0000,460.8500,0.1433,1217.8600,0.0000,5.0000,2.0000,2.0000,1.0000,1,极高退费率
8.0000,1.0000,1.0000,11314.4102,1414.3000,2647.5500,0.0000,0.0000,0.0000,0.0000,0.0000,0.0000,0.0000,2.0000,2647.5500,1.0000,1.0000,395.3200,0.1493,1543.7300,0.0000,4.0000,2.0000,1.0000,0.0000,0,正常报名
11.0000,0.0000,0.0000,22806.5605,2073.3201,4011.3799,0.0000,0.0000,0.0000,0.0000,0.0000,0.0000,0.0000,1.0000,2911.6201,1.0000,1.0000,178.6700,0.0614,950.9700,0.0000,2.0000,1.0000,2.0000,0.0000,0,正常报名
7.0000,3.0000,0.0000,4928.3398,1642.7800,3478.7400,4.0000,5.0000,0.5714,0.7143,30083.4863,0.0000,0.0000,1.0000,3478.7400,1.0000,1.0000,314.6500,0.0904,1937.5300,0.0000,2.0000,1.0000,2.0000,0.0000,1,连环退费
2.0000,0.0000,0.0000,4393.3999,2196.7000,4427.7202,0.0000,0.0000,0.0000,0.0000,0.0000,0.0000,0.0000,1.0000,2516.5000,1.0000,1.0000,440.2700,0.1750,2031.9900,0.0000,2.0000,1.0000,1.0000,0.0000,0,正常报名
7.0000,4.0000,2.0000,21168.0098,3024.0000,4936.7700,0.0000,0.0000,0.0000,0.0000,0.0000,0.0000,0.0000,1.0000,2313.4700,1.0000,1.0000,335.6900,0.1451,1215.7800,0.0000,1.0000,1.0000,1.0000,0.0000,0,正常报名
1.0000,1.0000,0.0000,1788.8199,1788.8199,3637.8899,0.0000,0.0000,0.0000,0.0000,0.0000,0.0000,0.0000,2.0000,9435.3398,1.0000,1.0000,64.2900,0.0177,1274.0300,1.0000,1.0000,2.0000,2.0000,0.0000,0,凌晨大额标记
1.0000,0.0000,0.0000,2498.5601,2498.5601,3881.9800,0.0000,0.0000,0.0000,0.0000,0.0000,1.0000,0.0000,2.0000,0.0000,0.0000,0.0000,0.0000,0.0000,0.0000,1.0000,1.0000,2.0000,1.0000,0.0000,0,正常学历认证
8.0000,3.0000,1.0000,25250.8398,3156.3501,3890.3401,0.0000,0.0000,0.0000,0.0000,0.0000,0.0000,0.0000,1.0000,27777.9941,1.0000,1.0000,265.5800,0.0683,1836.4500,0.0000,1.0000,1.0000,1.0000,1.0000,1,新设备大额报名
12.0000,4.0000,0.0000,10436.4600,869.7000,2011.8300,0.0000,0.0000,0.0000,0.0000,0.0000,1.0000,0.0000,1.0000,0.0000,0.0000,0.0000,0.0000,0.0000,0.0000,0.0000,2.0000,1.0000,2.0000,0.0000,0,正常学历认证
7.0000,3.0000,0.0000,15705.2402,2243.6101,3042.6799,0.0000,1.0000,0.0000,0.0000,0.0000,0.0000,0.0000,3.0000,3661.4768,1.0000,1.0000,461.6900,0.1517,1.4770,0.0000,5.0000,3.0000,2.0000,0.0000,1,零学时大额退费
12.0000,2.0000,1.0000,10254.9404,854.5800,2158.1799,1.0000,1.0000,0.0833,0.0833,1243.9700,0.0000,0.0000,2.0000,2158.1799,1.0000,1.0000,219.6500,0.1018,1366.6899,0.0000,4.0000,2.0000,2.0000,0.0000,0,正常报名
4.0000,2.0000,1.0000,3365.3101,1121.7700,1590.6700,4.0000,4.0000,1.0000,1.0000,8334.9238,0.0000,0.0000,3.0000,1375.2800,1.0000,1.0000,19.7500,0.0144,2022.7100,0.0000,3.0000,3.0000,2.0000,0.0000,1,极高退费率
6.0000,3.0000,0.0000,1370.2800,456.7600,3891.2000,4.0000,4.0000,0.6667,0.6667,11545.1533,0.0000,0.0000,3.0000,3891.2000,1.0000,1.0000,214.1800,0.0550,1042.1801,0.0000,1.0000,3.0000,2.0000,0.0000,1,极高退费率
4.0000,4.0000,1.0000,1910.5100,477.6300,2583.6599,0.0000,0.0000,0.0000,0.0000,0.0000,1.0000,0.0000,3.0000,20978.7715,1.0000,1.0000,445.7300,0.1725,1972.0500,0.0000,2.0000,3.0000,2.0000,1.0000,1,新设备大额报名
9.0000,3.0000,0.0000,29184.0391,3242.6699,6501.7900,0.0000,0.0000,0.0000,0.0000,0.0000,0.0000,0.0000,1.0000,8700.6084,1.0000,1.0000,60.7700,0.0231,918.9600,1.0000,1.0000,1.0000,2.0000,0.0000,0,凌晨大额标记
4.0000,2.0000,1.0000,12234.5195,3058.6299,6055.2402,0.0000,1.0000,0.0000,0.2500,0.0000,1.0000,0.0000,1.0000,3894.9399,1.0000,1.0000,78.5800,0.0202,1138.4800,0.0000,1.0000,1.0000,14.0000,1.0000,1,同设备多账号
11.0000,3.0000,0.0000,13404.2900,1218.5699,3961.8301,0.0000,0.0000,0.0000,0.0000,0.0000,0.0000,0.0000,1.0000,0.0000,0.0000,0.0000,0.0000,0.0000,0.0000,0.0000,3.0000,1.0000,2.0000,1.0000,0,正常学历认证
8.0000,3.0000,2.0000,25244.0801,3155.5100,5355.4702,0.0000,1.0000,0.0000,0.0000,0.0000,0.0000,0.0000,2.0000,2682.1885,1.0000,1.0000,44.2100,0.0531,1276.6274,0.0000,2.0000,2.0000,1.0000,0.0000,0,正常退费
10.0000,0.0000,0.0000,9463.8701,946.3900,2005.6100,0.0000,0.0000,0.0000,0.0000,0.0000,0.0000,0.0000,3.0000,2005.6100,1.0000,1.0000,109.7800,0.0547,236.1600,0.0000,2.0000,3.0000,2.0000,0.0000,0,正常报名
7.0000,2.0000,1.0000,10614.6699,1516.3800,4231.5601,0.0000,0.0000,0.0000,0.0000,0.0000,0.0000,0.0000,3.0000,4231.5601,1.0000,1.0000,43.9600,0.0104,1387.1500,0.0000,4.0000,3.0000,2.0000,0.0000,0,正常报名
5.0000,0.0000,0.0000,9214.3496,1842.8700,2834.8799,0.0000,0.0000,0.0000,0.0000,0.0000,1.0000,0.0000,1.0000,10566.0195,1.0000,1.0000,33.9100,0.0306,973.6000,0.0000,5.0000,1.0000,1.0000,1.0000,1,新设备大额报名
8.0000,2.0000,0.0000,2971.3799,371.4200,1776.3000,0.0000,0.0000,0.0000,0.0000,0.0000,0.0000,0.0000,3.0000,0.0000,0.0000,0.0000,0.0000,0.0000,0.0000,0.0000,5.0000,3.0000,2.0000,1.0000,0,正常学历认证
3.0000,1.0000,1.0000,7360.3999,2453.4700,3829.7100,0.0000,0.0000,0.0000,0.0000,0.0000,0.0000,0.0000,2.0000,26252.1348,1.0000,1.0000,8.8700,0.0063,2253.6101,0.0000,2.0000,2.0000,3.0000,1.0000,1,新设备大额报名
2.0000,1.0000,1.0000,1497.6899,748.8400,3289.0500,0.0000,1.0000,0.0000,0.0000,0.0000,0.0000,0.0000,3.0000,2517.8293,1.0000,1.0000,474.2800,0.1442,1179.0864,0.0000,2.0000,3.0000,2.0000,0.0000,0,正常退费
9.0000,0.0000,0.0000,4322.2798,480.2500,2969.2400,0.0000,0.0000,0.0000,0.0000,0.0000,0.0000,3.0000,3.0000,0.0000,0.0000,0.0000,0.0000,0.0000,0.0000,0.0000,4.0000,3.0000,1.0000,1.0000,1,身份连续认证失败
12.0000,1.0000,0.0000,5280.3799,440.0300,2512.4800,0.0000,0.0000,0.0000,0.0000,0.0000,0.0000,0.0000,1.0000,0.0000,0.0000,0.0000,0.0000,0.0000,0.0000,0.0000,5.0000,1.0000,1.0000,0.0000,0,正常学历认证
11.0000,2.0000,1.0000,5128.7100,466.2500,1604.4301,0.0000,0.0000,0.0000,0.0000,0.0000,0.0000,0.0000,1.0000,1604.4301,1.0000,1.0000,272.0400,0.1696,2321.2900,0.0000,1.0000,1.0000,2.0000,0.0000,0,正常报名
2.0000,0.0000,0.0000,6345.4102,3172.7100,3319.4700,0.0000,0.0000,0.0000,0.0000,0.0000,0.0000,0.0000,2.0000,414.6500,1.0000,1.0000,31.3100,0.0755,1518.6000,0.0000,1.0000,2.0000,1.0000,0.0000,0,正常报名
3.0000,3.0000,2.0000,6238.0498,2079.3501,4057.4800,0.0000,0.0000,0.0000,0.0000,0.0000,0.0000,0.0000,2.0000,879.7600,1.0000,1.0000,94.3000,0.1072,1814.2600,0.0000,1.0000,2.0000,1.0000,1.0000,0,正常报名
9.0000,0.0000,0.0000,8969.8301,996.6500,1772.1100,0.0000,0.0000,0.0000,0.0000,0.0000,1.0000,0.0000,1.0000,1772.1100,1.0000,1.0000,300.1900,0.1694,494.3900,0.0000,5.0000,1.0000,2.0000,0.0000,0,正常报名
9.0000,4.0000,2.0000,9464.7197,1051.6400,1689.3500,0.0000,0.0000,0.0000,0.0000,0.0000,0.0000,0.0000,2.0000,0.0000,0.0000,0.0000,0.0000,0.0000,0.0000,0.0000,2.0000,2.0000,1.0000,1.0000,0,正常学历认证
3.0000,3.0000,1.0000,6592.1201,2197.3701,2260.7300,0.0000,0.0000,0.0000,0.0000,0.0000,0.0000,0.0000,2.0000,957.5600,1.0000,1.0000,125.3800,0.1309,2087.1499,0.0000,1.0000,2.0000,2.0000,0.0000,0,正常报名
10.0000,2.0000,0.0000,31840.2305,3184.0200,5102.6899,0.0000,1.0000,0.0000,0.0000,0.0000,0.0000,0.0000,3.0000,1166.5367,1.0000,1.0000,5.0000,0.0073,1160.4496,0.0000,5.0000,3.0000,2.0000,0.0000,0,正常退费
4.0000,2.0000,2.0000,6389.8901,1597.4700,3483.7700,0.0000,0.0000,0.0000,0.0000,0.0000,0.0000,0.0000,3.0000,1205.4900,1.0000,1.0000,162.5600,0.1349,2184.9299,0.0000,3.0000,3.0000,11.0000,1.0000,1,同设备多账号
10.0000,0.0000,0.0000,22932.4609,2293.2500,3908.8999,0.0000,0.0000,0.0000,0.0000,0.0000,0.0000,0.0000,2.0000,1160.5300,1.0000,1.0000,102.9200,0.0887,273.7900,0.0000,4.0000,2.0000,1.0000,0.0000,0,正常报名
4.0000,1.0000,0.0000,13402.0801,3350.5200,5228.8901,0.0000,0.0000,0.0000,0.0000,0.0000,0.0000,0.0000,1.0000,6812.5142,1.0000,1.0000,213.9300,0.1378,174.0800,1.0000,2.0000,1.0000,1.0000,0.0000,0,凌晨大额标记
2.0000,0.0000,0.0000,1951.2300,975.6200,1911.7900,0.0000,1.0000,0.0000,0.0000,0.0000,0.0000,0.0000,1.0000,5222.5933,1.0000,1.0000,159.8800,0.0836,3.5306,0.0000,2.0000,1.0000,1.0000,0.0000,1,零学时大额退费
3.0000,1.0000,1.0000,4458.4102,1486.1400,2455.7200,0.0000,1.0000,0.0000,0.0000,0.0000,0.0000,0.0000,2.0000,9272.0830,1.0000,1.0000,185.7700,0.0965,2.2698,0.0000,2.0000,2.0000,1.0000,1.0000,1,零学时大额退费
6.0000,5.0000,1.0000,8851.4004,1475.2300,3321.3501,0.0000,0.0000,0.0000,0.0000,0.0000,0.0000,0.0000,2.0000,8484.8389,1.0000,1.0000,453.7200,0.1366,1279.0300,1.0000,5.0000,2.0000,2.0000,0.0000,0,凌晨大额标记
4.0000,2.0000,0.0000,6227.9399,1556.9800,2999.9299,0.0000,0.0000,0.0000,0.0000,0.0000,0.0000,0.0000,1.0000,1091.3400,1.0000,1.0000,127.6100,0.1169,1823.6200,0.0000,4.0000,1.0000,1.0000,0.0000,0,正常报名
5.0000,1.0000,0.0000,16362.1201,3272.4199,6915.2598,0.0000,0.0000,0.0000,0.0000,0.0000,0.0000,0.0000,1.0000,2207.7300,1.0000,1.0000,12.1300,0.0055,1165.0699,0.0000,3.0000,1.0000,11.0000,0.0000,1,同设备多账号
6.0000,0.0000,0.0000,20261.3398,3376.8899,7242.3999,0.0000,0.0000,0.0000,0.0000,0.0000,0.0000,0.0000,3.0000,2467.8799,1.0000,1.0000,278.6000,0.1129,1753.9200,0.0000,2.0000,3.0000,2.0000,0.0000,0,正常报名
10.0000,2.0000,2.0000,9677.6104,967.7600,3765.4299,0.0000,0.0000,0.0000,0.0000,0.0000,0.0000,0.0000,2.0000,3765.4299,1.0000,1.0000,401.9500,0.1067,520.6700,0.0000,5.0000,2.0000,1.0000,0.0000,0,正常报名
3.0000,2.0000,0.0000,9515.8096,3171.9399,5534.3901,0.0000,0.0000,0.0000,0.0000,0.0000,0.0000,0.0000,3.0000,0.0000,0.0000,0.0000,0.0000,0.0000,0.0000,0.0000,3.0000,3.0000,1.0000,0.0000,0,正常学历认证
7.0000,2.0000,2.0000,24122.8496,3446.1201,5023.4199,0.0000,0.0000,0.0000,0.0000,0.0000,0.0000,0.0000,1.0000,0.0000,0.0000,0.0000,0.0000,0.0000,0.0000,0.0000,4.0000,1.0000,1.0000,0.0000,0,正常学历认证
11.0000,3.0000,0.0000,12139.5400,1103.5900,2401.7100,0.0000,0.0000,0.0000,0.0000,0.0000,0.0000,0.0000,1.0000,0.0000,0.0000,0.0000,0.0000,0.0000,0.0000,0.0000,2.0000,1.0000,1.0000,0.0000,0,正常学历认证
10.0000,3.0000,1.0000,8742.4902,874.2500,4383.2500,0.0000,0.0000,0.0000,0.0000,0.0000,0.0000,0.0000,3.0000,6445.7427,1.0000,1.0000,635.9500,0.1451,1156.1500,1.0000,5.0000,3.0000,2.0000,0.0000,0,凌晨大额标记
7.0000,2.0000,0.0000,3574.8501,510.6900,3166.0601,0.0000,1.0000,0.0000,0.0000,0.0000,0.0000,0.0000,3.0000,3373.6663,1.0000,1.0000,339.2600,0.1072,1342.1952,0.0000,1.0000,3.0000,2.0000,1.0000,0,正常退费
2.0000,1.0000,1.0000,4058.6699,2029.3400,2139.7900,0.0000,0.0000,0.0000,0.0000,0.0000,0.0000,0.0000,1.0000,0.0000,0.0000,0.0000,0.0000,0.0000,0.0000,0.0000,2.0000,1.0000,2.0000,0.0000,0,正常学历认证
8.0000,2.0000,2.0000,26367.1094,3295.8899,4959.1899,0.0000,0.0000,0.0000,0.0000,0.0000,0.0000,0.0000,2.0000,0.0000,0.0000,0.0000,0.0000,0.0000,0.0000,0.0000,2.0000,2.0000,2.0000,0.0000,0,正常学历认证
4.0000,3.0000,0.0000,13267.4697,2653.4900,3463.6699,3.0000,4.0000,0.7500,1.0000,29345.9141,0.0000,0.0000,2.0000,3463.6699,1.0000,1.0000,474.3900,0.1370,1826.5300,0.0000,2.0000,2.0000,2.0000,0.0000,0,连环退费
11.0000,3.0000,1.0000,4357.5098,1452.5000,4265.9702,10.0000,10.0000,0.9091,0.9091,25957.1387,0.0000,0.0000,3.0000,4265.9702,1.0000,1.0000,465.1500,0.1090,2055.1201,0.0000,1.0000,3.0000,1.0000,0.0000,1,极高退费率
5.0000,3.0000,1.0000,5558.5098,1111.7000,4124.4502,0.0000,1.0000,0.0000,0.0000,0.0000,0.0000,0.0000,2.0000,3395.4802,1.0000,1.0000,2.6800,0.0006,1772.5522,0.0000,2.0000,2.0000,1.0000,0.0000,0,正常退费
2.0000,2.0000,0.0000,4466.6001,2233.3000,4375.4502,0.0000,0.0000,0.0000,0.0000,0.0000,0.0000,0.0000,3.0000,22625.8320,1.0000,1.0000,74.4300,0.0170,1575.1200,0.0000,2.0000,3.0000,1.0000,1.0000,1,新设备大额报名
3.0000,3.0000,1.0000,8828.6104,2942.8701,4111.2202,0.0000,0.0000,0.0000,0.0000,0.0000,0.0000,0.0000,2.0000,6548.1108,1.0000,1.0000,398.5700,0.1014,788.4200,1.0000,2.0000,2.0000,2.0000,0.0000,0,凌晨大额标记
7.0000,1.0000,1.0000,29040.2793,2420.0200,4613.5400,4.0000,4.0000,0.5714,0.5714,29385.2227,0.0000,0.0000,2.0000,3928.1899,1.0000,1.0000,485.2700,0.1235,1013.0200,0.0000,5.0000,2.0000,1.0000,0.0000,1,极高退费率
12.0000,3.0000,1.0000,37302.9609,3108.5801,4281.5801,0.0000,0.0000,0.0000,0.0000,0.0000,0.0000,0.0000,1.0000,5502.6187,1.0000,1.0000,31.0000,0.0119,1168.0601,1.0000,1.0000,1.0000,1.0000,0.0000,0,凌晨大额标记
9.0000,1.0000,0.0000,22836.6699,2537.4099,3889.8899,0.0000,0.0000,0.0000,0.0000,0.0000,0.0000,0.0000,2.0000,0.0000,0.0000,0.0000,0.0000,0.0000,0.0000,0.0000,3.0000,2.0000,2.0000,0.0000,0,正常学历认证
7.0000,1.0000,0.0000,21887.5098,3126.7900,5676.2002,0.0000,1.0000,0.0000,0.1429,0.0000,0.0000,0.0000,2.0000,4289.9702,1.0000,1.0000,410.2600,0.0956,2094.0801,0.0000,3.0000,2.0000,1.0000,0.0000,0,正常报名
6.0000,1.0000,0.0000,11067.7695,1844.6300,3998.4700,0.0000,0.0000,0.0000,0.0000,0.0000,0.0000,0.0000,3.0000,0.0000,0.0000,0.0000,0.0000,0.0000,0.0000,0.0000,2.0000,3.0000,1.0000,0.0000,0,正常学历认证
4.0000,4.0000,2.0000,10693.8701,2673.4700,3497.8201,0.0000,0.0000,0.0000,0.0000,0.0000,0.0000,0.0000,2.0000,3226.7200,1.0000,1.0000,559.3500,0.1733,854.8400,0.0000,1.0000,2.0000,1.0000,0.0000,0,正常报名
9.0000,1.0000,0.0000,34076.5312,3097.8701,6706.6099,5.0000,6.0000,0.5556,0.6667,14423.8604,1.0000,0.0000,3.0000,2018.0200,1.0000,1.0000,210.7200,0.1044,163.7700,0.0000,3.0000,3.0000,2.0000,0.0000,1,连环退费
3.0000,0.0000,0.0000,7700.5801,2566.8601,2954.5300,0.0000,0.0000,0.0000,0.0000,0.0000,0.0000,0.0000,2.0000,615.1800,1.0000,1.0000,72.6400,0.1181,1350.3300,0.0000,3.0000,2.0000,1.0000,0.0000,1,正常报名
7.0000,0.0000,0.0000,4129.1699,589.8800,36275.1875,0.0000,1.0000,0.0000,0.1429,0.0000,0.0000,0.0000,1.0000,36275.1875,1.0000,1.0000,79.2300,0.1684,2228.1001,0.0000,2.0000,1.0000,2.0000,0.0000,1,超高金额报名
10.0000,1.0000,0.0000,25927.7109,2592.7700,3536.2400,0.0000,1.0000,0.0000,0.0000,0.0000,0.0000,0.0000,3.0000,1567.0190,1.0000,1.0000,191.3600,0.1583,1.8133,0.0000,2.0000,3.0000,2.0000,0.0000,1,零学时大额退费
4.0000,4.0000,0.0000,3429.8999,857.4800,4211.8198,0.0000,0.0000,0.0000,0.0000,0.0000,0.0000,0.0000,3.0000,4211.8198,1.0000,1.0000,156.2900,0.0371,510.0800,0.0000,1.0000,3.0000,2.0000,0.0000,0,正常报名
4.0000,4.0000,2.0000,10656.5098,2664.1299,4108.5098,0.0000,1.0000,0.0000,0.0000,0.0000,0.0000,0.0000,3.0000,3356.2224,1.0000,1.0000,51.2000,0.0680,352.7036,0.0000,2.0000,3.0000,1.0000,1.0000,0,正常退费
4.0000,2.0000,1.0000,13434.1602,3358.5400,3510.2500,0.0000,0.0000,0.0000,0.0000,0.0000,1.0000,0.0000,3.0000,11213.9463,1.0000,1.0000,67.5500,0.0321,461.9000,0.0000,4.0000,3.0000,1.0000,1.0000,1,新设备大额报名
2.0000,1.0000,1.0000,4939.5601,2469.7800,4547.5098,0.0000,0.0000,0.0000,0.0000,0.0000,0.0000,0.0000,3.0000,993.8400,1.0000,1.0000,147.3900,0.1483,1859.6801,0.0000,1.0000,3.0000,2.0000,0.0000,0,正常报名
12.0000,2.0000,2.0000,26660.7402,2221.7300,2831.4800,0.0000,0.0000,0.0000,0.0000,0.0000,0.0000,3.0000,3.0000,0.0000,0.0000,0.0000,0.0000,0.0000,0.0000,0.0000,5.0000,3.0000,1.0000,0.0000,1,身份连续认证失败
2.0000,2.0000,0.0000,893.3400,446.6700,2433.4900,0.0000,1.0000,0.0000,0.0000,0.0000,0.0000,0.0000,1.0000,9704.3877,1.0000,1.0000,33.3900,0.0137,0.4271,0.0000,2.0000,1.0000,2.0000,0.0000,1,零学时大额退费
10.0000,5.0000,2.0000,4101.0298,410.1000,2174.8501,0.0000,1.0000,0.0000,0.0000,0.0000,0.0000,0.0000,1.0000,6044.8979,1.0000,1.0000,216.0100,0.0993,0.9576,0.0000,1.0000,1.0000,1.0000,0.0000,1,零学时大额退费
10.0000,4.0000,1.0000,12987.7598,2164.6299,3272.1299,7.0000,7.0000,0.7000,0.7000,30836.2734,0.0000,0.0000,1.0000,2816.5300,1.0000,1.0000,249.2700,0.0885,787.7100,0.0000,3.0000,1.0000,1.0000,0.0000,1,连环退费
10.0000,3.0000,1.0000,14545.5996,1818.2000,2608.5000,7.0000,5.0000,0.7000,0.5000,29466.4180,1.0000,0.0000,1.0000,2608.5000,1.0000,1.0000,256.5300,0.0983,1670.5900,0.0000,3.0000,1.0000,1.0000,0.0000,1,连环退费
5.0000,0.0000,0.0000,17014.2598,3402.8501,6114.1802,0.0000,0.0000,0.0000,0.0000,0.0000,0.0000,0.0000,1.0000,15662.0459,1.0000,1.0000,236.4200,0.1107,319.8300,0.0000,5.0000,1.0000,3.0000,1.0000,1,新设备大额报名
12.0000,2.0000,0.0000,13412.5498,1916.0800,2649.9199,7.0000,7.0000,0.5833,0.5833,19763.6348,0.0000,0.0000,3.0000,2649.9199,1.0000,1.0000,96.6600,0.0365,510.8900,0.0000,4.0000,3.0000,1.0000,0.0000,1,极高退费率
7.0000,5.0000,1.0000,8906.5303,1272.3600,3170.8501,0.0000,1.0000,0.0000,0.0000,0.0000,1.0000,0.0000,1.0000,2935.9124,1.0000,1.0000,455.3500,0.1436,962.0995,0.0000,4.0000,1.0000,2.0000,0.0000,0,正常退费
3.0000,2.0000,1.0000,9393.7100,3131.2400,59231.0039,0.0000,0.0000,0.0000,0.0000,0.0000,0.0000,0.0000,2.0000,59231.0039,1.0000,1.0000,485.1700,0.1169,1528.7300,0.0000,2.0000,2.0000,2.0000,1.0000,1,超高金额报名
5.0000,1.0000,0.0000,15403.5000,3080.7000,5873.7202,0.0000,1.0000,0.0000,0.2000,0.0000,0.0000,0.0000,3.0000,2657.3586,1.0000,1.0000,321.6100,0.1768,1562.9680,0.0000,1.0000,3.0000,2.0000,0.0000,1,正常退费
1.0000,1.0000,1.0000,2163.0200,2163.0200,4302.9199,0.0000,0.0000,0.0000,0.0000,0.0000,0.0000,0.0000,2.0000,946.1700,1.0000,1.0000,92.4900,0.0977,1990.7800,0.0000,1.0000,2.0000,2.0000,0.0000,0,正常报名
6.0000,4.0000,2.0000,8830.7695,1471.8000,1478.6500,0.0000,0.0000,0.0000,0.0000,0.0000,0.0000,0.0000,3.0000,878.8300,1.0000,1.0000,50.6100,0.0576,1129.0100,0.0000,1.0000,3.0000,2.0000,0.0000,0,正常报名
11.0000,0.0000,0.0000,25931.6191,2357.4199,4010.4199,0.0000,0.0000,0.0000,0.0000,0.0000,1.0000,0.0000,2.0000,4010.4199,1.0000,1.0000,473.7000,0.1181,2038.6200,1.0000,2.0000,2.0000,2.0000,0.0000,0,正常报名
6.0000,2.0000,2.0000,4028.0000,671.3300,2639.5801,0.0000,1.0000,0.0000,0.0000,0.0000,1.0000,0.0000,3.0000,1239.8918,1.0000,1.0000,131.2200,0.0497,528.6779,0.0000,5.0000,3.0000,1.0000,0.0000,0,正常退费
11.0000,3.0000,2.0000,33390.3086,3035.4800,3580.8701,0.0000,1.0000,0.0000,0.0000,0.0000,0.0000,0.0000,1.0000,2537.3699,1.0000,1.0000,293.1100,0.0873,1345.0074,1.0000,2.0000,1.0000,1.0000,0.0000,0,正常退费
8.0000,3.0000,0.0000,2493.2700,311.6600,1002.2000,7.0000,4.0000,0.8750,0.5000,15416.0176,0.0000,0.0000,2.0000,1002.2000,1.0000,1.0000,106.2900,0.1061,2250.1299,0.0000,5.0000,2.0000,2.0000,0.0000,1,连环退费
9.0000,4.0000,0.0000,7738.0498,859.7800,3944.9600,0.0000,0.0000,0.0000,0.0000,0.0000,0.0000,3.0000,1.0000,0.0000,0.0000,0.0000,0.0000,0.0000,0.0000,0.0000,4.0000,1.0000,2.0000,0.0000,1,身份连续认证失败
7.0000,2.0000,1.0000,15761.4004,2251.6299,4694.5098,0.0000,0.0000,0.0000,0.0000,0.0000,0.0000,0.0000,3.0000,0.0000,0.0000,0.0000,0.0000,0.0000,0.0000,0.0000,5.0000,3.0000,1.0000,0.0000,0,正常学历认证
6.0000,0.0000,0.0000,5320.8301,886.8100,3549.4199,0.0000,0.0000,0.0000,0.0000,0.0000,0.0000,0.0000,3.0000,10341.7061,1.0000,1.0000,228.7300,0.0644,1965.0601,0.0000,4.0000,3.0000,1.0000,1.0000,1,新设备大额报名
8.0000,4.0000,2.0000,9342.4805,1167.8101,48469.0234,0.0000,0.0000,0.0000,0.0000,0.0000,0.0000,0.0000,2.0000,48469.0234,1.0000,1.0000,210.5700,0.1279,395.3100,0.0000,1.0000,2.0000,2.0000,0.0000,1,超高金额报名
12.0000,0.0000,0.0000,1531.0900,1531.0900,1988.9900,12.0000,12.0000,1.0000,1.0000,24946.6426,0.0000,0.0000,2.0000,1749.5500,1.0000,1.0000,109.7000,0.0627,1903.9700,0.0000,1.0000,2.0000,2.0000,0.0000,1,极高退费率
12.0000,0.0000,0.0000,30844.9004,2570.4099,4345.2998,0.0000,0.0000,0.0000,0.0000,0.0000,0.0000,0.0000,2.0000,2718.4199,1.0000,1.0000,303.3000,0.1116,526.1800,0.0000,5.0000,2.0000,1.0000,0.0000,0,正常报名
2.0000,1.0000,1.0000,2376.6399,1188.3199,4155.8901,0.0000,0.0000,0.0000,0.0000,0.0000,0.0000,0.0000,3.0000,4155.8901,1.0000,1.0000,471.3100,0.1134,839.6200,0.0000,1.0000,3.0000,2.0000,0.0000,0,正常报名
7.0000,4.0000,0.0000,21111.5605,3015.9399,5610.8799,1.0000,1.0000,0.1429,0.1429,1246.0699,0.0000,6.0000,3.0000,0.0000,0.0000,0.0000,0.0000,0.0000,0.0000,0.0000,4.0000,3.0000,1.0000,0.0000,1,身份连续认证失败
1.0000,0.0000,0.0000,1641.0500,1641.0500,2121.3701,0.0000,0.0000,0.0000,0.0000,0.0000,0.0000,0.0000,2.0000,387.9100,1.0000,1.0000,26.9800,0.0695,2064.2200,0.0000,1.0000,2.0000,1.0000,0.0000,0,正常报名
5.0000,3.0000,2.0000,10152.4600,2030.4900,4117.9102,0.0000,0.0000,0.0000,0.0000,0.0000,0.0000,0.0000,3.0000,4117.9102,1.0000,1.0000,621.6400,0.1510,1724.2800,0.0000,2.0000,3.0000,2.0000,0.0000,0,正常报名
2.0000,2.0000,0.0000,4175.6499,2087.8201,3079.1699,0.0000,0.0000,0.0000,0.0000,0.0000,0.0000,0.0000,2.0000,11479.0938,1.0000,1.0000,519.5700,0.1687,941.1300,0.0000,2.0000,2.0000,3.0000,1.0000,1,新设备大额报名
3.0000,2.0000,0.0000,4744.6099,1581.5400,2700.3201,0.0000,0.0000,0.0000,0.0000,0.0000,0.0000,0.0000,2.0000,25901.2383,1.0000,1.0000,110.5000,0.1567,668.6700,0.0000,1.0000,2.0000,2.0000,1.0000,1,新设备大额报名
3.0000,3.0000,0.0000,3383.9500,1127.9800,2835.9399,0.0000,0.0000,0.0000,0.0000,0.0000,0.0000,0.0000,1.0000,2835.9399,1.0000,1.0000,322.1900,0.1136,1126.5400,0.0000,1.0000,1.0000,2.0000,0.0000,0,正常报名
4.0000,1.0000,0.0000,5088.2598,1272.0601,1729.4399,0.0000,0.0000,0.0000,0.0000,0.0000,0.0000,0.0000,2.0000,1729.4399,1.0000,1.0000,71.3900,0.0413,924.5100,0.0000,3.0000,2.0000,5.0000,0.0000,1,同设备多账号
3.0000,2.0000,2.0000,8659.4004,2886.4700,4133.2598,0.0000,0.0000,0.0000,0.0000,0.0000,0.0000,0.0000,3.0000,0.0000,0.0000,0.0000,0.0000,0.0000,0.0000,0.0000,3.0000,3.0000,1.0000,0.0000,0,正常学历认证
6.0000,3.0000,1.0000,10765.5703,1794.2600,3676.0100,0.0000,0.0000,0.0000,0.0000,0.0000,0.0000,0.0000,2.0000,3340.9399,1.0000,1.0000,257.6200,0.0771,987.7900,0.0000,4.0000,2.0000,1.0000,0.0000,0,正常报名
6.0000,0.0000,0.0000,15994.9902,2665.8301,4538.7598,0.0000,0.0000,0.0000,0.0000,0.0000,0.0000,0.0000,3.0000,4289.6802,1.0000,1.0000,721.6700,0.1682,550.3200,0.0000,3.0000,3.0000,14.0000,1.0000,1,同设备多账号
7.0000,4.0000,0.0000,19178.4707,2739.7800,2904.9199,0.0000,0.0000,0.0000,0.0000,0.0000,1.0000,0.0000,2.0000,2039.2200,1.0000,1.0000,5.8600,0.0029,1822.7600,0.0000,1.0000,2.0000,2.0000,0.0000,0,正常报名
7.0000,1.0000,0.0000,7848.3999,1121.2000,1481.6500,0.0000,1.0000,0.0000,0.0000,0.0000,0.0000,0.0000,1.0000,3965.0186,1.0000,1.0000,28.9600,0.0195,2.4245,0.0000,4.0000,1.0000,1.0000,1.0000,1,零学时大额退费
6.0000,5.0000,1.0000,12164.7305,2027.4600,4271.2100,0.0000,0.0000,0.0000,0.0000,0.0000,0.0000,0.0000,3.0000,18322.8184,1.0000,1.0000,59.5000,0.0212,1119.4200,0.0000,4.0000,3.0000,3.0000,1.0000,0,新设备大额报名
6.0000,4.0000,0.0000,9037.2803,1506.2100,1887.7200,0.0000,0.0000,0.0000,0.0000,0.0000,0.0000,0.0000,3.0000,422.6700,1.0000,1.0000,61.6500,0.1459,769.4700,1.0000,1.0000,3.0000,15.0000,1.0000,1,同设备多账号
1.0000,1.0000,0.0000,3245.1399,3245.1399,6651.3599,0.0000,0.0000,0.0000,0.0000,0.0000,0.0000,0.0000,3.0000,18509.2207,1.0000,1.0000,265.2000,0.1089,2291.1201,0.0000,1.0000,3.0000,1.0000,1.0000,1,新设备大额报名
2.0000,0.0000,0.0000,6549.1099,3274.5500,4050.9399,0.0000,0.0000,0.0000,0.0000,0.0000,0.0000,0.0000,2.0000,0.0000,0.0000,0.0000,0.0000,0.0000,0.0000,0.0000,2.0000,2.0000,1.0000,0.0000,0,正常学历认证
3.0000,0.0000,0.0000,3458.4600,1152.8199,2858.3701,0.0000,0.0000,0.0000,0.0000,0.0000,0.0000,0.0000,2.0000,2858.3701,1.0000,1.0000,169.5100,0.0593,1034.0200,0.0000,2.0000,2.0000,2.0000,0.0000,0,正常报名
10.0000,4.0000,2.0000,14573.3896,1214.4500,2416.2000,5.0000,5.0000,0.5000,0.5000,13356.1963,0.0000,0.0000,3.0000,1586.4301,1.0000,1.0000,254.6900,0.1605,1329.4399,0.0000,3.0000,3.0000,2.0000,0.0000,1,极高退费率
12.0000,4.0000,1.0000,41525.8281,3460.4900,3812.4399,0.0000,1.0000,0.0000,0.0833,0.0000,1.0000,0.0000,3.0000,27667.2988,1.0000,1.0000,35.7200,0.0125,1562.2900,0.0000,4.0000,3.0000,2.0000,1.0000,1,新设备大额报名
1.0000,0.0000,0.0000,2499.9199,2499.9199,5132.4600,0.0000,0.0000,0.0000,0.0000,0.0000,0.0000,0.0000,1.0000,3761.8799,1.0000,1.0000,149.0400,0.0396,538.2200,0.0000,1.0000,1.0000,8.0000,0.0000,1,同设备多账号
3.0000,2.0000,2.0000,7453.7002,2484.5701,5156.9302,0.0000,0.0000,0.0000,0.0000,0.0000,0.0000,0.0000,3.0000,2230.8501,1.0000,1.0000,56.3000,0.0252,950.3700,0.0000,2.0000,3.0000,1.0000,0.0000,0,正常报名
8.0000,5.0000,1.0000,14901.7402,1862.7200,1965.2100,0.0000,0.0000,0.0000,0.0000,0.0000,0.0000,0.0000,1.0000,0.0000,0.0000,0.0000,0.0000,0.0000,0.0000,0.0000,4.0000,1.0000,1.0000,1.0000,0,正常学历认证
1.0000,0.0000,0.0000,2567.1699,2567.1699,4788.8599,0.0000,0.0000,0.0000,0.0000,0.0000,1.0000,0.0000,1.0000,4250.8901,1.0000,1.0000,352.4600,0.0829,1819.1600,0.0000,1.0000,1.0000,2.0000,0.0000,0,正常报名
4.0000,3.0000,1.0000,1996.4100,499.1000,2353.4800,0.0000,0.0000,0.0000,0.0000,0.0000,0.0000,0.0000,3.0000,2353.4800,1.0000,1.0000,357.6300,0.1520,636.3200,0.0000,4.0000,3.0000,1.0000,0.0000,0,正常报名
7.0000,2.0000,2.0000,797.3900,398.6900,3089.0100,6.0000,6.0000,0.8571,0.8571,18613.1543,1.0000,0.0000,3.0000,3089.0100,1.0000,1.0000,86.3200,0.0279,2346.6001,0.0000,1.0000,3.0000,2.0000,0.0000,1,极高退费率
4.0000,0.0000,0.0000,11370.1104,2842.5300,6042.9199,0.0000,0.0000,0.0000,0.0000,0.0000,0.0000,0.0000,1.0000,4298.6401,1.0000,1.0000,3.2800,0.0008,1990.1500,0.0000,3.0000,1.0000,1.0000,0.0000,0,正常报名
1.0000,0.0000,0.0000,1358.0800,1358.0800,2708.3899,0.0000,0.0000,0.0000,0.0000,0.0000,0.0000,0.0000,3.0000,2072.7000,1.0000,1.0000,249.0700,0.1202,1994.5400,0.0000,1.0000,3.0000,2.0000,0.0000,0,正常报名
10.0000,1.0000,0.0000,28641.4395,2864.1399,4934.6802,0.0000,1.0000,0.0000,0.0000,0.0000,0.0000,0.0000,2.0000,2738.0142,1.0000,1.0000,52.7700,0.0606,1366.5436,0.0000,3.0000,2.0000,1.0000,0.0000,0,正常退费
7.0000,3.0000,2.0000,16876.9004,2410.9900,2501.6599,0.0000,0.0000,0.0000,0.0000,0.0000,0.0000,0.0000,2.0000,1534.9100,1.0000,1.0000,123.3000,0.0803,1208.5601,0.0000,3.0000,2.0000,2.0000,0.0000,0,正常报名
5.0000,5.0000,0.0000,16145.7197,3229.1399,6891.3398,0.0000,0.0000,0.0000,0.0000,0.0000,0.0000,0.0000,2.0000,0.0000,0.0000,0.0000,0.0000,0.0000,0.0000,0.0000,5.0000,2.0000,1.0000,0.0000,0,正常学历认证
11.0000,4.0000,2.0000,8596.9805,781.5400,3966.5801,0.0000,0.0000,0.0000,0.0000,0.0000,1.0000,0.0000,1.0000,3966.5801,1.0000,1.0000,199.6200,0.0503,2321.2400,0.0000,2.0000,1.0000,2.0000,0.0000,0,正常报名
12.0000,5.0000,0.0000,10151.2402,845.9400,1143.1100,0.0000,0.0000,0.0000,0.0000,0.0000,0.0000,0.0000,3.0000,1120.6000,1.0000,1.0000,124.2800,0.1109,2375.3701,0.0000,5.0000,3.0000,1.0000,0.0000,0,正常报名
5.0000,4.0000,0.0000,17110.8008,1555.5300,1657.1500,3.0000,3.0000,0.6000,0.6000,14336.1465,0.0000,0.0000,1.0000,967.0300,1.0000,1.0000,126.6000,0.1309,2278.2800,0.0000,1.0000,1.0000,1.0000,0.0000,1,极高退费率
11.0000,0.0000,0.0000,27854.0195,2532.1799,3484.2600,0.0000,0.0000,0.0000,0.0000,0.0000,0.0000,0.0000,3.0000,2066.9800,1.0000,1.0000,62.3200,0.0301,423.4500,0.0000,5.0000,3.0000,1.0000,0.0000,0,正常报名
4.0000,4.0000,0.0000,3063.7900,765.9500,2163.5200,0.0000,0.0000,0.0000,0.0000,0.0000,0.0000,0.0000,2.0000,2163.5200,1.0000,1.0000,213.7100,0.0988,1938.8700,0.0000,4.0000,2.0000,1.0000,0.0000,0,正常报名
9.0000,1.0000,1.0000,2197.7500,2197.7500,4013.5601,5.0000,5.0000,0.5556,0.5556,9464.1152,0.0000,0.0000,3.0000,2217.2200,1.0000,1.0000,144.2000,0.0650,483.4700,0.0000,1.0000,3.0000,1.0000,0.0000,1,极高退费率
2.0000,2.0000,0.0000,1873.7100,936.8600,3879.5500,0.0000,1.0000,0.0000,0.0000,0.0000,0.0000,0.0000,3.0000,3050.2170,1.0000,1.0000,196.6000,0.0507,3.5205,0.0000,2.0000,3.0000,2.0000,0.0000,1,零学时大额退费
9.0000,5.0000,1.0000,14383.5098,1598.1700,3158.6599,0.0000,0.0000,0.0000,0.0000,0.0000,0.0000,0.0000,3.0000,1363.5601,1.0000,1.0000,242.1400,0.1776,2325.0500,0.0000,1.0000,3.0000,9.0000,0.0000,1,同设备多账号
6.0000,4.0000,2.0000,19380.6895,3230.1201,6153.9302,0.0000,1.0000,0.0000,0.1667,0.0000,0.0000,0.0000,3.0000,3355.4700,1.0000,1.0000,66.2900,0.0198,347.9900,0.0000,1.0000,3.0000,1.0000,0.0000,0,正常报名
9.0000,0.0000,0.0000,28462.8906,2371.9099,3162.9700,9.0000,9.0000,1.0000,1.0000,22037.6074,0.0000,0.0000,1.0000,1086.1300,1.0000,1.0000,90.0900,0.0829,1973.7600,0.0000,5.0000,1.0000,1.0000,0.0000,1,极高退费率
1.0000,0.0000,0.0000,2708.8999,2708.8999,4882.6299,0.0000,0.0000,0.0000,0.0000,0.0000,0.0000,0.0000,3.0000,5160.9175,1.0000,1.0000,101.0100,0.0413,210.7000,1.0000,1.0000,3.0000,1.0000,1.0000,0,凌晨大额标记
9.0000,2.0000,0.0000,25086.1504,2787.3501,6014.8301,0.0000,0.0000,0.0000,0.0000,0.0000,0.0000,0.0000,3.0000,3680.7200,1.0000,1.0000,492.2200,0.1337,1297.1100,0.0000,2.0000,3.0000,5.0000,1.0000,1,同设备多账号
12.0000,5.0000,1.0000,11074.6504,2214.9299,3634.6599,7.0000,8.0000,0.5833,0.6667,15204.2549,0.0000,0.0000,2.0000,1993.6100,1.0000,1.0000,356.0000,0.1786,2168.6499,0.0000,5.0000,2.0000,1.0000,0.0000,1,连环退费
4.0000,2.0000,2.0000,4220.2900,1055.0699,1522.2400,0.0000,1.0000,0.0000,0.2500,0.0000,0.0000,0.0000,2.0000,8787.1094,1.0000,1.0000,234.2500,0.1597,1.8159,0.0000,2.0000,2.0000,1.0000,0.0000,1,零学时大额退费
5.0000,1.0000,1.0000,4083.1899,816.6400,1493.9900,0.0000,0.0000,0.0000,0.0000,0.0000,0.0000,0.0000,2.0000,1493.9900,1.0000,1.0000,21.2300,0.0142,1206.4100,0.0000,3.0000,2.0000,1.0000,0.0000,0,正常报名
5.0000,5.0000,1.0000,6552.1802,1310.4399,2224.6101,0.0000,0.0000,0.0000,0.0000,0.0000,0.0000,0.0000,2.0000,17583.7520,1.0000,1.0000,274.9400,0.1594,1148.5100,0.0000,1.0000,2.0000,3.0000,1.0000,1,新设备大额报名
1.0000,1.0000,1.0000,3349.0601,3349.0601,4730.4600,0.0000,0.0000,0.0000,0.0000,0.0000,0.0000,0.0000,1.0000,2715.7100,1.0000,1.0000,329.6100,0.1214,1103.4399,0.0000,1.0000,1.0000,1.0000,0.0000,0,正常报名
2.0000,1.0000,0.0000,5213.7100,2606.8501,5030.3101,0.0000,0.0000,0.0000,0.0000,0.0000,0.0000,0.0000,3.0000,3882.6399,1.0000,1.0000,216.3900,0.0557,1800.3700,0.0000,1.0000,3.0000,2.0000,0.0000,1,正常报名
7.0000,2.0000,1.0000,17555.0605,2507.8701,3344.5601,1.0000,1.0000,0.1429,0.1429,1254.9700,0.0000,2.0000,3.0000,0.0000,0.0000,0.0000,0.0000,0.0000,0.0000,0.0000,2.0000,3.0000,1.0000,1.0000,1,身份连续认证失败
2.0000,1.0000,0.0000,6058.0098,3029.0100,4965.9102,0.0000,0.0000,0.0000,0.0000,0.0000,0.0000,0.0000,2.0000,1357.8500,1.0000,1.0000,44.7900,0.0330,1430.3700,0.0000,1.0000,2.0000,9.0000,0.0000,1,同设备多账号
9.0000,5.0000,1.0000,15011.8096,1667.9800,1842.5900,0.0000,0.0000,0.0000,0.0000,0.0000,0.0000,0.0000,1.0000,1842.5900,1.0000,1.0000,194.3700,0.1055,1794.8300,0.0000,1.0000,1.0000,2.0000,1.0000,0,正常报名
8.0000,1.0000,1.0000,11474.0596,1434.2600,2422.5000,0.0000,1.0000,0.0000,0.1250,0.0000,0.0000,0.0000,1.0000,1910.3700,1.0000,1.0000,183.0400,0.0958,474.0900,0.0000,4.0000,1.0000,1.0000,0.0000,0,正常报名
8.0000,5.0000,2.0000,24776.4707,3097.0601,5429.1802,0.0000,0.0000,0.0000,0.0000,0.0000,0.0000,0.0000,1.0000,3623.9099,1.0000,1.0000,286.4400,0.0790,727.9200,0.0000,3.0000,1.0000,1.0000,0.0000,0,正常报名
6.0000,0.0000,0.0000,3596.6101,599.4400,1175.4900,0.0000,1.0000,0.0000,0.0000,0.0000,1.0000,0.0000,1.0000,5441.6289,1.0000,1.0000,37.3300,0.0892,1.7712,0.0000,1.0000,1.0000,1.0000,0.0000,1,零学时大额退费
14.0000,0.0000,0.0000,523.3400,523.3400,3473.5601,6.0000,8.0000,0.4286,0.5714,32950.5898,0.0000,0.0000,2.0000,3473.5601,1.0000,1.0000,150.4700,0.0433,994.4600,0.0000,1.0000,2.0000,1.0000,0.0000,1,连环退费
9.0000,5.0000,2.0000,6947.0698,771.9000,2817.1001,0.0000,0.0000,0.0000,0.0000,0.0000,0.0000,0.0000,2.0000,0.0000,0.0000,0.0000,0.0000,0.0000,0.0000,0.0000,2.0000,2.0000,1.0000,0.0000,0,正常学历认证
11.0000,2.0000,2.0000,9698.9199,881.7200,1758.6100,0.0000,0.0000,0.0000,0.0000,0.0000,1.0000,0.0000,2.0000,583.4700,1.0000,1.0000,86.5600,0.1483,922.9700,0.0000,5.0000,2.0000,1.0000,1.0000,0,正常报名
7.0000,5.0000,2.0000,5125.6201,732.2300,1319.6500,0.0000,0.0000,0.0000,0.0000,0.0000,0.0000,0.0000,2.0000,1319.6500,1.0000,1.0000,155.1300,0.1176,259.0800,0.0000,1.0000,2.0000,2.0000,1.0000,0,正常报名
4.0000,3.0000,2.0000,11252.7598,2813.1899,3212.0300,1.0000,1.0000,0.2500,0.2500,1226.9200,0.0000,0.0000,2.0000,2570.1147,1.0000,1.0000,236.5200,0.1164,1261.4313,0.0000,1.0000,2.0000,2.0000,0.0000,0,正常退费
8.0000,5.0000,0.0000,24720.0391,3090.0100,4385.0601,0.0000,0.0000,0.0000,0.0000,0.0000,0.0000,0.0000,2.0000,0.0000,0.0000,0.0000,0.0000,0.0000,0.0000,0.0000,5.0000,2.0000,2.0000,0.0000,0,正常学历认证
5.0000,0.0000,0.0000,7247.6699,1449.5300,3602.2800,0.0000,0.0000,0.0000,0.0000,0.0000,0.0000,0.0000,3.0000,3602.2800,1.0000,1.0000,484.9800,0.1346,1031.2000,0.0000,2.0000,3.0000,2.0000,0.0000,0,正常报名
1.0000,0.0000,0.0000,2163.6599,2163.6599,3756.1899,0.0000,0.0000,0.0000,0.0000,0.0000,0.0000,2.0000,1.0000,0.0000,0.0000,0.0000,0.0000,0.0000,0.0000,0.0000,1.0000,1.0000,2.0000,0.0000,1,身份连续认证失败
1.0000,1.0000,1.0000,614.5000,614.5000,1316.6400,0.0000,0.0000,0.0000,0.0000,0.0000,0.0000,0.0000,3.0000,1316.6400,1.0000,1.0000,174.0200,0.1322,1552.2300,0.0000,1.0000,3.0000,1.0000,0.0000,0,正常报名
11.0000,1.0000,1.0000,29887.0000,2717.0000,4432.6401,0.0000,0.0000,0.0000,0.0000,0.0000,0.0000,0.0000,2.0000,4245.7100,1.0000,1.0000,626.8100,0.1476,2314.8999,0.0000,1.0000,2.0000,1.0000,0.0000,0,正常报名
1.0000,0.0000,0.0000,3040.6899,3040.6899,6607.5098,0.0000,1.0000,0.0000,1.0000,0.0000,0.0000,0.0000,1.0000,824.7800,1.0000,1.0000,89.5100,0.1085,924.5700,0.0000,1.0000,1.0000,1.0000,0.0000,0,正常报名
3.0000,2.0000,0.0000,5260.6602,1753.5500,3815.1399,0.0000,1.0000,0.0000,0.0000,0.0000,0.0000,0.0000,2.0000,2127.6392,1.0000,1.0000,359.5300,0.0942,4.0569,0.0000,3.0000,2.0000,1.0000,0.0000,1,零学时大额退费
9.0000,1.0000,0.0000,26836.2793,2981.8101,5968.4399,0.0000,0.0000,0.0000,0.0000,0.0000,0.0000,0.0000,3.0000,987.2600,1.0000,1.0000,106.2900,0.1077,222.6700,0.0000,1.0000,3.0000,1.0000,0.0000,0,正常报名
9.0000,4.0000,2.0000,24066.4297,2674.0500,4291.0601,0.0000,0.0000,0.0000,0.0000,0.0000,0.0000,0.0000,1.0000,0.0000,0.0000,0.0000,0.0000,0.0000,0.0000,0.0000,3.0000,1.0000,2.0000,0.0000,0,正常学历认证
9.0000,3.0000,1.0000,16411.8496,1823.5400,3820.5901,0.0000,0.0000,0.0000,0.0000,0.0000,0.0000,0.0000,3.0000,2654.5701,1.0000,1.0000,407.0700,0.1533,723.0500,0.0000,5.0000,3.0000,1.0000,0.0000,0,正常报名
3.0000,2.0000,1.0000,2381.2300,793.7400,1512.2500,0.0000,0.0000,0.0000,0.0000,0.0000,0.0000,0.0000,2.0000,990.7900,1.0000,1.0000,160.8000,0.1623,1737.9000,0.0000,3.0000,2.0000,1.0000,0.0000,0,正常报名
11.0000,0.0000,0.0000,10906.6904,991.5200,2271.4600,0.0000,0.0000,0.0000,0.0000,0.0000,0.0000,0.0000,1.0000,0.0000,0.0000,0.0000,0.0000,0.0000,0.0000,0.0000,2.0000,1.0000,2.0000,0.0000,0,正常学历认证
8.0000,0.0000,0.0000,26629.0508,3328.6299,3386.4099,0.0000,1.0000,0.0000,0.0000,0.0000,0.0000,0.0000,2.0000,11461.6875,1.0000,1.0000,67.8500,0.0371,4.3046,0.0000,4.0000,2.0000,1.0000,0.0000,1,零学时大额退费
11.0000,5.0000,0.0000,19310.0391,1755.4600,3616.2900,0.0000,1.0000,0.0000,0.0000,0.0000,0.0000,0.0000,1.0000,651.8587,1.0000,1.0000,297.3100,0.0822,917.2756,0.0000,5.0000,1.0000,1.0000,0.0000,0,正常退费
7.0000,0.0000,0.0000,4064.1899,580.6000,3288.4199,0.0000,0.0000,0.0000,0.0000,0.0000,0.0000,0.0000,3.0000,3288.4199,1.0000,1.0000,261.9300,0.0797,2160.1399,0.0000,1.0000,3.0000,2.0000,0.0000,0,正常报名
5.0000,0.0000,0.0000,5245.2300,1049.0500,2284.5000,0.0000,1.0000,0.0000,0.0000,0.0000,0.0000,0.0000,1.0000,5273.8999,1.0000,1.0000,61.4800,0.0859,1.2110,0.0000,5.0000,1.0000,1.0000,0.0000,1,零学时大额退费
7.0000,5.0000,2.0000,9289.2100,1327.0300,1865.5800,0.0000,0.0000,0.0000,0.0000,0.0000,0.0000,0.0000,3.0000,6898.2173,1.0000,1.0000,316.8700,0.1699,570.7200,1.0000,5.0000,3.0000,1.0000,0.0000,0,凌晨大额标记
1.0000,1.0000,1.0000,2862.9299,2862.9299,4490.7998,0.0000,0.0000,0.0000,0.0000,0.0000,0.0000,0.0000,1.0000,4490.7998,1.0000,1.0000,52.2200,0.0116,1264.0699,1.0000,1.0000,1.0000,1.0000,0.0000,0,正常报名
4.0000,3.0000,2.0000,2047.4800,511.8700,1616.4399,0.0000,1.0000,0.0000,0.0000,0.0000,0.0000,0.0000,3.0000,675.8801,1.0000,1.0000,2.5500,0.0016,1008.7638,0.0000,2.0000,3.0000,1.0000,0.0000,0,正常退费
4.0000,4.0000,0.0000,12534.4805,3133.6201,40632.0938,0.0000,0.0000,0.0000,0.0000,0.0000,0.0000,0.0000,1.0000,40632.0938,1.0000,1.0000,204.4000,0.0473,1481.4100,0.0000,4.0000,1.0000,2.0000,1.0000,1,超高金额报名
4.0000,1.0000,1.0000,12810.3701,3202.5901,5011.2998,0.0000,0.0000,0.0000,0.0000,0.0000,0.0000,0.0000,3.0000,2047.7900,1.0000,1.0000,350.2600,0.1710,1639.1500,0.0000,4.0000,3.0000,2.0000,0.0000,0,正常报名
5.0000,3.0000,0.0000,12118.7402,2423.7500,4997.9302,0.0000,1.0000,0.0000,0.0000,0.0000,0.0000,0.0000,3.0000,10320.8008,1.0000,1.0000,51.7100,0.1599,3.6294,0.0000,1.0000,3.0000,2.0000,1.0000,1,零学时大额退费
9.0000,0.0000,0.0000,10409.2100,1156.5800,2404.5200,0.0000,1.0000,0.0000,0.0000,0.0000,0.0000,0.0000,3.0000,4271.6953,1.0000,1.0000,122.7900,0.1057,0.0845,0.0000,5.0000,3.0000,1.0000,0.0000,1,零学时大额退费
4.0000,3.0000,1.0000,3478.9199,869.7300,1398.7400,0.0000,0.0000,0.0000,0.0000,0.0000,0.0000,0.0000,3.0000,1393.5200,1.0000,1.0000,38.7300,0.0278,660.5800,0.0000,2.0000,3.0000,7.0000,0.0000,1,同设备多账号
8.0000,5.0000,0.0000,9321.6396,1165.2000,1499.0000,0.0000,0.0000,0.0000,0.0000,0.0000,0.0000,0.0000,3.0000,1499.0000,1.0000,1.0000,164.4500,0.1097,648.4800,0.0000,4.0000,3.0000,1.0000,0.0000,0,正常报名
7.0000,2.0000,2.0000,23611.3203,3373.0500,4541.5801,0.0000,0.0000,0.0000,0.0000,0.0000,0.0000,0.0000,1.0000,864.4700,1.0000,1.0000,53.8400,0.0623,153.8000,0.0000,5.0000,1.0000,2.0000,0.0000,0,正常报名
5.0000,4.0000,0.0000,12983.6299,2596.7300,3570.8701,0.0000,0.0000,0.0000,0.0000,0.0000,0.0000,0.0000,2.0000,2376.9900,1.0000,1.0000,331.7900,0.1396,1794.8700,0.0000,1.0000,2.0000,2.0000,0.0000,0,正常报名
8.0000,4.0000,1.0000,20677.4297,2584.6799,4932.6099,0.0000,0.0000,0.0000,0.0000,0.0000,0.0000,4.0000,1.0000,0.0000,0.0000,0.0000,0.0000,0.0000,0.0000,0.0000,2.0000,1.0000,1.0000,0.0000,1,身份连续认证失败
13.0000,3.0000,1.0000,4034.0200,1344.6700,2674.7700,5.0000,5.0000,0.3846,0.3846,19968.0410,0.0000,0.0000,3.0000,2168.3701,1.0000,1.0000,188.9700,0.0871,1810.4399,0.0000,1.0000,3.0000,1.0000,0.0000,1,连环退费
6.0000,5.0000,1.0000,12293.5898,2048.9299,2130.8000,0.0000,0.0000,0.0000,0.0000,0.0000,0.0000,0.0000,1.0000,1684.4100,1.0000,1.0000,96.3900,0.0572,1068.8400,0.0000,2.0000,1.0000,2.0000,0.0000,0,正常报名
7.0000,4.0000,1.0000,19494.9609,2784.9900,2923.7900,0.0000,0.0000,0.0000,0.0000,0.0000,0.0000,0.0000,3.0000,2923.7900,1.0000,1.0000,263.3400,0.0901,497.2100,0.0000,4.0000,3.0000,11.0000,0.0000,1,同设备多账号
1.0000,1.0000,1.0000,461.6300,461.6300,1711.2000,0.0000,0.0000,0.0000,0.0000,0.0000,0.0000,0.0000,1.0000,0.0000,0.0000,0.0000,0.0000,0.0000,0.0000,0.0000,1.0000,1.0000,1.0000,0.0000,0,正常学历认证
6.0000,0.0000,0.0000,14165.2998,2360.8799,3170.8501,0.0000,0.0000,0.0000,0.0000,0.0000,0.0000,0.0000,1.0000,1530.7500,1.0000,1.0000,97.3900,0.0636,2237.5100,0.0000,3.0000,1.0000,9.0000,0.0000,1,同设备多账号
5.0000,0.0000,0.0000,14542.9697,2908.5901,6112.9800,0.0000,0.0000,0.0000,0.0000,0.0000,0.0000,0.0000,1.0000,24443.0586,1.0000,1.0000,128.2300,0.0522,2124.3899,0.0000,4.0000,1.0000,2.0000,1.0000,1,新设备大额报名
10.0000,5.0000,0.0000,3179.0100,317.9000,632.5900,0.0000,0.0000,0.0000,0.0000,0.0000,0.0000,0.0000,1.0000,331.0100,1.0000,1.0000,54.0300,0.1632,458.4400,0.0000,1.0000,1.0000,1.0000,1.0000,0,正常报名
4.0000,3.0000,0.0000,1755.3700,438.8400,2316.8201,0.0000,0.0000,0.0000,0.0000,0.0000,0.0000,0.0000,2.0000,6364.2373,1.0000,1.0000,144.2100,0.0622,68.0700,1.0000,3.0000,2.0000,1.0000,0.0000,0,凌晨大额标记
12.0000,4.0000,2.0000,27473.0098,2289.4199,3436.6299,0.0000,0.0000,0.0000,0.0000,0.0000,0.0000,0.0000,3.0000,3436.6299,1.0000,1.0000,523.9000,0.1524,1415.8300,0.0000,3.0000,3.0000,1.0000,0.0000,0,正常报名
9.0000,3.0000,2.0000,8744.6201,971.6200,2122.0000,0.0000,0.0000,0.0000,0.0000,0.0000,0.0000,0.0000,2.0000,1095.2900,1.0000,1.0000,22.3900,0.0204,304.2400,0.0000,3.0000,2.0000,12.0000,1.0000,1,同设备多账号
12.0000,3.0000,1.0000,30890.8496,2574.2400,4945.7500,0.0000,0.0000,0.0000,0.0000,0.0000,0.0000,0.0000,3.0000,2458.5300,1.0000,1.0000,342.3000,0.1392,342.5300,0.0000,5.0000,3.0000,2.0000,0.0000,0,正常报名
5.0000,1.0000,1.0000,6661.2598,1332.2500,2837.5000,0.0000,1.0000,0.0000,0.2000,0.0000,0.0000,0.0000,3.0000,2837.5000,1.0000,1.0000,352.7800,0.1243,1749.3800,0.0000,3.0000,3.0000,2.0000,1.0000,0,正常报名
11.0000,4.0000,1.0000,35348.4883,3213.5000,3468.5200,0.0000,0.0000,0.0000,0.0000,0.0000,0.0000,0.0000,1.0000,3081.5100,1.0000,1.0000,78.6400,0.0255,1055.9000,0.0000,2.0000,1.0000,1.0000,0.0000,0,正常报名
5.0000,5.0000,2.0000,15212.8203,3042.5601,3568.9099,0.0000,0.0000,0.0000,0.0000,0.0000,0.0000,0.0000,3.0000,8995.4941,1.0000,1.0000,143.8300,0.1035,1279.2500,1.0000,5.0000,3.0000,2.0000,0.0000,0,凌晨大额标记
10.0000,5.0000,1.0000,28439.2891,2843.9299,5710.6401,0.0000,0.0000,0.0000,0.0000,0.0000,0.0000,0.0000,3.0000,0.0000,0.0000,0.0000,0.0000,0.0000,0.0000,0.0000,4.0000,3.0000,2.0000,0.0000,0,正常学历认证
12.0000,1.0000,0.0000,19561.8691,1630.1600,2613.3201,0.0000,0.0000,0.0000,0.0000,0.0000,0.0000,0.0000,1.0000,5796.1079,1.0000,1.0000,111.1400,0.0425,1754.0800,1.0000,2.0000,1.0000,2.0000,0.0000,0,凌晨大额标记
9.0000,4.0000,1.0000,13267.0303,1206.0900,3359.5801,3.0000,9.0000,0.3333,1.0000,25086.5801,0.0000,0.0000,1.0000,3359.5801,1.0000,1.0000,377.5200,0.1124,2361.2400,0.0000,4.0000,1.0000,2.0000,0.0000,1,连环退费
7.0000,5.0000,2.0000,14176.2305,2025.1801,45329.3281,1.0000,1.0000,0.1429,0.1429,1804.0699,0.0000,0.0000,1.0000,45329.3281,1.0000,1.0000,77.6300,0.1149,2358.3101,0.0000,3.0000,1.0000,1.0000,0.0000,1,超高金额报名
1.0000,0.0000,0.0000,2146.3701,2146.3701,2257.1899,0.0000,0.0000,0.0000,0.0000,0.0000,0.0000,0.0000,1.0000,5439.8027,1.0000,1.0000,9.9300,0.0070,2398.9500,1.0000,1.0000,1.0000,2.0000,0.0000,0,凌晨大额标记
12.0000,2.0000,2.0000,15149.7305,1262.4800,2346.1101,0.0000,0.0000,0.0000,0.0000,0.0000,0.0000,0.0000,2.0000,1479.5500,1.0000,1.0000,34.9800,0.0236,41.3800,0.0000,5.0000,2.0000,1.0000,0.0000,0,正常报名
6.0000,3.0000,2.0000,7563.7798,1260.6300,1801.3400,4.0000,4.0000,0.6667,0.6667,32662.3105,0.0000,0.0000,3.0000,483.1100,1.0000,1.0000,17.4900,0.0362,1525.6300,0.0000,3.0000,3.0000,2.0000,0.0000,1,连环退费
12.0000,0.0000,0.0000,40953.8984,3412.8201,4590.0698,0.0000,0.0000,0.0000,0.0000,0.0000,0.0000,0.0000,1.0000,3844.8999,1.0000,1.0000,44.6600,0.0116,1681.8600,0.0000,4.0000,1.0000,1.0000,0.0000,0,正常报名
7.0000,1.0000,1.0000,20648.6094,2949.8000,5141.3799,0.0000,1.0000,0.0000,0.1429,0.0000,0.0000,0.0000,2.0000,5522.7900,1.0000,1.0000,144.4000,0.0482,1377.8199,1.0000,5.0000,2.0000,1.0000,0.0000,0,凌晨大额标记
14.0000,1.0000,1.0000,6184.2100,3092.1101,3262.3799,3.0000,14.0000,0.2143,1.0000,28812.3887,0.0000,0.0000,3.0000,384.2800,1.0000,1.0000,7.5700,0.0197,1947.9800,0.0000,2.0000,3.0000,2.0000,0.0000,1,连环退费
11.0000,5.0000,0.0000,25574.8105,2324.9800,4197.2900,5.0000,10.0000,0.4545,0.9091,24633.7773,0.0000,0.0000,2.0000,4197.2900,1.0000,1.0000,49.9100,0.0119,1272.8101,0.0000,5.0000,2.0000,1.0000,0.0000,1,连环退费
11.0000,5.0000,1.0000,31662.5195,2878.4099,6170.3198,0.0000,0.0000,0.0000,0.0000,0.0000,0.0000,0.0000,1.0000,3714.4500,1.0000,1.0000,181.3700,0.0488,2373.3201,0.0000,5.0000,1.0000,2.0000,0.0000,0,正常报名
1.0000,1.0000,0.0000,980.1500,980.1500,3554.0000,0.0000,0.0000,0.0000,0.0000,0.0000,0.0000,0.0000,1.0000,3554.0000,1.0000,1.0000,242.4300,0.0682,2173.3501,0.0000,1.0000,1.0000,1.0000,0.0000,0,正常报名
1.0000,0.0000,0.0000,1070.6899,1070.6899,2602.0701,0.0000,0.0000,0.0000,0.0000,0.0000,0.0000,0.0000,3.0000,2602.0701,1.0000,1.0000,43.1900,0.0166,2325.5000,1.0000,1.0000,3.0000,1.0000,0.0000,0,正常报名
2.0000,0.0000,0.0000,3375.1201,1687.5601,49371.5625,0.0000,0.0000,0.0000,0.0000,0.0000,0.0000,0.0000,3.0000,49371.5625,1.0000,1.0000,267.2900,0.1110,248.3700,0.0000,2.0000,3.0000,1.0000,1.0000,1,超高金额报名
6.0000,0.0000,0.0000,7146.5698,1191.0900,3078.5400,0.0000,0.0000,0.0000,0.0000,0.0000,0.0000,0.0000,1.0000,3078.5400,1.0000,1.0000,343.6900,0.1116,2356.4500,0.0000,5.0000,1.0000,2.0000,0.0000,0,正常报名
5.0000,0.0000,0.0000,3746.8000,749.3600,4431.6499,1.0000,1.0000,0.2000,0.2000,2282.4600,0.0000,0.0000,1.0000,4431.6499,1.0000,1.0000,213.3200,0.0481,1511.5000,0.0000,4.0000,1.0000,2.0000,0.0000,0,正常报名
5.0000,4.0000,0.0000,11716.8398,2343.3701,3074.6499,0.0000,0.0000,0.0000,0.0000,0.0000,0.0000,0.0000,1.0000,1943.3400,1.0000,1.0000,273.1200,0.1405,901.8400,0.0000,5.0000,1.0000,2.0000,0.0000,0,正常报名
5.0000,1.0000,0.0000,5440.2100,1813.4000,3711.3999,3.0000,5.0000,0.6000,1.0000,21328.3809,0.0000,0.0000,1.0000,2370.6399,1.0000,1.0000,236.9300,0.0999,810.7300,0.0000,1.0000,1.0000,2.0000,0.0000,1,连环退费
4.0000,1.0000,0.0000,12438.9297,3109.7300,4042.5200,0.0000,0.0000,0.0000,0.0000,0.0000,1.0000,0.0000,3.0000,4042.5200,1.0000,1.0000,633.7600,0.1568,905.3400,0.0000,3.0000,3.0000,1.0000,0.0000,0,正常报名
7.0000,0.0000,0.0000,2533.5100,2533.5100,4294.1099,3.0000,5.0000,0.4286,0.7143,16984.5820,1.0000,0.0000,2.0000,4294.1099,1.0000,1.0000,506.6100,0.1180,2081.4600,0.0000,1.0000,2.0000,2.0000,0.0000,1,连环退费
13.0000,3.0000,0.0000,28533.8203,3170.4199,6831.4302,5.0000,3.0000,0.3846,0.2308,17440.9668,1.0000,0.0000,1.0000,2911.6599,1.0000,1.0000,42.3300,0.0145,1987.2400,0.0000,5.0000,1.0000,1.0000,0.0000,1,连环退费
10.0000,0.0000,0.0000,9126.0303,912.6000,3419.0500,0.0000,1.0000,0.0000,0.0000,0.0000,0.0000,0.0000,3.0000,4763.4404,1.0000,1.0000,298.8200,0.0874,0.0780,0.0000,4.0000,3.0000,2.0000,1.0000,1,零学时大额退费
10.0000,4.0000,1.0000,6711.7700,671.1800,2133.0601,0.0000,1.0000,0.0000,0.0000,0.0000,0.0000,0.0000,1.0000,1538.6106,1.0000,1.0000,280.1000,0.1313,1315.0391,0.0000,1.0000,1.0000,1.0000,0.0000,0,正常退费
10.0000,5.0000,0.0000,10920.6504,1092.0601,2707.6201,0.0000,0.0000,0.0000,0.0000,0.0000,0.0000,3.0000,2.0000,0.0000,0.0000,0.0000,0.0000,0.0000,0.0000,1.0000,3.0000,2.0000,2.0000,0.0000,1,身份连续认证失败
6.0000,4.0000,2.0000,6659.6001,1109.9301,3051.8799,0.0000,1.0000,0.0000,0.1667,0.0000,0.0000,0.0000,2.0000,3051.8799,1.0000,1.0000,55.9100,0.0183,1806.7100,0.0000,3.0000,2.0000,1.0000,0.0000,0,正常报名
10.0000,1.0000,1.0000,3011.8401,301.1800,51082.7188,0.0000,0.0000,0.0000,0.0000,0.0000,0.0000,0.0000,1.0000,51082.7188,1.0000,1.0000,151.8400,0.0687,1938.8600,0.0000,4.0000,1.0000,1.0000,0.0000,1,超高金额报名
11.0000,3.0000,1.0000,27237.4297,2476.1299,2891.8999,0.0000,0.0000,0.0000,0.0000,0.0000,0.0000,0.0000,2.0000,906.9400,1.0000,1.0000,26.7000,0.0294,1148.3700,0.0000,5.0000,2.0000,1.0000,1.0000,0,正常报名
10.0000,2.0000,0.0000,17533.9492,1753.3900,2977.7200,0.0000,0.0000,0.0000,0.0000,0.0000,1.0000,0.0000,2.0000,1207.8600,1.0000,1.0000,72.8000,0.0603,2016.1100,0.0000,5.0000,2.0000,1.0000,1.0000,0,正常报名
5.0000,5.0000,2.0000,3851.9099,770.3800,3653.3501,0.0000,0.0000,0.0000,0.0000,0.0000,0.0000,0.0000,2.0000,3653.3501,1.0000,1.0000,3.3300,0.0009,2299.0801,0.0000,5.0000,2.0000,1.0000,0.0000,0,正常报名
4.0000,2.0000,1.0000,8289.9102,2072.4800,3027.4600,0.0000,0.0000,0.0000,0.0000,0.0000,1.0000,0.0000,3.0000,0.0000,0.0000,0.0000,0.0000,0.0000,0.0000,0.0000,4.0000,3.0000,2.0000,0.0000,0,正常学历认证
11.0000,5.0000,1.0000,6393.2100,581.2000,4153.5698,0.0000,1.0000,0.0000,0.0909,0.0000,0.0000,0.0000,3.0000,0.0000,0.0000,0.0000,0.0000,0.0000,0.0000,0.0000,5.0000,3.0000,2.0000,0.0000,0,正常学历认证
1.0000,1.0000,0.0000,3138.3999,3138.3999,3323.0500,0.0000,0.0000,0.0000,0.0000,0.0000,0.0000,0.0000,1.0000,1942.3700,1.0000,1.0000,231.5600,0.1192,2302.3701,0.0000,1.0000,1.0000,1.0000,0.0000,0,正常报名
1.0000,1.0000,1.0000,3119.7700,3119.7700,5632.0098,0.0000,0.0000,0.0000,0.0000,0.0000,0.0000,0.0000,2.0000,534.5700,1.0000,1.0000,7.9500,0.0149,2035.6600,0.0000,1.0000,2.0000,1.0000,0.0000,0,正常报名
8.0000,4.0000,2.0000,25445.7207,3180.7100,4979.3599,1.0000,1.0000,0.1250,0.1250,2411.7900,0.0000,0.0000,1.0000,22389.5137,1.0000,1.0000,16.3600,0.0075,1302.0800,0.0000,2.0000,1.0000,2.0000,1.0000,1,新设备大额报名
7.0000,1.0000,0.0000,16662.8203,2380.3999,3868.3301,0.0000,0.0000,0.0000,0.0000,0.0000,0.0000,0.0000,1.0000,6240.4302,1.0000,1.0000,88.6100,0.1158,859.6300,1.0000,3.0000,1.0000,2.0000,0.0000,0,凌晨大额标记
12.0000,1.0000,1.0000,10556.7900,879.7300,2923.0000,0.0000,0.0000,0.0000,0.0000,0.0000,0.0000,0.0000,1.0000,2923.0000,1.0000,1.0000,102.6500,0.0351,678.5800,0.0000,5.0000,1.0000,2.0000,0.0000,0,正常报名
8.0000,0.0000,0.0000,17916.5293,2239.5701,3420.7000,0.0000,1.0000,0.0000,0.1250,0.0000,0.0000,0.0000,1.0000,4491.4038,1.0000,1.0000,85.9300,0.0494,1.3251,0.0000,3.0000,1.0000,1.0000,0.0000,1,零学时大额退费
3.0000,0.0000,0.0000,2960.4500,986.8200,3826.1699,0.0000,1.0000,0.0000,0.0000,0.0000,0.0000,0.0000,1.0000,4327.4316,1.0000,1.0000,430.8500,0.1126,4.1691,0.0000,3.0000,1.0000,1.0000,0.0000,1,零学时大额退费
9.0000,5.0000,0.0000,14059.8203,1562.2000,4228.1602,0.0000,1.0000,0.0000,0.0000,0.0000,0.0000,0.0000,2.0000,2808.7129,1.0000,1.0000,112.6700,0.0266,4.6492,0.0000,3.0000,2.0000,2.0000,0.0000,1,零学时大额退费
1.0000,1.0000,1.0000,542.6500,542.6500,2342.5100,0.0000,0.0000,0.0000,0.0000,0.0000,0.0000,0.0000,2.0000,5733.5957,1.0000,1.0000,162.4600,0.0694,1621.8101,1.0000,1.0000,2.0000,2.0000,0.0000,0,凌晨大额标记
12.0000,4.0000,0.0000,13290.9600,1107.5800,3259.0400,0.0000,1.0000,0.0000,0.0000,0.0000,0.0000,0.0000,2.0000,8927.3525,1.0000,1.0000,304.8000,0.0935,3.7677,0.0000,2.0000,2.0000,1.0000,0.0000,1,零学时大额退费
2.0000,2.0000,2.0000,4513.5601,2256.7800,4645.8901,0.0000,0.0000,0.0000,0.0000,0.0000,0.0000,0.0000,3.0000,4435.7100,1.0000,1.0000,633.9400,0.1429,1823.0601,0.0000,1.0000,3.0000,12.0000,0.0000,1,同设备多账号
7.0000,4.0000,0.0000,21718.0000,3102.5701,6724.8101,0.0000,0.0000,0.0000,0.0000,0.0000,0.0000,0.0000,1.0000,2415.1001,1.0000,1.0000,102.9100,0.0426,172.9000,0.0000,3.0000,1.0000,2.0000,0.0000,0,正常报名
12.0000,3.0000,1.0000,12372.8496,1031.0699,3745.2300,0.0000,0.0000,0.0000,0.0000,0.0000,0.0000,0.0000,3.0000,24710.4023,1.0000,1.0000,93.4100,0.0249,878.4200,0.0000,2.0000,3.0000,3.0000,1.0000,1,新设备大额报名
12.0000,4.0000,1.0000,34523.0508,2876.9199,6142.1401,0.0000,0.0000,0.0000,0.0000,0.0000,0.0000,0.0000,1.0000,2334.4399,1.0000,1.0000,245.9200,0.1053,744.9800,0.0000,4.0000,1.0000,2.0000,0.0000,1,正常报名
1.0000,1.0000,0.0000,596.3300,596.3300,2861.2300,0.0000,0.0000,0.0000,0.0000,0.0000,0.0000,0.0000,3.0000,6189.4165,1.0000,1.0000,59.1900,0.0207,298.0600,1.0000,1.0000,3.0000,1.0000,0.0000,0,凌晨大额标记
3.0000,1.0000,1.0000,4370.4502,1456.8199,4372.3101,0.0000,0.0000,0.0000,0.0000,0.0000,0.0000,0.0000,2.0000,8112.3237,1.0000,1.0000,38.1900,0.0087,1522.6200,1.0000,2.0000,2.0000,1.0000,0.0000,0,凌晨大额标记
10.0000,2.0000,2.0000,11097.9199,2774.4800,5062.5098,6.0000,4.0000,0.6000,0.4000,27781.0117,0.0000,0.0000,3.0000,1504.9301,1.0000,1.0000,197.2500,0.1311,1793.2800,0.0000,2.0000,3.0000,2.0000,0.0000,1,连环退费
6.0000,2.0000,0.0000,2007.8000,334.6300,1374.0400,1.0000,1.0000,0.1667,0.1667,1348.2000,0.0000,0.0000,1.0000,2993.7075,1.0000,1.0000,16.8900,0.0123,1169.7517,1.0000,1.0000,1.0000,1.0000,0.0000,0,正常退费
15.0000,3.0000,1.0000,6488.6699,720.9600,2363.8601,5.0000,8.0000,0.3333,0.5333,24096.2148,0.0000,0.0000,3.0000,2363.8601,1.0000,1.0000,365.9600,0.1548,623.6500,0.0000,3.0000,3.0000,1.0000,0.0000,1,连环退费
6.0000,4.0000,1.0000,9136.9404,1522.8199,3126.3799,0.0000,0.0000,0.0000,0.0000,0.0000,0.0000,0.0000,1.0000,6729.0757,1.0000,1.0000,56.4600,0.0181,765.5600,1.0000,1.0000,1.0000,1.0000,0.0000,0,凌晨大额标记
12.0000,3.0000,1.0000,37527.4102,3127.2800,6272.8701,0.0000,0.0000,0.0000,0.0000,0.0000,0.0000,0.0000,2.0000,0.0000,0.0000,0.0000,0.0000,0.0000,0.0000,0.0000,2.0000,2.0000,1.0000,0.0000,0,正常学历认证
4.0000,4.0000,1.0000,3946.4500,493.3100,2609.9600,4.0000,4.0000,1.0000,1.0000,19272.1172,0.0000,0.0000,3.0000,2609.9600,1.0000,1.0000,73.6100,0.0282,2188.8601,0.0000,1.0000,3.0000,1.0000,0.0000,1,连环退费
5.0000,5.0000,0.0000,4279.0298,855.8100,943.6700,0.0000,0.0000,0.0000,0.0000,0.0000,0.0000,0.0000,2.0000,336.7300,1.0000,1.0000,31.9700,0.0949,1842.7100,0.0000,3.0000,2.0000,2.0000,0.0000,0,正常报名
12.0000,2.0000,1.0000,31261.8809,2605.1599,3675.4299,0.0000,0.0000,0.0000,0.0000,0.0000,0.0000,3.0000,3.0000,0.0000,0.0000,0.0000,0.0000,0.0000,0.0000,0.0000,5.0000,3.0000,1.0000,0.0000,1,身份连续认证失败
12.0000,5.0000,0.0000,9484.8701,790.4100,3205.7200,0.0000,0.0000,0.0000,0.0000,0.0000,0.0000,0.0000,1.0000,3205.7200,1.0000,1.0000,359.5100,0.1121,84.3100,0.0000,5.0000,1.0000,2.0000,0.0000,0,正常报名
11.0000,4.0000,1.0000,8967.2197,815.2000,3618.2900,0.0000,0.0000,0.0000,0.0000,0.0000,0.0000,0.0000,2.0000,3618.2900,1.0000,1.0000,457.4600,0.1264,507.0800,0.0000,3.0000,2.0000,1.0000,0.0000,0,正常报名
1.0000,1.0000,1.0000,3262.0801,3262.0801,7173.6499,0.0000,0.0000,0.0000,0.0000,0.0000,0.0000,0.0000,3.0000,8988.3770,1.0000,1.0000,173.6900,0.1049,140.4400,1.0000,1.0000,3.0000,1.0000,0.0000,1,凌晨大额标记
12.0000,5.0000,2.0000,21420.6094,1785.0500,3313.0400,0.0000,1.0000,0.0000,0.0000,0.0000,0.0000,0.0000,3.0000,7222.0391,1.0000,1.0000,116.3000,0.0498,3.6271,0.0000,4.0000,3.0000,2.0000,0.0000,1,零学时大额退费
7.0000,4.0000,2.0000,17513.1309,2501.8799,3518.3601,0.0000,0.0000,0.0000,0.0000,0.0000,0.0000,0.0000,1.0000,1969.5900,1.0000,1.0000,256.5300,0.1302,2073.1201,1.0000,3.0000,1.0000,2.0000,0.0000,0,正常报名
4.0000,0.0000,0.0000,25141.0703,2285.5500,4192.7100,3.0000,4.0000,0.7500,1.0000,34096.2734,0.0000,0.0000,1.0000,524.8200,1.0000,1.0000,54.5200,0.1039,1165.2100,0.0000,1.0000,1.0000,1.0000,0.0000,1,连环退费
5.0000,0.0000,0.0000,15978.2197,3195.6399,4743.2900,0.0000,0.0000,0.0000,0.0000,0.0000,0.0000,0.0000,1.0000,373.5900,1.0000,1.0000,44.3200,0.1186,309.4400,0.0000,3.0000,1.0000,2.0000,0.0000,0,正常报名
7.0000,5.0000,2.0000,21578.1895,3082.6001,3487.3501,0.0000,0.0000,0.0000,0.0000,0.0000,0.0000,0.0000,3.0000,3187.6599,1.0000,1.0000,482.6400,0.1514,1024.4200,0.0000,3.0000,3.0000,2.0000,0.0000,0,正常报名
4.0000,0.0000,0.0000,7447.4502,1861.8600,3222.7400,0.0000,0.0000,0.0000,0.0000,0.0000,0.0000,2.0000,2.0000,0.0000,0.0000,0.0000,0.0000,0.0000,0.0000,0.0000,3.0000,2.0000,2.0000,0.0000,1,身份连续认证失败
5.0000,4.0000,2.0000,4854.3701,970.8700,4185.2700,0.0000,1.0000,0.0000,0.2000,0.0000,0.0000,0.0000,1.0000,4185.2700,1.0000,1.0000,663.7300,0.1586,871.1100,0.0000,5.0000,1.0000,1.0000,0.0000,0,正常报名
6.0000,2.0000,0.0000,6857.9302,1142.9900,1221.7200,0.0000,0.0000,0.0000,0.0000,0.0000,0.0000,0.0000,3.0000,0.0000,0.0000,0.0000,0.0000,0.0000,0.0000,0.0000,1.0000,3.0000,1.0000,0.0000,0,正常学历认证
8.0000,1.0000,0.0000,17462.8691,1455.2400,3691.8999,5.0000,4.0000,0.6250,0.5000,24403.1621,0.0000,0.0000,2.0000,3691.8999,1.0000,1.0000,357.6200,0.0969,2099.8401,0.0000,1.0000,2.0000,2.0000,0.0000,1,连环退费
8.0000,1.0000,0.0000,19143.8008,2392.9800,3373.8799,0.0000,0.0000,0.0000,0.0000,0.0000,0.0000,0.0000,3.0000,3335.1299,1.0000,1.0000,306.7700,0.0920,987.1000,0.0000,3.0000,3.0000,2.0000,0.0000,0,正常报名
12.0000,2.0000,0.0000,4138.8599,344.9000,2270.7800,0.0000,0.0000,0.0000,0.0000,0.0000,0.0000,0.0000,1.0000,2270.7800,1.0000,1.0000,294.1300,0.1295,281.2900,0.0000,4.0000,1.0000,1.0000,0.0000,0,正常报名
6.0000,5.0000,0.0000,8418.6201,935.4000,2309.2500,3.0000,4.0000,0.5000,0.6667,12165.9824,1.0000,0.0000,3.0000,2309.2500,1.0000,1.0000,78.1500,0.0338,848.5500,0.0000,5.0000,3.0000,2.0000,0.0000,1,连环退费
7.0000,0.0000,0.0000,22614.4297,3230.6299,6950.3999,0.0000,0.0000,0.0000,0.0000,0.0000,0.0000,0.0000,1.0000,2554.8000,1.0000,1.0000,97.6000,0.0382,129.7500,0.0000,4.0000,1.0000,2.0000,0.0000,0,正常报名
2.0000,0.0000,0.0000,1384.3199,692.1600,3276.6599,0.0000,0.0000,0.0000,0.0000,0.0000,0.0000,0.0000,3.0000,3276.6599,1.0000,1.0000,279.0200,0.0852,1755.6801,0.0000,1.0000,3.0000,10.0000,1.0000,1,同设备多账号
5.0000,1.0000,0.0000,9599.6699,1919.9301,3780.6299,1.0000,1.0000,0.2000,0.2000,2571.7500,0.0000,0.0000,1.0000,3780.6299,1.0000,1.0000,631.8000,0.1671,1339.4200,0.0000,2.0000,1.0000,1.0000,0.0000,0,正常报名
7.0000,4.0000,0.0000,11447.9902,1635.4301,4007.4700,0.0000,1.0000,0.0000,0.0000,0.0000,0.0000,0.0000,2.0000,2513.0273,1.0000,1.0000,66.7700,0.0167,870.2553,0.0000,1.0000,2.0000,2.0000,0.0000,0,正常退费
8.0000,2.0000,1.0000,15366.2002,1920.7700,4087.9900,0.0000,0.0000,0.0000,0.0000,0.0000,0.0000,0.0000,2.0000,3221.5801,1.0000,1.0000,535.7500,0.1663,428.3500,0.0000,4.0000,2.0000,2.0000,0.0000,0,正常报名
9.0000,4.0000,2.0000,5938.5498,659.8400,2063.8401,0.0000,0.0000,0.0000,0.0000,0.0000,0.0000,0.0000,2.0000,2063.8401,1.0000,1.0000,5.7000,0.0028,817.0800,0.0000,3.0000,2.0000,1.0000,0.0000,0,正常报名
8.0000,1.0000,0.0000,27799.1504,3474.8899,4037.0100,0.0000,0.0000,0.0000,0.0000,0.0000,0.0000,0.0000,3.0000,15889.3691,1.0000,1.0000,452.0900,0.1599,891.3300,0.0000,1.0000,3.0000,2.0000,1.0000,1,新设备大额报名
10.0000,5.0000,2.0000,14563.3799,1456.3400,2414.1201,9.0000,9.0000,0.9000,0.9000,13452.1816,0.0000,0.0000,2.0000,300.9900,1.0000,1.0000,9.2700,0.0308,2016.3000,0.0000,4.0000,2.0000,1.0000,0.0000,1,极高退费率
11.0000,1.0000,0.0000,14565.3604,1324.1200,2094.2900,0.0000,0.0000,0.0000,0.0000,0.0000,0.0000,0.0000,3.0000,547.3400,1.0000,1.0000,54.0100,0.0987,662.6200,0.0000,3.0000,3.0000,10.0000,1.0000,0,同设备多账号
9.0000,2.0000,2.0000,30638.3691,3404.2600,4044.1399,0.0000,0.0000,0.0000,0.0000,0.0000,0.0000,0.0000,3.0000,6079.8433,1.0000,1.0000,8.7700,0.0131,466.5300,1.0000,4.0000,3.0000,2.0000,1.0000,0,凌晨大额标记
10.0000,5.0000,1.0000,14134.9004,1413.4900,58888.9531,1.0000,1.0000,0.1000,0.1000,316.4800,0.0000,0.0000,3.0000,58888.9531,1.0000,1.0000,447.6500,0.1684,1873.3199,0.0000,4.0000,3.0000,2.0000,0.0000,1,超高金额报名
8.0000,4.0000,2.0000,8917.7803,1114.7200,2279.5000,0.0000,0.0000,0.0000,0.0000,0.0000,0.0000,0.0000,1.0000,0.0000,0.0000,0.0000,0.0000,0.0000,0.0000,0.0000,4.0000,1.0000,1.0000,0.0000,0,正常学历认证
3.0000,0.0000,0.0000,6435.3799,2145.1299,3818.4199,0.0000,0.0000,0.0000,0.0000,0.0000,0.0000,0.0000,1.0000,2988.3799,1.0000,1.0000,284.9300,0.0953,552.1200,0.0000,3.0000,1.0000,2.0000,0.0000,0,正常报名
9.0000,5.0000,2.0000,28892.7402,3210.3000,4143.1099,0.0000,1.0000,0.0000,0.0000,0.0000,0.0000,0.0000,1.0000,547.5927,1.0000,1.0000,175.8600,0.1281,786.1878,0.0000,1.0000,1.0000,2.0000,1.0000,0,正常退费
11.0000,5.0000,2.0000,13913.7500,2318.9600,2675.2500,3.0000,11.0000,0.2727,1.0000,32982.0859,0.0000,0.0000,3.0000,2426.3799,1.0000,1.0000,196.5500,0.0810,679.0300,0.0000,1.0000,3.0000,2.0000,0.0000,1,连环退费
8.0000,3.0000,0.0000,10012.7900,1251.6000,2147.5801,0.0000,0.0000,0.0000,0.0000,0.0000,0.0000,0.0000,3.0000,2147.5801,1.0000,1.0000,251.1000,0.1169,968.0600,0.0000,3.0000,3.0000,1.0000,1.0000,0,正常报名
10.0000,1.0000,0.0000,11104.9902,1110.5000,4283.0498,0.0000,0.0000,0.0000,0.0000,0.0000,0.0000,0.0000,3.0000,7366.9814,1.0000,1.0000,148.2400,0.0346,1460.3300,1.0000,5.0000,3.0000,1.0000,0.0000,0,凌晨大额标记
12.0000,2.0000,0.0000,41625.1016,3468.7600,4032.5300,0.0000,0.0000,0.0000,0.0000,0.0000,0.0000,0.0000,1.0000,1493.4399,1.0000,1.0000,251.8900,0.1687,400.6500,0.0000,4.0000,1.0000,1.0000,0.0000,0,正常报名
1.0000,0.0000,0.0000,3288.6499,3288.6499,5187.7500,0.0000,0.0000,0.0000,0.0000,0.0000,0.0000,0.0000,3.0000,734.9100,1.0000,1.0000,0.0800,0.0001,1109.6200,0.0000,1.0000,3.0000,11.0000,1.0000,1,同设备多账号
12.0000,2.0000,0.0000,10594.4102,882.8700,2823.5000,0.0000,0.0000,0.0000,0.0000,0.0000,1.0000,0.0000,3.0000,11358.6846,1.0000,1.0000,405.2100,0.1435,99.8400,1.0000,4.0000,3.0000,1.0000,1.0000,1,新设备大额报名
7.0000,3.0000,1.0000,14737.2695,2105.3201,4382.9102,0.0000,0.0000,0.0000,0.0000,0.0000,0.0000,0.0000,2.0000,5297.5127,1.0000,1.0000,122.0900,0.0439,1543.6000,1.0000,5.0000,2.0000,2.0000,1.0000,0,凌晨大额标记
1.0000,0.0000,0.0000,1501.7000,1501.7000,3127.8101,0.0000,1.0000,0.0000,0.0000,0.0000,0.0000,0.0000,1.0000,1376.4664,1.0000,1.0000,119.4700,0.0698,1007.8643,0.0000,1.0000,1.0000,1.0000,0.0000,0,正常退费
8.0000,4.0000,0.0000,21531.5996,2691.4500,4402.4702,0.0000,0.0000,0.0000,0.0000,0.0000,0.0000,0.0000,1.0000,2812.5200,1.0000,1.0000,270.8900,0.0963,1729.2300,0.0000,2.0000,1.0000,1.0000,0.0000,0,正常报名
12.0000,1.0000,0.0000,41582.7305,3465.2300,4874.1001,0.0000,1.0000,0.0000,0.0000,0.0000,0.0000,0.0000,2.0000,2259.9788,1.0000,1.0000,126.6900,0.0937,248.8134,0.0000,1.0000,2.0000,1.0000,0.0000,0,正常退费
9.0000,1.0000,0.0000,26723.6309,2969.2900,3580.5801,0.0000,1.0000,0.0000,0.0000,0.0000,0.0000,0.0000,3.0000,1895.2028,1.0000,1.0000,157.2500,0.0488,1480.1437,0.0000,2.0000,3.0000,1.0000,0.0000,0,正常退费
9.0000,0.0000,0.0000,6711.7100,745.7500,1464.4000,0.0000,0.0000,0.0000,0.0000,0.0000,0.0000,0.0000,1.0000,1464.4000,1.0000,1.0000,69.2500,0.0473,2218.5200,0.0000,5.0000,1.0000,1.0000,0.0000,0,正常报名
11.0000,1.0000,1.0000,3291.0601,822.7600,2937.6899,6.0000,6.0000,0.5455,0.5455,26707.1562,0.0000,0.0000,1.0000,2937.6899,1.0000,1.0000,82.8700,0.0282,113.0900,0.0000,2.0000,1.0000,2.0000,0.0000,1,极高退费率
8.0000,3.0000,0.0000,5078.3999,634.8000,2626.5400,0.0000,0.0000,0.0000,0.0000,0.0000,0.0000,0.0000,3.0000,2626.5400,1.0000,1.0000,9.3700,0.0036,883.4100,0.0000,2.0000,3.0000,12.0000,0.0000,1,同设备多账号
8.0000,4.0000,2.0000,6317.5200,789.6900,1252.0200,0.0000,0.0000,0.0000,0.0000,0.0000,0.0000,0.0000,2.0000,0.0000,0.0000,0.0000,0.0000,0.0000,0.0000,0.0000,4.0000,2.0000,2.0000,0.0000,0,正常学历认证
1.0000,0.0000,0.0000,1356.3199,1356.3199,2735.6599,0.0000,0.0000,0.0000,0.0000,0.0000,0.0000,0.0000,2.0000,2735.6599,1.0000,1.0000,221.1500,0.0808,1971.4301,0.0000,1.0000,2.0000,1.0000,0.0000,0,正常报名
2.0000,0.0000,0.0000,6713.3701,3356.6799,4755.6899,0.0000,0.0000,0.0000,0.0000,0.0000,1.0000,0.0000,1.0000,9350.8242,1.0000,1.0000,17.2900,0.0110,1669.9600,1.0000,2.0000,1.0000,2.0000,0.0000,0,凌晨大额标记
6.0000,5.0000,1.0000,26013.7695,2890.4199,5525.8599,6.0000,5.0000,1.0000,0.8333,19383.2949,0.0000,0.0000,3.0000,373.6800,1.0000,1.0000,2.5600,0.0068,1319.8300,0.0000,5.0000,3.0000,1.0000,0.0000,1,连环退费
2.0000,1.0000,1.0000,834.0300,417.0100,4195.1602,0.0000,0.0000,0.0000,0.0000,0.0000,0.0000,0.0000,3.0000,0.0000,0.0000,0.0000,0.0000,0.0000,0.0000,0.0000,2.0000,3.0000,2.0000,0.0000,0,正常学历认证
12.0000,0.0000,0.0000,16213.0596,1473.9100,3573.5000,7.0000,8.0000,0.5833,0.6667,18043.3418,0.0000,0.0000,3.0000,3573.5000,1.0000,1.0000,139.0900,0.0389,2322.3799,0.0000,1.0000,3.0000,2.0000,0.0000,1,连环退费
3.0000,0.0000,0.0000,2758.4700,919.4900,1926.5300,0.0000,0.0000,0.0000,0.0000,0.0000,1.0000,0.0000,1.0000,0.0000,0.0000,0.0000,0.0000,0.0000,0.0000,0.0000,2.0000,1.0000,1.0000,0.0000,0,正常学历认证
1.0000,0.0000,0.0000,1299.3101,1299.3101,2624.4600,0.0000,0.0000,0.0000,0.0000,0.0000,0.0000,0.0000,2.0000,2624.4600,1.0000,1.0000,263.0800,0.1002,1731.7700,0.0000,1.0000,2.0000,1.0000,0.0000,0,正常报名
7.0000,1.0000,0.0000,20182.7598,2883.2500,6317.4702,0.0000,0.0000,0.0000,0.0000,0.0000,1.0000,0.0000,3.0000,1694.3300,1.0000,1.0000,291.5100,0.1720,434.4200,0.0000,4.0000,3.0000,1.0000,0.0000,0,正常报名
11.0000,3.0000,2.0000,31030.0703,2820.9199,3354.8799,0.0000,0.0000,0.0000,0.0000,0.0000,0.0000,0.0000,1.0000,739.1400,1.0000,1.0000,120.1300,0.1625,1313.0900,0.0000,1.0000,1.0000,2.0000,0.0000,0,正常报名
5.0000,2.0000,1.0000,8831.2100,1766.2400,2031.8900,1.0000,1.0000,0.2000,0.2000,1618.8600,0.0000,0.0000,3.0000,8160.3096,1.0000,1.0000,20.3400,0.0357,1.1778,0.0000,3.0000,3.0000,2.0000,0.0000,1,零学时大额退费
9.0000,0.0000,0.0000,5120.3701,568.9300,3656.7500,0.0000,0.0000,0.0000,0.0000,0.0000,0.0000,0.0000,2.0000,8581.4268,1.0000,1.0000,167.1900,0.0457,953.9500,1.0000,4.0000,2.0000,1.0000,1.0000,0,凌晨大额标记
9.0000,1.0000,0.0000,3485.3701,3485.3701,4381.8799,6.0000,6.0000,0.6667,0.6667,17329.5039,0.0000,0.0000,1.0000,4381.8799,1.0000,1.0000,201.0000,0.0459,826.9300,0.0000,1.0000,1.0000,2.0000,0.0000,1,极高退费率
12.0000,2.0000,2.0000,27971.3008,2330.9399,4276.7402,0.0000,1.0000,0.0000,0.0000,0.0000,0.0000,0.0000,1.0000,1572.7808,1.0000,1.0000,457.3700,0.1544,206.3305,1.0000,5.0000,1.0000,1.0000,0.0000,0,正常退费
10.0000,4.0000,2.0000,25388.3203,2538.8301,5351.4102,0.0000,0.0000,0.0000,0.0000,0.0000,0.0000,0.0000,3.0000,0.0000,0.0000,0.0000,0.0000,0.0000,0.0000,0.0000,4.0000,3.0000,2.0000,0.0000,0,正常学历认证
7.0000,1.0000,0.0000,9356.7100,1336.6700,1518.6200,0.0000,0.0000,0.0000,0.0000,0.0000,0.0000,0.0000,2.0000,639.3700,1.0000,1.0000,96.8100,0.1514,1796.2600,0.0000,3.0000,2.0000,2.0000,0.0000,0,正常报名
6.0000,5.0000,1.0000,18322.7695,3053.8000,5247.7100,0.0000,0.0000,0.0000,0.0000,0.0000,0.0000,0.0000,1.0000,2784.0000,1.0000,1.0000,13.3800,0.0048,963.7400,0.0000,1.0000,1.0000,2.0000,0.0000,0,正常报名
5.0000,4.0000,2.0000,6445.8999,1289.1801,1840.9100,0.0000,1.0000,0.0000,0.0000,0.0000,0.0000,0.0000,2.0000,3932.6216,1.0000,1.0000,90.4300,0.0703,3.8906,0.0000,4.0000,2.0000,2.0000,0.0000,1,零学时大额退费
12.0000,5.0000,2.0000,22191.3594,1849.2800,3764.7200,0.0000,1.0000,0.0000,0.0000,0.0000,0.0000,0.0000,1.0000,2676.2163,1.0000,1.0000,282.8100,0.1340,1.8349,0.0000,4.0000,1.0000,2.0000,0.0000,1,零学时大额退费
9.0000,3.0000,0.0000,19549.4707,2172.1599,2238.1201,0.0000,0.0000,0.0000,0.0000,0.0000,0.0000,0.0000,2.0000,1142.7200,1.0000,1.0000,116.2100,0.1017,598.8200,0.0000,5.0000,2.0000,2.0000,0.0000,0,正常报名
11.0000,3.0000,1.0000,28847.5098,2622.5000,5506.7700,0.0000,0.0000,0.0000,0.0000,0.0000,0.0000,0.0000,1.0000,3443.1499,1.0000,1.0000,483.6400,0.1405,1364.2800,0.0000,4.0000,1.0000,1.0000,0.0000,0,正常报名
3.0000,3.0000,0.0000,7036.7100,2345.5701,3269.2600,0.0000,0.0000,0.0000,0.0000,0.0000,0.0000,0.0000,2.0000,1213.7900,1.0000,1.0000,19.4300,0.0160,640.1200,0.0000,1.0000,2.0000,1.0000,0.0000,0,正常报名
4.0000,4.0000,1.0000,11199.1904,2799.8000,4154.5200,1.0000,2.0000,0.2500,0.5000,2728.3899,0.0000,0.0000,3.0000,2012.0500,1.0000,1.0000,105.7200,0.0525,153.9800,0.0000,3.0000,3.0000,2.0000,0.0000,0,正常报名
1.0000,0.0000,0.0000,2834.7700,2834.7700,4090.5500,0.0000,0.0000,0.0000,0.0000,0.0000,0.0000,0.0000,1.0000,1873.5601,1.0000,1.0000,194.4100,0.1038,970.3000,0.0000,1.0000,1.0000,8.0000,1.0000,0,同设备多账号
7.0000,0.0000,0.0000,15565.2803,2223.6101,3596.4299,0.0000,0.0000,0.0000,0.0000,0.0000,0.0000,0.0000,1.0000,18789.7168,1.0000,1.0000,41.1600,0.0123,1995.6801,0.0000,4.0000,1.0000,2.0000,1.0000,1,新设备大额报名
8.0000,2.0000,2.0000,25990.3809,3248.8000,4575.1699,0.0000,0.0000,0.0000,0.0000,0.0000,0.0000,0.0000,2.0000,1389.5900,1.0000,1.0000,219.1200,0.1577,126.2600,0.0000,2.0000,2.0000,1.0000,0.0000,0,正常报名
5.0000,3.0000,0.0000,3269.7000,653.9400,2382.4800,0.0000,1.0000,0.0000,0.0000,0.0000,1.0000,0.0000,3.0000,8418.4277,1.0000,1.0000,263.9600,0.1108,3.3324,0.0000,1.0000,3.0000,2.0000,1.0000,1,零学时大额退费
7.0000,2.0000,0.0000,13814.8604,1973.5500,3396.9600,0.0000,0.0000,0.0000,0.0000,0.0000,0.0000,0.0000,2.0000,1405.2000,1.0000,1.0000,210.7000,0.1499,1007.2600,0.0000,2.0000,2.0000,2.0000,0.0000,0,正常报名
6.0000,3.0000,0.0000,10023.8398,1670.6400,2350.4600,0.0000,1.0000,0.0000,0.0000,0.0000,0.0000,0.0000,2.0000,3415.6333,1.0000,1.0000,36.0400,0.1196,1060.5963,0.0000,3.0000,2.0000,2.0000,1.0000,0,正常退费
8.0000,5.0000,0.0000,25267.9004,3158.4900,3874.0300,0.0000,0.0000,0.0000,0.0000,0.0000,1.0000,0.0000,3.0000,1013.3800,1.0000,1.0000,121.5800,0.1200,1071.9500,0.0000,2.0000,3.0000,2.0000,0.0000,0,正常报名
6.0000,4.0000,2.0000,18726.9609,3121.1599,4481.6099,0.0000,1.0000,0.0000,0.1667,0.0000,0.0000,0.0000,2.0000,751.3400,1.0000,1.0000,114.5000,0.1524,1128.7700,1.0000,2.0000,2.0000,2.0000,0.0000,0,正常报名
11.0000,4.0000,1.0000,22195.8008,2017.8000,2115.6899,0.0000,0.0000,0.0000,0.0000,0.0000,1.0000,0.0000,1.0000,594.8300,1.0000,1.0000,61.1700,0.1028,1734.5400,0.0000,4.0000,1.0000,6.0000,0.0000,0,同设备多账号
10.0000,5.0000,0.0000,28775.4102,2877.5400,3618.0400,0.0000,0.0000,0.0000,0.0000,0.0000,0.0000,5.0000,2.0000,0.0000,0.0000,0.0000,0.0000,0.0000,0.0000,0.0000,3.0000,2.0000,1.0000,0.0000,1,身份连续认证失败
12.0000,5.0000,0.0000,12204.1904,1017.0200,2057.1699,0.0000,0.0000,0.0000,0.0000,0.0000,0.0000,0.0000,3.0000,2057.1699,1.0000,1.0000,181.7700,0.0884,1620.1300,0.0000,1.0000,3.0000,2.0000,0.0000,0,正常报名
10.0000,0.0000,0.0000,12549.7002,1254.9700,2208.5801,0.0000,0.0000,0.0000,0.0000,0.0000,0.0000,0.0000,1.0000,0.0000,0.0000,0.0000,0.0000,0.0000,0.0000,0.0000,5.0000,1.0000,1.0000,0.0000,0,正常学历认证
4.0000,4.0000,2.0000,12517.4004,3129.3501,4663.2798,0.0000,1.0000,0.0000,0.0000,0.0000,1.0000,0.0000,3.0000,2538.0923,1.0000,1.0000,135.1500,0.0560,1486.5911,0.0000,3.0000,3.0000,1.0000,0.0000,0,正常退费
11.0000,4.0000,2.0000,18672.3203,1697.4800,2628.6799,0.0000,0.0000,0.0000,0.0000,0.0000,0.0000,0.0000,3.0000,5425.4736,1.0000,1.0000,19.5100,0.0145,869.4800,1.0000,4.0000,3.0000,2.0000,0.0000,0,凌晨大额标记
3.0000,3.0000,2.0000,3103.9299,1034.6400,4089.1799,0.0000,0.0000,0.0000,0.0000,0.0000,1.0000,0.0000,3.0000,4089.1799,1.0000,1.0000,689.6400,0.1686,67.9200,0.0000,3.0000,3.0000,2.0000,0.0000,0,正常报名
10.0000,2.0000,0.0000,32066.2598,3206.6299,4262.4600,0.0000,0.0000,0.0000,0.0000,0.0000,0.0000,0.0000,3.0000,1919.3199,1.0000,1.0000,61.3400,0.0320,1698.6100,0.0000,4.0000,3.0000,2.0000,0.0000,0,正常报名
6.0000,3.0000,0.0000,14735.0898,2455.8501,5045.0898,0.0000,1.0000,0.0000,0.0000,0.0000,0.0000,0.0000,1.0000,3253.4119,1.0000,1.0000,211.0900,0.0616,252.8391,0.0000,1.0000,1.0000,2.0000,0.0000,0,正常退费
2.0000,1.0000,1.0000,1025.1700,512.5900,4337.4399,0.0000,0.0000,0.0000,0.0000,0.0000,0.0000,0.0000,1.0000,4337.4399,1.0000,1.0000,621.4000,0.1433,1550.1600,0.0000,1.0000,1.0000,1.0000,0.0000,0,正常报名
6.0000,3.0000,0.0000,14381.3604,2396.8899,4921.8198,0.0000,0.0000,0.0000,0.0000,0.0000,0.0000,0.0000,3.0000,1573.2300,1.0000,1.0000,244.6200,0.1555,463.9100,0.0000,3.0000,3.0000,10.0000,1.0000,1,同设备多账号
6.0000,1.0000,0.0000,12740.9697,2123.5000,3961.8799,0.0000,1.0000,0.0000,0.0000,0.0000,0.0000,0.0000,3.0000,8272.9844,1.0000,1.0000,382.9800,0.1691,4.1032,0.0000,1.0000,3.0000,1.0000,0.0000,1,零学时大额退费
15.0000,1.0000,0.0000,6209.2300,3104.6101,3595.3601,7.0000,4.0000,0.4667,0.2667,27614.0273,0.0000,0.0000,3.0000,3595.3601,1.0000,1.0000,396.0900,0.1102,2256.0400,0.0000,2.0000,3.0000,2.0000,0.0000,1,连环退费
7.0000,1.0000,0.0000,15177.6504,2168.2400,3629.6001,0.0000,0.0000,0.0000,0.0000,0.0000,0.0000,0.0000,1.0000,25449.4668,1.0000,1.0000,515.1800,0.1419,1855.1801,0.0000,5.0000,1.0000,3.0000,1.0000,1,新设备大额报名
6.0000,0.0000,0.0000,10661.6904,1776.9500,2354.1201,0.0000,0.0000,0.0000,0.0000,0.0000,1.0000,0.0000,1.0000,0.0000,0.0000,0.0000,0.0000,0.0000,0.0000,0.0000,2.0000,1.0000,1.0000,0.0000,0,正常学历认证
9.0000,1.0000,1.0000,10959.0098,1217.6700,1562.6000,0.0000,0.0000,0.0000,0.0000,0.0000,0.0000,0.0000,2.0000,1551.3800,1.0000,1.0000,32.8800,0.0212,2259.7700,0.0000,4.0000,2.0000,1.0000,0.0000,0,正常报名
3.0000,3.0000,1.0000,4598.1802,1532.7300,2629.9199,0.0000,0.0000,0.0000,0.0000,0.0000,1.0000,0.0000,1.0000,2629.9199,1.0000,1.0000,71.1600,0.0271,1109.3199,1.0000,3.0000,1.0000,2.0000,0.0000,0,正常报名
8.0000,4.0000,0.0000,23865.1992,2983.1499,5977.1001,0.0000,0.0000,0.0000,0.0000,0.0000,0.0000,5.0000,2.0000,0.0000,0.0000,0.0000,0.0000,0.0000,0.0000,0.0000,3.0000,2.0000,1.0000,0.0000,1,身份连续认证失败
9.0000,5.0000,1.0000,12502.8203,1389.2000,2734.4199,1.0000,1.0000,0.1111,0.1111,2815.8601,1.0000,0.0000,1.0000,2734.4199,1.0000,1.0000,268.7700,0.0983,282.1500,0.0000,4.0000,1.0000,1.0000,0.0000,0,正常报名
5.0000,1.0000,0.0000,9236.0596,1847.2100,3471.8601,0.0000,0.0000,0.0000,0.0000,0.0000,0.0000,0.0000,1.0000,3471.8601,1.0000,1.0000,239.1400,0.0689,1447.1100,0.0000,1.0000,1.0000,2.0000,0.0000,0,正常报名
12.0000,1.0000,1.0000,10190.1504,849.1800,3162.5901,0.0000,0.0000,0.0000,0.0000,0.0000,0.0000,0.0000,1.0000,7635.4390,1.0000,1.0000,537.4300,0.1699,1960.0900,1.0000,1.0000,1.0000,2.0000,0.0000,0,凌晨大额标记
5.0000,2.0000,1.0000,18526.3594,2315.8000,4500.9399,4.0000,3.0000,0.8000,0.6000,31340.2227,0.0000,0.0000,3.0000,2037.2800,1.0000,1.0000,180.5900,0.0886,1488.1500,0.0000,1.0000,3.0000,1.0000,1.0000,1,连环退费
6.0000,0.0000,0.0000,17808.1094,2968.0200,3960.7900,0.0000,0.0000,0.0000,0.0000,0.0000,0.0000,0.0000,1.0000,1949.2100,1.0000,1.0000,71.4700,0.0367,1760.6200,0.0000,2.0000,1.0000,1.0000,0.0000,0,正常报名
5.0000,4.0000,2.0000,9070.9004,1814.1801,2708.2900,0.0000,0.0000,0.0000,0.0000,0.0000,1.0000,0.0000,2.0000,0.0000,0.0000,0.0000,0.0000,0.0000,0.0000,0.0000,2.0000,2.0000,2.0000,0.0000,0,正常学历认证
3.0000,1.0000,0.0000,6384.6802,2128.2300,4598.1802,2.0000,2.0000,0.6667,0.6667,9217.3799,0.0000,0.0000,2.0000,984.3400,1.0000,1.0000,25.9900,0.0264,476.3300,0.0000,1.0000,2.0000,2.0000,0.0000,1,极高退费率
8.0000,0.0000,0.0000,20999.6992,2624.9600,4134.1299,0.0000,0.0000,0.0000,0.0000,0.0000,0.0000,0.0000,2.0000,4134.1299,1.0000,1.0000,376.0700,0.0910,1332.6100,0.0000,5.0000,2.0000,1.0000,0.0000,0,正常报名
10.0000,2.0000,2.0000,22169.0098,2216.8999,4009.4299,0.0000,0.0000,0.0000,0.0000,0.0000,0.0000,0.0000,2.0000,13263.5137,1.0000,1.0000,430.3400,0.1275,458.2200,0.0000,2.0000,2.0000,2.0000,1.0000,1,新设备大额报名
4.0000,1.0000,1.0000,19745.6094,1974.5601,2452.0500,4.0000,3.0000,1.0000,0.7500,33772.7930,0.0000,0.0000,3.0000,2272.3899,1.0000,1.0000,78.7800,0.0347,494.3100,0.0000,4.0000,3.0000,2.0000,0.0000,1,连环退费
5.0000,5.0000,2.0000,9923.4697,1984.6899,3244.6899,0.0000,0.0000,0.0000,0.0000,0.0000,0.0000,0.0000,3.0000,936.1000,1.0000,1.0000,55.2900,0.0591,1595.5200,0.0000,4.0000,3.0000,2.0000,0.0000,0,正常报名
10.0000,5.0000,1.0000,11794.0098,1179.4000,4065.2700,0.0000,0.0000,0.0000,0.0000,0.0000,0.0000,0.0000,3.0000,4065.2700,1.0000,1.0000,246.9800,0.0608,1641.2100,0.0000,4.0000,3.0000,2.0000,0.0000,0,正常报名
6.0000,0.0000,0.0000,17393.2598,2898.8799,3240.7200,0.0000,0.0000,0.0000,0.0000,0.0000,0.0000,6.0000,1.0000,0.0000,0.0000,0.0000,0.0000,0.0000,0.0000,0.0000,2.0000,1.0000,2.0000,0.0000,1,身份连续认证失败
7.0000,1.0000,0.0000,5363.4800,766.2100,1403.4700,0.0000,1.0000,0.0000,0.1429,0.0000,0.0000,0.0000,2.0000,1403.4700,1.0000,1.0000,0.5600,0.0004,1231.3199,0.0000,5.0000,2.0000,2.0000,0.0000,0,正常报名
8.0000,5.0000,0.0000,27368.5996,3421.0701,7005.1099,0.0000,1.0000,0.0000,0.0000,0.0000,0.0000,0.0000,1.0000,933.6475,1.0000,1.0000,55.8700,0.0185,409.4893,0.0000,3.0000,1.0000,2.0000,0.0000,0,正常退费
12.0000,4.0000,2.0000,38203.5508,3183.6299,5192.6899,0.0000,0.0000,0.0000,0.0000,0.0000,0.0000,0.0000,1.0000,7715.6187,1.0000,1.0000,292.9300,0.0741,849.5500,1.0000,4.0000,1.0000,2.0000,0.0000,0,凌晨大额标记
5.0000,5.0000,0.0000,10054.5000,2010.9000,4061.7900,0.0000,0.0000,0.0000,0.0000,0.0000,0.0000,0.0000,1.0000,26383.8008,1.0000,1.0000,71.0400,0.0307,1837.4100,1.0000,5.0000,1.0000,1.0000,1.0000,1,新设备大额报名
11.0000,2.0000,2.0000,15881.7900,1443.8000,3161.6899,1.0000,1.0000,0.0909,0.0909,1678.4800,0.0000,0.0000,1.0000,2640.9600,1.0000,1.0000,116.3300,0.0440,1997.5100,0.0000,5.0000,1.0000,2.0000,0.0000,0,正常报名
5.0000,5.0000,1.0000,9264.6396,1852.9301,3492.0300,0.0000,0.0000,0.0000,0.0000,0.0000,0.0000,0.0000,1.0000,1270.6000,1.0000,1.0000,205.4500,0.1617,1138.6300,0.0000,2.0000,1.0000,1.0000,0.0000,0,正常报名
11.0000,0.0000,0.0000,3552.2700,322.9300,2061.8101,0.0000,0.0000,0.0000,0.0000,0.0000,0.0000,0.0000,2.0000,2061.8101,1.0000,1.0000,268.4900,0.1302,86.6300,0.0000,2.0000,2.0000,1.0000,0.0000,0,正常报名
9.0000,0.0000,0.0000,9869.9004,1096.6600,1679.8700,0.0000,0.0000,0.0000,0.0000,0.0000,0.0000,0.0000,1.0000,0.0000,0.0000,0.0000,0.0000,0.0000,0.0000,0.0000,3.0000,1.0000,2.0000,0.0000,0,正常学历认证
10.0000,0.0000,0.0000,27348.0391,2734.8000,3211.9800,0.0000,0.0000,0.0000,0.0000,0.0000,0.0000,0.0000,3.0000,1985.1801,1.0000,1.0000,214.0900,0.1078,707.0300,0.0000,2.0000,3.0000,2.0000,0.0000,0,正常报名
8.0000,2.0000,1.0000,15550.8799,1943.8600,3593.5100,0.0000,0.0000,0.0000,0.0000,0.0000,0.0000,0.0000,1.0000,3593.5100,1.0000,1.0000,314.0900,0.0874,401.0100,0.0000,4.0000,1.0000,1.0000,0.0000,0,正常报名
10.0000,5.0000,2.0000,7642.2402,764.2200,3890.2300,0.0000,0.0000,0.0000,0.0000,0.0000,0.0000,0.0000,1.0000,3890.2300,1.0000,1.0000,542.6300,0.1395,269.2600,0.0000,5.0000,1.0000,2.0000,0.0000,0,正常报名
5.0000,3.0000,2.0000,36194.5508,3290.4099,4318.3799,3.0000,3.0000,0.6000,0.6000,25564.4570,0.0000,0.0000,3.0000,2199.0300,1.0000,1.0000,134.7700,0.0613,1699.9900,0.0000,5.0000,3.0000,1.0000,0.0000,1,极高退费率
3.0000,0.0000,0.0000,6450.4102,2150.1399,4009.7800,0.0000,1.0000,0.0000,0.0000,0.0000,1.0000,0.0000,1.0000,6740.9087,1.0000,1.0000,525.7000,0.1311,2.3234,0.0000,1.0000,1.0000,1.0000,0.0000,1,零学时大额退费
9.0000,1.0000,0.0000,5753.0601,639.2300,4226.4702,0.0000,0.0000,0.0000,0.0000,0.0000,0.0000,0.0000,2.0000,7982.4302,1.0000,1.0000,98.1400,0.0232,1474.9600,1.0000,1.0000,2.0000,2.0000,0.0000,0,凌晨大额标记
7.0000,2.0000,2.0000,7940.4600,1134.3500,1748.8199,0.0000,0.0000,0.0000,0.0000,0.0000,0.0000,0.0000,2.0000,1470.5800,1.0000,1.0000,205.8900,0.1400,1176.7700,0.0000,5.0000,2.0000,2.0000,0.0000,0,正常报名
2.0000,1.0000,1.0000,5983.0098,2991.5100,4031.3401,0.0000,0.0000,0.0000,0.0000,0.0000,0.0000,0.0000,1.0000,4031.3401,1.0000,1.0000,643.0900,0.1595,319.6300,0.0000,1.0000,1.0000,2.0000,0.0000,0,正常报名
8.0000,5.0000,0.0000,26855.8105,3356.9800,7197.8901,0.0000,0.0000,0.0000,0.0000,0.0000,0.0000,0.0000,3.0000,6798.4736,1.0000,1.0000,331.9400,0.0880,651.2500,1.0000,4.0000,3.0000,2.0000,0.0000,0,凌晨大额标记
5.0000,3.0000,1.0000,13370.4004,2674.0801,2843.7200,0.0000,0.0000,0.0000,0.0000,0.0000,0.0000,0.0000,2.0000,0.0000,0.0000,0.0000,0.0000,0.0000,0.0000,0.0000,5.0000,2.0000,2.0000,0.0000,0,正常学历认证
4.0000,2.0000,2.0000,7939.0400,1984.7600,3010.3501,0.0000,0.0000,0.0000,0.0000,0.0000,0.0000,0.0000,2.0000,6388.7148,1.0000,1.0000,300.8800,0.0999,2013.8900,1.0000,4.0000,2.0000,2.0000,0.0000,0,凌晨大额标记
6.0000,1.0000,0.0000,16270.1602,2711.6899,5138.2700,0.0000,0.0000,0.0000,0.0000,0.0000,0.0000,0.0000,1.0000,1300.1400,1.0000,1.0000,200.9400,0.1546,1173.9800,0.0000,3.0000,1.0000,2.0000,0.0000,0,正常报名
11.0000,4.0000,0.0000,9638.9004,876.2600,2593.3201,0.0000,0.0000,0.0000,0.0000,0.0000,0.0000,0.0000,3.0000,2593.3201,1.0000,1.0000,395.1400,0.1524,511.6700,0.0000,4.0000,3.0000,1.0000,0.0000,0,正常报名
9.0000,0.0000,0.0000,12978.7197,1442.0800,3595.0100,0.0000,0.0000,0.0000,0.0000,0.0000,0.0000,0.0000,2.0000,3595.0100,1.0000,1.0000,418.4500,0.1164,684.0400,0.0000,2.0000,2.0000,2.0000,0.0000,0,正常报名
10.0000,5.0000,2.0000,15321.5000,1532.1500,3216.2700,0.0000,0.0000,0.0000,0.0000,0.0000,0.0000,0.0000,3.0000,2703.4299,1.0000,1.0000,168.7700,0.0624,148.5600,0.0000,4.0000,3.0000,12.0000,1.0000,1,同设备多账号
8.0000,3.0000,1.0000,24103.0000,3012.8701,6295.2900,1.0000,1.0000,0.1250,0.1250,835.7900,0.0000,0.0000,3.0000,4475.8101,1.0000,1.0000,442.7200,0.0989,1476.2500,0.0000,2.0000,3.0000,2.0000,0.0000,0,正常报名
3.0000,3.0000,1.0000,7345.5000,2448.5000,4014.1499,0.0000,0.0000,0.0000,0.0000,0.0000,1.0000,0.0000,3.0000,7918.9028,1.0000,1.0000,695.5700,0.1733,1782.2500,1.0000,3.0000,3.0000,1.0000,1.0000,0,凌晨大额标记
9.0000,4.0000,1.0000,14058.9805,1562.1100,2474.7000,0.0000,0.0000,0.0000,0.0000,0.0000,0.0000,0.0000,3.0000,1467.6899,1.0000,1.0000,144.3100,0.0983,191.7700,0.0000,2.0000,3.0000,1.0000,1.0000,0,正常报名
10.0000,2.0000,0.0000,15647.5703,1564.7600,4449.4302,0.0000,1.0000,0.0000,0.1000,0.0000,0.0000,0.0000,1.0000,4449.4302,1.0000,1.0000,21.5100,0.0048,480.4500,0.0000,2.0000,1.0000,8.0000,0.0000,1,同设备多账号
3.0000,1.0000,1.0000,2960.5200,986.8400,2097.0100,0.0000,0.0000,0.0000,0.0000,0.0000,0.0000,0.0000,2.0000,2097.0100,1.0000,1.0000,19.2500,0.0092,1751.9100,0.0000,2.0000,2.0000,2.0000,0.0000,0,正常报名
7.0000,2.0000,0.0000,15722.3398,2246.0500,3394.7400,0.0000,1.0000,0.0000,0.1429,0.0000,0.0000,0.0000,3.0000,3033.4199,1.0000,1.0000,433.6000,0.1429,608.0400,0.0000,4.0000,3.0000,1.0000,0.0000,0,正常报名
7.0000,2.0000,2.0000,17098.7109,2442.6699,4112.6201,1.0000,1.0000,0.1429,0.1429,2937.0100,1.0000,0.0000,2.0000,9394.8594,1.0000,1.0000,377.3100,0.1304,2360.2400,1.0000,2.0000,2.0000,2.0000,0.0000,0,凌晨大额标记
8.0000,1.0000,1.0000,9595.4199,1199.4301,1997.6400,0.0000,0.0000,0.0000,0.0000,0.0000,0.0000,0.0000,1.0000,1667.0400,1.0000,1.0000,293.6200,0.1761,1814.8300,0.0000,4.0000,1.0000,11.0000,1.0000,1,同设备多账号
5.0000,0.0000,0.0000,2307.3201,2307.3201,3684.3201,5.0000,5.0000,1.0000,1.0000,7955.0205,0.0000,0.0000,3.0000,312.0000,1.0000,1.0000,18.6200,0.0597,256.9700,1.0000,1.0000,3.0000,1.0000,1.0000,1,极高退费率
8.0000,2.0000,2.0000,8953.0195,1119.1300,1785.6100,0.0000,0.0000,0.0000,0.0000,0.0000,0.0000,0.0000,3.0000,0.0000,0.0000,0.0000,0.0000,0.0000,0.0000,0.0000,2.0000,3.0000,2.0000,0.0000,0,正常学历认证
11.0000,4.0000,1.0000,20227.4102,1838.8600,2242.0300,0.0000,0.0000,0.0000,0.0000,0.0000,0.0000,0.0000,3.0000,375.9300,1.0000,1.0000,6.9000,0.0184,604.0100,0.0000,4.0000,3.0000,1.0000,0.0000,0,正常报名
7.0000,1.0000,0.0000,2570.4600,1285.2300,1512.2200,7.0000,7.0000,1.0000,1.0000,8153.8350,0.0000,0.0000,2.0000,722.6900,1.0000,1.0000,52.5800,0.0728,95.4900,0.0000,1.0000,2.0000,2.0000,0.0000,1,极高退费率
4.0000,0.0000,0.0000,11127.5996,2781.8999,6037.1099,0.0000,1.0000,0.0000,0.0000,0.0000,1.0000,0.0000,2.0000,1045.3282,1.0000,1.0000,678.2700,0.1546,126.9157,0.0000,1.0000,2.0000,1.0000,0.0000,0,正常退费
12.0000,5.0000,0.0000,17135.8496,1427.9900,1729.1200,0.0000,1.0000,0.0000,0.0833,0.0000,0.0000,0.0000,2.0000,899.4400,1.0000,1.0000,62.3800,0.0694,2252.4900,0.0000,4.0000,2.0000,13.0000,1.0000,1,同设备多账号
8.0000,5.0000,2.0000,21212.8594,2651.6101,5570.9902,0.0000,1.0000,0.0000,0.0000,0.0000,0.0000,0.0000,1.0000,2639.7102,1.0000,1.0000,508.4100,0.1286,199.1465,0.0000,3.0000,1.0000,1.0000,0.0000,0,正常退费
6.0000,3.0000,0.0000,7647.3398,1274.5601,4366.3398,0.0000,0.0000,0.0000,0.0000,0.0000,0.0000,0.0000,1.0000,4366.3398,1.0000,1.0000,231.4600,0.0530,1553.9399,0.0000,5.0000,1.0000,1.0000,0.0000,0,正常报名
9.0000,1.0000,0.0000,6244.9800,693.8900,3083.3101,0.0000,1.0000,0.0000,0.0000,0.0000,0.0000,0.0000,3.0000,8577.9434,1.0000,1.0000,112.1200,0.0364,2.5542,0.0000,2.0000,3.0000,1.0000,0.0000,1,零学时大额退费
4.0000,3.0000,0.0000,10208.2598,2552.0601,4855.2100,1.0000,1.0000,0.2500,0.2500,459.4600,0.0000,0.0000,1.0000,7542.6309,1.0000,1.0000,180.7700,0.0515,4.4069,0.0000,1.0000,1.0000,2.0000,0.0000,1,零学时大额退费
8.0000,5.0000,2.0000,5181.4199,647.6800,3924.2400,0.0000,0.0000,0.0000,0.0000,0.0000,0.0000,0.0000,1.0000,3924.2400,1.0000,1.0000,392.7100,0.1001,364.7600,0.0000,5.0000,1.0000,1.0000,0.0000,0,正常报名
6.0000,0.0000,0.0000,7049.9702,1174.9900,1492.4000,0.0000,0.0000,0.0000,0.0000,0.0000,0.0000,0.0000,2.0000,1398.3600,1.0000,1.0000,117.1300,0.0838,921.0600,0.0000,2.0000,2.0000,2.0000,0.0000,0,正常报名
6.0000,3.0000,1.0000,12778.8896,2129.8101,3800.9299,0.0000,0.0000,0.0000,0.0000,0.0000,0.0000,0.0000,2.0000,694.6400,1.0000,1.0000,49.9300,0.0719,173.7600,0.0000,3.0000,2.0000,2.0000,0.0000,0,正常报名
11.0000,5.0000,2.0000,16354.5898,1486.7800,3065.1899,1.0000,1.0000,0.0909,0.0909,1412.0100,0.0000,0.0000,1.0000,0.0000,0.0000,0.0000,0.0000,0.0000,0.0000,0.0000,1.0000,1.0000,2.0000,0.0000,0,正常学历认证
4.0000,4.0000,1.0000,2758.3301,689.5800,860.9500,0.0000,0.0000,0.0000,0.0000,0.0000,0.0000,0.0000,2.0000,0.0000,0.0000,0.0000,0.0000,0.0000,0.0000,0.0000,4.0000,2.0000,1.0000,0.0000,0,正常学历认证
3.0000,3.0000,0.0000,7113.1499,2371.0500,5016.6001,0.0000,1.0000,0.0000,0.0000,0.0000,0.0000,0.0000,1.0000,3319.4800,1.0000,1.0000,93.3900,0.1418,1722.8661,0.0000,1.0000,1.0000,2.0000,0.0000,0,正常退费
3.0000,0.0000,0.0000,6976.7700,2325.5901,3713.5801,0.0000,1.0000,0.0000,0.0000,0.0000,0.0000,0.0000,2.0000,9991.6582,1.0000,1.0000,59.7000,0.1778,2.8416,0.0000,3.0000,2.0000,1.0000,0.0000,1,零学时大额退费
4.0000,4.0000,0.0000,10162.2305,2540.5601,2563.6399,0.0000,0.0000,0.0000,0.0000,0.0000,0.0000,0.0000,1.0000,544.0500,1.0000,1.0000,18.5600,0.0341,1674.3000,0.0000,4.0000,1.0000,2.0000,0.0000,0,正常报名
4.0000,4.0000,1.0000,12482.3604,3120.5901,5782.7700,0.0000,0.0000,0.0000,0.0000,0.0000,0.0000,0.0000,2.0000,24368.6445,1.0000,1.0000,414.4600,0.1007,825.4900,0.0000,3.0000,2.0000,3.0000,1.0000,1,新设备大额报名
7.0000,1.0000,0.0000,11196.7500,1599.5400,2570.3701,0.0000,0.0000,0.0000,0.0000,0.0000,0.0000,0.0000,2.0000,797.1900,1.0000,1.0000,51.9900,0.0652,211.2800,0.0000,3.0000,2.0000,2.0000,0.0000,0,正常报名
4.0000,3.0000,2.0000,23174.5508,2106.7800,4508.0098,4.0000,4.0000,1.0000,1.0000,18228.7070,0.0000,0.0000,2.0000,1507.7900,1.0000,1.0000,62.3200,0.0413,1038.6700,0.0000,1.0000,2.0000,2.0000,0.0000,1,极高退费率
3.0000,1.0000,0.0000,7888.6602,2629.5500,4211.3101,0.0000,0.0000,0.0000,0.0000,0.0000,0.0000,0.0000,3.0000,2955.0701,1.0000,1.0000,436.4200,0.1477,1559.5601,0.0000,1.0000,3.0000,1.0000,0.0000,0,正常报名
5.0000,4.0000,2.0000,8148.6099,1629.7200,2938.1101,0.0000,0.0000,0.0000,0.0000,0.0000,0.0000,0.0000,3.0000,2938.1101,1.0000,1.0000,141.5700,0.0482,1045.3800,0.0000,3.0000,3.0000,1.0000,1.0000,0,正常报名
10.0000,4.0000,2.0000,5787.6802,723.4600,1724.4800,4.0000,5.0000,0.4000,0.5000,25348.7305,0.0000,0.0000,3.0000,1724.4800,1.0000,1.0000,237.2100,0.1376,923.5900,0.0000,5.0000,3.0000,1.0000,0.0000,1,连环退费
8.0000,4.0000,0.0000,26204.2207,3275.5300,5989.9702,0.0000,0.0000,0.0000,0.0000,0.0000,0.0000,0.0000,3.0000,3519.2100,1.0000,1.0000,495.4300,0.1408,1660.8199,0.0000,1.0000,3.0000,7.0000,1.0000,1,同设备多账号
6.0000,3.0000,1.0000,2765.9099,460.9900,3954.4700,0.0000,0.0000,0.0000,0.0000,0.0000,0.0000,0.0000,1.0000,3954.4700,1.0000,1.0000,281.6700,0.0712,2093.8601,0.0000,4.0000,1.0000,12.0000,1.0000,1,同设备多账号
5.0000,2.0000,1.0000,1732.5500,866.2800,3526.4299,4.0000,5.0000,0.8000,1.0000,19019.2402,0.0000,0.0000,3.0000,3526.4299,1.0000,1.0000,284.8000,0.0808,742.5600,0.0000,1.0000,3.0000,2.0000,0.0000,1,连环退费
2.0000,2.0000,1.0000,6781.1699,3390.5901,5461.6699,0.0000,1.0000,0.0000,0.0000,0.0000,0.0000,0.0000,3.0000,6670.7251,1.0000,1.0000,614.8000,0.1782,2.5970,0.0000,1.0000,3.0000,2.0000,0.0000,1,零学时大额退费
6.0000,3.0000,0.0000,17406.5098,2901.0901,6270.8799,0.0000,0.0000,0.0000,0.0000,0.0000,0.0000,0.0000,1.0000,1716.6000,1.0000,1.0000,138.5300,0.0807,993.8500,0.0000,5.0000,1.0000,2.0000,0.0000,0,正常报名
12.0000,1.0000,1.0000,13643.7695,1136.9800,1708.8199,0.0000,0.0000,0.0000,0.0000,0.0000,0.0000,0.0000,1.0000,526.9700,1.0000,1.0000,39.5000,0.0749,1615.4600,0.0000,2.0000,1.0000,2.0000,0.0000,0,正常报名
12.0000,1.0000,0.0000,21731.0391,1810.9200,2770.2200,0.0000,0.0000,0.0000,0.0000,0.0000,0.0000,0.0000,3.0000,0.0000,0.0000,0.0000,0.0000,0.0000,0.0000,0.0000,5.0000,3.0000,1.0000,1.0000,1,正常学历认证
1.0000,1.0000,0.0000,1080.2300,1080.2300,3920.5801,0.0000,0.0000,0.0000,0.0000,0.0000,0.0000,0.0000,2.0000,3920.5801,1.0000,1.0000,85.3800,0.0218,68.4900,0.0000,1.0000,2.0000,1.0000,0.0000,0,正常报名
5.0000,2.0000,1.0000,5589.7402,1117.9500,2681.1101,0.0000,0.0000,0.0000,0.0000,0.0000,0.0000,0.0000,1.0000,2681.1101,1.0000,1.0000,239.8200,0.0894,156.9800,0.0000,4.0000,1.0000,1.0000,0.0000,0,正常报名
7.0000,0.0000,0.0000,19001.2207,2714.4600,5081.2100,0.0000,0.0000,0.0000,0.0000,0.0000,0.0000,0.0000,3.0000,3906.3701,1.0000,1.0000,220.0800,0.0563,170.9600,0.0000,2.0000,3.0000,12.0000,1.0000,1,同设备多账号
10.0000,4.0000,0.0000,18862.3203,1886.2300,3886.4500,0.0000,1.0000,0.0000,0.0000,0.0000,0.0000,0.0000,1.0000,11423.8105,1.0000,1.0000,403.9100,0.1095,2.2981,0.0000,5.0000,1.0000,1.0000,0.0000,1,零学时大额退费
8.0000,4.0000,1.0000,6288.9302,786.1200,1656.3500,0.0000,0.0000,0.0000,0.0000,0.0000,0.0000,0.0000,1.0000,8073.3125,1.0000,1.0000,63.0100,0.0380,496.3400,1.0000,1.0000,1.0000,1.0000,0.0000,0,凌晨大额标记
1.0000,1.0000,0.0000,1946.2100,1946.2100,2128.2800,0.0000,0.0000,0.0000,0.0000,0.0000,0.0000,0.0000,1.0000,1524.5300,1.0000,1.0000,94.3600,0.0619,1993.6000,0.0000,1.0000,1.0000,1.0000,0.0000,0,正常报名
2.0000,1.0000,0.0000,2257.2600,1128.6300,34807.2930,0.0000,0.0000,0.0000,0.0000,0.0000,0.0000,0.0000,2.0000,34807.2930,1.0000,1.0000,50.0100,0.0796,679.0600,0.0000,1.0000,2.0000,1.0000,0.0000,1,超高金额报名
10.0000,4.0000,1.0000,33000.2617,3300.0300,4340.8398,0.0000,0.0000,0.0000,0.0000,0.0000,0.0000,0.0000,1.0000,4055.7700,1.0000,1.0000,339.0900,0.0836,1282.9100,0.0000,3.0000,1.0000,2.0000,0.0000,0,正常报名
6.0000,2.0000,0.0000,30558.8008,3395.4199,3844.1899,3.0000,4.0000,0.5000,0.6667,23606.8828,0.0000,0.0000,3.0000,3291.0901,1.0000,1.0000,422.9000,0.1285,1132.5300,0.0000,5.0000,3.0000,2.0000,1.0000,1,连环退费
12.0000,0.0000,0.0000,37768.6289,3147.3899,5843.0698,0.0000,0.0000,0.0000,0.0000,0.0000,0.0000,0.0000,1.0000,5727.9478,1.0000,1.0000,127.8500,0.1795,661.6900,1.0000,4.0000,1.0000,1.0000,0.0000,0,凌晨大额标记
4.0000,1.0000,1.0000,2677.6499,669.4100,1428.1801,0.0000,0.0000,0.0000,0.0000,0.0000,0.0000,0.0000,1.0000,877.4000,1.0000,1.0000,141.8000,0.1616,2280.5400,0.0000,3.0000,1.0000,2.0000,0.0000,0,正常报名
4.0000,3.0000,2.0000,11170.9805,2792.7500,4309.0000,0.0000,0.0000,0.0000,0.0000,0.0000,0.0000,0.0000,2.0000,0.0000,0.0000,0.0000,0.0000,0.0000,0.0000,0.0000,1.0000,2.0000,1.0000,0.0000,0,正常学历认证
2.0000,0.0000,0.0000,3322.2300,1661.1100,2384.6499,0.0000,0.0000,0.0000,0.0000,0.0000,0.0000,0.0000,3.0000,2384.6499,1.0000,1.0000,157.2500,0.0659,1728.6801,0.0000,1.0000,3.0000,1.0000,0.0000,0,正常报名
7.0000,0.0000,0.0000,14812.8799,2116.1299,4280.6401,0.0000,0.0000,0.0000,0.0000,0.0000,0.0000,0.0000,2.0000,6115.0522,1.0000,1.0000,42.2900,0.0112,1801.5699,1.0000,5.0000,2.0000,1.0000,0.0000,0,凌晨大额标记
5.0000,2.0000,0.0000,1973.1700,394.6300,2998.3501,0.0000,0.0000,0.0000,0.0000,0.0000,1.0000,0.0000,1.0000,2998.3501,1.0000,1.0000,404.4700,0.1349,1148.7200,1.0000,1.0000,1.0000,2.0000,1.0000,0,正常报名
9.0000,5.0000,0.0000,12809.3398,1423.2600,2121.4500,0.0000,1.0000,0.0000,0.0000,0.0000,0.0000,0.0000,3.0000,10450.1836,1.0000,1.0000,13.4400,0.0344,1.5332,0.0000,5.0000,3.0000,1.0000,1.0000,1,零学时大额退费
4.0000,0.0000,0.0000,21375.4805,2375.0500,3370.7900,4.0000,3.0000,1.0000,0.7500,23709.4453,0.0000,0.0000,3.0000,3370.7900,1.0000,1.0000,26.9800,0.0080,1949.8101,0.0000,1.0000,3.0000,2.0000,0.0000,0,连环退费
9.0000,2.0000,2.0000,11948.5801,1327.6200,2547.9199,0.0000,0.0000,0.0000,0.0000,0.0000,1.0000,0.0000,2.0000,857.9400,1.0000,1.0000,45.2300,0.0527,636.0000,0.0000,4.0000,2.0000,2.0000,0.0000,0,正常报名
5.0000,5.0000,2.0000,9040.0898,1808.0200,2270.4700,0.0000,0.0000,0.0000,0.0000,0.0000,0.0000,0.0000,3.0000,1858.9900,1.0000,1.0000,159.8500,0.0860,789.6600,0.0000,5.0000,3.0000,2.0000,0.0000,0,正常报名
3.0000,1.0000,0.0000,8617.2998,2872.4299,4241.6201,0.0000,1.0000,0.0000,0.0000,0.0000,0.0000,0.0000,1.0000,1028.7916,1.0000,1.0000,620.4200,0.1463,3.5969,0.0000,1.0000,1.0000,1.0000,0.0000,1,零学时大额退费
11.0000,2.0000,2.0000,8487.5498,771.6000,1161.6700,0.0000,1.0000,0.0000,0.0000,0.0000,0.0000,0.0000,1.0000,2953.6309,1.0000,1.0000,15.4900,0.0258,1488.9698,0.0000,1.0000,1.0000,2.0000,0.0000,0,正常退费
11.0000,4.0000,0.0000,23665.7793,2151.4299,4665.9199,0.0000,0.0000,0.0000,0.0000,0.0000,1.0000,0.0000,1.0000,375.9500,1.0000,1.0000,19.5900,0.0521,1973.2000,0.0000,2.0000,1.0000,2.0000,0.0000,0,正常报名
10.0000,2.0000,0.0000,22356.4004,2235.6399,3753.0200,0.0000,0.0000,0.0000,0.0000,0.0000,0.0000,0.0000,2.0000,0.0000,0.0000,0.0000,0.0000,0.0000,0.0000,0.0000,2.0000,2.0000,2.0000,0.0000,0,正常学历认证
4.0000,2.0000,0.0000,3608.8999,902.2300,4219.0698,0.0000,0.0000,0.0000,0.0000,0.0000,0.0000,0.0000,3.0000,4219.0698,1.0000,1.0000,324.7400,0.0770,210.5300,0.0000,3.0000,3.0000,1.0000,0.0000,0,正常报名
12.0000,2.0000,2.0000,16407.4805,1823.0500,3971.6001,5.0000,3.0000,0.4167,0.2500,34072.4844,0.0000,0.0000,1.0000,1545.7500,1.0000,1.0000,135.9300,0.0879,1812.0000,0.0000,5.0000,1.0000,1.0000,0.0000,1,连环退费
6.0000,1.0000,1.0000,4649.6299,774.9400,1064.2000,0.0000,1.0000,0.0000,0.0000,0.0000,1.0000,0.0000,2.0000,2680.6479,1.0000,1.0000,114.6300,0.1436,531.3987,0.0000,5.0000,2.0000,2.0000,0.0000,0,正常退费
11.0000,0.0000,0.0000,3323.1201,1107.7100,3019.4199,11.0000,11.0000,1.0000,1.0000,12392.7188,0.0000,0.0000,3.0000,3019.4199,1.0000,1.0000,373.7700,0.1238,2157.4900,0.0000,2.0000,3.0000,1.0000,0.0000,1,极高退费率
2.0000,0.0000,0.0000,1334.6899,667.3500,3594.9800,0.0000,0.0000,0.0000,0.0000,0.0000,0.0000,0.0000,1.0000,3594.9800,1.0000,1.0000,99.6600,0.0277,1825.1000,0.0000,1.0000,1.0000,1.0000,0.0000,0,正常报名
7.0000,0.0000,0.0000,15824.9404,2260.7100,4205.8599,1.0000,1.0000,0.1429,0.1429,1433.4301,0.0000,0.0000,2.0000,4205.8599,1.0000,1.0000,387.6600,0.0922,699.5500,0.0000,3.0000,2.0000,1.0000,0.0000,0,正常报名
5.0000,5.0000,0.0000,16229.9697,3245.9900,4099.0698,0.0000,0.0000,0.0000,0.0000,0.0000,0.0000,0.0000,3.0000,658.8000,1.0000,1.0000,104.7400,0.1590,1631.0500,0.0000,4.0000,3.0000,2.0000,0.0000,0,正常报名
5.0000,2.0000,2.0000,4477.4302,1119.3600,3563.7300,4.0000,4.0000,0.8000,0.8000,15426.9014,0.0000,0.0000,1.0000,3563.7300,1.0000,1.0000,587.9700,0.1650,751.1000,0.0000,1.0000,1.0000,2.0000,0.0000,1,连环退费
7.0000,5.0000,1.0000,15206.5098,1900.8101,2361.7200,3.0000,7.0000,0.4286,1.0000,12580.9199,0.0000,0.0000,2.0000,2342.3899,1.0000,1.0000,383.9200,0.1639,2151.6001,0.0000,1.0000,2.0000,2.0000,0.0000,0,连环退费
9.0000,5.0000,1.0000,8816.3799,979.6000,1879.5500,0.0000,0.0000,0.0000,0.0000,0.0000,0.0000,0.0000,1.0000,1663.2900,1.0000,1.0000,104.7400,0.0630,2334.9600,0.0000,5.0000,1.0000,1.0000,0.0000,0,正常报名
12.0000,2.0000,1.0000,21940.9004,1828.4100,3422.2200,0.0000,0.0000,0.0000,0.0000,0.0000,0.0000,0.0000,3.0000,3422.2200,1.0000,1.0000,80.8000,0.0236,2006.2700,1.0000,2.0000,3.0000,2.0000,0.0000,1,正常报名
6.0000,5.0000,2.0000,15351.4805,2558.5801,5541.1001,0.0000,0.0000,0.0000,0.0000,0.0000,0.0000,0.0000,3.0000,4118.5200,1.0000,1.0000,219.7000,0.0533,2164.0701,0.0000,1.0000,3.0000,15.0000,0.0000,1,同设备多账号
8.0000,2.0000,0.0000,20658.4902,2582.3101,2851.8101,0.0000,0.0000,0.0000,0.0000,0.0000,0.0000,3.0000,2.0000,0.0000,0.0000,0.0000,0.0000,0.0000,0.0000,0.0000,3.0000,2.0000,1.0000,0.0000,1,身份连续认证失败
2.0000,2.0000,0.0000,5871.4199,2935.7100,6093.8799,0.0000,0.0000,0.0000,0.0000,0.0000,0.0000,0.0000,3.0000,3776.8501,1.0000,1.0000,31.7600,0.0084,2125.1001,0.0000,2.0000,3.0000,1.0000,0.0000,0,正常报名
8.0000,1.0000,1.0000,4525.1499,565.6400,2592.0601,0.0000,0.0000,0.0000,0.0000,0.0000,0.0000,0.0000,1.0000,2592.0601,1.0000,1.0000,304.3900,0.1174,81.9900,0.0000,1.0000,1.0000,1.0000,1.0000,0,正常报名
10.0000,4.0000,1.0000,23940.1191,2394.0100,3673.8000,0.0000,0.0000,0.0000,0.0000,0.0000,0.0000,0.0000,2.0000,0.0000,0.0000,0.0000,0.0000,0.0000,0.0000,0.0000,5.0000,2.0000,2.0000,1.0000,0,正常学历认证
8.0000,5.0000,0.0000,4432.4302,554.0500,1340.5601,0.0000,0.0000,0.0000,0.0000,0.0000,0.0000,0.0000,3.0000,1340.5601,1.0000,1.0000,96.1600,0.0717,1144.5400,0.0000,1.0000,3.0000,1.0000,0.0000,0,正常报名
12.0000,5.0000,1.0000,13462.7900,1121.9000,3427.4299,0.0000,0.0000,0.0000,0.0000,0.0000,0.0000,0.0000,1.0000,3427.4299,1.0000,1.0000,234.1800,0.0683,271.8000,0.0000,4.0000,1.0000,1.0000,0.0000,0,正常报名
8.0000,3.0000,1.0000,4152.8198,519.1000,2980.4199,0.0000,0.0000,0.0000,0.0000,0.0000,0.0000,0.0000,3.0000,2980.4199,1.0000,1.0000,382.6700,0.1284,2241.1499,0.0000,3.0000,3.0000,1.0000,0.0000,0,正常报名
11.0000,0.0000,0.0000,23424.9707,3346.4199,4028.3000,10.0000,10.0000,0.9091,0.9091,13645.3887,1.0000,0.0000,3.0000,2885.6001,1.0000,1.0000,358.3100,0.1242,1343.3300,0.0000,2.0000,3.0000,1.0000,0.0000,1,极高退费率
8.0000,0.0000,0.0000,3051.7900,381.4700,4136.2402,1.0000,1.0000,0.1250,0.1250,310.1400,0.0000,0.0000,3.0000,4136.2402,1.0000,1.0000,595.2100,0.1439,2223.4099,0.0000,5.0000,3.0000,1.0000,0.0000,0,正常报名
4.0000,0.0000,0.0000,12749.7598,3187.4399,5674.5498,0.0000,0.0000,0.0000,0.0000,0.0000,0.0000,0.0000,3.0000,0.0000,0.0000,0.0000,0.0000,0.0000,0.0000,0.0000,1.0000,3.0000,1.0000,0.0000,0,正常学历认证
5.0000,4.0000,1.0000,11576.4199,2894.1001,3750.4299,3.0000,3.0000,0.6000,0.6000,5414.5195,0.0000,0.0000,1.0000,2236.3401,1.0000,1.0000,126.1300,0.0564,2173.6001,0.0000,1.0000,1.0000,2.0000,0.0000,1,极高退费率
7.0000,0.0000,0.0000,5190.0000,741.4300,3263.2900,1.0000,1.0000,0.1429,0.1429,572.7600,0.0000,0.0000,1.0000,1810.5483,1.0000,1.0000,296.8000,0.0910,1333.9468,0.0000,4.0000,1.0000,1.0000,0.0000,0,正常退费
10.0000,1.0000,0.0000,27531.0391,2753.1001,3780.7800,0.0000,0.0000,0.0000,0.0000,0.0000,0.0000,0.0000,3.0000,0.0000,0.0000,0.0000,0.0000,0.0000,0.0000,1.0000,1.0000,3.0000,1.0000,0.0000,0,正常学历认证
5.0000,5.0000,2.0000,3262.9600,652.5900,2412.5901,0.0000,0.0000,0.0000,0.0000,0.0000,0.0000,0.0000,3.0000,6171.9814,1.0000,1.0000,161.7100,0.0670,2156.0300,1.0000,1.0000,3.0000,1.0000,0.0000,0,凌晨大额标记
6.0000,5.0000,2.0000,7982.2002,1330.3700,1965.0100,0.0000,0.0000,0.0000,0.0000,0.0000,0.0000,0.0000,3.0000,1156.1600,1.0000,1.0000,138.8900,0.1201,2346.8501,0.0000,1.0000,3.0000,1.0000,0.0000,0,正常报名
6.0000,3.0000,1.0000,19629.0801,3271.5100,6571.8599,1.0000,1.0000,0.1667,0.1667,377.7300,0.0000,0.0000,3.0000,3471.0500,1.0000,1.0000,163.3100,0.0471,2135.8799,0.0000,5.0000,3.0000,1.0000,0.0000,0,正常报名
3.0000,1.0000,1.0000,9354.0996,3118.0300,5786.7100,0.0000,1.0000,0.0000,0.0000,0.0000,1.0000,0.0000,3.0000,4039.8672,1.0000,1.0000,407.0300,0.1300,4.3456,0.0000,3.0000,3.0000,1.0000,0.0000,1,零学时大额退费
1.0000,0.0000,0.0000,2505.3401,2505.3401,3603.4199,0.0000,1.0000,0.0000,0.0000,0.0000,0.0000,0.0000,3.0000,10444.8730,1.0000,1.0000,72.2900,0.0670,4.3476,0.0000,1.0000,3.0000,1.0000,0.0000,1,零学时大额退费
9.0000,2.0000,1.0000,30642.0000,3404.6699,7247.5601,0.0000,0.0000,0.0000,0.0000,0.0000,0.0000,0.0000,3.0000,1144.5601,1.0000,1.0000,170.1500,0.1487,1208.2900,0.0000,3.0000,3.0000,1.0000,0.0000,0,正常报名
9.0000,1.0000,0.0000,5525.2202,613.9100,1628.1300,0.0000,0.0000,0.0000,0.0000,0.0000,0.0000,0.0000,1.0000,1628.1300,1.0000,1.0000,279.6200,0.1717,1792.5000,0.0000,2.0000,1.0000,1.0000,0.0000,0,正常报名
2.0000,0.0000,0.0000,6252.8501,3126.4299,5042.1201,0.0000,0.0000,0.0000,0.0000,0.0000,0.0000,0.0000,3.0000,4009.4299,1.0000,1.0000,676.5300,0.1687,943.6300,0.0000,2.0000,3.0000,2.0000,0.0000,0,正常报名
10.0000,3.0000,0.0000,16883.9902,1688.4000,3180.8301,10.0000,10.0000,1.0000,1.0000,13532.0947,0.0000,0.0000,2.0000,360.5500,1.0000,1.0000,21.7500,0.0603,1538.2100,0.0000,2.0000,2.0000,1.0000,0.0000,1,极高退费率
10.0000,0.0000,0.0000,26731.3301,2673.1299,5429.1602,0.0000,0.0000,0.0000,0.0000,0.0000,0.0000,0.0000,1.0000,23233.5000,1.0000,1.0000,342.3700,0.1559,1701.2100,0.0000,3.0000,1.0000,1.0000,1.0000,1,新设备大额报名
8.0000,2.0000,1.0000,6630.0000,828.7500,1739.3000,0.0000,0.0000,0.0000,0.0000,0.0000,0.0000,0.0000,2.0000,973.3400,1.0000,1.0000,91.3600,0.0939,862.0000,0.0000,5.0000,2.0000,2.0000,0.0000,0,正常报名
7.0000,1.0000,1.0000,11293.6904,1613.3800,1822.9200,0.0000,1.0000,0.0000,0.0000,0.0000,0.0000,0.0000,3.0000,2523.2656,1.0000,1.0000,53.8000,0.0791,167.6185,0.0000,2.0000,3.0000,1.0000,0.0000,0,正常退费
11.0000,1.0000,1.0000,32550.9199,2959.1699,4124.0698,1.0000,1.0000,0.0909,0.0909,1128.1899,0.0000,0.0000,3.0000,1313.3140,1.0000,1.0000,270.7200,0.1108,1073.0953,0.0000,4.0000,3.0000,2.0000,0.0000,0,正常退费
9.0000,5.0000,0.0000,19651.7402,2183.5300,3696.5300,0.0000,0.0000,0.0000,0.0000,0.0000,0.0000,0.0000,3.0000,0.0000,0.0000,0.0000,0.0000,0.0000,0.0000,0.0000,2.0000,3.0000,2.0000,1.0000,0,正常学历认证
1.0000,1.0000,1.0000,1804.4800,1804.4800,3737.7300,0.0000,0.0000,0.0000,0.0000,0.0000,0.0000,0.0000,2.0000,3074.2800,1.0000,1.0000,189.0800,0.0615,1260.2400,0.0000,1.0000,2.0000,1.0000,0.0000,0,正常报名
7.0000,3.0000,2.0000,19622.6406,2803.2300,3399.2800,0.0000,1.0000,0.0000,0.1429,0.0000,0.0000,0.0000,1.0000,3399.2800,1.0000,1.0000,368.3200,0.1084,905.1200,0.0000,1.0000,1.0000,2.0000,0.0000,0,正常报名
5.0000,2.0000,0.0000,8078.5400,1615.7100,2895.6299,0.0000,0.0000,0.0000,0.0000,0.0000,0.0000,0.0000,2.0000,8953.0762,1.0000,1.0000,491.3800,0.1697,1654.4800,1.0000,5.0000,2.0000,2.0000,0.0000,0,凌晨大额标记
4.0000,2.0000,0.0000,28145.7109,2345.4800,4431.1899,2.0000,2.0000,0.5000,0.5000,11617.9932,0.0000,0.0000,2.0000,4431.1899,1.0000,1.0000,426.2300,0.0962,2340.1399,1.0000,3.0000,2.0000,1.0000,0.0000,1,极高退费率
7.0000,3.0000,0.0000,4799.2402,685.6100,3797.7500,0.0000,1.0000,0.0000,0.0000,0.0000,0.0000,0.0000,1.0000,11802.5645,1.0000,1.0000,619.9200,0.1632,4.7518,0.0000,2.0000,1.0000,1.0000,0.0000,1,零学时大额退费
1.0000,0.0000,0.0000,1937.9100,1937.9100,3268.1699,0.0000,0.0000,0.0000,0.0000,0.0000,0.0000,0.0000,2.0000,8963.3066,1.0000,1.0000,191.4500,0.0612,482.4700,1.0000,1.0000,2.0000,1.0000,0.0000,0,凌晨大额标记
7.0000,2.0000,0.0000,2927.0100,418.1400,3175.9299,0.0000,1.0000,0.0000,0.0000,0.0000,0.0000,0.0000,3.0000,5567.9077,1.0000,1.0000,466.0900,0.1468,1.9480,0.0000,4.0000,3.0000,1.0000,0.0000,1,零学时大额退费
2.0000,2.0000,1.0000,6351.2202,3175.6101,6383.1099,0.0000,1.0000,0.0000,0.5000,0.0000,0.0000,0.0000,1.0000,669.6400,1.0000,1.0000,44.1400,0.0659,622.0900,0.0000,1.0000,1.0000,1.0000,0.0000,0,正常报名
7.0000,5.0000,1.0000,12123.3301,1731.9000,4347.7100,0.0000,0.0000,0.0000,0.0000,0.0000,0.0000,0.0000,1.0000,4347.7100,1.0000,1.0000,15.9800,0.0037,35.7600,0.0000,1.0000,1.0000,1.0000,0.0000,0,正常报名
3.0000,2.0000,1.0000,2228.5200,742.8400,3929.8501,0.0000,0.0000,0.0000,0.0000,0.0000,0.0000,0.0000,1.0000,3929.8501,1.0000,1.0000,541.9800,0.1379,132.3900,1.0000,3.0000,1.0000,1.0000,0.0000,0,正常报名
8.0000,0.0000,0.0000,7910.2202,988.7800,2217.4600,0.0000,0.0000,0.0000,0.0000,0.0000,0.0000,0.0000,2.0000,5081.1519,1.0000,1.0000,335.9000,0.1515,1525.7900,1.0000,3.0000,2.0000,1.0000,1.0000,0,凌晨大额标记
8.0000,4.0000,1.0000,21490.0000,2686.2500,5682.7798,0.0000,0.0000,0.0000,0.0000,0.0000,0.0000,0.0000,1.0000,1365.7300,1.0000,1.0000,162.5900,0.1190,1016.8000,0.0000,1.0000,1.0000,1.0000,0.0000,0,正常报名
10.0000,5.0000,0.0000,14343.7305,1434.3700,3767.2300,0.0000,0.0000,0.0000,0.0000,0.0000,0.0000,0.0000,3.0000,0.0000,0.0000,0.0000,0.0000,0.0000,0.0000,0.0000,4.0000,3.0000,1.0000,0.0000,0,正常学历认证
6.0000,0.0000,0.0000,2569.5200,428.2500,1549.8900,0.0000,0.0000,0.0000,0.0000,0.0000,0.0000,0.0000,3.0000,6873.8848,1.0000,1.0000,275.4500,0.1777,1364.5900,1.0000,5.0000,3.0000,1.0000,1.0000,0,凌晨大额标记
6.0000,3.0000,0.0000,8196.4697,1366.0800,2135.6799,0.0000,1.0000,0.0000,0.0000,0.0000,0.0000,0.0000,3.0000,1015.8110,1.0000,1.0000,246.6100,0.1387,764.3879,0.0000,2.0000,3.0000,1.0000,0.0000,0,正常退费
8.0000,4.0000,1.0000,17961.9199,2245.2400,4219.5000,0.0000,0.0000,0.0000,0.0000,0.0000,0.0000,0.0000,2.0000,0.0000,0.0000,0.0000,0.0000,0.0000,0.0000,0.0000,3.0000,2.0000,2.0000,0.0000,0,正常学历认证
7.0000,0.0000,0.0000,18417.8809,2631.1299,4253.5601,0.0000,0.0000,0.0000,0.0000,0.0000,0.0000,0.0000,3.0000,4253.5601,1.0000,1.0000,33.3100,0.0078,1169.4100,0.0000,3.0000,3.0000,1.0000,0.0000,0,正常报名
10.0000,5.0000,1.0000,23864.0195,2386.3999,4598.0698,0.0000,1.0000,0.0000,0.1000,0.0000,0.0000,0.0000,1.0000,4060.2900,1.0000,1.0000,268.9500,0.0662,1863.3400,0.0000,5.0000,1.0000,1.0000,0.0000,0,正常报名
8.0000,4.0000,2.0000,14207.9697,1420.8000,3331.7000,8.0000,8.0000,1.0000,1.0000,12323.2100,1.0000,0.0000,1.0000,3331.7000,1.0000,1.0000,453.8600,0.1362,2394.4199,0.0000,4.0000,1.0000,2.0000,0.0000,1,极高退费率
3.0000,1.0000,0.0000,3147.3601,1049.1200,4105.0400,0.0000,1.0000,0.0000,0.3333,0.0000,0.0000,0.0000,2.0000,0.0000,0.0000,0.0000,0.0000,0.0000,0.0000,0.0000,3.0000,2.0000,1.0000,0.0000,0,正常学历认证
4.0000,2.0000,2.0000,10469.4004,2617.3501,4376.2002,0.0000,0.0000,0.0000,0.0000,0.0000,0.0000,0.0000,2.0000,710.3200,1.0000,1.0000,81.1200,0.1142,966.1100,1.0000,4.0000,2.0000,1.0000,1.0000,0,正常报名
6.0000,3.0000,1.0000,11448.7100,1908.1200,3105.6399,0.0000,0.0000,0.0000,0.0000,0.0000,0.0000,4.0000,2.0000,0.0000,0.0000,0.0000,0.0000,0.0000,0.0000,0.0000,5.0000,2.0000,1.0000,0.0000,1,身份连续认证失败
10.0000,4.0000,1.0000,22085.8809,2208.5901,3761.9399,0.0000,0.0000,0.0000,0.0000,0.0000,0.0000,0.0000,2.0000,6939.0103,1.0000,1.0000,639.8400,0.1701,1125.0500,1.0000,4.0000,2.0000,1.0000,0.0000,0,凌晨大额标记
3.0000,0.0000,0.0000,5077.0898,1692.3600,3226.7500,0.0000,1.0000,0.0000,0.0000,0.0000,0.0000,0.0000,2.0000,1458.2097,1.0000,1.0000,52.9900,0.1211,1.8434,0.0000,1.0000,2.0000,1.0000,0.0000,1,零学时大额退费
10.0000,5.0000,2.0000,3086.6399,308.6600,1228.6200,0.0000,0.0000,0.0000,0.0000,0.0000,0.0000,0.0000,2.0000,0.0000,0.0000,0.0000,0.0000,0.0000,0.0000,0.0000,5.0000,2.0000,1.0000,0.0000,0,正常学历认证
11.0000,1.0000,1.0000,29099.2402,2645.3899,3250.7100,0.0000,0.0000,0.0000,0.0000,0.0000,0.0000,0.0000,3.0000,2135.6299,1.0000,1.0000,334.9000,0.1568,1446.2400,0.0000,3.0000,3.0000,2.0000,0.0000,0,正常报名
7.0000,5.0000,2.0000,8500.5498,1214.3600,3484.7300,0.0000,1.0000,0.0000,0.1429,0.0000,0.0000,0.0000,2.0000,3484.7300,1.0000,1.0000,430.0700,0.1234,824.8800,0.0000,4.0000,2.0000,5.0000,0.0000,1,同设备多账号
7.0000,4.0000,0.0000,12834.8203,1833.5500,3608.4399,0.0000,1.0000,0.0000,0.0000,0.0000,0.0000,0.0000,1.0000,3205.8962,1.0000,1.0000,18.1100,0.0232,168.0814,0.0000,4.0000,1.0000,2.0000,0.0000,1,正常退费
9.0000,1.0000,0.0000,5236.5601,581.8400,3564.4199,7.0000,7.0000,0.7778,0.7778,10973.8896,0.0000,0.0000,3.0000,3564.4199,1.0000,1.0000,312.5000,0.0877,545.4700,0.0000,1.0000,3.0000,1.0000,0.0000,1,极高退费率
13.0000,0.0000,0.0000,6059.3301,3029.6699,6526.8901,7.0000,7.0000,0.5385,0.5385,10153.2891,0.0000,0.0000,3.0000,3379.4900,1.0000,1.0000,369.5300,0.1093,206.1700,0.0000,2.0000,3.0000,2.0000,0.0000,1,连环退费
2.0000,2.0000,1.0000,664.6300,332.3200,4230.1602,0.0000,0.0000,0.0000,0.0000,0.0000,0.0000,0.0000,2.0000,4230.1602,1.0000,1.0000,5.8000,0.0014,2040.3900,0.0000,1.0000,2.0000,1.0000,0.0000,0,正常报名
5.0000,2.0000,2.0000,10149.5098,2029.9000,3812.7000,0.0000,0.0000,0.0000,0.0000,0.0000,0.0000,0.0000,1.0000,0.0000,0.0000,0.0000,0.0000,0.0000,0.0000,1.0000,2.0000,1.0000,1.0000,0.0000,0,正常学历认证
12.0000,3.0000,1.0000,16048.1201,1337.3400,1628.9600,0.0000,1.0000,0.0000,0.0000,0.0000,0.0000,0.0000,3.0000,7324.5264,1.0000,1.0000,28.0400,0.0350,4.5786,0.0000,3.0000,3.0000,2.0000,0.0000,1,零学时大额退费
7.0000,4.0000,0.0000,11044.2598,1577.7500,2570.5300,0.0000,0.0000,0.0000,0.0000,0.0000,0.0000,0.0000,2.0000,2570.5300,1.0000,1.0000,133.3100,0.0519,952.7900,0.0000,4.0000,2.0000,1.0000,0.0000,0,正常报名
8.0000,3.0000,0.0000,9347.7500,1168.4700,2333.6001,0.0000,0.0000,0.0000,0.0000,0.0000,1.0000,0.0000,1.0000,2333.6001,1.0000,1.0000,398.4800,0.1708,2269.2000,0.0000,5.0000,1.0000,1.0000,1.0000,0,正常报名
4.0000,3.0000,2.0000,9024.9502,2256.2400,4482.6299,0.0000,0.0000,0.0000,0.0000,0.0000,0.0000,0.0000,3.0000,2904.5200,1.0000,1.0000,0.0500,0.0000,2007.1801,0.0000,1.0000,3.0000,1.0000,0.0000,0,正常报名
1.0000,1.0000,0.0000,3208.8601,3208.8601,6359.0601,0.0000,0.0000,0.0000,0.0000,0.0000,0.0000,0.0000,2.0000,1153.9100,1.0000,1.0000,25.6000,0.0222,146.0800,0.0000,1.0000,2.0000,1.0000,0.0000,0,正常报名
10.0000,4.0000,1.0000,32854.2500,3285.4199,6250.3101,0.0000,0.0000,0.0000,0.0000,0.0000,1.0000,0.0000,3.0000,22373.3594,1.0000,1.0000,267.5400,0.1356,59.0700,0.0000,1.0000,3.0000,2.0000,1.0000,1,新设备大额报名
10.0000,3.0000,1.0000,9172.3096,917.2300,1871.3101,0.0000,0.0000,0.0000,0.0000,0.0000,0.0000,0.0000,2.0000,1201.5500,1.0000,1.0000,21.5300,0.0179,1502.7200,0.0000,5.0000,2.0000,2.0000,0.0000,0,正常报名
11.0000,2.0000,1.0000,34281.0508,3116.4600,5055.1802,0.0000,0.0000,0.0000,0.0000,0.0000,0.0000,0.0000,3.0000,5467.5146,1.0000,1.0000,612.4500,0.1491,1369.2900,1.0000,1.0000,3.0000,2.0000,0.0000,0,凌晨大额标记
1.0000,1.0000,1.0000,1119.4301,1119.4301,3860.2800,0.0000,1.0000,0.0000,0.0000,0.0000,0.0000,0.0000,3.0000,8221.5811,1.0000,1.0000,433.8100,0.1124,1.7560,0.0000,1.0000,3.0000,1.0000,0.0000,1,零学时大额退费
8.0000,1.0000,1.0000,8354.4102,1044.3000,2295.3799,0.0000,0.0000,0.0000,0.0000,0.0000,0.0000,0.0000,3.0000,2280.9399,1.0000,1.0000,342.7000,0.1502,1062.7200,0.0000,2.0000,3.0000,2.0000,0.0000,0,正常报名
2.0000,0.0000,0.0000,1468.4900,734.2400,1941.6400,0.0000,0.0000,0.0000,0.0000,0.0000,0.0000,0.0000,2.0000,0.0000,0.0000,0.0000,0.0000,0.0000,0.0000,0.0000,1.0000,2.0000,1.0000,1.0000,0,正常学历认证
12.0000,3.0000,1.0000,7177.0200,598.0800,4430.8999,0.0000,0.0000,0.0000,0.0000,0.0000,0.0000,0.0000,2.0000,4430.8999,1.0000,1.0000,513.9700,0.1160,906.9300,0.0000,1.0000,2.0000,2.0000,0.0000,0,正常报名
11.0000,4.0000,2.0000,4617.6299,419.7800,1754.3700,0.0000,0.0000,0.0000,0.0000,0.0000,0.0000,0.0000,1.0000,1754.3700,1.0000,1.0000,298.5400,0.1702,1348.5400,0.0000,5.0000,1.0000,1.0000,0.0000,0,正常报名
5.0000,1.0000,1.0000,7357.0200,1471.4000,3342.5400,0.0000,0.0000,0.0000,0.0000,0.0000,0.0000,0.0000,1.0000,3342.5400,1.0000,1.0000,48.9100,0.0146,85.3400,0.0000,2.0000,1.0000,2.0000,0.0000,0,正常报名
5.0000,2.0000,1.0000,14410.0195,2401.6699,3457.0901,3.0000,3.0000,0.6000,0.6000,14693.1152,0.0000,0.0000,3.0000,3457.0901,1.0000,1.0000,561.2600,0.1624,490.2600,0.0000,4.0000,3.0000,2.0000,0.0000,1,极高退费率
11.0000,0.0000,0.0000,2710.5901,677.6500,4328.1499,9.0000,9.0000,0.8182,0.8182,10381.9629,0.0000,0.0000,1.0000,4328.1499,1.0000,1.0000,329.2900,0.0761,670.5700,0.0000,3.0000,1.0000,1.0000,0.0000,1,极高退费率
11.0000,2.0000,2.0000,7863.6001,714.8700,3360.1799,0.0000,0.0000,0.0000,0.0000,0.0000,0.0000,0.0000,1.0000,3360.1799,1.0000,1.0000,86.2100,0.0257,849.0900,0.0000,5.0000,1.0000,1.0000,0.0000,0,正常报名
4.0000,1.0000,0.0000,3313.7900,828.4500,4003.2200,0.0000,0.0000,0.0000,0.0000,0.0000,0.0000,0.0000,3.0000,4003.2200,1.0000,1.0000,533.9000,0.1334,1369.1600,0.0000,2.0000,3.0000,2.0000,0.0000,0,正常报名
3.0000,2.0000,2.0000,2528.2700,842.7600,2443.7200,0.0000,0.0000,0.0000,0.0000,0.0000,0.0000,0.0000,2.0000,2443.7200,1.0000,1.0000,367.7800,0.1505,1443.6600,0.0000,3.0000,2.0000,2.0000,0.0000,0,正常报名
3.0000,2.0000,1.0000,7791.9502,2597.3201,54564.0430,0.0000,0.0000,0.0000,0.0000,0.0000,1.0000,0.0000,2.0000,54564.0430,1.0000,1.0000,127.3600,0.1094,1697.5000,0.0000,1.0000,2.0000,1.0000,0.0000,1,超高金额报名
4.0000,2.0000,1.0000,7253.3198,1813.3300,2625.7000,1.0000,1.0000,0.2500,0.2500,921.7700,0.0000,0.0000,3.0000,2625.7000,1.0000,1.0000,316.4000,0.1205,104.0600,0.0000,2.0000,3.0000,2.0000,0.0000,0,正常报名
11.0000,2.0000,0.0000,17476.4707,1588.7700,2731.0801,0.0000,0.0000,0.0000,0.0000,0.0000,0.0000,0.0000,3.0000,2731.0801,1.0000,1.0000,339.3600,0.1243,814.6100,0.0000,2.0000,3.0000,2.0000,0.0000,0,正常报名
2.0000,2.0000,2.0000,5399.4600,2699.7300,58117.7656,0.0000,0.0000,0.0000,0.0000,0.0000,1.0000,0.0000,1.0000,58117.7656,1.0000,1.0000,77.1600,0.0232,1799.4000,0.0000,2.0000,1.0000,1.0000,0.0000,1,超高金额报名
7.0000,1.0000,0.0000,14430.0898,2061.4399,4400.1001,0.0000,1.0000,0.0000,0.0000,0.0000,0.0000,0.0000,3.0000,2365.0359,1.0000,1.0000,435.0100,0.0989,623.5479,0.0000,1.0000,3.0000,2.0000,0.0000,0,正常退费
1.0000,1.0000,0.0000,1643.8600,1643.8600,3655.8401,0.0000,0.0000,0.0000,0.0000,0.0000,0.0000,0.0000,1.0000,3655.8401,1.0000,1.0000,584.2800,0.1598,256.3400,0.0000,1.0000,1.0000,1.0000,0.0000,0,正常报名
7.0000,3.0000,2.0000,29664.0391,2472.0000,4716.3198,7.0000,7.0000,1.0000,1.0000,21214.8711,1.0000,0.0000,3.0000,2309.3101,1.0000,1.0000,235.2400,0.1019,1345.5500,0.0000,3.0000,3.0000,2.0000,0.0000,1,极高退费率
2.0000,0.0000,0.0000,5742.1802,2871.0901,5595.8701,0.0000,1.0000,0.0000,0.0000,0.0000,1.0000,0.0000,2.0000,6303.9897,1.0000,1.0000,43.1700,0.0673,1.2370,0.0000,2.0000,2.0000,1.0000,1.0000,1,零学时大额退费
2.0000,2.0000,2.0000,772.9100,386.4600,2736.4900,0.0000,0.0000,0.0000,0.0000,0.0000,0.0000,0.0000,2.0000,2736.4900,1.0000,1.0000,238.7000,0.0872,935.1500,0.0000,1.0000,2.0000,2.0000,0.0000,0,正常报名
3.0000,3.0000,0.0000,5006.3198,1668.7700,3637.6699,0.0000,0.0000,0.0000,0.0000,0.0000,0.0000,0.0000,2.0000,2202.3701,1.0000,1.0000,333.8800,0.1516,1749.9600,0.0000,2.0000,2.0000,2.0000,0.0000,0,正常报名
4.0000,2.0000,2.0000,7690.5200,1922.6300,2253.7700,0.0000,1.0000,0.0000,0.0000,0.0000,0.0000,0.0000,2.0000,2381.9229,1.0000,1.0000,102.0700,0.0536,562.3704,0.0000,1.0000,2.0000,2.0000,0.0000,0,正常退费
10.0000,4.0000,2.0000,20552.0391,2055.2000,3161.0400,0.0000,0.0000,0.0000,0.0000,0.0000,0.0000,0.0000,1.0000,2988.9399,1.0000,1.0000,442.9100,0.1482,301.7500,0.0000,2.0000,1.0000,2.0000,0.0000,0,正常报名
4.0000,3.0000,2.0000,13519.5596,3379.8899,4028.8899,0.0000,0.0000,0.0000,0.0000,0.0000,0.0000,0.0000,1.0000,22394.6992,1.0000,1.0000,212.9900,0.1305,1657.7200,0.0000,1.0000,1.0000,1.0000,1.0000,1,新设备大额报名
8.0000,1.0000,0.0000,16693.3398,2086.6699,4552.9600,0.0000,0.0000,0.0000,0.0000,0.0000,0.0000,0.0000,2.0000,1418.2100,1.0000,1.0000,121.7800,0.0859,577.3800,0.0000,5.0000,2.0000,2.0000,0.0000,0,正常报名
5.0000,1.0000,0.0000,9428.6699,1885.7300,4148.4102,0.0000,0.0000,0.0000,0.0000,0.0000,0.0000,0.0000,2.0000,4148.4102,1.0000,1.0000,471.0000,0.1135,1876.5300,0.0000,4.0000,2.0000,2.0000,0.0000,0,正常报名
3.0000,0.0000,0.0000,5693.9302,1897.9800,3995.4399,0.0000,1.0000,0.0000,0.0000,0.0000,0.0000,0.0000,1.0000,2967.8757,1.0000,1.0000,334.6000,0.0837,3.6406,0.0000,2.0000,1.0000,2.0000,0.0000,1,零学时大额退费
9.0000,2.0000,0.0000,8953.2998,994.8100,2268.7700,0.0000,0.0000,0.0000,0.0000,0.0000,0.0000,0.0000,2.0000,2268.7700,1.0000,1.0000,356.5700,0.1572,1673.7700,0.0000,4.0000,2.0000,1.0000,0.0000,0,正常报名
8.0000,2.0000,1.0000,6155.0000,769.3700,1611.5400,6.0000,3.0000,0.7500,0.3750,17990.6797,0.0000,0.0000,3.0000,1526.1000,1.0000,1.0000,106.9000,0.0700,1290.2900,0.0000,4.0000,3.0000,1.0000,0.0000,1,连环退费
4.0000,0.0000,0.0000,6223.5601,1555.8900,3652.9199,0.0000,0.0000,0.0000,0.0000,0.0000,0.0000,0.0000,1.0000,0.0000,0.0000,0.0000,0.0000,0.0000,0.0000,0.0000,1.0000,1.0000,1.0000,0.0000,0,正常学历认证
9.0000,3.0000,0.0000,11887.5996,1320.8400,2205.3000,0.0000,1.0000,0.0000,0.0000,0.0000,0.0000,0.0000,2.0000,3989.2861,1.0000,1.0000,92.5300,0.0936,0.7100,0.0000,3.0000,2.0000,2.0000,1.0000,1,零学时大额退费
9.0000,5.0000,1.0000,15244.4404,1693.8300,1819.6700,0.0000,0.0000,0.0000,0.0000,0.0000,0.0000,0.0000,2.0000,1291.3500,1.0000,1.0000,131.0800,0.1015,1748.8700,0.0000,2.0000,2.0000,1.0000,1.0000,0,正常报名
12.0000,1.0000,1.0000,24392.0195,3484.5701,3605.5901,8.0000,8.0000,0.6667,0.6667,19867.4375,0.0000,0.0000,3.0000,1062.0200,1.0000,1.0000,84.7000,0.0798,992.6700,0.0000,5.0000,3.0000,1.0000,0.0000,1,极高退费率
7.0000,2.0000,2.0000,12872.8496,1838.9800,2550.9199,0.0000,0.0000,0.0000,0.0000,0.0000,0.0000,0.0000,3.0000,763.6300,1.0000,1.0000,119.4200,0.1564,444.7400,0.0000,1.0000,3.0000,2.0000,0.0000,0,正常报名
8.0000,0.0000,0.0000,40115.6094,3342.9700,5132.5200,5.0000,6.0000,0.6250,0.7500,21966.1777,0.0000,0.0000,1.0000,4091.1499,1.0000,1.0000,595.5200,0.1456,1193.1600,0.0000,1.0000,1.0000,2.0000,0.0000,1,连环退费
10.0000,1.0000,1.0000,4433.5000,1477.8300,2873.1399,4.0000,6.0000,0.4000,0.6000,21336.6465,0.0000,0.0000,1.0000,2873.1399,1.0000,1.0000,233.8900,0.0814,2065.8899,0.0000,3.0000,1.0000,1.0000,0.0000,1,连环退费
3.0000,3.0000,2.0000,9604.0996,3201.3701,4517.8301,0.0000,0.0000,0.0000,0.0000,0.0000,0.0000,0.0000,3.0000,1955.5699,1.0000,1.0000,311.4200,0.1592,1124.2800,0.0000,3.0000,3.0000,1.0000,0.0000,0,正常报名
3.0000,1.0000,1.0000,4280.5098,1426.8400,2906.3601,0.0000,0.0000,0.0000,0.0000,0.0000,0.0000,0.0000,3.0000,2906.3601,1.0000,1.0000,432.9400,0.1490,1520.9000,0.0000,2.0000,3.0000,1.0000,1.0000,0,正常报名
8.0000,4.0000,1.0000,11326.7598,1415.8500,1832.1700,0.0000,0.0000,0.0000,0.0000,0.0000,0.0000,0.0000,2.0000,1832.1700,1.0000,1.0000,44.8200,0.0245,1089.8101,0.0000,1.0000,2.0000,2.0000,0.0000,0,正常报名
3.0000,2.0000,1.0000,8411.1396,2803.7100,4357.8198,0.0000,0.0000,0.0000,0.0000,0.0000,1.0000,0.0000,3.0000,920.3000,1.0000,1.0000,127.2700,0.1383,447.4200,0.0000,1.0000,3.0000,1.0000,0.0000,0,正常报名
6.0000,4.0000,2.0000,37363.1602,3113.6001,3236.5100,4.0000,6.0000,0.6667,1.0000,21087.2871,0.0000,0.0000,3.0000,2483.6299,1.0000,1.0000,338.8900,0.1365,1356.4800,0.0000,2.0000,3.0000,1.0000,0.0000,1,连环退费
1.0000,0.0000,0.0000,3145.4700,3145.4700,6076.6699,0.0000,0.0000,0.0000,0.0000,0.0000,0.0000,0.0000,3.0000,0.0000,0.0000,0.0000,0.0000,0.0000,0.0000,0.0000,1.0000,3.0000,2.0000,0.0000,0,正常学历认证
6.0000,2.0000,0.0000,15673.4102,2612.2400,3096.8000,0.0000,0.0000,0.0000,0.0000,0.0000,0.0000,0.0000,3.0000,2600.5701,1.0000,1.0000,330.3000,0.1270,1087.4399,0.0000,1.0000,3.0000,2.0000,0.0000,0,正常报名
1.0000,1.0000,1.0000,910.0400,910.0400,3021.5701,0.0000,0.0000,0.0000,0.0000,0.0000,0.0000,0.0000,3.0000,3021.5701,1.0000,1.0000,220.7800,0.0731,1969.2700,0.0000,1.0000,3.0000,2.0000,0.0000,0,正常报名
7.0000,2.0000,2.0000,16662.5195,2380.3601,3494.3000,0.0000,0.0000,0.0000,0.0000,0.0000,0.0000,0.0000,1.0000,551.5800,1.0000,1.0000,49.8500,0.0904,991.7700,0.0000,3.0000,1.0000,1.0000,1.0000,0,正常报名
10.0000,2.0000,0.0000,22683.5605,2268.3601,3883.6899,0.0000,0.0000,0.0000,0.0000,0.0000,0.0000,0.0000,1.0000,3132.1799,1.0000,1.0000,444.1000,0.1418,967.7400,0.0000,2.0000,1.0000,2.0000,0.0000,0,正常报名
6.0000,1.0000,0.0000,7829.1802,1304.8600,3452.3899,0.0000,0.0000,0.0000,0.0000,0.0000,1.0000,0.0000,2.0000,3452.3899,1.0000,1.0000,368.8400,0.1068,1241.5900,0.0000,2.0000,2.0000,2.0000,0.0000,0,正常报名
9.0000,5.0000,2.0000,18392.8398,2043.6500,4002.3999,0.0000,1.0000,0.0000,0.0000,0.0000,0.0000,0.0000,2.0000,1227.2568,1.0000,1.0000,94.0100,0.0464,1428.7959,0.0000,5.0000,2.0000,1.0000,1.0000,0,正常退费
5.0000,3.0000,1.0000,17335.9395,3467.1899,6264.1602,0.0000,0.0000,0.0000,0.0000,0.0000,0.0000,0.0000,2.0000,1131.0100,1.0000,1.0000,88.0000,0.0778,1603.0699,0.0000,1.0000,2.0000,2.0000,1.0000,0,正常报名
11.0000,3.0000,2.0000,16583.6797,1507.6100,3822.6001,0.0000,0.0000,0.0000,0.0000,0.0000,0.0000,0.0000,2.0000,3822.6001,1.0000,1.0000,177.7100,0.0465,1367.3300,0.0000,3.0000,2.0000,1.0000,0.0000,0,正常报名
11.0000,5.0000,1.0000,30011.9609,2728.3601,5322.8501,0.0000,0.0000,0.0000,0.0000,0.0000,0.0000,0.0000,2.0000,3525.3899,1.0000,1.0000,453.3000,0.1286,868.2000,0.0000,4.0000,2.0000,2.0000,1.0000,0,正常报名
5.0000,3.0000,0.0000,13044.8203,2608.9600,4582.9902,0.0000,0.0000,0.0000,0.0000,0.0000,0.0000,0.0000,2.0000,0.0000,0.0000,0.0000,0.0000,0.0000,0.0000,0.0000,2.0000,2.0000,2.0000,0.0000,0,正常学历认证
10.0000,3.0000,0.0000,27976.5605,2797.6599,5686.5498,0.0000,0.0000,0.0000,0.0000,0.0000,1.0000,0.0000,3.0000,4190.3501,1.0000,1.0000,370.6400,0.0885,83.3900,0.0000,4.0000,3.0000,2.0000,0.0000,0,正常报名
2.0000,2.0000,1.0000,1973.2000,986.6000,4150.4800,0.0000,0.0000,0.0000,0.0000,0.0000,0.0000,0.0000,2.0000,4150.4800,1.0000,1.0000,15.3300,0.0037,727.6500,0.0000,1.0000,2.0000,1.0000,0.0000,0,正常报名
10.0000,4.0000,0.0000,12589.2500,1258.9200,2711.3501,1.0000,1.0000,0.1000,0.1000,900.7300,0.0000,0.0000,3.0000,1660.6801,1.0000,1.0000,178.3300,0.1074,2038.2800,0.0000,5.0000,3.0000,1.0000,0.0000,0,正常报名
6.0000,3.0000,0.0000,8311.1299,1385.1899,2800.7700,0.0000,1.0000,0.0000,0.0000,0.0000,0.0000,0.0000,1.0000,3409.4753,1.0000,1.0000,43.0500,0.0581,1404.3408,0.0000,2.0000,1.0000,2.0000,0.0000,0,正常退费
2.0000,1.0000,1.0000,875.6200,437.8100,3249.4900,0.0000,0.0000,0.0000,0.0000,0.0000,0.0000,0.0000,1.0000,3249.4900,1.0000,1.0000,550.0200,0.1693,1587.7600,0.0000,2.0000,1.0000,9.0000,0.0000,1,同设备多账号
3.0000,2.0000,0.0000,6200.9199,2066.9700,4199.0200,0.0000,0.0000,0.0000,0.0000,0.0000,0.0000,0.0000,1.0000,2211.9500,1.0000,1.0000,393.5800,0.1779,800.7200,0.0000,1.0000,1.0000,2.0000,0.0000,0,正常报名
3.0000,1.0000,1.0000,6266.1802,2088.7300,3744.4500,0.0000,0.0000,0.0000,0.0000,0.0000,0.0000,0.0000,2.0000,0.0000,0.0000,0.0000,0.0000,0.0000,0.0000,0.0000,1.0000,2.0000,1.0000,1.0000,0,正常学历认证
3.0000,1.0000,1.0000,9148.7803,3049.5901,4676.7202,0.0000,1.0000,0.0000,0.0000,0.0000,0.0000,0.0000,1.0000,6039.6060,1.0000,1.0000,90.6400,0.0967,0.3350,0.0000,3.0000,1.0000,2.0000,0.0000,1,零学时大额退费
12.0000,0.0000,0.0000,39558.3281,3296.5300,4454.1699,0.0000,0.0000,0.0000,0.0000,0.0000,0.0000,0.0000,2.0000,3164.2300,1.0000,1.0000,522.6100,0.1652,51.0400,0.0000,3.0000,2.0000,2.0000,0.0000,0,正常报名
1.0000,1.0000,1.0000,1585.5601,1585.5601,2455.6201,0.0000,0.0000,0.0000,0.0000,0.0000,0.0000,0.0000,3.0000,2455.6201,1.0000,1.0000,73.2500,0.0298,503.7500,0.0000,1.0000,3.0000,2.0000,0.0000,0,正常报名
7.0000,0.0000,0.0000,20329.7598,2904.2500,3156.9199,0.0000,0.0000,0.0000,0.0000,0.0000,0.0000,0.0000,2.0000,5570.7661,1.0000,1.0000,68.7400,0.0753,1308.5601,1.0000,5.0000,2.0000,2.0000,0.0000,0,凌晨大额标记
4.0000,5.0000,0.0000,22061.3691,1838.4500,3287.1499,2.0000,2.0000,0.5000,0.5000,27210.8262,0.0000,0.0000,3.0000,2221.6699,1.0000,1.0000,325.5500,0.1465,1545.9301,1.0000,2.0000,3.0000,2.0000,0.0000,1,极高退费率
3.0000,3.0000,1.0000,4929.7900,1643.2600,2077.0500,0.0000,0.0000,0.0000,0.0000,0.0000,0.0000,0.0000,2.0000,7748.8315,1.0000,1.0000,78.8200,0.1329,2072.1799,1.0000,1.0000,2.0000,2.0000,0.0000,0,凌晨大额标记
10.0000,1.0000,1.0000,8817.3701,801.5800,4114.6899,7.0000,8.0000,0.7000,0.8000,20976.9824,0.0000,0.0000,1.0000,4114.6899,1.0000,1.0000,658.5300,0.1600,871.0000,0.0000,4.0000,1.0000,1.0000,0.0000,1,连环退费
10.0000,4.0000,2.0000,9662.8701,1380.4100,2585.7700,5.0000,5.0000,0.5000,0.5000,6402.6621,0.0000,0.0000,2.0000,2585.7700,1.0000,1.0000,401.5300,0.1553,1270.0500,0.0000,2.0000,2.0000,1.0000,0.0000,1,极高退费率
6.0000,4.0000,2.0000,7928.2402,1321.3700,2358.8899,0.0000,0.0000,0.0000,0.0000,0.0000,0.0000,0.0000,2.0000,5947.5752,1.0000,1.0000,172.1500,0.0887,252.9500,1.0000,5.0000,2.0000,2.0000,0.0000,0,凌晨大额标记
8.0000,1.0000,1.0000,21443.6699,2680.4600,5201.3301,1.0000,1.0000,0.1250,0.1250,1135.2500,0.0000,0.0000,3.0000,3391.6826,1.0000,1.0000,117.9400,0.1160,1740.6552,0.0000,3.0000,3.0000,2.0000,1.0000,0,正常退费
7.0000,5.0000,1.0000,8962.8301,1280.4000,1910.7600,0.0000,0.0000,0.0000,0.0000,0.0000,0.0000,0.0000,2.0000,9009.7490,1.0000,1.0000,304.8700,0.1774,2316.9500,1.0000,4.0000,2.0000,1.0000,0.0000,0,凌晨大额标记
11.0000,3.0000,1.0000,17622.8203,1602.0699,3005.1299,0.0000,1.0000,0.0000,0.0000,0.0000,0.0000,0.0000,1.0000,2806.2751,1.0000,1.0000,38.2100,0.0165,186.7014,0.0000,5.0000,1.0000,1.0000,0.0000,0,正常退费
3.0000,1.0000,0.0000,6632.5601,2210.8501,4072.8501,0.0000,1.0000,0.0000,0.0000,0.0000,0.0000,0.0000,1.0000,3482.5183,1.0000,1.0000,269.2200,0.0748,1247.7979,0.0000,3.0000,1.0000,2.0000,0.0000,0,正常退费
4.0000,3.0000,0.0000,6451.5801,716.8400,2917.1899,2.0000,2.0000,0.5000,0.5000,29470.2695,0.0000,0.0000,3.0000,2917.1899,1.0000,1.0000,33.4400,0.0115,1582.0000,0.0000,1.0000,3.0000,2.0000,0.0000,0,极高退费率
11.0000,3.0000,2.0000,17255.7891,1568.7100,3396.4299,0.0000,0.0000,0.0000,0.0000,0.0000,1.0000,0.0000,1.0000,6007.8198,1.0000,1.0000,58.9400,0.1784,1619.8000,1.0000,1.0000,1.0000,1.0000,0.0000,0,凌晨大额标记
8.0000,4.0000,1.0000,3453.5000,431.6900,1078.1700,0.0000,0.0000,0.0000,0.0000,0.0000,0.0000,0.0000,2.0000,1078.1700,1.0000,1.0000,147.0300,0.1364,1537.3600,0.0000,4.0000,2.0000,2.0000,0.0000,0,正常报名
10.0000,4.0000,0.0000,7415.2500,1853.8101,2505.0601,6.0000,6.0000,0.6000,0.6000,11779.6016,0.0000,0.0000,1.0000,2505.0601,1.0000,1.0000,97.1200,0.0388,362.9300,0.0000,2.0000,1.0000,1.0000,0.0000,1,极高退费率
9.0000,2.0000,0.0000,17293.8398,1921.5400,3488.4199,0.0000,0.0000,0.0000,0.0000,0.0000,0.0000,0.0000,2.0000,650.4800,1.0000,1.0000,98.9100,0.1521,1787.4100,0.0000,4.0000,2.0000,1.0000,0.0000,0,正常报名
5.0000,4.0000,0.0000,10989.6602,2197.9299,45280.8008,0.0000,0.0000,0.0000,0.0000,0.0000,0.0000,0.0000,3.0000,45280.8008,1.0000,1.0000,74.4800,0.0752,1754.8400,0.0000,4.0000,3.0000,1.0000,0.0000,1,超高金额报名
4.0000,2.0000,2.0000,8701.6504,2175.4099,2974.3101,0.0000,1.0000,0.0000,0.0000,0.0000,0.0000,0.0000,2.0000,536.6473,1.0000,1.0000,242.7300,0.1767,1119.0079,0.0000,4.0000,2.0000,2.0000,0.0000,0,正常退费
5.0000,1.0000,0.0000,7351.2100,1470.2400,1637.3300,0.0000,0.0000,0.0000,0.0000,0.0000,0.0000,0.0000,1.0000,1151.0900,1.0000,1.0000,23.4200,0.0203,642.0700,0.0000,1.0000,1.0000,1.0000,0.0000,0,正常报名
1.0000,0.0000,0.0000,2538.3701,2538.3701,5281.5698,0.0000,0.0000,0.0000,0.0000,0.0000,0.0000,0.0000,1.0000,1097.3600,1.0000,1.0000,55.1900,0.0503,1051.5601,0.0000,1.0000,1.0000,15.0000,0.0000,1,同设备多账号
3.0000,3.0000,2.0000,2462.4800,820.8300,2339.6201,0.0000,0.0000,0.0000,0.0000,0.0000,0.0000,0.0000,2.0000,12320.0332,1.0000,1.0000,96.2200,0.0411,456.0200,0.0000,2.0000,2.0000,1.0000,1.0000,0,新设备大额报名
9.0000,1.0000,0.0000,29034.9805,3226.1101,5317.7202,0.0000,1.0000,0.0000,0.1111,0.0000,0.0000,0.0000,3.0000,7976.9824,1.0000,1.0000,557.6800,0.1769,178.0100,1.0000,5.0000,3.0000,2.0000,0.0000,0,凌晨大额标记
8.0000,2.0000,2.0000,19012.8105,2376.6001,4855.4800,0.0000,0.0000,0.0000,0.0000,0.0000,0.0000,0.0000,3.0000,13292.2871,1.0000,1.0000,61.6900,0.0515,1216.0500,0.0000,2.0000,3.0000,3.0000,1.0000,1,新设备大额报名
1.0000,0.0000,0.0000,2164.5801,2164.5801,2393.9900,0.0000,0.0000,0.0000,0.0000,0.0000,0.0000,0.0000,3.0000,2330.4800,1.0000,1.0000,382.5000,0.1641,1362.2400,0.0000,1.0000,3.0000,12.0000,1.0000,1,同设备多账号
1.0000,1.0000,0.0000,371.5300,371.5300,1639.0500,0.0000,0.0000,0.0000,0.0000,0.0000,0.0000,0.0000,1.0000,27425.4863,1.0000,1.0000,28.4900,0.0174,2375.5500,0.0000,1.0000,1.0000,2.0000,1.0000,0,新设备大额报名
3.0000,2.0000,2.0000,6375.8599,2125.2900,2730.8601,0.0000,0.0000,0.0000,0.0000,0.0000,0.0000,0.0000,1.0000,870.8700,1.0000,1.0000,6.1700,0.0071,1844.5699,0.0000,1.0000,1.0000,8.0000,0.0000,1,同设备多账号
4.0000,0.0000,0.0000,7960.2402,1990.0601,2481.0601,0.0000,0.0000,0.0000,0.0000,0.0000,0.0000,0.0000,2.0000,1251.4399,1.0000,1.0000,130.1700,0.1040,723.6200,0.0000,4.0000,2.0000,2.0000,1.0000,0,正常报名
7.0000,0.0000,0.0000,5259.2300,751.3200,1138.1700,0.0000,1.0000,0.0000,0.0000,0.0000,0.0000,0.0000,2.0000,2716.6943,1.0000,1.0000,84.1700,0.1293,935.5406,0.0000,5.0000,2.0000,2.0000,0.0000,0,正常退费
1.0000,0.0000,0.0000,849.5500,849.5500,2079.5801,0.0000,0.0000,0.0000,0.0000,0.0000,0.0000,0.0000,1.0000,0.0000,0.0000,0.0000,0.0000,0.0000,0.0000,0.0000,1.0000,1.0000,2.0000,1.0000,0,正常学历认证
2.0000,0.0000,0.0000,2138.7700,1069.3900,2731.3201,0.0000,1.0000,0.0000,0.0000,0.0000,0.0000,0.0000,3.0000,938.0142,1.0000,1.0000,454.0900,0.1663,1561.7043,1.0000,1.0000,3.0000,1.0000,0.0000,0,正常退费
1.0000,0.0000,0.0000,1693.0200,1693.0200,2222.2100,0.0000,0.0000,0.0000,0.0000,0.0000,0.0000,0.0000,3.0000,0.0000,0.0000,0.0000,0.0000,0.0000,0.0000,0.0000,1.0000,3.0000,1.0000,0.0000,0,正常学历认证
8.0000,1.0000,0.0000,16061.5400,2007.6899,3653.2400,0.0000,0.0000,0.0000,0.0000,0.0000,0.0000,0.0000,2.0000,772.5700,1.0000,1.0000,43.1500,0.0558,840.0800,0.0000,2.0000,2.0000,2.0000,0.0000,0,正常报名
9.0000,1.0000,0.0000,4506.8599,500.7600,753.6400,0.0000,0.0000,0.0000,0.0000,0.0000,0.0000,0.0000,3.0000,716.5400,1.0000,1.0000,90.3000,0.1260,781.4400,0.0000,4.0000,3.0000,2.0000,0.0000,0,正常报名
8.0000,0.0000,0.0000,5161.9800,645.2500,2123.2200,0.0000,1.0000,0.0000,0.1250,0.0000,0.0000,0.0000,3.0000,6551.6133,1.0000,1.0000,331.7700,0.1563,4.1049,0.0000,1.0000,3.0000,1.0000,0.0000,1,零学时大额退费
3.0000,0.0000,0.0000,7582.4600,2527.4900,5545.9702,0.0000,1.0000,0.0000,0.0000,0.0000,1.0000,0.0000,3.0000,1210.3165,1.0000,1.0000,30.8800,0.0129,1019.6061,0.0000,3.0000,3.0000,2.0000,0.0000,0,正常退费
8.0000,2.0000,2.0000,17573.6992,2196.7100,3018.1001,0.0000,0.0000,0.0000,0.0000,0.0000,0.0000,0.0000,2.0000,2628.2300,1.0000,1.0000,442.1700,0.1682,1051.8199,0.0000,4.0000,2.0000,1.0000,0.0000,0,正常报名
11.0000,1.0000,1.0000,32333.0098,2939.3601,5939.7900,0.0000,0.0000,0.0000,0.0000,0.0000,0.0000,0.0000,2.0000,6157.6416,1.0000,1.0000,501.8400,0.1696,2384.5400,1.0000,3.0000,2.0000,2.0000,0.0000,0,凌晨大额标记
1.0000,1.0000,1.0000,1486.3800,1486.3800,2802.9399,0.0000,0.0000,0.0000,0.0000,0.0000,0.0000,4.0000,2.0000,0.0000,0.0000,0.0000,0.0000,0.0000,0.0000,0.0000,1.0000,2.0000,2.0000,0.0000,1,身份连续认证失败
1.0000,0.0000,0.0000,812.3500,812.3500,1396.6600,0.0000,0.0000,0.0000,0.0000,0.0000,0.0000,0.0000,2.0000,1396.6600,1.0000,1.0000,18.0900,0.0130,950.8700,0.0000,1.0000,2.0000,1.0000,0.0000,0,正常报名
1.0000,1.0000,1.0000,2103.0300,2103.0300,2283.2600,0.0000,0.0000,0.0000,0.0000,0.0000,0.0000,0.0000,3.0000,548.4600,1.0000,1.0000,37.0700,0.0676,1960.4700,0.0000,1.0000,3.0000,2.0000,0.0000,0,正常报名
10.0000,0.0000,0.0000,21681.7500,2168.1799,3490.2600,0.0000,0.0000,0.0000,0.0000,0.0000,0.0000,0.0000,2.0000,25427.6582,1.0000,1.0000,258.9700,0.0742,1526.8700,0.0000,2.0000,2.0000,2.0000,1.0000,1,新设备大额报名
7.0000,2.0000,2.0000,3804.1899,634.0300,4215.8101,4.0000,4.0000,0.5714,0.5714,7362.8633,0.0000,0.0000,3.0000,4215.8101,1.0000,1.0000,566.6000,0.1344,938.9400,0.0000,3.0000,3.0000,1.0000,0.0000,1,极高退费率
8.0000,4.0000,1.0000,7169.3599,896.1700,2077.5500,0.0000,1.0000,0.0000,0.0000,0.0000,1.0000,0.0000,1.0000,6596.6748,1.0000,1.0000,356.1200,0.1714,4.0194,0.0000,4.0000,1.0000,1.0000,0.0000,0,零学时大额退费
3.0000,1.0000,1.0000,4570.5298,1523.5100,1824.2800,0.0000,1.0000,0.0000,0.3333,0.0000,0.0000,0.0000,3.0000,901.0987,1.0000,1.0000,6.6600,0.0162,1779.4736,0.0000,3.0000,3.0000,1.0000,0.0000,0,正常退费
6.0000,2.0000,1.0000,18863.2598,3143.8799,3958.7300,0.0000,0.0000,0.0000,0.0000,0.0000,0.0000,0.0000,3.0000,3958.7300,1.0000,1.0000,305.5700,0.0772,2395.3000,0.0000,4.0000,3.0000,5.0000,0.0000,1,同设备多账号
8.0000,3.0000,1.0000,18794.1504,2349.2700,46957.8828,0.0000,0.0000,0.0000,0.0000,0.0000,1.0000,0.0000,3.0000,46957.8828,1.0000,1.0000,0.1100,0.0001,1394.9301,0.0000,1.0000,3.0000,1.0000,0.0000,1,超高金额报名
4.0000,4.0000,2.0000,3482.8401,870.7100,1345.8000,0.0000,0.0000,0.0000,0.0000,0.0000,0.0000,0.0000,2.0000,0.0000,0.0000,0.0000,0.0000,0.0000,0.0000,0.0000,3.0000,2.0000,1.0000,0.0000,0,正常学历认证
6.0000,1.0000,0.0000,3273.4500,545.5800,1943.6899,0.0000,0.0000,0.0000,0.0000,0.0000,0.0000,0.0000,1.0000,1943.6899,1.0000,1.0000,5.3500,0.0028,653.1300,0.0000,4.0000,1.0000,2.0000,1.0000,0,正常报名
14.0000,4.0000,1.0000,16631.9102,3326.3799,6790.9600,5.0000,5.0000,0.3571,0.3571,23725.3281,0.0000,0.0000,3.0000,1007.0200,1.0000,1.0000,38.9300,0.0387,1212.0000,1.0000,2.0000,3.0000,1.0000,1.0000,1,连环退费
9.0000,4.0000,0.0000,21577.9004,2397.5400,5172.5298,0.0000,0.0000,0.0000,0.0000,0.0000,0.0000,0.0000,2.0000,3875.2900,1.0000,1.0000,241.4800,0.0623,2253.1499,0.0000,3.0000,2.0000,1.0000,0.0000,0,正常报名
4.0000,0.0000,0.0000,3567.6699,891.9200,1632.7500,0.0000,1.0000,0.0000,0.2500,0.0000,0.0000,0.0000,1.0000,1632.7500,1.0000,1.0000,165.1700,0.1012,1546.2900,0.0000,2.0000,1.0000,1.0000,0.0000,0,正常报名
12.0000,1.0000,1.0000,31976.4492,2664.7000,4386.4502,0.0000,1.0000,0.0000,0.0000,0.0000,0.0000,0.0000,1.0000,1452.5361,1.0000,1.0000,659.6200,0.1504,1341.0934,0.0000,3.0000,1.0000,1.0000,0.0000,0,正常退费
6.0000,4.0000,1.0000,9323.5400,1553.9200,2823.2800,0.0000,1.0000,0.0000,0.0000,0.0000,0.0000,0.0000,1.0000,1255.0424,1.0000,1.0000,44.7100,0.0896,1744.9294,0.0000,1.0000,1.0000,1.0000,0.0000,0,正常退费
5.0000,5.0000,2.0000,6757.3999,1351.4800,2513.8401,0.0000,0.0000,0.0000,0.0000,0.0000,0.0000,0.0000,3.0000,1316.2100,1.0000,1.0000,186.9800,0.1421,2264.1599,0.0000,1.0000,3.0000,2.0000,0.0000,0,正常报名
1.0000,0.0000,0.0000,2100.7900,2100.7900,4351.9600,0.0000,0.0000,0.0000,0.0000,0.0000,0.0000,0.0000,1.0000,6767.6113,1.0000,1.0000,80.4500,0.0218,2374.8601,1.0000,1.0000,1.0000,1.0000,0.0000,0,凌晨大额标记
10.0000,2.0000,2.0000,5134.4800,513.4500,46291.2852,0.0000,0.0000,0.0000,0.0000,0.0000,1.0000,0.0000,2.0000,46291.2852,1.0000,1.0000,107.2500,0.1012,421.6200,0.0000,2.0000,2.0000,1.0000,0.0000,1,超高金额报名
6.0000,4.0000,2.0000,2045.8500,340.9800,942.5400,0.0000,0.0000,0.0000,0.0000,0.0000,0.0000,0.0000,2.0000,942.5400,1.0000,1.0000,76.0000,0.0806,1636.2500,0.0000,1.0000,2.0000,12.0000,0.0000,1,同设备多账号
12.0000,5.0000,1.0000,10007.3096,833.9400,4499.5400,0.0000,1.0000,0.0000,0.0000,0.0000,1.0000,0.0000,1.0000,2401.9160,1.0000,1.0000,307.8400,0.0684,0.4887,0.0000,1.0000,1.0000,1.0000,1.0000,1,零学时大额退费
8.0000,5.0000,1.0000,22233.6191,2779.2000,3462.2700,0.0000,0.0000,0.0000,0.0000,0.0000,1.0000,0.0000,1.0000,1964.1700,1.0000,1.0000,278.1900,0.1416,1312.3199,0.0000,4.0000,1.0000,2.0000,0.0000,0,正常报名
7.0000,3.0000,0.0000,12523.2900,1789.0400,3549.2800,0.0000,0.0000,0.0000,0.0000,0.0000,1.0000,0.0000,3.0000,9114.0615,1.0000,1.0000,64.5700,0.1078,1202.2200,1.0000,2.0000,3.0000,1.0000,0.0000,0,凌晨大额标记
12.0000,0.0000,0.0000,14630.7002,1219.2300,4441.6899,0.0000,0.0000,0.0000,0.0000,0.0000,0.0000,0.0000,1.0000,15784.9805,1.0000,1.0000,199.9100,0.0450,379.4100,0.0000,3.0000,1.0000,2.0000,1.0000,1,新设备大额报名
6.0000,4.0000,2.0000,17815.6094,2969.2700,5352.0298,0.0000,0.0000,0.0000,0.0000,0.0000,0.0000,0.0000,1.0000,23693.1562,1.0000,1.0000,761.2300,0.1793,2068.2800,0.0000,5.0000,1.0000,3.0000,1.0000,1,新设备大额报名
12.0000,5.0000,1.0000,5596.8999,466.4100,1221.0100,0.0000,0.0000,0.0000,0.0000,0.0000,0.0000,0.0000,2.0000,1221.0100,1.0000,1.0000,202.0100,0.1654,1278.3800,0.0000,3.0000,2.0000,1.0000,0.0000,0,正常报名
6.0000,2.0000,2.0000,2795.8799,465.9800,664.7700,0.0000,0.0000,0.0000,0.0000,0.0000,1.0000,0.0000,2.0000,664.7700,1.0000,1.0000,52.1500,0.0785,1173.6400,0.0000,4.0000,2.0000,1.0000,0.0000,0,正常报名
15.0000,0.0000,0.0000,12497.0703,2082.8401,3819.7300,7.0000,3.0000,0.4667,0.2000,14754.1025,0.0000,0.0000,3.0000,3711.9399,1.0000,1.0000,531.3300,0.1431,1215.2400,0.0000,4.0000,3.0000,1.0000,1.0000,1,连环退费
11.0000,4.0000,2.0000,21932.5293,1993.8700,2866.7100,0.0000,0.0000,0.0000,0.0000,0.0000,0.0000,0.0000,2.0000,391.3900,1.0000,1.0000,50.1300,0.1281,2260.5100,0.0000,3.0000,2.0000,1.0000,0.0000,0,正常报名
6.0000,4.0000,0.0000,11752.6699,1958.7800,3158.5601,0.0000,0.0000,0.0000,0.0000,0.0000,0.0000,0.0000,2.0000,8286.1426,1.0000,1.0000,547.8200,0.1734,947.4500,1.0000,1.0000,2.0000,2.0000,0.0000,0,凌晨大额标记
11.0000,0.0000,0.0000,11094.8701,1008.6200,2248.1599,0.0000,0.0000,0.0000,0.0000,0.0000,0.0000,0.0000,2.0000,15971.8281,1.0000,1.0000,309.4100,0.1376,1365.8400,0.0000,4.0000,2.0000,1.0000,1.0000,1,新设备大额报名
12.0000,3.0000,1.0000,11913.7100,992.8100,2172.9600,0.0000,0.0000,0.0000,0.0000,0.0000,0.0000,2.0000,1.0000,0.0000,0.0000,0.0000,0.0000,0.0000,0.0000,0.0000,2.0000,1.0000,2.0000,0.0000,1,身份连续认证失败
8.0000,3.0000,2.0000,25734.8691,3216.8601,5313.7402,0.0000,0.0000,0.0000,0.0000,0.0000,0.0000,0.0000,1.0000,417.3000,1.0000,1.0000,32.7100,0.0784,614.6900,0.0000,1.0000,1.0000,1.0000,0.0000,0,正常报名
8.0000,5.0000,1.0000,13908.8096,1738.6000,4301.4199,0.0000,0.0000,0.0000,0.0000,0.0000,0.0000,0.0000,3.0000,4301.4199,1.0000,1.0000,681.6900,0.1585,1022.2500,0.0000,3.0000,3.0000,1.0000,0.0000,0,正常报名
11.0000,2.0000,1.0000,12804.6299,1164.0601,2456.2600,0.0000,1.0000,0.0000,0.0000,0.0000,0.0000,0.0000,2.0000,3259.6494,1.0000,1.0000,43.0700,0.1275,566.3753,0.0000,4.0000,2.0000,1.0000,0.0000,0,正常退费
3.0000,3.0000,0.0000,9620.8398,3206.9500,6420.7500,0.0000,0.0000,0.0000,0.0000,0.0000,0.0000,0.0000,1.0000,3950.5100,1.0000,1.0000,236.2200,0.0598,1129.8700,0.0000,1.0000,1.0000,2.0000,0.0000,0,正常报名
1.0000,0.0000,0.0000,359.6500,359.6500,1097.1801,0.0000,0.0000,0.0000,0.0000,0.0000,0.0000,0.0000,3.0000,1097.1801,1.0000,1.0000,57.6000,0.0525,2188.7300,0.0000,1.0000,3.0000,2.0000,0.0000,0,正常报名
6.0000,5.0000,2.0000,5337.6499,889.6100,4273.4102,0.0000,1.0000,0.0000,0.0000,0.0000,1.0000,0.0000,2.0000,2098.4556,1.0000,1.0000,421.2700,0.0986,1150.5251,0.0000,4.0000,2.0000,1.0000,1.0000,0,正常退费
12.0000,5.0000,2.0000,25254.8008,2104.5701,2472.3701,0.0000,0.0000,0.0000,0.0000,0.0000,0.0000,0.0000,2.0000,1861.1600,1.0000,1.0000,79.5200,0.0427,449.7600,0.0000,2.0000,2.0000,14.0000,1.0000,1,同设备多账号
10.0000,4.0000,1.0000,11385.9697,1138.6000,2272.6201,0.0000,1.0000,0.0000,0.0000,0.0000,0.0000,0.0000,1.0000,2110.7021,1.0000,1.0000,271.5600,0.1195,1.8442,0.0000,2.0000,1.0000,1.0000,0.0000,1,零学时大额退费
2.0000,1.0000,0.0000,1856.8800,928.4400,2148.7400,0.0000,0.0000,0.0000,0.0000,0.0000,0.0000,0.0000,3.0000,2148.7400,1.0000,1.0000,379.2600,0.1765,1964.9700,0.0000,1.0000,3.0000,2.0000,0.0000,0,正常报名
8.0000,3.0000,0.0000,6557.8999,596.1700,2995.3301,7.0000,8.0000,0.8750,1.0000,22724.4297,1.0000,0.0000,2.0000,2995.3301,1.0000,1.0000,298.1600,0.0995,1956.0100,0.0000,1.0000,2.0000,2.0000,0.0000,1,连环退费
10.0000,1.0000,0.0000,29830.7598,2983.0801,5707.4600,0.0000,0.0000,0.0000,0.0000,0.0000,0.0000,0.0000,1.0000,9150.6914,1.0000,1.0000,112.1100,0.0588,431.0100,1.0000,4.0000,1.0000,1.0000,0.0000,0,凌晨大额标记
5.0000,0.0000,0.0000,18104.5508,2263.0701,4924.8398,4.0000,5.0000,0.8000,1.0000,11488.6162,0.0000,0.0000,3.0000,4210.9199,1.0000,1.0000,254.1200,0.0603,287.6800,0.0000,2.0000,3.0000,1.0000,0.0000,1,连环退费
8.0000,3.0000,2.0000,11725.5996,1465.7000,2162.1201,0.0000,0.0000,0.0000,0.0000,0.0000,0.0000,0.0000,3.0000,1070.6300,1.0000,1.0000,71.4100,0.0667,678.8500,0.0000,1.0000,3.0000,2.0000,0.0000,0,正常报名
6.0000,2.0000,0.0000,9391.3604,1878.2700,2872.1201,6.0000,6.0000,1.0000,1.0000,27184.8496,0.0000,0.0000,1.0000,356.7600,1.0000,1.0000,1.8700,0.0053,36.2400,0.0000,4.0000,1.0000,1.0000,0.0000,1,极高退费率
6.0000,4.0000,0.0000,19449.8203,3241.6399,3877.7300,0.0000,0.0000,0.0000,0.0000,0.0000,0.0000,0.0000,1.0000,546.4100,1.0000,1.0000,22.3000,0.0408,930.4300,0.0000,1.0000,1.0000,9.0000,0.0000,1,同设备多账号
10.0000,0.0000,0.0000,21624.0293,2162.3999,4045.7600,0.0000,0.0000,0.0000,0.0000,0.0000,0.0000,4.0000,2.0000,0.0000,0.0000,0.0000,0.0000,0.0000,0.0000,0.0000,1.0000,2.0000,2.0000,0.0000,1,身份连续认证失败
1.0000,1.0000,0.0000,1015.4800,1015.4800,2934.3000,0.0000,0.0000,0.0000,0.0000,0.0000,0.0000,0.0000,2.0000,2934.3000,1.0000,1.0000,467.6600,0.1594,401.3000,0.0000,1.0000,2.0000,1.0000,0.0000,0,正常报名
3.0000,0.0000,0.0000,2046.2000,682.0700,3777.9099,0.0000,0.0000,0.0000,0.0000,0.0000,0.0000,0.0000,2.0000,3777.9099,1.0000,1.0000,581.4100,0.1539,1560.4301,0.0000,2.0000,2.0000,1.0000,0.0000,0,正常报名
5.0000,5.0000,2.0000,17272.5391,3454.5100,6303.7998,0.0000,0.0000,0.0000,0.0000,0.0000,0.0000,0.0000,2.0000,1200.9900,1.0000,1.0000,185.6000,0.1545,1010.8600,0.0000,4.0000,2.0000,2.0000,0.0000,0,正常报名
5.0000,1.0000,0.0000,15471.7695,3094.3501,3671.1201,0.0000,0.0000,0.0000,0.0000,0.0000,1.0000,0.0000,3.0000,21146.3398,1.0000,1.0000,50.7700,0.0141,1510.2800,0.0000,5.0000,3.0000,1.0000,1.0000,1,新设备大额报名
7.0000,3.0000,2.0000,7665.2900,1095.0400,3582.8101,0.0000,0.0000,0.0000,0.0000,0.0000,0.0000,0.0000,3.0000,3582.8101,1.0000,1.0000,326.6500,0.0912,1827.2500,0.0000,1.0000,3.0000,1.0000,0.0000,0,正常报名
2.0000,2.0000,1.0000,4997.6401,2498.8201,3191.7500,0.0000,0.0000,0.0000,0.0000,0.0000,0.0000,0.0000,3.0000,3191.7500,1.0000,1.0000,95.2800,0.0299,1399.8199,0.0000,1.0000,3.0000,5.0000,1.0000,1,同设备多账号
12.0000,4.0000,0.0000,5337.5498,444.8000,4264.5098,0.0000,1.0000,0.0000,0.0000,0.0000,0.0000,0.0000,1.0000,3279.6250,1.0000,1.0000,361.6200,0.0848,614.6432,0.0000,3.0000,1.0000,1.0000,0.0000,0,正常退费
7.0000,2.0000,0.0000,16445.3301,2349.3301,3531.0901,0.0000,0.0000,0.0000,0.0000,0.0000,0.0000,0.0000,1.0000,2085.2200,1.0000,1.0000,183.1700,0.0878,1765.3400,0.0000,5.0000,1.0000,1.0000,0.0000,0,正常报名
14.0000,4.0000,1.0000,16863.1504,1873.6801,2998.7300,5.0000,8.0000,0.3571,0.5714,14413.6729,0.0000,0.0000,1.0000,781.7900,1.0000,1.0000,99.9600,0.1279,1096.0601,0.0000,3.0000,1.0000,1.0000,0.0000,1,连环退费
11.0000,1.0000,0.0000,9177.9199,834.3600,1762.0601,0.0000,0.0000,0.0000,0.0000,0.0000,0.0000,0.0000,1.0000,7316.4653,1.0000,1.0000,64.3900,0.0365,1320.2300,1.0000,2.0000,1.0000,2.0000,0.0000,0,凌晨大额标记
14.0000,4.0000,0.0000,6587.6201,1646.9000,2811.5100,7.0000,11.0000,0.5000,0.7857,25354.2207,0.0000,0.0000,2.0000,423.6400,1.0000,1.0000,39.7200,0.0938,110.4900,1.0000,2.0000,2.0000,1.0000,0.0000,1,连环退费
