sample_id,source_work_order_id,label,scenario,supplier_risk_level,supplier_qualification_days,iqc_defect_rate,inventory_hold_flag,material_critical_flag,issue_over_bom_ratio,work_order_progress_ratio,scrap_rate,process_parameter_deviation,equipment_maintenance_overdue_days,equipment_calibration_overdue_days,equipment_alarm_flag,quality_hold_flag,shipment_release_gap_flag,customer_complaint_count_30d,complaint_claim_amount
MFG-S00001,WO0001,1,重复高额客户投诉,0.0,322.0,0.159298,0.0,1.0,0.776396,0.979647,0.007853,0.138818,0.0,0.0,0.0,0.0,0.0,3.0,22234.302734
MFG-S00002,WO0002,1,多维叠加高风险,1.0,-17.362906,0.0,1.0,1.0,1.336125,0.873009,0.000466,1.36165,2.577709,0.0,1.0,0.0,1.0,3.0,51367.449219
MFG-S00003,WO0003,0,正常生产,0.5,141.0,0.02,0.0,1.0,0.787457,0.888967,0.01215,0.101444,1.0,0.0,0.0,0.0,0.0,1.0,1264.292358
MFG-S00004,WO0004,1,未检关键物料领料并超BOM,0.0,172.0,0.0,1.0,1.0,1.445582,0.9701,0.140515,0.181992,0.0,0.0,0.0,0.0,0.0,1.0,127.577492
MFG-S00005,WO0005,1,关键参数越限且质量冻结发运,0.5,30.0,0.02,0.0,1.0,0.83137,0.890413,0.004237,1.605127,0.0,0.0,0.0,1.0,1.0,1.0,417.551208
MFG-S00006,WO0006,0,正常生产,0.5,30.0,0.0,0.0,1.0,0.783159,0.987488,0.023829,0.642964,0.0,0.0,0.0,0.0,0.0,0.0,1140.717529
MFG-S00007,WO0007,1,关键设备维护校准逾期并报警,0.5,200.0,0.02,0.0,1.0,0.767518,1.00842,0.059399,0.156128,33.42173,19.206364,1.0,0.0,0.0,1.0,1159.259644
MFG-S00008,WO0008,0,正常生产,0.5,110.0,0.0,0.0,0.0,0.956949,1.001325,0.023879,0.129153,0.0,1.0,0.0,0.0,0.0,0.0,1292.942627
MFG-S00009,WO0009,0,正常生产,0.0,322.0,0.02,0.0,1.0,1.015888,1.027452,0.013068,0.512619,0.0,1.0,0.0,0.0,0.0,1.0,558.919373
MFG-S00010,WO0010,0,正常生产,0.0,231.0,0.0,0.0,1.0,0.856713,0.854697,0.023994,0.698992,0.0,0.0,0.0,0.0,0.0,0.0,272.362915
MFG-S00011,WO0011,1,未检关键物料领料并超BOM,0.5,141.0,0.02,1.0,1.0,1.525856,0.876361,0.125,0.744882,0.0,0.0,0.0,0.0,0.0,1.0,812.857117
MFG-S00012,WO0012,0,正常生产,0.0,172.0,0.0,0.0,0.0,1.048315,0.911524,0.020091,0.564668,0.0,0.0,0.0,0.0,0.0,0.0,1425.467651
MFG-S00013,WO0013,1,关键设备维护校准逾期并报警,0.5,30.0,0.03,0.0,1.0,1.037486,1.025313,0.118095,0.640021,39.762554,26.347105,1.0,0.0,0.0,0.0,1025.447632
MFG-S00014,WO0014,0,正常生产,0.5,30.0,0.0,0.0,1.0,0.751522,0.910992,0.022359,0.668576,0.0,0.0,0.0,0.0,0.0,0.0,496.832367
MFG-S00015,WO0015,1,关键参数越限且质量冻结发运,0.5,200.0,0.02,0.0,1.0,0.77751,0.967181,0.016951,1.143998,1.0,0.0,0.0,1.0,1.0,0.0,478.119629
MFG-S00016,WO0016,0,正常生产,0.5,110.0,0.0,0.0,0.0,0.875161,0.850123,0.019256,0.243266,0.0,0.0,0.0,0.0,0.0,0.0,996.297119
MFG-S00017,WO0017,1,供应商资质过期与来料质量恶化,1.0,-47.838486,0.295518,0.0,1.0,0.801897,0.992723,0.006581,0.652034,0.0,0.0,0.0,0.0,0.0,0.0,43.471737
MFG-S00018,WO0018,1,关键设备维护校准逾期并报警,0.0,231.0,0.0,0.0,1.0,0.976973,0.98064,0.050474,0.082133,30.977304,38.736275,1.0,0.0,0.0,0.0,7.682249
MFG-S00019,WO0019,1,多维叠加高风险,1.0,-25.242079,0.03,1.0,1.0,1.214088,0.988171,0.019846,1.190914,4.657266,0.0,1.0,0.0,1.0,6.0,54092.007812
MFG-S00020,WO0020,1,多维叠加高风险,1.0,-29.068501,0.0,1.0,0.0,1.40908,0.880013,0.006098,1.173484,23.624214,1.0,1.0,0.0,1.0,6.0,54702.359375
MFG-S00021,WO0021,0,正常生产,0.5,30.0,0.02,0.0,1.0,0.764708,0.890799,0.014141,0.671249,0.0,1.0,0.0,0.0,0.0,0.0,1380.636353
MFG-S00022,WO0022,0,正常生产,0.5,30.0,0.0,0.0,1.0,0.987793,0.944727,0.019931,0.016554,0.0,0.0,0.0,0.0,0.0,0.0,1118.538208
MFG-S00023,WO0023,0,正常生产,0.5,200.0,0.02,0.0,1.0,1.039313,0.979329,0.010179,0.546469,0.0,0.0,0.0,0.0,0.0,0.0,232.047897
MFG-S00024,WO0024,0,正常生产,0.5,110.0,0.0,0.0,0.0,0.849096,0.865498,0.018751,0.669211,0.0,0.0,0.0,0.0,0.0,1.0,633.028015
MFG-S00025,WO0025,1,关键参数越限且质量冻结发运,0.0,322.0,0.02,0.0,1.0,0.789021,0.853929,0.004482,1.399676,0.0,0.0,0.0,1.0,1.0,0.0,1014.453369
MFG-S00026,WO0026,0,正常生产,0.0,231.0,0.03,0.0,1.0,0.959037,0.909562,0.019994,0.283705,0.0,0.0,0.0,0.0,0.0,0.0,75.119484
MFG-S00027,WO0027,0,正常生产,0.5,141.0,0.02,0.0,1.0,0.936481,0.869153,0.020236,0.139466,1.0,0.0,0.0,0.0,0.0,0.0,919.385315
MFG-S00028,WO0028,0,正常生产,0.0,172.0,0.0,0.0,0.0,1.015077,0.968225,0.002591,0.177349,0.0,0.0,0.0,0.0,0.0,1.0,1187.635864
MFG-S00029,WO0029,1,多维叠加高风险,1.0,-6.990117,0.02,1.0,1.0,1.243611,0.914214,0.008317,1.672097,8.743874,0.0,1.0,0.0,1.0,4.0,13674.476562
MFG-S00030,WO0030,1,重复高额客户投诉,0.5,30.0,0.112774,0.0,1.0,1.017345,0.90873,0.018868,0.201665,0.0,0.0,0.0,0.0,0.0,6.0,32644.339844
MFG-S00031,WO0031,0,正常生产,0.5,200.0,0.02,0.0,1.0,1.055661,0.952825,0.01131,0.720558,0.0,0.0,0.0,0.0,0.0,1.0,223.340912
MFG-S00032,WO0032,1,多维叠加高风险,1.0,-50.797417,0.0,1.0,0.0,1.571921,0.915498,0.002788,1.532899,24.991482,1.0,1.0,0.0,1.0,6.0,54949.761719
MFG-S00033,WO0033,0,正常生产,0.0,322.0,0.02,0.0,1.0,0.853442,0.985233,0.011181,0.084014,0.0,1.0,0.0,0.0,0.0,0.0,615.19812
MFG-S00034,WO0034,0,正常生产,0.0,231.0,0.0,0.0,1.0,0.991975,0.907904,0.012914,0.513716,0.0,0.0,0.0,0.0,0.0,0.0,172.083649
MFG-S00035,WO0035,1,多维叠加高风险,1.0,-52.73381,0.02,1.0,1.0,1.347189,0.975046,0.020586,1.230594,10.479839,0.0,1.0,0.0,1.0,5.0,16100.052734
MFG-S00036,WO0036,1,未检关键物料领料并超BOM,0.0,172.0,0.0,1.0,1.0,1.664289,0.919843,0.179547,0.532473,0.0,0.0,0.0,0.0,0.0,0.0,330.934052
MFG-S00037,WO0037,0,正常生产,0.5,30.0,0.02,0.0,1.0,1.047294,0.924635,0.006428,0.027184,0.0,0.0,0.0,0.0,0.0,0.0,1331.367676
MFG-S00038,WO0038,1,多维叠加高风险,1.0,-43.713982,0.03,1.0,1.0,1.608268,0.979834,0.00401,1.344088,9.566045,0.0,1.0,0.0,1.0,2.0,47581.667969
MFG-S00039,WO0039,0,正常生产,0.5,200.0,0.03,0.0,1.0,0.765517,0.856628,0.003132,0.66686,1.0,0.0,0.0,0.0,0.0,0.0,1468.249023
MFG-S00040,WO0040,1,重复高额客户投诉,0.5,110.0,0.095626,0.0,0.0,1.044518,0.856107,0.003523,0.6721,0.0,0.0,0.0,0.0,0.0,6.0,54900.992188
MFG-S00041,WO0041,0,正常生产,0.0,322.0,0.02,0.0,1.0,1.016725,0.896431,0.006435,0.366643,0.0,0.0,0.0,0.0,0.0,1.0,1021.919922
MFG-S00042,WO0042,1,重复高额客户投诉,0.0,231.0,0.121378,0.0,1.0,0.894031,0.913644,0.004002,0.534718,0.0,0.0,0.0,0.0,0.0,6.0,63848.59375
MFG-S00043,WO0043,0,正常生产,0.5,141.0,0.02,0.0,1.0,0.808024,1.005527,0.005298,0.150407,0.0,0.0,0.0,0.0,0.0,0.0,427.462555
MFG-S00044,WO0044,0,正常生产,0.0,172.0,0.0,0.0,0.0,0.907148,0.982395,0.002361,0.394433,0.0,1.0,0.0,0.0,0.0,1.0,82.794632
MFG-S00045,WO0045,1,未检关键物料领料并超BOM,0.5,30.0,0.02,1.0,1.0,1.583448,0.917585,0.137551,0.108279,0.0,1.0,0.0,0.0,0.0,1.0,593.779785
MFG-S00046,WO0046,1,多维叠加高风险,1.0,-17.218397,0.0,1.0,1.0,1.64781,0.976674,0.005225,1.092308,19.053377,0.0,1.0,0.0,1.0,3.0,20064.386719
MFG-S00047,WO0047,0,正常生产,0.5,200.0,0.02,0.0,1.0,0.758222,0.901007,0.009909,0.249953,0.0,0.0,0.0,0.0,0.0,0.0,69.227898
MFG-S00048,WO0048,1,关键设备维护校准逾期并报警,0.5,110.0,0.0,0.0,0.0,0.835244,0.902942,0.047575,0.6142,16.386656,41.337757,1.0,0.0,0.0,0.0,43.080765
MFG-S00049,WO0049,0,正常生产,0.0,322.0,0.02,0.0,1.0,0.911438,1.01109,0.001804,0.570624,0.0,0.0,0.0,0.0,0.0,1.0,1395.571655
MFG-S00050,WO0050,0,正常生产,0.0,231.0,0.0,0.0,1.0,0.930635,0.928206,0.023935,0.435926,0.0,0.0,0.0,0.0,0.0,0.0,396.074341
MFG-S00051,WO0051,0,正常生产,0.5,141.0,0.02,0.0,1.0,0.989197,0.88894,0.007311,0.509096,1.0,0.0,0.0,0.0,0.0,1.0,896.521851
MFG-S00052,WO0052,1,多维叠加高风险,1.0,-23.145391,0.03,1.0,0.0,1.449662,0.934949,0.013574,1.397692,8.677029,0.0,1.0,0.0,1.0,6.0,24170.121094
MFG-S00053,WO0053,0,正常生产,0.5,30.0,0.02,0.0,1.0,0.867743,0.856206,0.007767,0.492273,0.0,0.0,0.0,0.0,0.0,1.0,1057.22937
MFG-S00054,WO0054,1,多维叠加高风险,1.0,-5.046762,0.0,1.0,1.0,1.38849,0.947837,0.020965,1.299858,5.953274,0.0,1.0,0.0,1.0,2.0,11141.847656
MFG-S00055,WO0055,0,正常生产,0.5,200.0,0.02,0.0,1.0,1.059355,0.942608,0.007639,0.325707,0.0,0.0,0.0,0.0,0.0,1.0,233.011505
MFG-S00056,WO0056,1,多维叠加高风险,1.0,-33.427734,0.0,1.0,0.0,1.400119,0.869284,0.003048,1.489853,22.900778,1.0,1.0,0.0,1.0,3.0,37489.582031
MFG-S00057,WO0057,1,关键参数越限且质量冻结发运,0.0,322.0,0.03,0.0,1.0,0.991125,1.011024,0.011042,1.732081,0.0,1.0,0.0,1.0,1.0,0.0,87.192734
MFG-S00058,WO0058,0,正常生产,0.0,231.0,0.0,0.0,1.0,0.866282,1.017875,0.023711,0.213332,0.0,0.0,0.0,0.0,0.0,1.0,218.358215
MFG-S00059,WO0059,1,供应商资质过期与来料质量恶化,1.0,-35.803978,0.129742,0.0,1.0,0.777162,0.852714,0.000807,0.266399,0.0,0.0,0.0,0.0,0.0,0.0,941.28949
MFG-S00060,WO0060,0,正常生产,0.0,172.0,0.0,0.0,0.0,0.985037,0.919707,0.010907,0.709992,0.0,0.0,0.0,0.0,0.0,0.0,640.29541
MFG-S00061,WO0061,1,多维叠加高风险,1.0,-12.936481,0.02,1.0,1.0,1.306872,0.889019,0.015364,1.14773,19.515112,0.0,1.0,0.0,1.0,3.0,12093.397461
MFG-S00062,WO0062,1,多维叠加高风险,1.0,-31.366335,0.0,1.0,1.0,1.452325,0.902211,0.019433,1.589691,8.691261,0.0,1.0,0.0,1.0,3.0,27670.560547
MFG-S00063,WO0063,1,关键设备维护校准逾期并报警,0.5,200.0,0.02,0.0,1.0,1.040278,0.851875,0.110082,0.674877,34.295597,32.96418,1.0,0.0,0.0,1.0,1382.148926
MFG-S00064,WO0064,0,正常生产,0.5,110.0,0.0,0.0,0.0,1.014831,0.961989,0.003041,0.344671,0.0,0.0,0.0,0.0,0.0,0.0,1412.717407
MFG-S00065,WO0065,0,正常生产,0.0,322.0,0.03,0.0,1.0,0.777489,0.931439,0.003109,0.184737,0.0,0.0,0.0,0.0,0.0,0.0,1014.687744
MFG-S00066,WO0066,1,关键参数越限且质量冻结发运,0.0,231.0,0.0,0.0,1.0,1.053867,0.999975,0.007631,1.68642,0.0,0.0,0.0,1.0,1.0,1.0,1233.714111
MFG-S00067,WO0067,0,正常生产,0.5,141.0,0.02,0.0,1.0,0.919711,0.976676,0.005804,0.271822,0.0,0.0,0.0,0.0,0.0,1.0,936.875305
MFG-S00068,WO0068,0,正常生产,0.0,172.0,0.0,0.0,0.0,1.042313,1.000198,0.005398,0.373143,0.0,1.0,0.0,0.0,0.0,0.0,883.519287
MFG-S00069,WO0069,1,供应商资质过期与来料质量恶化,1.0,-81.16301,0.117578,0.0,1.0,0.905079,1.025961,0.007659,0.740691,0.0,1.0,0.0,0.0,0.0,1.0,1263.01416
MFG-S00070,WO0070,0,正常生产,0.5,30.0,0.0,0.0,1.0,0.960749,0.928449,0.001852,0.253476,0.0,0.0,0.0,0.0,0.0,0.0,43.704491
MFG-S00071,WO0071,1,关键设备维护校准逾期并报警,0.5,200.0,0.02,0.0,1.0,0.795001,0.973307,0.10894,0.48279,18.895906,55.114796,1.0,0.0,0.0,0.0,157.050232
MFG-S00072,WO0072,0,正常生产,0.5,110.0,0.0,0.0,0.0,0.94067,0.906867,0.009465,0.65915,0.0,0.0,0.0,0.0,0.0,0.0,1325.800049
MFG-S00073,WO0073,0,正常生产,0.0,322.0,0.02,0.0,1.0,0.871228,0.950484,0.002073,0.522169,0.0,0.0,0.0,0.0,0.0,1.0,1436.868164
MFG-S00074,WO0074,0,正常生产,0.0,231.0,0.0,0.0,1.0,0.867933,1.025611,0.018724,0.162452,0.0,0.0,0.0,0.0,0.0,1.0,1274.138428
MFG-S00075,WO0075,0,正常生产,0.5,141.0,0.02,0.0,1.0,0.925311,0.912591,0.015983,0.196135,1.0,0.0,0.0,0.0,0.0,1.0,468.185516
MFG-S00076,WO0076,0,正常生产,0.0,172.0,0.03,0.0,0.0,1.026402,0.982362,0.012987,0.464474,0.0,0.0,0.0,0.0,0.0,1.0,637.56189
MFG-S00077,WO0077,0,正常生产,0.5,30.0,0.02,0.0,1.0,1.013379,0.908345,0.016578,0.593851,0.0,0.0,0.0,0.0,0.0,1.0,725.896545
MFG-S00078,WO0078,0,正常生产,0.5,30.0,0.03,0.0,1.0,0.940175,0.972426,0.011506,0.309092,0.0,0.0,0.0,0.0,0.0,0.0,675.072327
MFG-S00079,WO0079,1,关键参数越限且质量冻结发运,0.5,200.0,0.02,0.0,1.0,0.80648,0.895792,0.022045,1.095086,0.0,0.0,0.0,1.0,1.0,1.0,668.299194
MFG-S00080,WO0080,0,正常生产,0.5,110.0,0.0,0.0,0.0,0.791312,0.900999,0.021388,0.618134,0.0,1.0,0.0,0.0,0.0,1.0,765.140442
MFG-S00081,WO0081,1,重复高额客户投诉,0.0,322.0,0.0588,0.0,1.0,0.887915,0.919413,0.001302,0.596165,0.0,1.0,0.0,0.0,0.0,6.0,22079.849609
MFG-S00082,WO0082,0,正常生产,0.0,231.0,0.0,0.0,1.0,0.884995,1.017013,0.019346,0.386911,0.0,0.0,0.0,0.0,0.0,0.0,1026.331665
MFG-S00083,WO0083,0,正常生产,0.5,141.0,0.02,0.0,1.0,0.752251,0.998496,0.017092,0.207195,0.0,0.0,0.0,0.0,0.0,1.0,1448.687134
MFG-S00084,WO0084,0,正常生产,0.0,172.0,0.0,0.0,0.0,0.974253,0.851214,0.002101,0.37328,0.0,0.0,0.0,0.0,0.0,0.0,1104.608154
MFG-S00085,WO0085,0,正常生产,0.5,30.0,0.02,0.0,1.0,1.000786,0.942936,0.005278,0.495188,0.0,0.0,0.0,0.0,0.0,1.0,751.901794
MFG-S00086,WO0086,0,正常生产,0.5,30.0,0.0,0.0,1.0,1.024345,0.891472,0.012826,0.479244,0.0,0.0,0.0,0.0,0.0,1.0,221.985931
MFG-S00087,WO0087,0,正常生产,0.5,200.0,0.02,0.0,1.0,0.919635,0.962913,0.002574,0.257112,1.0,0.0,0.0,0.0,0.0,1.0,641.350586
MFG-S00088,WO0088,1,关键参数越限且质量冻结发运,0.5,110.0,0.0,0.0,0.0,0.921251,0.884416,0.010587,1.294545,0.0,0.0,0.0,1.0,1.0,0.0,1277.742188
MFG-S00089,WO0089,0,正常生产,0.0,322.0,0.02,0.0,1.0,0.883513,0.850128,0.006575,0.573283,0.0,0.0,0.0,0.0,0.0,0.0,1321.712158
MFG-S00090,WO0090,0,正常生产,0.0,231.0,0.0,0.0,1.0,1.018846,0.968843,0.011845,0.1401,0.0,0.0,0.0,0.0,0.0,1.0,2.223124
MFG-S00091,WO0091,1,重复高额客户投诉,0.5,141.0,0.106866,0.0,1.0,0.796664,0.988366,0.009615,0.092114,0.0,0.0,0.0,0.0,0.0,5.0,73038.625
MFG-S00092,WO0092,0,正常生产,0.0,172.0,0.0,0.0,0.0,0.866192,1.025383,0.024111,0.363715,0.0,1.0,0.0,0.0,0.0,0.0,879.235352
MFG-S00093,WO0093,1,多维叠加高风险,1.0,-5.261616,0.02,1.0,1.0,1.593569,0.854819,0.021194,1.455715,7.389915,1.0,1.0,0.0,1.0,5.0,58762.578125
MFG-S00094,WO0094,1,关键设备维护校准逾期并报警,0.5,30.0,0.0,0.0,1.0,0.906047,0.953416,0.098089,0.562569,23.404026,26.940298,1.0,0.0,0.0,0.0,653.327209
MFG-S00095,WO0095,1,关键参数越限且质量冻结发运,0.5,200.0,0.03,0.0,1.0,0.986081,0.939371,0.004759,1.510676,0.0,0.0,0.0,1.0,1.0,1.0,1180.637939
MFG-S00096,WO0096,1,关键设备维护校准逾期并报警,0.5,110.0,0.0,0.0,0.0,0.820607,0.897354,0.05824,0.294989,21.441366,31.213078,1.0,0.0,0.0,1.0,438.193817
MFG-S00097,WO0097,1,关键参数越限且质量冻结发运,0.0,322.0,0.02,0.0,1.0,0.792917,0.930524,0.022944,1.18291,0.0,0.0,0.0,1.0,1.0,1.0,480.122986
MFG-S00098,WO0098,1,关键设备维护校准逾期并报警,0.0,231.0,0.0,0.0,1.0,0.92085,0.972153,0.083524,0.14681,9.620004,12.845628,1.0,0.0,0.0,1.0,61.788891
MFG-S00099,WO0099,0,正常生产,0.5,141.0,0.02,0.0,1.0,0.871007,0.882335,0.003779,0.269668,1.0,0.0,0.0,0.0,0.0,1.0,1454.170166
MFG-S00100,WO0100,1,关键参数越限且质量冻结发运,0.0,172.0,0.0,0.0,0.0,0.993427,0.947341,0.003904,1.450931,0.0,0.0,0.0,1.0,1.0,1.0,1046.436035
MFG-S00101,WO0101,0,正常生产,0.5,30.0,0.02,0.0,1.0,1.005689,1.021716,0.023037,0.080656,0.0,0.0,0.0,0.0,0.0,1.0,736.243042
MFG-S00102,WO0102,1,重复高额客户投诉,0.5,30.0,0.092989,0.0,1.0,0.910547,0.994041,0.022373,0.588606,0.0,0.0,0.0,0.0,0.0,4.0,22711.056641
MFG-S00103,WO0103,0,正常生产,0.5,200.0,0.02,0.0,1.0,1.051926,0.900607,0.0024,0.259853,0.0,0.0,0.0,0.0,0.0,0.0,1156.474243
MFG-S00104,WO0104,1,供应商资质过期与来料质量恶化,1.0,-3.019626,0.224007,0.0,0.0,1.051713,1.001102,0.01463,0.680901,0.0,1.0,0.0,0.0,0.0,1.0,571.594727
MFG-S00105,WO0105,0,正常生产,0.0,322.0,0.02,0.0,1.0,0.760755,0.933506,0.010344,0.191811,0.0,1.0,0.0,0.0,0.0,0.0,589.316772
MFG-S00106,WO0106,1,多维叠加高风险,1.0,-29.588758,0.0,1.0,1.0,1.364319,0.87274,0.009582,1.060049,9.167137,0.0,1.0,0.0,1.0,3.0,37289.027344
MFG-S00107,WO0107,0,正常生产,0.5,141.0,0.02,0.0,1.0,0.987891,1.010178,0.019892,0.186004,0.0,0.0,0.0,0.0,0.0,0.0,799.6651
MFG-S00108,WO0108,1,多维叠加高风险,1.0,-19.463827,0.0,1.0,0.0,1.273123,1.026771,0.024827,1.515171,10.240232,0.0,1.0,0.0,1.0,3.0,57616.664062
MFG-S00109,WO0109,0,正常生产,0.5,30.0,0.02,0.0,1.0,0.897472,0.910164,0.004732,0.596687,0.0,0.0,0.0,0.0,0.0,0.0,497.128723
MFG-S00110,WO0110,0,正常生产,0.5,30.0,0.0,0.0,1.0,0.875548,0.937398,0.020917,0.208703,0.0,0.0,0.0,0.0,0.0,1.0,61.134758
MFG-S00111,WO0111,0,正常生产,0.5,200.0,0.02,0.0,1.0,0.771088,0.947557,0.018979,0.631168,1.0,0.0,0.0,0.0,0.0,0.0,886.668579
MFG-S00112,WO0112,1,未检关键物料领料并超BOM,0.5,110.0,0.0,1.0,1.0,1.477766,1.014605,0.099227,0.393769,0.0,0.0,0.0,0.0,0.0,1.0,241.889389
MFG-S00113,WO0113,0,正常生产,0.0,322.0,0.02,0.0,1.0,0.919871,0.95256,0.001187,0.203448,0.0,0.0,0.0,0.0,0.0,0.0,179.933655
MFG-S00114,WO0114,1,供应商资质过期与来料质量恶化,1.0,-62.563389,0.10476,0.0,1.0,0.870565,0.935511,0.02308,0.500225,0.0,0.0,0.0,0.0,0.0,1.0,349.248444
MFG-S00115,WO0115,1,供应商资质过期与来料质量恶化,1.0,-20.193697,0.169972,0.0,1.0,0.772075,1.005133,0.021596,0.362359,0.0,0.0,0.0,0.0,0.0,1.0,568.774048
MFG-S00116,WO0116,1,多维叠加高风险,1.0,-48.102055,0.0,1.0,0.0,1.678529,0.95983,0.009847,1.129089,23.502897,1.0,1.0,0.0,1.0,2.0,47445.164062
MFG-S00117,WO0117,0,正常生产,0.5,30.0,0.03,0.0,1.0,0.857923,0.978159,0.010001,0.307974,0.0,1.0,0.0,0.0,0.0,0.0,683.3125
MFG-S00118,WO0118,1,关键设备维护校准逾期并报警,0.5,30.0,0.0,0.0,1.0,1.006883,0.916138,0.082705,0.48429,33.770939,20.153595,1.0,0.0,0.0,0.0,818.739136
MFG-S00119,WO0119,0,正常生产,0.5,200.0,0.02,0.0,1.0,0.771269,0.881184,0.005491,0.229929,0.0,0.0,0.0,0.0,0.0,1.0,999.169922
MFG-S00120,WO0120,1,供应商资质过期与来料质量恶化,1.0,-60.849995,0.29591,0.0,0.0,0.791365,0.877444,0.003731,0.573129,0.0,0.0,0.0,0.0,0.0,0.0,178.916016
MFG-S00121,WO0001,0,正常生产,0.0,322.0,0.02,0.0,1.0,0.848029,0.954845,0.017073,0.61236,0.0,0.0,0.0,0.0,0.0,0.0,1372.153076
MFG-S00122,WO0002,1,重复高额客户投诉,0.0,231.0,0.14747,0.0,1.0,0.881376,0.979509,0.016077,0.706927,0.0,0.0,0.0,0.0,0.0,8.0,68555.5
MFG-S00123,WO0003,0,正常生产,0.5,141.0,0.02,0.0,1.0,0.936793,0.959546,0.010503,0.489452,1.0,0.0,0.0,0.0,0.0,0.0,1178.195923
MFG-S00124,WO0004,0,正常生产,0.0,172.0,0.0,0.0,0.0,1.055173,0.954168,0.004645,0.361263,0.0,0.0,0.0,0.0,0.0,0.0,374.314789
MFG-S00125,WO0005,0,正常生产,0.5,30.0,0.02,0.0,1.0,0.920155,0.977003,0.009385,0.308358,0.0,0.0,0.0,0.0,0.0,0.0,1088.823853
MFG-S00126,WO0006,1,供应商资质过期与来料质量恶化,1.0,-80.156097,0.261908,0.0,1.0,0.916553,0.884381,0.010101,0.203622,0.0,0.0,0.0,0.0,0.0,1.0,1438.468384
MFG-S00127,WO0007,1,重复高额客户投诉,0.5,200.0,0.072903,0.0,1.0,0.989391,0.925606,0.005554,0.24461,0.0,0.0,0.0,0.0,0.0,3.0,32331.568359
MFG-S00128,WO0008,0,正常生产,0.5,110.0,0.0,0.0,0.0,0.840187,0.944848,5.9e-05,0.321852,0.0,1.0,0.0,0.0,0.0,1.0,1088.923096
MFG-S00129,WO0009,0,正常生产,0.0,322.0,0.02,0.0,1.0,1.004511,0.853472,0.005639,0.159081,0.0,1.0,0.0,0.0,0.0,1.0,147.13382
MFG-S00130,WO0010,0,正常生产,0.0,231.0,0.0,0.0,1.0,0.94962,0.932849,0.011493,0.151358,0.0,0.0,0.0,0.0,0.0,0.0,432.755096
MFG-S00131,WO0011,1,多维叠加高风险,1.0,-29.65682,0.02,1.0,1.0,1.557616,0.968018,0.013829,1.203691,9.905097,0.0,1.0,0.0,1.0,6.0,41943.097656
MFG-S00132,WO0012,1,关键设备维护校准逾期并报警,0.0,172.0,0.0,0.0,0.0,0.793,0.962518,0.109106,0.621455,11.108223,40.286434,1.0,0.0,0.0,1.0,213.374222
MFG-S00133,WO0013,1,供应商资质过期与来料质量恶化,1.0,-16.444157,0.21334,0.0,1.0,0.829726,0.940136,0.018258,0.4661,0.0,0.0,0.0,0.0,0.0,0.0,1448.913574
MFG-S00134,WO0014,1,未检关键物料领料并超BOM,0.5,30.0,0.0,1.0,1.0,1.489995,0.949112,0.119524,0.533034,0.0,0.0,0.0,0.0,0.0,0.0,94.14576
MFG-S00135,WO0015,1,重复高额客户投诉,0.5,200.0,0.063602,0.0,1.0,0.807036,0.966952,0.017745,0.097926,1.0,0.0,0.0,0.0,0.0,7.0,12573.857422
MFG-S00136,WO0016,0,正常生产,0.5,110.0,0.0,0.0,0.0,0.979382,0.920866,0.00391,0.316995,0.0,0.0,0.0,0.0,0.0,0.0,1440.722534
MFG-S00137,WO0017,1,多维叠加高风险,1.0,-43.628635,0.02,1.0,1.0,1.315349,0.922401,0.001699,1.095838,8.174211,0.0,1.0,0.0,1.0,3.0,27132.171875
MFG-S00138,WO0018,0,正常生产,0.0,231.0,0.0,0.0,1.0,0.928174,0.896591,0.020409,0.659074,0.0,0.0,0.0,0.0,0.0,0.0,1300.560547
MFG-S00139,WO0019,1,多维叠加高风险,1.0,-3.281519,0.03,1.0,1.0,1.403279,0.916256,0.01694,1.294366,10.033389,0.0,1.0,0.0,1.0,6.0,55272.121094
MFG-S00140,WO0020,1,重复高额客户投诉,0.0,172.0,0.14641,0.0,0.0,1.038958,0.898355,0.007442,0.277762,0.0,1.0,0.0,0.0,0.0,7.0,46158.472656
MFG-S00141,WO0021,1,多维叠加高风险,1.0,-28.554394,0.02,1.0,1.0,1.32885,1.020223,0.018931,1.122604,4.500886,1.0,1.0,0.0,1.0,4.0,45342.0
MFG-S00142,WO0022,0,正常生产,0.5,30.0,0.0,0.0,1.0,0.947262,0.918374,0.018358,0.724663,0.0,0.0,0.0,0.0,0.0,1.0,1212.694824
MFG-S00143,WO0023,0,正常生产,0.5,200.0,0.02,0.0,1.0,0.881386,0.985026,0.012628,0.296043,0.0,0.0,0.0,0.0,0.0,1.0,66.094299
MFG-S00144,WO0024,0,正常生产,0.5,110.0,0.0,0.0,0.0,0.873783,0.940413,0.003414,0.042507,0.0,0.0,0.0,0.0,0.0,0.0,1231.906006
MFG-S00145,WO0025,0,正常生产,0.0,322.0,0.02,0.0,1.0,0.901858,0.989556,0.021553,0.292748,0.0,0.0,0.0,0.0,0.0,1.0,131.714645
MFG-S00146,WO0026,1,重复高额客户投诉,0.0,231.0,0.055446,0.0,1.0,1.057462,1.013194,0.022409,0.217914,0.0,0.0,0.0,0.0,0.0,4.0,16446.908203
MFG-S00147,WO0027,0,正常生产,0.5,141.0,0.02,0.0,1.0,0.810071,1.020393,0.003816,0.232508,1.0,0.0,0.0,0.0,0.0,1.0,850.353577
MFG-S00148,WO0028,0,正常生产,0.0,172.0,0.0,0.0,0.0,1.052279,0.959947,0.002131,0.498329,0.0,0.0,0.0,0.0,0.0,0.0,1482.341187
MFG-S00149,WO0029,0,正常生产,0.5,30.0,0.02,0.0,1.0,1.033715,1.023732,0.024249,0.554149,0.0,0.0,0.0,0.0,0.0,0.0,75.875664
MFG-S00150,WO0030,0,正常生产,0.5,30.0,0.0,0.0,1.0,0.841943,1.011691,0.001983,0.091482,0.0,0.0,0.0,0.0,0.0,0.0,624.110229
MFG-S00151,WO0031,0,正常生产,0.5,200.0,0.02,0.0,1.0,0.852396,0.871365,0.011215,0.712997,0.0,0.0,0.0,0.0,0.0,1.0,1248.564453
MFG-S00152,WO0032,1,多维叠加高风险,1.0,-36.618542,0.0,1.0,0.0,1.633274,0.975351,0.016801,1.662123,17.586084,1.0,1.0,0.0,1.0,5.0,44690.871094
MFG-S00153,WO0033,1,重复高额客户投诉,0.0,322.0,0.156068,0.0,1.0,0.807833,1.000306,0.014758,0.32677,0.0,1.0,0.0,0.0,0.0,8.0,66896.15625
MFG-S00154,WO0034,1,关键设备维护校准逾期并报警,0.0,231.0,0.0,0.0,1.0,0.778979,0.96346,0.057796,0.110538,29.151089,8.110031,1.0,0.0,0.0,1.0,924.962097
MFG-S00155,WO0035,0,正常生产,0.5,141.0,0.02,0.0,1.0,0.925191,0.948171,0.001398,0.238757,0.0,0.0,0.0,0.0,0.0,1.0,1162.066162
MFG-S00156,WO0036,1,关键设备维护校准逾期并报警,0.0,172.0,0.0,0.0,0.0,0.885057,0.8601,0.092239,0.063713,38.292885,52.147274,1.0,0.0,0.0,1.0,47.255592
MFG-S00157,WO0037,1,未检关键物料领料并超BOM,0.5,30.0,0.02,1.0,1.0,1.464122,0.97311,0.115775,0.269389,0.0,0.0,0.0,0.0,0.0,1.0,1462.166626
MFG-S00158,WO0038,1,关键参数越限且质量冻结发运,0.5,30.0,0.03,0.0,1.0,1.016535,0.962594,0.003472,1.773066,0.0,0.0,0.0,1.0,1.0,1.0,868.82489
MFG-S00159,WO0039,1,未检关键物料领料并超BOM,0.5,200.0,0.03,1.0,1.0,1.540586,0.966088,0.095938,0.116195,1.0,0.0,0.0,0.0,0.0,1.0,808.609009
MFG-S00160,WO0040,1,重复高额客户投诉,0.5,110.0,0.128421,0.0,0.0,0.898966,0.99398,0.005874,0.734141,0.0,0.0,0.0,0.0,0.0,6.0,63877.179688
MFG-S00161,WO0041,1,关键设备维护校准逾期并报警,0.0,322.0,0.02,0.0,1.0,1.00473,0.914921,0.072534,0.425869,34.749443,11.160997,1.0,0.0,0.0,0.0,212.129913
MFG-S00162,WO0042,0,正常生产,0.0,231.0,0.0,0.0,1.0,0.811138,0.95417,0.002501,0.115483,0.0,0.0,0.0,0.0,0.0,1.0,1492.675293
MFG-S00163,WO0043,0,正常生产,0.5,141.0,0.02,0.0,1.0,0.933467,0.901433,0.015274,0.547205,0.0,0.0,0.0,0.0,0.0,0.0,818.681763
MFG-S00164,WO0044,0,正常生产,0.0,172.0,0.0,0.0,0.0,0.820634,1.00342,0.008268,0.138268,0.0,1.0,0.0,0.0,0.0,1.0,770.242065
MFG-S00165,WO0045,0,正常生产,0.5,30.0,0.02,0.0,1.0,0.782945,1.028501,0.016347,0.525225,0.0,1.0,0.0,0.0,0.0,0.0,1110.463745
MFG-S00166,WO0046,0,正常生产,0.5,30.0,0.0,0.0,1.0,1.024655,0.902811,0.001336,0.200955,0.0,0.0,0.0,0.0,0.0,1.0,1257.766602
MFG-S00167,WO0047,0,正常生产,0.5,200.0,0.02,0.0,1.0,0.946367,0.972188,0.01946,0.736753,0.0,0.0,0.0,0.0,0.0,1.0,1441.330322
MFG-S00168,WO0048,0,正常生产,0.5,110.0,0.0,0.0,0.0,0.848149,0.860287,0.002088,0.733721,0.0,0.0,0.0,0.0,0.0,0.0,1187.78479
MFG-S00169,WO0049,1,重复高额客户投诉,0.0,322.0,0.097929,0.0,1.0,0.762,0.986262,0.004886,0.689239,0.0,0.0,0.0,0.0,0.0,3.0,79746.820312
MFG-S00170,WO0050,0,正常生产,0.0,231.0,0.0,0.0,1.0,1.002104,0.996405,0.001571,0.138487,0.0,0.0,0.0,0.0,0.0,1.0,1190.023926
MFG-S00171,WO0051,0,正常生产,0.5,141.0,0.02,0.0,1.0,0.87015,0.886564,0.011718,0.272468,1.0,0.0,0.0,0.0,0.0,0.0,445.920135
MFG-S00172,WO0052,0,正常生产,0.0,172.0,0.03,0.0,0.0,0.839059,0.908842,0.018541,0.097556,0.0,0.0,0.0,0.0,0.0,1.0,1004.026428
MFG-S00173,WO0053,0,正常生产,0.5,30.0,0.02,0.0,1.0,1.04224,0.96056,0.01391,0.584925,0.0,0.0,0.0,0.0,0.0,1.0,1404.152222
MFG-S00174,WO0054,0,正常生产,0.5,30.0,0.0,0.0,1.0,1.039861,0.923156,0.022095,0.359134,0.0,0.0,0.0,0.0,0.0,1.0,315.705109
MFG-S00175,WO0055,0,正常生产,0.5,200.0,0.02,0.0,1.0,0.854569,0.97143,0.02232,0.314974,0.0,0.0,0.0,0.0,0.0,0.0,507.123413
MFG-S00176,WO0056,0,正常生产,0.5,110.0,0.0,0.0,0.0,0.767646,0.931781,0.000908,0.175726,0.0,1.0,0.0,0.0,0.0,1.0,1135.828735
MFG-S00177,WO0057,1,供应商资质过期与来料质量恶化,1.0,-36.059669,0.08124,0.0,1.0,0.948799,0.88768,0.014042,0.252394,0.0,1.0,0.0,0.0,0.0,1.0,1499.52002
MFG-S00178,WO0058,1,供应商资质过期与来料质量恶化,1.0,-60.494915,0.127193,0.0,1.0,0.824851,0.982546,0.014652,0.040401,0.0,0.0,0.0,0.0,0.0,1.0,564.803284
MFG-S00179,WO0059,0,正常生产,0.5,141.0,0.02,0.0,1.0,0.843755,0.85343,0.02493,0.381197,0.0,0.0,0.0,0.0,0.0,1.0,460.777527
MFG-S00180,WO0060,0,正常生产,0.0,172.0,0.0,0.0,0.0,0.815001,0.875967,0.009019,0.719086,0.0,0.0,0.0,0.0,0.0,0.0,1488.315796
MFG-S00181,WO0061,0,正常生产,0.5,30.0,0.02,0.0,1.0,0.954096,0.878094,0.005163,0.067479,0.0,0.0,0.0,0.0,0.0,1.0,356.120819
MFG-S00182,WO0062,0,正常生产,0.5,30.0,0.0,0.0,1.0,0.909827,0.984999,0.014163,0.278365,0.0,0.0,0.0,0.0,0.0,1.0,138.967377
MFG-S00183,WO0063,0,正常生产,0.5,200.0,0.02,0.0,1.0,0.929886,0.947246,0.023771,0.494531,1.0,0.0,0.0,0.0,0.0,1.0,447.595032
MFG-S00184,WO0064,0,正常生产,0.5,110.0,0.0,0.0,0.0,1.051882,0.957958,0.018478,0.307989,0.0,0.0,0.0,0.0,0.0,1.0,597.873352
MFG-S00185,WO0065,0,正常生产,0.0,322.0,0.03,0.0,1.0,0.994215,0.933393,0.021281,0.430198,0.0,0.0,0.0,0.0,0.0,0.0,39.339306
MFG-S00186,WO0066,1,关键参数越限且质量冻结发运,0.0,231.0,0.0,0.0,1.0,0.923612,0.878001,0.005413,1.526256,0.0,0.0,0.0,1.0,1.0,0.0,820.355835
MFG-S00187,WO0067,0,正常生产,0.5,141.0,0.02,0.0,1.0,1.009734,1.002053,0.016529,0.286746,0.0,0.0,0.0,0.0,0.0,1.0,1030.696411
MFG-S00188,WO0068,0,正常生产,0.0,172.0,0.0,0.0,0.0,1.015421,1.017517,0.006863,0.276102,0.0,1.0,0.0,0.0,0.0,0.0,1181.326294
MFG-S00189,WO0069,0,正常生产,0.5,30.0,0.02,0.0,1.0,0.896344,0.998634,0.005,0.730062,0.0,1.0,0.0,0.0,0.0,0.0,830.529846
MFG-S00190,WO0070,0,正常生产,0.5,30.0,0.0,0.0,1.0,0.847105,0.859999,0.003197,0.094552,0.0,0.0,0.0,0.0,0.0,1.0,55.893917
MFG-S00191,WO0071,0,正常生产,0.5,200.0,0.02,0.0,1.0,0.862349,0.880019,0.013931,0.32637,0.0,0.0,0.0,0.0,0.0,0.0,59.577736
MFG-S00192,WO0072,0,正常生产,0.5,110.0,0.0,0.0,0.0,0.924384,0.858062,0.007922,0.056789,0.0,0.0,0.0,0.0,0.0,1.0,493.887238
MFG-S00193,WO0073,0,正常生产,0.0,322.0,0.02,0.0,1.0,1.031276,1.006508,0.016817,0.38956,0.0,0.0,0.0,0.0,0.0,0.0,192.006973
MFG-S00194,WO0074,0,正常生产,0.0,231.0,0.0,0.0,1.0,0.779473,1.010247,0.018229,0.641048,0.0,0.0,0.0,0.0,0.0,0.0,429.839355
MFG-S00195,WO0075,1,重复高额客户投诉,0.5,141.0,0.156142,0.0,1.0,1.041016,0.908174,0.008457,0.631325,1.0,0.0,0.0,0.0,0.0,7.0,34288.765625
MFG-S00196,WO0076,0,正常生产,0.0,172.0,0.03,0.0,0.0,0.955726,0.936428,0.020655,0.007751,0.0,0.0,0.0,0.0,0.0,1.0,148.450974
MFG-S00197,WO0077,1,未检关键物料领料并超BOM,0.5,30.0,0.02,1.0,1.0,1.463124,1.012431,0.130211,0.476636,0.0,0.0,0.0,0.0,0.0,0.0,950.963928
MFG-S00198,WO0078,0,正常生产,0.5,30.0,0.03,0.0,1.0,0.924566,0.911082,0.011084,0.591011,0.0,0.0,0.0,0.0,0.0,1.0,496.645569
MFG-S00199,WO0079,1,多维叠加高风险,1.0,-31.875895,0.02,1.0,1.0,1.431332,0.96213,0.022753,1.138765,2.945505,0.0,1.0,0.0,1.0,2.0,26872.126953
MFG-S00200,WO0080,0,正常生产,0.5,110.0,0.0,0.0,0.0,1.022388,0.913528,0.004333,0.312713,0.0,1.0,0.0,0.0,0.0,0.0,990.291138
MFG-S00201,WO0081,1,未检关键物料领料并超BOM,0.0,322.0,0.02,1.0,1.0,1.436649,0.948759,0.08175,0.631539,0.0,1.0,0.0,0.0,0.0,1.0,1194.629761
MFG-S00202,WO0082,0,正常生产,0.0,231.0,0.0,0.0,1.0,1.003194,0.968094,0.010916,0.320361,0.0,0.0,0.0,0.0,0.0,0.0,673.836243
MFG-S00203,WO0083,0,正常生产,0.5,141.0,0.02,0.0,1.0,0.870065,0.990723,0.003503,0.602009,0.0,0.0,0.0,0.0,0.0,0.0,816.070618
MFG-S00204,WO0084,0,正常生产,0.0,172.0,0.0,0.0,0.0,1.009602,0.960721,0.001092,0.197704,0.0,0.0,0.0,0.0,0.0,0.0,1408.957153
MFG-S00205,WO0085,1,未检关键物料领料并超BOM,0.5,30.0,0.02,1.0,1.0,1.486612,0.959921,0.176051,0.485364,0.0,0.0,0.0,0.0,0.0,0.0,345.38913
MFG-S00206,WO0086,1,关键设备维护校准逾期并报警,0.5,30.0,0.0,0.0,1.0,0.858929,0.915896,0.055967,0.061029,19.132038,29.267006,1.0,0.0,0.0,0.0,410.847382
MFG-S00207,WO0087,0,正常生产,0.5,200.0,0.02,0.0,1.0,0.911388,1.006748,0.01642,0.123162,1.0,0.0,0.0,0.0,0.0,0.0,320.968201
MFG-S00208,WO0088,1,关键参数越限且质量冻结发运,0.5,110.0,0.0,0.0,0.0,0.779361,0.91447,0.004519,1.210011,0.0,0.0,0.0,1.0,1.0,0.0,826.156006
MFG-S00209,WO0089,0,正常生产,0.0,322.0,0.02,0.0,1.0,0.757005,0.881392,0.018951,0.188538,0.0,0.0,0.0,0.0,0.0,0.0,1473.583618
MFG-S00210,WO0090,0,正常生产,0.0,231.0,0.0,0.0,1.0,0.902975,0.908599,0.023333,0.707037,0.0,0.0,0.0,0.0,0.0,0.0,949.132141
MFG-S00211,WO0091,0,正常生产,0.5,141.0,0.03,0.0,1.0,0.971621,0.890293,0.016601,0.346672,0.0,0.0,0.0,0.0,0.0,1.0,571.94281
MFG-S00212,WO0092,0,正常生产,0.0,172.0,0.0,0.0,0.0,1.019066,0.8644,0.019062,0.553025,0.0,1.0,0.0,0.0,0.0,1.0,1129.053711
MFG-S00213,WO0093,1,关键参数越限且质量冻结发运,0.5,30.0,0.02,0.0,1.0,1.02585,0.952409,0.005119,1.382719,0.0,1.0,0.0,1.0,1.0,0.0,628.268188
MFG-S00214,WO0094,0,正常生产,0.5,30.0,0.0,0.0,1.0,1.059725,0.990864,0.022766,0.053466,0.0,0.0,0.0,0.0,0.0,0.0,839.098389
MFG-S00215,WO0095,1,未检关键物料领料并超BOM,0.5,200.0,0.03,1.0,1.0,1.738226,0.916741,0.138161,0.325627,0.0,0.0,0.0,0.0,0.0,0.0,1182.845093
MFG-S00216,WO0096,0,正常生产,0.5,110.0,0.0,0.0,0.0,1.010607,1.024873,0.007921,0.284051,0.0,0.0,0.0,0.0,0.0,0.0,1427.946533
MFG-S00217,WO0097,0,正常生产,0.0,322.0,0.02,0.0,1.0,1.054022,0.876096,0.009552,0.707221,0.0,0.0,0.0,0.0,0.0,1.0,963.656616
MFG-S00218,WO0098,1,重复高额客户投诉,0.0,231.0,0.111072,0.0,1.0,0.829432,0.99856,0.013601,0.656728,0.0,0.0,0.0,0.0,0.0,4.0,36891.691406
MFG-S00219,WO0099,0,正常生产,0.5,141.0,0.02,0.0,1.0,1.039156,0.997683,0.013509,0.685028,1.0,0.0,0.0,0.0,0.0,0.0,1272.724976
MFG-S00220,WO0100,1,关键设备维护校准逾期并报警,0.0,172.0,0.0,0.0,0.0,0.995593,0.867734,0.087813,0.464308,15.602483,12.069714,1.0,0.0,0.0,0.0,404.696259
MFG-S00221,WO0101,0,正常生产,0.5,30.0,0.02,0.0,1.0,0.758323,0.898204,0.001728,0.000185,0.0,0.0,0.0,0.0,0.0,1.0,720.78717
MFG-S00222,WO0102,0,正常生产,0.5,30.0,0.0,0.0,1.0,0.898697,0.955958,0.006071,0.189327,0.0,0.0,0.0,0.0,0.0,1.0,1183.556152
MFG-S00223,WO0103,1,未检关键物料领料并超BOM,0.5,200.0,0.02,1.0,1.0,1.612463,0.933956,0.069364,0.250977,0.0,0.0,0.0,0.0,0.0,1.0,428.073242
MFG-S00224,WO0104,0,正常生产,0.5,110.0,0.03,0.0,0.0,0.971263,1.005719,0.018706,0.510587,0.0,1.0,0.0,0.0,0.0,0.0,424.918671
MFG-S00225,WO0105,0,正常生产,0.0,322.0,0.02,0.0,1.0,0.888655,0.90007,0.009814,0.403214,0.0,1.0,0.0,0.0,0.0,0.0,1206.593994
MFG-S00226,WO0106,1,多维叠加高风险,1.0,-1.384004,0.0,1.0,1.0,1.254616,0.89497,0.000925,1.622879,23.759966,0.0,1.0,0.0,1.0,2.0,43088.210938
MFG-S00227,WO0107,0,正常生产,0.5,141.0,0.02,0.0,1.0,0.905335,0.962681,0.015474,0.160917,0.0,0.0,0.0,0.0,0.0,0.0,389.472809
MFG-S00228,WO0108,0,正常生产,0.0,172.0,0.0,0.0,0.0,0.819209,0.969911,0.010548,0.713395,0.0,0.0,0.0,0.0,0.0,0.0,114.044624
MFG-S00229,WO0109,0,正常生产,0.5,30.0,0.02,0.0,1.0,1.007949,0.967351,0.01203,0.559177,0.0,0.0,0.0,0.0,0.0,0.0,800.785828
MFG-S00230,WO0110,0,正常生产,0.5,30.0,0.0,0.0,1.0,0.752124,0.898088,0.023783,0.14476,0.0,0.0,0.0,0.0,0.0,0.0,1411.376465
MFG-S00231,WO0111,1,未检关键物料领料并超BOM,0.5,200.0,0.02,1.0,1.0,1.425407,0.896142,0.14178,0.140062,1.0,0.0,0.0,0.0,0.0,0.0,245.154266
MFG-S00232,WO0112,1,关键参数越限且质量冻结发运,0.5,110.0,0.0,0.0,0.0,0.931569,0.946382,0.004494,1.720573,0.0,0.0,0.0,1.0,1.0,0.0,40.890274
MFG-S00233,WO0113,0,正常生产,0.0,322.0,0.02,0.0,1.0,0.955716,0.871155,0.01514,0.431707,0.0,0.0,0.0,0.0,0.0,1.0,1116.081421
MFG-S00234,WO0114,0,正常生产,0.0,231.0,0.03,0.0,1.0,0.93688,0.920336,0.01448,0.38288,0.0,0.0,0.0,0.0,0.0,0.0,1374.729004
MFG-S00235,WO0115,0,正常生产,0.5,141.0,0.02,0.0,1.0,1.031324,0.871247,0.013122,0.252405,0.0,0.0,0.0,0.0,0.0,0.0,843.861938
MFG-S00236,WO0116,0,正常生产,0.0,172.0,0.0,0.0,0.0,0.78998,0.886704,0.009203,0.118995,0.0,1.0,0.0,0.0,0.0,0.0,1054.805664
MFG-S00237,WO0117,0,正常生产,0.5,30.0,0.03,0.0,1.0,0.915395,0.993933,0.024896,0.535764,0.0,1.0,0.0,0.0,0.0,0.0,514.259094
MFG-S00238,WO0118,0,正常生产,0.5,30.0,0.0,0.0,1.0,0.852643,1.002132,0.024959,0.252456,0.0,0.0,0.0,0.0,0.0,0.0,533.821594
MFG-S00239,WO0119,0,正常生产,0.5,200.0,0.02,0.0,1.0,0.841133,0.888315,0.011373,0.303079,0.0,0.0,0.0,0.0,0.0,0.0,899.956421
MFG-S00240,WO0120,0,正常生产,0.5,110.0,0.0,0.0,0.0,0.760455,0.858039,0.023793,0.640557,0.0,0.0,0.0,0.0,0.0,0.0,1112.73291
MFG-S00241,WO0001,0,正常生产,0.0,322.0,0.02,0.0,1.0,0.861145,0.895169,0.002707,0.563914,0.0,0.0,0.0,0.0,0.0,1.0,872.077637
MFG-S00242,WO0002,0,正常生产,0.0,231.0,0.0,0.0,1.0,0.796327,0.879529,0.006944,0.653625,0.0,0.0,0.0,0.0,0.0,0.0,115.442566
MFG-S00243,WO0003,0,正常生产,0.5,141.0,0.02,0.0,1.0,0.905242,0.952721,0.016182,0.131743,1.0,0.0,0.0,0.0,0.0,1.0,1434.137085
MFG-S00244,WO0004,0,正常生产,0.0,172.0,0.0,0.0,0.0,0.888393,0.905133,0.009445,0.228534,0.0,0.0,0.0,0.0,0.0,0.0,287.722626
MFG-S00245,WO0005,0,正常生产,0.5,30.0,0.02,0.0,1.0,0.793976,1.009611,0.015056,0.211826,0.0,0.0,0.0,0.0,0.0,1.0,140.328506
MFG-S00246,WO0006,0,正常生产,0.5,30.0,0.0,0.0,1.0,1.002651,0.971579,0.007363,0.495557,0.0,0.0,0.0,0.0,0.0,0.0,238.41571
MFG-S00247,WO0007,1,未检关键物料领料并超BOM,0.5,200.0,0.02,1.0,1.0,1.378043,0.952613,0.166334,0.34147,0.0,0.0,0.0,0.0,0.0,0.0,1062.018799
MFG-S00248,WO0008,1,关键设备维护校准逾期并报警,0.5,110.0,0.0,0.0,0.0,0.969826,0.978527,0.10505,0.493861,33.492046,58.225887,1.0,0.0,0.0,1.0,1233.842163
MFG-S00249,WO0009,0,正常生产,0.0,322.0,0.02,0.0,1.0,0.865988,0.869221,0.002626,0.071573,0.0,1.0,0.0,0.0,0.0,0.0,416.593323
MFG-S00250,WO0010,0,正常生产,0.0,231.0,0.0,0.0,1.0,0.977796,0.9351,0.008792,0.025146,0.0,0.0,0.0,0.0,0.0,0.0,1485.822021
MFG-S00251,WO0011,0,正常生产,0.5,141.0,0.02,0.0,1.0,0.946266,0.901977,0.022813,0.309757,0.0,0.0,0.0,0.0,0.0,1.0,1118.803223
MFG-S00252,WO0012,0,正常生产,0.0,172.0,0.0,0.0,0.0,0.759928,0.899464,0.018306,0.586632,0.0,0.0,0.0,0.0,0.0,0.0,735.093628
MFG-S00253,WO0013,1,供应商资质过期与来料质量恶化,1.0,-59.668144,0.228689,0.0,1.0,0.894243,0.986043,0.018865,0.721968,0.0,0.0,0.0,0.0,0.0,1.0,1362.636353
MFG-S00254,WO0014,0,正常生产,0.5,30.0,0.0,0.0,1.0,1.052272,1.006931,0.005504,0.397919,0.0,0.0,0.0,0.0,0.0,1.0,1267.680298
MFG-S00255,WO0015,1,关键参数越限且质量冻结发运,0.5,200.0,0.02,0.0,1.0,0.759697,0.883645,0.008177,1.241828,1.0,0.0,0.0,1.0,1.0,0.0,1495.089844
MFG-S00256,WO0016,0,正常生产,0.5,110.0,0.0,0.0,0.0,0.999291,0.9876,0.00376,0.334097,0.0,0.0,0.0,0.0,0.0,1.0,510.851166
MFG-S00257,WO0017,0,正常生产,0.0,322.0,0.02,0.0,1.0,0.846348,0.961748,0.017968,0.054612,0.0,0.0,0.0,0.0,0.0,1.0,243.506119
MFG-S00258,WO0018,1,供应商资质过期与来料质量恶化,1.0,-40.76086,0.277337,0.0,1.0,0.982127,1.013104,0.024414,0.119246,0.0,0.0,0.0,0.0,0.0,0.0,370.551819
MFG-S00259,WO0019,1,关键设备维护校准逾期并报警,0.5,141.0,0.03,0.0,1.0,0.923282,0.918892,0.054243,0.065631,12.896708,55.249317,1.0,0.0,0.0,0.0,538.029297
MFG-S00260,WO0020,0,正常生产,0.0,172.0,0.0,0.0,0.0,0.871683,0.926909,0.024273,0.563429,0.0,1.0,0.0,0.0,0.0,0.0,1010.503113
MFG-S00261,WO0021,0,正常生产,0.5,30.0,0.02,0.0,1.0,0.847439,0.921554,0.011209,0.099782,0.0,1.0,0.0,0.0,0.0,0.0,762.925537
MFG-S00262,WO0022,0,正常生产,0.5,30.0,0.0,0.0,1.0,0.891571,0.902856,0.020689,0.124099,0.0,0.0,0.0,0.0,0.0,0.0,718.81958
MFG-S00263,WO0023,0,正常生产,0.5,200.0,0.02,0.0,1.0,0.80926,0.971663,0.010692,0.710616,0.0,0.0,0.0,0.0,0.0,1.0,703.160034
MFG-S00264,WO0024,0,正常生产,0.5,110.0,0.0,0.0,0.0,0.85167,0.997413,0.020998,0.532028,0.0,0.0,0.0,0.0,0.0,1.0,10.804527
MFG-S00265,WO0025,1,供应商资质过期与来料质量恶化,1.0,-39.034142,0.188757,0.0,1.0,0.821864,0.868398,0.017022,0.255909,0.0,0.0,0.0,0.0,0.0,0.0,1411.490845
MFG-S00266,WO0026,0,正常生产,0.0,231.0,0.03,0.0,1.0,0.811068,1.023678,0.014079,0.209882,0.0,0.0,0.0,0.0,0.0,0.0,1121.91687
MFG-S00267,WO0027,0,正常生产,0.5,141.0,0.02,0.0,1.0,1.047247,0.923707,0.019162,0.218997,1.0,0.0,0.0,0.0,0.0,1.0,609.381104
MFG-S00268,WO0028,0,正常生产,0.0,172.0,0.0,0.0,0.0,0.961562,0.852144,0.007866,0.492898,0.0,0.0,0.0,0.0,0.0,0.0,1257.910156
MFG-S00269,WO0029,1,供应商资质过期与来料质量恶化,1.0,-36.555149,0.10875,0.0,1.0,0.923592,0.978818,0.014937,0.636017,0.0,0.0,0.0,0.0,0.0,0.0,566.572144
MFG-S00270,WO0030,1,关键设备维护校准逾期并报警,0.5,30.0,0.0,0.0,1.0,1.01745,0.916105,0.114327,0.26338,5.738749,44.932278,1.0,0.0,0.0,0.0,274.634064
MFG-S00271,WO0031,1,关键参数越限且质量冻结发运,0.5,200.0,0.02,0.0,1.0,0.966219,0.997629,0.002258,1.366033,0.0,0.0,0.0,1.0,1.0,1.0,896.882202
MFG-S00272,WO0032,1,关键设备维护校准逾期并报警,0.5,110.0,0.0,0.0,0.0,0.930418,0.969858,0.058643,0.734033,44.872261,59.078968,1.0,0.0,0.0,1.0,483.679504
MFG-S00273,WO0033,0,正常生产,0.0,322.0,0.02,0.0,1.0,0.975039,0.903671,0.009434,0.117065,0.0,1.0,0.0,0.0,0.0,0.0,74.497871
MFG-S00274,WO0034,0,正常生产,0.0,231.0,0.0,0.0,1.0,0.998621,0.955902,0.011635,0.557584,0.0,0.0,0.0,0.0,0.0,0.0,796.705078
MFG-S00275,WO0035,1,未检关键物料领料并超BOM,0.5,141.0,0.02,1.0,1.0,1.381244,0.89988,0.153491,0.591885,0.0,0.0,0.0,0.0,0.0,0.0,632.87616
MFG-S00276,WO0036,0,正常生产,0.0,172.0,0.0,0.0,0.0,0.807762,1.020601,0.000134,0.653897,0.0,0.0,0.0,0.0,0.0,1.0,808.669434
MFG-S00277,WO0037,1,多维叠加高风险,1.0,-44.814701,0.02,1.0,1.0,1.302387,1.024189,0.019709,1.117369,22.282301,0.0,1.0,0.0,1.0,3.0,49967.753906
MFG-S00278,WO0038,1,供应商资质过期与来料质量恶化,1.0,-22.002897,0.137335,0.0,1.0,0.765118,0.967581,0.021612,0.021807,0.0,0.0,0.0,0.0,0.0,1.0,59.119347
MFG-S00279,WO0039,1,多维叠加高风险,1.0,-13.832709,0.03,1.0,1.0,1.522343,1.021457,0.014204,1.05422,8.692936,0.0,1.0,0.0,1.0,6.0,57737.832031
MFG-S00280,WO0040,1,供应商资质过期与来料质量恶化,1.0,-72.117912,0.117139,0.0,0.0,0.880306,0.858933,0.016143,0.233578,0.0,0.0,0.0,0.0,0.0,1.0,587.519653
MFG-S00281,WO0041,1,未检关键物料领料并超BOM,0.0,322.0,0.02,1.0,1.0,1.564175,0.90895,0.099658,0.519951,0.0,0.0,0.0,0.0,0.0,0.0,811.505737
MFG-S00282,WO0042,1,多维叠加高风险,1.0,-50.367096,0.0,1.0,1.0,1.510324,0.878018,0.01156,1.574233,8.398585,0.0,1.0,0.0,1.0,4.0,27436.949219
MFG-S00283,WO0043,0,正常生产,0.5,141.0,0.02,0.0,1.0,0.959111,0.923512,0.011715,0.259716,0.0,0.0,0.0,0.0,0.0,0.0,1485.903198
MFG-S00284,WO0044,1,关键参数越限且质量冻结发运,0.0,172.0,0.0,0.0,0.0,0.854153,1.005376,0.013354,1.488926,0.0,1.0,0.0,1.0,1.0,1.0,1191.510742
MFG-S00285,WO0045,0,正常生产,0.5,30.0,0.02,0.0,1.0,0.775761,0.928114,0.012889,0.132163,0.0,1.0,0.0,0.0,0.0,1.0,1153.91748
MFG-S00286,WO0046,1,关键参数越限且质量冻结发运,0.5,30.0,0.0,0.0,1.0,0.958612,0.908018,0.004469,1.326126,0.0,0.0,0.0,1.0,1.0,0.0,1078.33606
MFG-S00287,WO0047,1,关键设备维护校准逾期并报警,0.5,200.0,0.02,0.0,1.0,1.025496,0.893576,0.057245,0.369495,11.406643,23.188749,1.0,0.0,0.0,0.0,1238.523193
MFG-S00288,WO0048,0,正常生产,0.5,110.0,0.0,0.0,0.0,0.958106,0.932526,0.006469,0.291727,0.0,0.0,0.0,0.0,0.0,1.0,1104.143677
MFG-S00289,WO0049,1,供应商资质过期与来料质量恶化,1.0,-68.38739,0.189218,0.0,1.0,0.836432,0.876458,0.022,0.045387,0.0,0.0,0.0,0.0,0.0,1.0,1190.187622
MFG-S00290,WO0050,0,正常生产,0.0,231.0,0.0,0.0,1.0,0.892377,0.869988,0.009888,0.170844,0.0,0.0,0.0,0.0,0.0,0.0,743.057556
MFG-S00291,WO0051,0,正常生产,0.5,141.0,0.02,0.0,1.0,0.805862,0.923097,0.018015,0.693577,1.0,0.0,0.0,0.0,0.0,1.0,1429.321045
MFG-S00292,WO0052,1,供应商资质过期与来料质量恶化,1.0,-26.593163,0.252979,0.0,0.0,0.993206,1.023526,0.003819,0.131417,0.0,0.0,0.0,0.0,0.0,1.0,598.761963
MFG-S00293,WO0053,0,正常生产,0.5,30.0,0.02,0.0,1.0,1.047232,1.023816,0.020798,0.388529,0.0,0.0,0.0,0.0,0.0,0.0,1161.575195
MFG-S00294,WO0054,0,正常生产,0.5,30.0,0.0,0.0,1.0,1.042841,0.910744,0.003155,0.324506,0.0,0.0,0.0,0.0,0.0,1.0,1192.900391
MFG-S00295,WO0055,0,正常生产,0.5,200.0,0.02,0.0,1.0,0.768556,0.918801,0.003142,0.216251,0.0,0.0,0.0,0.0,0.0,0.0,565.888245
MFG-S00296,WO0056,0,正常生产,0.5,110.0,0.0,0.0,0.0,0.911929,0.880906,0.000523,0.026382,0.0,1.0,0.0,0.0,0.0,1.0,1442.869751
MFG-S00297,WO0057,0,正常生产,0.0,322.0,0.03,0.0,1.0,0.934152,0.905281,0.016658,0.033269,0.0,1.0,0.0,0.0,0.0,0.0,951.363525
MFG-S00298,WO0058,0,正常生产,0.0,231.0,0.0,0.0,1.0,0.861996,0.91164,0.02199,0.662476,0.0,0.0,0.0,0.0,0.0,1.0,374.221405
MFG-S00299,WO0059,1,未检关键物料领料并超BOM,0.5,141.0,0.02,1.0,1.0,1.793038,0.951229,0.076794,0.211991,0.0,0.0,0.0,0.0,0.0,0.0,1274.072021
MFG-S00300,WO0060,0,正常生产,0.0,172.0,0.0,0.0,0.0,0.799131,0.912416,0.011251,0.300067,0.0,0.0,0.0,0.0,0.0,0.0,1410.069336
MFG-S00301,WO0061,0,正常生产,0.5,30.0,0.02,0.0,1.0,0.810349,0.94792,0.007096,0.30648,0.0,0.0,0.0,0.0,0.0,1.0,259.913269
MFG-S00302,WO0062,0,正常生产,0.5,30.0,0.0,0.0,1.0,0.852881,0.932944,0.021523,0.213135,0.0,0.0,0.0,0.0,0.0,0.0,1304.171753
MFG-S00303,WO0063,1,未检关键物料领料并超BOM,0.5,200.0,0.02,1.0,1.0,1.476794,0.988968,0.146165,0.545759,1.0,0.0,0.0,0.0,0.0,1.0,365.887085
MFG-S00304,WO0064,0,正常生产,0.5,110.0,0.0,0.0,0.0,0.753603,0.914106,0.008027,0.17422,0.0,0.0,0.0,0.0,0.0,1.0,707.989807
MFG-S00305,WO0065,0,正常生产,0.0,322.0,0.03,0.0,1.0,0.924219,0.931314,0.006972,0.736095,0.0,0.0,0.0,0.0,0.0,1.0,478.481018
MFG-S00306,WO0066,0,正常生产,0.0,231.0,0.0,0.0,1.0,0.833635,0.92987,0.005178,0.730868,0.0,0.0,0.0,0.0,0.0,0.0,264.404205
MFG-S00307,WO0067,1,关键设备维护校准逾期并报警,0.5,141.0,0.02,0.0,1.0,0.862813,0.981758,0.119599,0.502355,13.129212,5.063012,1.0,0.0,0.0,1.0,363.233215
MFG-S00308,WO0068,1,重复高额客户投诉,0.0,172.0,0.063708,0.0,0.0,0.751259,0.968445,0.003404,0.371509,0.0,1.0,0.0,0.0,0.0,8.0,70848.460938
MFG-S00309,WO0069,1,关键参数越限且质量冻结发运,0.5,30.0,0.02,0.0,1.0,0.919108,0.980229,0.004674,1.074464,0.0,1.0,0.0,1.0,1.0,1.0,166.705795
MFG-S00310,WO0070,1,未检关键物料领料并超BOM,0.5,30.0,0.0,1.0,1.0,1.410797,0.91719,0.143636,0.391209,0.0,0.0,0.0,0.0,0.0,0.0,1364.855103
MFG-S00311,WO0071,0,正常生产,0.5,200.0,0.02,0.0,1.0,0.965201,1.000043,0.007489,0.690075,0.0,0.0,0.0,0.0,0.0,0.0,442.814972
MFG-S00312,WO0072,0,正常生产,0.5,110.0,0.0,0.0,0.0,0.814607,0.915043,0.017764,0.656219,0.0,0.0,0.0,0.0,0.0,0.0,684.070557
MFG-S00313,WO0073,0,正常生产,0.0,322.0,0.02,0.0,1.0,0.786286,0.96029,0.010741,0.213047,0.0,0.0,0.0,0.0,0.0,0.0,1000.733398
MFG-S00314,WO0074,1,供应商资质过期与来料质量恶化,1.0,-35.263477,0.141664,0.0,1.0,1.000603,0.914002,0.008854,0.575202,0.0,0.0,0.0,0.0,0.0,1.0,400.397003
MFG-S00315,WO0075,0,正常生产,0.5,141.0,0.02,0.0,1.0,0.849188,0.858696,0.003396,0.389766,1.0,0.0,0.0,0.0,0.0,0.0,938.018555
MFG-S00316,WO0076,0,正常生产,0.0,172.0,0.03,0.0,0.0,0.980388,0.929598,0.002184,0.376527,0.0,0.0,0.0,0.0,0.0,0.0,1110.18103
MFG-S00317,WO0077,1,关键设备维护校准逾期并报警,0.5,30.0,0.02,0.0,1.0,1.018169,0.985591,0.080499,0.678965,27.90844,50.712624,1.0,0.0,0.0,1.0,594.765808
MFG-S00318,WO0078,0,正常生产,0.5,30.0,0.03,0.0,1.0,0.94357,0.939815,0.011336,0.16348,0.0,0.0,0.0,0.0,0.0,0.0,325.308899
MFG-S00319,WO0079,0,正常生产,0.5,200.0,0.02,0.0,1.0,0.902402,0.935497,0.019076,0.372006,0.0,0.0,0.0,0.0,0.0,0.0,1411.555054
MFG-S00320,WO0080,0,正常生产,0.5,110.0,0.0,0.0,0.0,1.01771,1.009206,0.015448,0.022939,0.0,1.0,0.0,0.0,0.0,1.0,256.343658
MFG-S00321,WO0081,1,供应商资质过期与来料质量恶化,1.0,-38.753983,0.155775,0.0,1.0,0.863204,1.003293,0.020102,0.634287,0.0,1.0,0.0,0.0,0.0,0.0,491.508423
MFG-S00322,WO0082,1,关键设备维护校准逾期并报警,0.0,231.0,0.0,0.0,1.0,0.996192,1.012799,0.049071,0.663503,11.908245,59.662838,1.0,0.0,0.0,1.0,7.099192
MFG-S00323,WO0083,0,正常生产,0.5,141.0,0.02,0.0,1.0,0.98076,0.946362,0.017076,0.126212,0.0,0.0,0.0,0.0,0.0,1.0,1110.545166
MFG-S00324,WO0084,0,正常生产,0.0,172.0,0.0,0.0,0.0,0.981447,0.953331,0.006523,0.39395,0.0,0.0,0.0,0.0,0.0,1.0,936.975037
MFG-S00325,WO0085,0,正常生产,0.5,30.0,0.02,0.0,1.0,0.815737,0.916657,0.015888,0.426153,0.0,0.0,0.0,0.0,0.0,0.0,470.283569
MFG-S00326,WO0086,0,正常生产,0.5,30.0,0.0,0.0,1.0,0.972107,0.96105,0.009408,0.31923,0.0,0.0,0.0,0.0,0.0,0.0,1314.804932
MFG-S00327,WO0087,0,正常生产,0.5,200.0,0.02,0.0,1.0,0.816319,0.961745,0.011328,0.5831,1.0,0.0,0.0,0.0,0.0,0.0,1372.698242
MFG-S00328,WO0088,1,未检关键物料领料并超BOM,0.5,110.0,0.0,1.0,1.0,1.55607,0.878906,0.067759,0.682678,0.0,0.0,0.0,0.0,0.0,0.0,218.94397
MFG-S00329,WO0089,0,正常生产,0.0,322.0,0.02,0.0,1.0,0.76813,0.897745,0.019789,0.59208,0.0,0.0,0.0,0.0,0.0,0.0,1351.129517
MFG-S00330,WO0090,1,供应商资质过期与来料质量恶化,1.0,-31.689684,0.263312,0.0,1.0,0.829649,0.882883,0.002673,0.656964,0.0,0.0,0.0,0.0,0.0,0.0,1420.659546
MFG-S00331,WO0091,0,正常生产,0.5,141.0,0.03,0.0,1.0,0.768716,0.892494,0.018179,0.725431,0.0,0.0,0.0,0.0,0.0,0.0,1450.269287
MFG-S00332,WO0092,0,正常生产,0.0,172.0,0.0,0.0,0.0,0.885598,1.003196,0.000785,0.157074,0.0,1.0,0.0,0.0,0.0,0.0,80.919426
MFG-S00333,WO0093,1,重复高额客户投诉,0.5,30.0,0.078645,0.0,1.0,0.845718,0.896476,0.009979,0.061139,0.0,1.0,0.0,0.0,0.0,6.0,54426.234375
MFG-S00334,WO0094,1,关键设备维护校准逾期并报警,0.5,30.0,0.0,0.0,1.0,0.89681,0.9132,0.052504,0.272674,34.196945,48.323666,1.0,0.0,0.0,1.0,1076.831543
MFG-S00335,WO0095,0,正常生产,0.5,200.0,0.03,0.0,1.0,1.019231,0.923744,0.022738,0.700717,0.0,0.0,0.0,0.0,0.0,0.0,1474.942505
MFG-S00336,WO0096,0,正常生产,0.5,110.0,0.0,0.0,0.0,0.886176,0.930475,0.008202,0.105356,0.0,0.0,0.0,0.0,0.0,0.0,1186.487671
MFG-S00337,WO0097,0,正常生产,0.0,322.0,0.02,0.0,1.0,0.928001,0.976718,0.008035,0.557785,0.0,0.0,0.0,0.0,0.0,1.0,955.692383
MFG-S00338,WO0098,1,关键参数越限且质量冻结发运,0.0,231.0,0.0,0.0,1.0,0.928631,0.949524,0.012455,1.694033,0.0,0.0,0.0,1.0,1.0,0.0,1279.470947
MFG-S00339,WO0099,1,重复高额客户投诉,0.5,141.0,0.090908,0.0,1.0,0.974279,0.920104,0.020981,0.33668,1.0,0.0,0.0,0.0,0.0,4.0,53563.136719
MFG-S00340,WO0100,1,多维叠加高风险,1.0,-56.327053,0.0,1.0,0.0,1.382726,0.857176,0.022872,1.056363,10.28146,0.0,1.0,0.0,1.0,4.0,25397.630859
MFG-S00341,WO0101,1,未检关键物料领料并超BOM,0.5,30.0,0.02,1.0,1.0,1.680911,1.006789,0.074456,0.498084,0.0,0.0,0.0,0.0,0.0,0.0,487.362885
MFG-S00342,WO0102,0,正常生产,0.5,30.0,0.0,0.0,1.0,0.781456,0.915528,0.014436,0.081196,0.0,0.0,0.0,0.0,0.0,1.0,1111.978149
MFG-S00343,WO0103,1,关键参数越限且质量冻结发运,0.5,200.0,0.02,0.0,1.0,0.819812,1.021673,0.017212,1.752997,0.0,0.0,0.0,1.0,1.0,1.0,1301.194336
MFG-S00344,WO0104,0,正常生产,0.5,110.0,0.03,0.0,0.0,0.836514,0.909911,0.012726,0.244507,0.0,1.0,0.0,0.0,0.0,0.0,933.6297
MFG-S00345,WO0105,1,关键设备维护校准逾期并报警,0.0,322.0,0.02,0.0,1.0,0.982769,0.928131,0.078327,0.029712,44.900875,21.423025,1.0,0.0,0.0,1.0,598.68811
MFG-S00346,WO0106,1,多维叠加高风险,1.0,-54.174717,0.0,1.0,1.0,1.209745,0.852578,0.001437,1.35608,12.797839,0.0,1.0,0.0,1.0,6.0,32995.570312
MFG-S00347,WO0107,0,正常生产,0.5,141.0,0.02,0.0,1.0,0.823133,0.900902,0.020188,0.696903,0.0,0.0,0.0,0.0,0.0,0.0,1435.913208
MFG-S00348,WO0108,1,供应商资质过期与来料质量恶化,1.0,-49.286842,0.220251,0.0,0.0,0.953064,1.004538,0.000828,0.270962,0.0,0.0,0.0,0.0,0.0,0.0,841.317932
MFG-S00349,WO0109,1,供应商资质过期与来料质量恶化,1.0,-73.94062,0.173601,0.0,1.0,0.954585,0.853978,0.01886,0.615746,0.0,0.0,0.0,0.0,0.0,0.0,1107.526367
MFG-S00350,WO0110,1,未检关键物料领料并超BOM,0.5,30.0,0.0,1.0,1.0,1.390712,0.940997,0.11059,0.706605,0.0,0.0,0.0,0.0,0.0,0.0,1047.719116
MFG-S00351,WO0111,1,未检关键物料领料并超BOM,0.5,200.0,0.02,1.0,1.0,1.330044,1.023703,0.110609,0.713093,1.0,0.0,0.0,0.0,0.0,0.0,448.055573
MFG-S00352,WO0112,0,正常生产,0.5,110.0,0.0,0.0,0.0,0.922851,0.991127,0.012442,0.408572,0.0,0.0,0.0,0.0,0.0,0.0,977.554871
MFG-S00353,WO0113,0,正常生产,0.0,322.0,0.02,0.0,1.0,0.759084,0.900787,0.022426,0.207923,0.0,0.0,0.0,0.0,0.0,1.0,220.090973
MFG-S00354,WO0114,1,供应商资质过期与来料质量恶化,1.0,-70.582985,0.235181,0.0,1.0,0.885696,0.964176,0.011505,0.24343,0.0,0.0,0.0,0.0,0.0,1.0,933.975281
MFG-S00355,WO0115,1,供应商资质过期与来料质量恶化,1.0,-16.423325,0.238797,0.0,1.0,0.753761,0.850969,0.023024,0.637037,0.0,0.0,0.0,0.0,0.0,1.0,312.552124
MFG-S00356,WO0116,1,未检关键物料领料并超BOM,0.0,172.0,0.0,1.0,1.0,1.674571,0.904834,0.127576,0.621251,0.0,1.0,0.0,0.0,0.0,0.0,103.823204
MFG-S00357,WO0117,1,关键参数越限且质量冻结发运,0.5,30.0,0.03,0.0,1.0,0.854438,0.926137,0.014125,1.363017,0.0,1.0,0.0,1.0,1.0,1.0,449.530701
MFG-S00358,WO0118,0,正常生产,0.5,30.0,0.0,0.0,1.0,0.868356,0.923384,0.009956,0.270344,0.0,0.0,0.0,0.0,0.0,0.0,604.72699
MFG-S00359,WO0119,1,未检关键物料领料并超BOM,0.5,200.0,0.02,1.0,1.0,1.622561,0.950149,0.085802,0.294987,0.0,0.0,0.0,0.0,0.0,0.0,38.707813
MFG-S00360,WO0120,0,正常生产,0.5,110.0,0.0,0.0,0.0,0.82213,1.029666,0.023501,0.58939,0.0,0.0,0.0,0.0,0.0,1.0,879.139465
MFG-S00361,WO0001,1,未检关键物料领料并超BOM,0.0,322.0,0.02,1.0,1.0,1.436097,0.899616,0.162383,0.383393,0.0,0.0,0.0,0.0,0.0,1.0,1339.171997
MFG-S00362,WO0002,0,正常生产,0.0,231.0,0.0,0.0,1.0,0.961403,1.001314,0.007317,0.260121,0.0,0.0,0.0,0.0,0.0,0.0,71.297234
MFG-S00363,WO0003,1,关键参数越限且质量冻结发运,0.5,141.0,0.02,0.0,1.0,0.953736,0.852364,0.001455,1.45755,1.0,0.0,0.0,1.0,1.0,1.0,1477.619751
MFG-S00364,WO0004,0,正常生产,0.0,172.0,0.0,0.0,0.0,0.985015,0.873278,0.008321,0.628696,0.0,0.0,0.0,0.0,0.0,1.0,827.288452
MFG-S00365,WO0005,0,正常生产,0.5,30.0,0.02,0.0,1.0,0.908911,1.010083,0.002056,0.687833,0.0,0.0,0.0,0.0,0.0,1.0,675.174622
MFG-S00366,WO0006,1,关键参数越限且质量冻结发运,0.5,30.0,0.0,0.0,1.0,0.878673,0.884142,0.011742,1.310508,0.0,0.0,0.0,1.0,1.0,1.0,966.148499
MFG-S00367,WO0007,1,供应商资质过期与来料质量恶化,1.0,-65.910843,0.288969,0.0,1.0,0.99262,0.899171,0.003454,0.533884,0.0,0.0,0.0,0.0,0.0,1.0,1284.229492
MFG-S00368,WO0008,0,正常生产,0.5,110.0,0.0,0.0,0.0,0.987065,1.0083,0.001074,0.011581,0.0,1.0,0.0,0.0,0.0,1.0,423.432922
MFG-S00369,WO0009,0,正常生产,0.0,322.0,0.02,0.0,1.0,0.837216,0.96293,0.004805,0.191438,0.0,1.0,0.0,0.0,0.0,1.0,1120.863281
MFG-S00370,WO0010,0,正常生产,0.0,231.0,0.0,0.0,1.0,0.758064,0.994639,0.010186,0.565669,0.0,0.0,0.0,0.0,0.0,1.0,661.835144
MFG-S00371,WO0011,1,重复高额客户投诉,0.5,141.0,0.063805,0.0,1.0,0.941156,0.865801,0.00117,0.672543,0.0,0.0,0.0,0.0,0.0,6.0,21644.861328
MFG-S00372,WO0012,1,多维叠加高风险,1.0,-35.830311,0.0,1.0,0.0,1.547749,0.929513,0.019673,1.324217,2.504884,0.0,1.0,0.0,1.0,6.0,45010.894531
MFG-S00373,WO0013,0,正常生产,0.5,30.0,0.03,0.0,1.0,0.796242,0.877901,0.007433,0.289981,0.0,0.0,0.0,0.0,0.0,0.0,628.966003
MFG-S00374,WO0014,0,正常生产,0.5,30.0,0.0,0.0,1.0,0.996557,0.983777,0.022188,0.321372,0.0,0.0,0.0,0.0,0.0,1.0,1271.006348
MFG-S00375,WO0015,1,多维叠加高风险,1.0,-19.573851,0.02,1.0,1.0,1.667816,0.996901,0.001218,1.073335,9.785326,0.0,1.0,0.0,1.0,6.0,16894.144531
MFG-S00376,WO0016,0,正常生产,0.5,110.0,0.0,0.0,0.0,1.029495,0.886883,0.02226,0.68953,0.0,0.0,0.0,0.0,0.0,1.0,361.952881
MFG-S00377,WO0017,1,重复高额客户投诉,0.0,322.0,0.081132,0.0,1.0,0.950614,1.020718,0.004818,0.022659,0.0,0.0,0.0,0.0,0.0,6.0,25754.384766
MFG-S00378,WO0018,1,关键参数越限且质量冻结发运,0.0,231.0,0.0,0.0,1.0,0.969142,1.025414,0.008899,1.547036,0.0,0.0,0.0,1.0,1.0,0.0,47.060848
MFG-S00379,WO0019,0,正常生产,0.5,141.0,0.03,0.0,1.0,1.056614,0.911827,0.021894,0.369665,0.0,0.0,0.0,0.0,0.0,1.0,1212.023804
MFG-S00380,WO0020,1,多维叠加高风险,1.0,-22.383333,0.0,1.0,0.0,1.650851,0.984778,0.008906,1.279912,1.50474,1.0,1.0,0.0,1.0,5.0,18764.677734
MFG-S00381,WO0021,1,关键设备维护校准逾期并报警,0.5,30.0,0.02,0.0,1.0,0.990316,0.999548,0.041823,0.374147,28.968178,38.015217,1.0,0.0,0.0,1.0,425.509308
MFG-S00382,WO0022,1,多维叠加高风险,1.0,-11.174829,0.0,1.0,1.0,1.459382,0.932547,0.00534,1.074129,9.461063,0.0,1.0,0.0,1.0,4.0,18525.841797
MFG-S00383,WO0023,1,关键参数越限且质量冻结发运,0.5,200.0,0.02,0.0,1.0,0.887596,0.888245,0.013924,1.193051,0.0,0.0,0.0,1.0,1.0,1.0,435.088379
MFG-S00384,WO0024,0,正常生产,0.5,110.0,0.0,0.0,0.0,0.914625,0.891432,0.004854,0.326312,0.0,0.0,0.0,0.0,0.0,1.0,1486.413818
MFG-S00385,WO0025,1,关键参数越限且质量冻结发运,0.0,322.0,0.02,0.0,1.0,0.882961,0.999672,0.02293,1.38675,0.0,0.0,0.0,1.0,1.0,1.0,856.450623
MFG-S00386,WO0026,1,未检关键物料领料并超BOM,0.0,231.0,0.03,1.0,1.0,1.302532,1.00474,0.144809,0.260266,0.0,0.0,0.0,0.0,0.0,1.0,549.847656
MFG-S00387,WO0027,1,关键参数越限且质量冻结发运,0.5,141.0,0.02,0.0,1.0,0.984708,0.92254,0.019914,1.092877,1.0,0.0,0.0,1.0,1.0,1.0,1069.935425
MFG-S00388,WO0028,0,正常生产,0.0,172.0,0.0,0.0,0.0,1.031297,0.877122,0.002244,0.69076,0.0,0.0,0.0,0.0,0.0,1.0,1405.388184
MFG-S00389,WO0029,0,正常生产,0.5,30.0,0.02,0.0,1.0,0.893923,1.022767,0.009062,0.152045,0.0,0.0,0.0,0.0,0.0,0.0,1019.267273
MFG-S00390,WO0030,0,正常生产,0.5,30.0,0.0,0.0,1.0,0.855891,0.886262,0.012566,0.396411,0.0,0.0,0.0,0.0,0.0,0.0,1478.791992
MFG-S00391,WO0031,0,正常生产,0.5,200.0,0.02,0.0,1.0,1.039473,0.875091,0.010373,0.452219,0.0,0.0,0.0,0.0,0.0,1.0,349.211792
MFG-S00392,WO0032,0,正常生产,0.5,110.0,0.0,0.0,0.0,0.850478,0.960292,0.00362,0.687344,0.0,1.0,0.0,0.0,0.0,0.0,1451.015381
MFG-S00393,WO0033,0,正常生产,0.0,322.0,0.02,0.0,1.0,0.86842,0.94363,0.009117,0.675891,0.0,1.0,0.0,0.0,0.0,1.0,322.90271
MFG-S00394,WO0034,0,正常生产,0.0,231.0,0.0,0.0,1.0,1.025864,0.970764,0.018684,0.628436,0.0,0.0,0.0,0.0,0.0,0.0,657.86322
MFG-S00395,WO0035,1,供应商资质过期与来料质量恶化,1.0,-17.50247,0.239161,0.0,1.0,1.058111,0.908257,0.002267,0.22228,0.0,0.0,0.0,0.0,0.0,1.0,818.974304
MFG-S00396,WO0036,0,正常生产,0.0,172.0,0.0,0.0,0.0,0.806131,0.95002,0.019198,0.324438,0.0,0.0,0.0,0.0,0.0,0.0,606.381226
MFG-S00397,WO0037,1,关键设备维护校准逾期并报警,0.5,30.0,0.02,0.0,1.0,0.772513,0.955321,0.086438,0.420971,9.883162,22.982803,1.0,0.0,0.0,0.0,783.375122
MFG-S00398,WO0038,0,正常生产,0.5,30.0,0.03,0.0,1.0,0.770262,0.956204,0.010833,0.645035,0.0,0.0,0.0,0.0,0.0,0.0,568.230347
MFG-S00399,WO0039,0,正常生产,0.5,200.0,0.03,0.0,1.0,0.781403,0.862291,0.001131,0.576745,1.0,0.0,0.0,0.0,0.0,1.0,309.159485
MFG-S00400,WO0040,0,正常生产,0.5,110.0,0.0,0.0,0.0,1.057696,0.95048,0.000597,0.537387,0.0,0.0,0.0,0.0,0.0,0.0,185.551559
MFG-S00401,WO0041,1,供应商资质过期与来料质量恶化,1.0,-4.997572,0.207033,0.0,1.0,1.019835,0.993378,0.021991,0.246704,0.0,0.0,0.0,0.0,0.0,1.0,1196.060303
MFG-S00402,WO0042,1,关键参数越限且质量冻结发运,0.0,231.0,0.0,0.0,1.0,0.77693,0.943606,0.01494,1.232383,0.0,0.0,0.0,1.0,1.0,0.0,1248.59082
MFG-S00403,WO0043,0,正常生产,0.5,141.0,0.02,0.0,1.0,0.750445,0.866613,0.024096,0.003428,0.0,0.0,0.0,0.0,0.0,0.0,396.493042
MFG-S00404,WO0044,1,供应商资质过期与来料质量恶化,1.0,-7.037586,0.181129,0.0,0.0,1.00587,0.953863,0.001084,0.3013,0.0,1.0,0.0,0.0,0.0,0.0,1254.358521
MFG-S00405,WO0045,0,正常生产,0.5,30.0,0.02,0.0,1.0,0.975818,0.963315,0.001177,0.355433,0.0,1.0,0.0,0.0,0.0,0.0,24.690018
MFG-S00406,WO0046,0,正常生产,0.5,30.0,0.0,0.0,1.0,0.961892,1.027463,0.011066,0.379023,0.0,0.0,0.0,0.0,0.0,0.0,622.744751
MFG-S00407,WO0047,0,正常生产,0.5,200.0,0.02,0.0,1.0,0.802083,0.880741,0.010149,0.300912,0.0,0.0,0.0,0.0,0.0,0.0,1290.299683
MFG-S00408,WO0048,0,正常生产,0.5,110.0,0.0,0.0,0.0,0.855784,1.011262,0.001047,0.387834,0.0,0.0,0.0,0.0,0.0,0.0,1459.538574
MFG-S00409,WO0049,1,多维叠加高风险,1.0,-46.758377,0.02,1.0,1.0,1.65471,0.996208,0.017955,1.111118,14.148017,0.0,1.0,0.0,1.0,4.0,48242.769531
MFG-S00410,WO0050,0,正常生产,0.0,231.0,0.0,0.0,1.0,0.761972,1.022559,0.010845,0.56413,0.0,0.0,0.0,0.0,0.0,0.0,532.455444
MFG-S00411,WO0051,0,正常生产,0.5,141.0,0.02,0.0,1.0,1.006221,0.908769,0.007997,0.244339,1.0,0.0,0.0,0.0,0.0,1.0,1281.806763
MFG-S00412,WO0052,0,正常生产,0.0,172.0,0.03,0.0,0.0,1.019474,0.925963,0.00587,0.190361,0.0,0.0,0.0,0.0,0.0,1.0,932.355103
MFG-S00413,WO0053,0,正常生产,0.5,30.0,0.02,0.0,1.0,0.779603,0.889237,0.010223,0.701594,0.0,0.0,0.0,0.0,0.0,1.0,1183.664307
MFG-S00414,WO0054,1,未检关键物料领料并超BOM,0.5,30.0,0.0,1.0,1.0,1.584391,0.869776,0.156755,0.140522,0.0,0.0,0.0,0.0,0.0,1.0,519.238586
MFG-S00415,WO0055,0,正常生产,0.5,200.0,0.02,0.0,1.0,0.752208,1.018924,0.020909,0.032191,0.0,0.0,0.0,0.0,0.0,1.0,1077.248535
MFG-S00416,WO0056,0,正常生产,0.5,110.0,0.0,0.0,0.0,0.866526,0.939308,0.020479,0.744176,0.0,1.0,0.0,0.0,0.0,0.0,938.221069
MFG-S00417,WO0057,1,多维叠加高风险,1.0,-18.826805,0.03,1.0,1.0,1.593154,0.860116,0.024105,1.66782,14.528305,1.0,1.0,0.0,1.0,6.0,26956.982422
MFG-S00418,WO0058,1,关键参数越限且质量冻结发运,0.0,231.0,0.0,0.0,1.0,0.764959,0.85177,0.017344,1.14548,0.0,0.0,0.0,1.0,1.0,1.0,724.243713
MFG-S00419,WO0059,0,正常生产,0.5,141.0,0.02,0.0,1.0,0.883963,0.894102,0.018792,0.254036,0.0,0.0,0.0,0.0,0.0,0.0,737.792114
MFG-S00420,WO0060,0,正常生产,0.0,172.0,0.0,0.0,0.0,0.821167,0.90724,0.014335,0.446902,0.0,0.0,0.0,0.0,0.0,1.0,952.172058
MFG-S00421,WO0061,0,正常生产,0.5,30.0,0.02,0.0,1.0,0.97967,0.874893,0.024322,0.088773,0.0,0.0,0.0,0.0,0.0,1.0,992.654053
MFG-S00422,WO0062,0,正常生产,0.5,30.0,0.0,0.0,1.0,0.966452,0.999255,0.020065,0.281151,0.0,0.0,0.0,0.0,0.0,1.0,852.160156
MFG-S00423,WO0063,1,重复高额客户投诉,0.5,200.0,0.144082,0.0,1.0,1.032244,0.890655,0.023207,0.531938,1.0,0.0,0.0,0.0,0.0,7.0,12422.432617
MFG-S00424,WO0064,0,正常生产,0.5,110.0,0.0,0.0,0.0,0.871578,0.946939,0.020086,0.432343,0.0,0.0,0.0,0.0,0.0,1.0,303.212372
MFG-S00425,WO0065,0,正常生产,0.0,322.0,0.03,0.0,1.0,0.979508,0.885495,0.012295,0.547282,0.0,0.0,0.0,0.0,0.0,0.0,1138.900635
MFG-S00426,WO0066,1,供应商资质过期与来料质量恶化,1.0,-47.370182,0.165311,0.0,1.0,0.88901,1.008993,0.012667,0.615535,0.0,0.0,0.0,0.0,0.0,1.0,181.321945
MFG-S00427,WO0067,1,关键参数越限且质量冻结发运,0.5,141.0,0.02,0.0,1.0,0.844452,0.973603,0.02199,1.263384,0.0,0.0,0.0,1.0,1.0,0.0,1295.388184
MFG-S00428,WO0068,0,正常生产,0.0,172.0,0.0,0.0,0.0,1.044367,1.025353,0.019689,0.652555,0.0,1.0,0.0,0.0,0.0,0.0,94.26638
MFG-S00429,WO0069,0,正常生产,0.5,30.0,0.02,0.0,1.0,0.819503,0.994244,0.017866,0.612838,0.0,1.0,0.0,0.0,0.0,0.0,441.425385
MFG-S00430,WO0070,0,正常生产,0.5,30.0,0.0,0.0,1.0,0.766052,1.003599,0.023431,0.123569,0.0,0.0,0.0,0.0,0.0,1.0,53.919956
MFG-S00431,WO0071,0,正常生产,0.5,200.0,0.02,0.0,1.0,0.894985,0.926554,0.005916,0.141527,0.0,0.0,0.0,0.0,0.0,0.0,168.372681
MFG-S00432,WO0072,1,供应商资质过期与来料质量恶化,1.0,-27.574108,0.084652,0.0,0.0,0.787441,0.893325,0.018823,0.422413,0.0,0.0,0.0,0.0,0.0,0.0,966.695129
MFG-S00433,WO0073,0,正常生产,0.0,322.0,0.02,0.0,1.0,0.935447,1.009029,0.018686,0.735831,0.0,0.0,0.0,0.0,0.0,1.0,155.219055
MFG-S00434,WO0074,0,正常生产,0.0,231.0,0.0,0.0,1.0,0.809343,0.963928,0.009038,0.141899,0.0,0.0,0.0,0.0,0.0,0.0,282.405762
MFG-S00435,WO0075,0,正常生产,0.5,141.0,0.02,0.0,1.0,1.002834,0.959132,0.003148,0.721802,1.0,0.0,0.0,0.0,0.0,0.0,610.204407
MFG-S00436,WO0076,0,正常生产,0.0,172.0,0.03,0.0,0.0,0.856469,0.940898,0.016856,0.676896,0.0,0.0,0.0,0.0,0.0,0.0,1184.189575
MFG-S00437,WO0077,0,正常生产,0.5,30.0,0.02,0.0,1.0,0.982373,1.019465,0.015024,0.419522,0.0,0.0,0.0,0.0,0.0,0.0,1377.391602
MFG-S00438,WO0078,1,供应商资质过期与来料质量恶化,1.0,-72.607376,0.195995,0.0,1.0,0.938497,0.999962,0.007551,0.499846,0.0,0.0,0.0,0.0,0.0,0.0,861.216675
MFG-S00439,WO0079,1,重复高额客户投诉,0.5,200.0,0.084693,0.0,1.0,1.045505,0.870227,0.009695,0.077855,0.0,0.0,0.0,0.0,0.0,8.0,77974.351562
MFG-S00440,WO0080,0,正常生产,0.5,110.0,0.0,0.0,0.0,1.053224,0.924313,0.017366,0.29954,0.0,1.0,0.0,0.0,0.0,0.0,243.327789
MFG-S00441,WO0081,1,未检关键物料领料并超BOM,0.0,322.0,0.02,1.0,1.0,1.580864,0.963194,0.084514,0.361896,0.0,1.0,0.0,0.0,0.0,1.0,369.900604
MFG-S00442,WO0082,0,正常生产,0.0,231.0,0.0,0.0,1.0,1.02902,0.862419,0.010489,0.233682,0.0,0.0,0.0,0.0,0.0,0.0,917.111633
MFG-S00443,WO0083,1,关键参数越限且质量冻结发运,0.5,141.0,0.02,0.0,1.0,0.87654,0.891553,0.0202,1.517281,0.0,0.0,0.0,1.0,1.0,0.0,1317.803955
MFG-S00444,WO0084,0,正常生产,0.0,172.0,0.0,0.0,0.0,0.999247,0.928878,0.012807,0.537004,0.0,0.0,0.0,0.0,0.0,1.0,734.807434
MFG-S00445,WO0085,0,正常生产,0.5,30.0,0.02,0.0,1.0,1.029781,0.978304,0.012777,0.504266,0.0,0.0,0.0,0.0,0.0,1.0,494.295654
MFG-S00446,WO0086,0,正常生产,0.5,30.0,0.0,0.0,1.0,0.772755,0.993405,0.014355,0.292037,0.0,0.0,0.0,0.0,0.0,0.0,571.422852
MFG-S00447,WO0087,0,正常生产,0.5,200.0,0.02,0.0,1.0,1.023946,1.026258,0.021727,0.727233,1.0,0.0,0.0,0.0,0.0,0.0,427.078918
MFG-S00448,WO0088,1,关键设备维护校准逾期并报警,0.5,110.0,0.0,0.0,0.0,0.764035,0.953825,0.055168,0.672605,11.68466,49.73502,1.0,0.0,0.0,1.0,514.220032
MFG-S00449,WO0089,0,正常生产,0.0,322.0,0.02,0.0,1.0,0.907895,1.027479,0.008284,0.110499,0.0,0.0,0.0,0.0,0.0,0.0,180.35881
MFG-S00450,WO0090,0,正常生产,0.0,231.0,0.0,0.0,1.0,0.761084,0.898951,0.003534,0.746926,0.0,0.0,0.0,0.0,0.0,1.0,658.59082
MFG-S00451,WO0091,0,正常生产,0.5,141.0,0.03,0.0,1.0,1.023712,0.914033,0.00037,0.412161,0.0,0.0,0.0,0.0,0.0,0.0,1251.705078
MFG-S00452,WO0092,1,关键设备维护校准逾期并报警,0.0,172.0,0.0,0.0,0.0,1.012468,0.954506,0.067341,0.107601,7.76754,14.591631,1.0,0.0,0.0,1.0,717.029724
MFG-S00453,WO0093,0,正常生产,0.5,30.0,0.02,0.0,1.0,0.833378,0.879452,0.007959,0.685329,0.0,1.0,0.0,0.0,0.0,0.0,37.096981
MFG-S00454,WO0094,0,正常生产,0.5,30.0,0.0,0.0,1.0,0.93876,1.001457,0.023123,0.225078,0.0,0.0,0.0,0.0,0.0,1.0,33.084019
MFG-S00455,WO0095,1,未检关键物料领料并超BOM,0.5,200.0,0.03,1.0,1.0,1.604547,0.853679,0.10663,0.628028,0.0,0.0,0.0,0.0,0.0,1.0,1253.64856
MFG-S00456,WO0096,0,正常生产,0.5,110.0,0.0,0.0,0.0,1.027989,0.889691,0.000516,0.359874,0.0,0.0,0.0,0.0,0.0,0.0,791.022644
MFG-S00457,WO0097,0,正常生产,0.0,322.0,0.02,0.0,1.0,0.990312,0.928534,0.007488,0.164333,0.0,0.0,0.0,0.0,0.0,1.0,1195.346802
MFG-S00458,WO0098,0,正常生产,0.0,231.0,0.0,0.0,1.0,0.953939,0.961454,0.019716,0.093701,0.0,0.0,0.0,0.0,0.0,1.0,226.229401
MFG-S00459,WO0099,1,关键参数越限且质量冻结发运,0.5,141.0,0.02,0.0,1.0,0.904388,0.940931,0.01363,1.723317,1.0,0.0,0.0,1.0,1.0,1.0,903.384338
MFG-S00460,WO0100,1,关键参数越限且质量冻结发运,0.0,172.0,0.0,0.0,0.0,0.862493,0.964337,0.016863,1.32431,0.0,0.0,0.0,1.0,1.0,1.0,477.70694
MFG-S00461,WO0101,0,正常生产,0.5,30.0,0.02,0.0,1.0,0.930771,1.004981,0.005771,0.244766,0.0,0.0,0.0,0.0,0.0,1.0,159.185928
MFG-S00462,WO0102,0,正常生产,0.5,30.0,0.0,0.0,1.0,0.899966,0.88373,0.017968,0.159832,0.0,0.0,0.0,0.0,0.0,1.0,107.811279
MFG-S00463,WO0103,1,重复高额客户投诉,0.5,200.0,0.129323,0.0,1.0,0.864894,0.940378,0.023174,0.007834,0.0,0.0,0.0,0.0,0.0,5.0,73446.617188
MFG-S00464,WO0104,0,正常生产,0.5,110.0,0.03,0.0,0.0,0.928739,0.887361,0.015182,0.708797,0.0,1.0,0.0,0.0,0.0,0.0,1351.098022
MFG-S00465,WO0105,0,正常生产,0.0,322.0,0.02,0.0,1.0,0.885767,0.879054,0.010688,0.095669,0.0,1.0,0.0,0.0,0.0,0.0,941.755737
MFG-S00466,WO0106,0,正常生产,0.0,231.0,0.0,0.0,1.0,0.993249,0.99182,0.014094,0.276293,0.0,0.0,0.0,0.0,0.0,1.0,183.883286
MFG-S00467,WO0107,0,正常生产,0.5,141.0,0.02,0.0,1.0,0.972755,0.860095,0.013571,0.743497,0.0,0.0,0.0,0.0,0.0,0.0,1201.846558
MFG-S00468,WO0108,1,未检关键物料领料并超BOM,0.0,172.0,0.0,1.0,1.0,1.473605,0.962486,0.144927,0.246188,0.0,0.0,0.0,0.0,0.0,1.0,1326.309204
MFG-S00469,WO0109,0,正常生产,0.5,30.0,0.02,0.0,1.0,0.7678,1.007026,0.000714,0.484324,0.0,0.0,0.0,0.0,0.0,0.0,141.278854
MFG-S00470,WO0110,1,多维叠加高风险,1.0,-8.582575,0.0,1.0,1.0,1.259561,0.853674,0.005255,1.172518,6.462093,0.0,1.0,0.0,1.0,6.0,41931.125
MFG-S00471,WO0111,0,正常生产,0.5,200.0,0.02,0.0,1.0,0.763364,0.898501,0.022386,0.438964,1.0,0.0,0.0,0.0,0.0,0.0,36.650497
MFG-S00472,WO0112,0,正常生产,0.5,110.0,0.0,0.0,0.0,0.93829,0.891928,0.021616,0.494599,0.0,0.0,0.0,0.0,0.0,0.0,1230.50769
MFG-S00473,WO0113,0,正常生产,0.0,322.0,0.02,0.0,1.0,0.968247,0.944973,0.014432,0.483452,0.0,0.0,0.0,0.0,0.0,1.0,804.242188
MFG-S00474,WO0114,1,重复高额客户投诉,0.0,231.0,0.157443,0.0,1.0,1.042754,0.918542,0.006836,0.733599,0.0,0.0,0.0,0.0,0.0,7.0,70564.859375
MFG-S00475,WO0115,1,多维叠加高风险,1.0,-23.456282,0.02,1.0,1.0,1.684527,0.994466,0.01731,1.253403,9.710207,0.0,1.0,0.0,1.0,6.0,26108.71875
MFG-S00476,WO0116,1,供应商资质过期与来料质量恶化,1.0,-15.484014,0.149511,0.0,0.0,0.922435,0.921955,0.01629,0.130931,0.0,1.0,0.0,0.0,0.0,1.0,834.041626
MFG-S00477,WO0117,0,正常生产,0.5,30.0,0.03,0.0,1.0,0.780918,1.002037,0.022068,0.410224,0.0,1.0,0.0,0.0,0.0,1.0,1465.046143
MFG-S00478,WO0118,0,正常生产,0.5,30.0,0.0,0.0,1.0,0.883817,0.890815,0.017537,0.469039,0.0,0.0,0.0,0.0,0.0,1.0,1044.353394
MFG-S00479,WO0119,1,关键设备维护校准逾期并报警,0.5,200.0,0.02,0.0,1.0,0.999705,0.947886,0.058505,0.226916,27.375654,15.74918,1.0,0.0,0.0,0.0,1172.859497
MFG-S00480,WO0120,1,未检关键物料领料并超BOM,0.5,110.0,0.0,1.0,1.0,1.280226,0.923747,0.138784,0.416405,0.0,0.0,0.0,0.0,0.0,1.0,1269.880005
MFG-S00481,WO0001,0,正常生产,0.0,322.0,0.02,0.0,1.0,0.979093,0.999306,0.017377,0.103931,0.0,0.0,0.0,0.0,0.0,1.0,200.234207
MFG-S00482,WO0002,1,关键设备维护校准逾期并报警,0.0,231.0,0.0,0.0,1.0,0.956866,0.964624,0.083452,0.022078,37.472954,5.874373,1.0,0.0,0.0,1.0,301.639404
MFG-S00483,WO0003,1,关键设备维护校准逾期并报警,0.5,141.0,0.02,0.0,1.0,0.974567,0.889796,0.089437,0.226125,20.309752,18.742805,1.0,0.0,0.0,0.0,792.112732
MFG-S00484,WO0004,1,关键参数越限且质量冻结发运,0.0,172.0,0.0,0.0,0.0,0.913164,0.937463,0.00152,1.284471,0.0,0.0,0.0,1.0,1.0,1.0,148.932571
MFG-S00485,WO0005,1,重复高额客户投诉,0.5,30.0,0.071377,0.0,1.0,1.032809,0.977377,0.014874,0.184279,0.0,0.0,0.0,0.0,0.0,3.0,12872.501953
MFG-S00486,WO0006,1,供应商资质过期与来料质量恶化,1.0,-80.935722,0.262476,0.0,1.0,0.892009,0.892239,0.003459,0.625404,0.0,0.0,0.0,0.0,0.0,0.0,137.460434
MFG-S00487,WO0007,1,关键参数越限且质量冻结发运,0.5,200.0,0.02,0.0,1.0,0.929607,0.927688,0.00935,1.258684,0.0,0.0,0.0,1.0,1.0,1.0,32.624714
MFG-S00488,WO0008,1,重复高额客户投诉,0.5,110.0,0.132699,0.0,0.0,0.771443,0.954753,0.014812,0.421035,0.0,1.0,0.0,0.0,0.0,6.0,58759.308594
MFG-S00489,WO0009,0,正常生产,0.0,322.0,0.02,0.0,1.0,0.769574,1.0168,0.019895,0.558284,0.0,1.0,0.0,0.0,0.0,0.0,1282.817261
MFG-S00490,WO0010,0,正常生产,0.0,231.0,0.0,0.0,1.0,1.02713,0.975782,0.016808,0.662595,0.0,0.0,0.0,0.0,0.0,1.0,682.564209
MFG-S00491,WO0011,1,关键设备维护校准逾期并报警,0.5,141.0,0.02,0.0,1.0,0.77038,1.024808,0.081959,0.493717,38.794598,24.434916,1.0,0.0,0.0,0.0,249.918976
MFG-S00492,WO0012,0,正常生产,0.0,172.0,0.0,0.0,0.0,1.023168,0.912303,0.016415,0.287093,0.0,0.0,0.0,0.0,0.0,1.0,466.312592
MFG-S00493,WO0013,0,正常生产,0.5,30.0,0.03,0.0,1.0,0.933603,0.911881,0.023836,0.1755,0.0,0.0,0.0,0.0,0.0,0.0,1215.711182
MFG-S00494,WO0014,0,正常生产,0.5,30.0,0.0,0.0,1.0,0.76914,0.962426,0.019924,0.19604,0.0,0.0,0.0,0.0,0.0,0.0,581.568359
MFG-S00495,WO0015,1,供应商资质过期与来料质量恶化,1.0,-26.270292,0.273581,0.0,1.0,0.999458,0.909049,0.00426,0.608146,1.0,0.0,0.0,0.0,0.0,0.0,1205.144531
MFG-S00496,WO0016,0,正常生产,0.5,110.0,0.0,0.0,0.0,0.822372,0.98383,0.01135,0.699097,0.0,0.0,0.0,0.0,0.0,0.0,350.945038
MFG-S00497,WO0017,1,供应商资质过期与来料质量恶化,1.0,-69.500946,0.288876,0.0,1.0,0.945076,0.901766,0.011695,0.027445,0.0,0.0,0.0,0.0,0.0,0.0,1392.027222
MFG-S00498,WO0018,1,未检关键物料领料并超BOM,0.0,231.0,0.0,1.0,1.0,1.487671,1.003782,0.064418,0.084345,0.0,0.0,0.0,0.0,0.0,0.0,1090.624146
MFG-S00499,WO0019,0,正常生产,0.5,141.0,0.03,0.0,1.0,0.979487,0.933193,0.010274,0.204532,0.0,0.0,0.0,0.0,0.0,0.0,738.009888
MFG-S00500,WO0020,1,多维叠加高风险,1.0,-58.754642,0.0,1.0,0.0,1.473209,0.990251,0.000481,1.30553,11.917534,1.0,1.0,0.0,1.0,4.0,49653.800781
MFG-S00501,WO0021,0,正常生产,0.5,30.0,0.02,0.0,1.0,1.002667,0.992523,0.009615,0.388589,0.0,1.0,0.0,0.0,0.0,0.0,1350.271118
MFG-S00502,WO0022,0,正常生产,0.5,30.0,0.0,0.0,1.0,0.952771,1.028087,0.003981,0.247062,0.0,0.0,0.0,0.0,0.0,0.0,610.042725
MFG-S00503,WO0023,0,正常生产,0.5,200.0,0.02,0.0,1.0,0.891351,0.858843,0.011126,0.181137,0.0,0.0,0.0,0.0,0.0,1.0,903.514465
MFG-S00504,WO0024,1,未检关键物料领料并超BOM,0.5,110.0,0.0,1.0,1.0,1.544821,1.019902,0.137788,0.575909,0.0,0.0,0.0,0.0,0.0,0.0,754.512329
MFG-S00505,WO0025,1,多维叠加高风险,1.0,-18.516043,0.02,1.0,1.0,1.672962,0.954399,0.011741,1.323259,19.012978,0.0,1.0,0.0,1.0,3.0,30727.259766
MFG-S00506,WO0026,0,正常生产,0.0,231.0,0.03,0.0,1.0,1.056206,1.004871,0.011546,0.143342,0.0,0.0,0.0,0.0,0.0,1.0,1156.697876
MFG-S00507,WO0027,0,正常生产,0.5,141.0,0.02,0.0,1.0,0.77106,0.989886,0.008649,0.350268,1.0,0.0,0.0,0.0,0.0,0.0,443.552521
MFG-S00508,WO0028,0,正常生产,0.0,172.0,0.0,0.0,0.0,0.995592,0.990905,0.000961,0.398883,0.0,0.0,0.0,0.0,0.0,0.0,335.615082
MFG-S00509,WO0029,1,重复高额客户投诉,0.5,30.0,0.046022,0.0,1.0,0.77383,0.92425,0.004289,0.632938,0.0,0.0,0.0,0.0,0.0,3.0,79730.671875
MFG-S00510,WO0030,1,关键参数越限且质量冻结发运,0.5,30.0,0.0,0.0,1.0,0.993291,1.00087,0.013407,1.646129,0.0,0.0,0.0,1.0,1.0,1.0,133.490662
MFG-S00511,WO0031,0,正常生产,0.5,200.0,0.02,0.0,1.0,0.92683,0.971236,0.023917,0.485958,0.0,0.0,0.0,0.0,0.0,0.0,559.595703
MFG-S00512,WO0032,1,供应商资质过期与来料质量恶化,1.0,-5.441773,0.09277,0.0,0.0,1.052507,0.988787,0.01229,0.594001,0.0,1.0,0.0,0.0,0.0,1.0,753.986694
MFG-S00513,WO0033,0,正常生产,0.0,322.0,0.02,0.0,1.0,0.832733,0.865741,0.002928,0.43177,0.0,1.0,0.0,0.0,0.0,1.0,883.477295
MFG-S00514,WO0034,0,正常生产,0.0,231.0,0.0,0.0,1.0,1.032786,0.865585,0.024545,0.741462,0.0,0.0,0.0,0.0,0.0,1.0,747.35791
MFG-S00515,WO0035,0,正常生产,0.5,141.0,0.02,0.0,1.0,0.923834,0.884388,0.008882,0.504801,0.0,0.0,0.0,0.0,0.0,1.0,1018.941895
MFG-S00516,WO0036,1,未检关键物料领料并超BOM,0.0,172.0,0.0,1.0,1.0,1.755379,0.981211,0.076226,0.387476,0.0,0.0,0.0,0.0,0.0,0.0,1093.790039
MFG-S00517,WO0037,1,未检关键物料领料并超BOM,0.5,30.0,0.02,1.0,1.0,1.495517,1.020895,0.125459,0.038013,0.0,0.0,0.0,0.0,0.0,1.0,1022.803528
MFG-S00518,WO0038,0,正常生产,0.5,30.0,0.03,0.0,1.0,0.79332,0.89279,0.013478,0.523951,0.0,0.0,0.0,0.0,0.0,0.0,626.934631
MFG-S00519,WO0039,0,正常生产,0.5,200.0,0.03,0.0,1.0,0.976894,0.990832,0.024595,0.156251,1.0,0.0,0.0,0.0,0.0,1.0,1113.073853
MFG-S00520,WO0040,0,正常生产,0.5,110.0,0.0,0.0,0.0,1.001005,0.953519,0.024758,0.515459,0.0,0.0,0.0,0.0,0.0,1.0,482.162201
MFG-S00521,WO0041,0,正常生产,0.0,322.0,0.02,0.0,1.0,0.757293,1.016058,0.00285,0.021239,0.0,0.0,0.0,0.0,0.0,0.0,354.966095
MFG-S00522,WO0042,0,正常生产,0.0,231.0,0.0,0.0,1.0,0.764298,0.890356,0.02475,0.117752,0.0,0.0,0.0,0.0,0.0,1.0,570.075012
MFG-S00523,WO0043,0,正常生产,0.5,141.0,0.02,0.0,1.0,0.906886,0.996075,0.015719,0.587186,0.0,0.0,0.0,0.0,0.0,1.0,790.635254
MFG-S00524,WO0044,1,重复高额客户投诉,0.0,172.0,0.082412,0.0,0.0,0.7546,0.878267,0.020512,0.506537,0.0,1.0,0.0,0.0,0.0,3.0,74559.226562
MFG-S00525,WO0045,0,正常生产,0.5,30.0,0.02,0.0,1.0,0.770026,0.969389,0.004936,0.535767,0.0,1.0,0.0,0.0,0.0,0.0,501.091858
MFG-S00526,WO0046,0,正常生产,0.5,30.0,0.0,0.0,1.0,0.860866,1.005682,0.004258,0.487671,0.0,0.0,0.0,0.0,0.0,0.0,1390.099487
MFG-S00527,WO0047,0,正常生产,0.5,200.0,0.02,0.0,1.0,1.058452,0.99531,0.017536,0.042466,0.0,0.0,0.0,0.0,0.0,1.0,355.911255
MFG-S00528,WO0048,1,多维叠加高风险,1.0,-48.345543,0.0,1.0,0.0,1.682111,0.887033,0.009289,1.42298,19.736454,0.0,1.0,0.0,1.0,2.0,31206.884766
MFG-S00529,WO0049,1,关键设备维护校准逾期并报警,0.0,322.0,0.02,0.0,1.0,0.86481,0.998345,0.090743,0.441701,17.28554,48.65237,1.0,0.0,0.0,1.0,1242.33313
MFG-S00530,WO0050,1,关键设备维护校准逾期并报警,0.0,231.0,0.0,0.0,1.0,0.898462,0.996118,0.102083,0.597011,24.469824,52.033302,1.0,0.0,0.0,0.0,1041.856201
MFG-S00531,WO0051,1,重复高额客户投诉,0.5,141.0,0.086725,0.0,1.0,0.854165,0.963885,0.00608,0.37234,1.0,0.0,0.0,0.0,0.0,8.0,58719.777344
MFG-S00532,WO0052,1,供应商资质过期与来料质量恶化,1.0,-65.837044,0.165919,0.0,0.0,0.934765,0.997417,0.019473,0.18909,0.0,0.0,0.0,0.0,0.0,0.0,141.761414
MFG-S00533,WO0053,0,正常生产,0.5,30.0,0.02,0.0,1.0,0.819944,1.020847,0.012983,0.272023,0.0,0.0,0.0,0.0,0.0,0.0,1111.218262
MFG-S00534,WO0054,0,正常生产,0.5,30.0,0.0,0.0,1.0,0.857422,0.997226,0.02084,0.103255,0.0,0.0,0.0,0.0,0.0,0.0,1174.660767
MFG-S00535,WO0055,0,正常生产,0.5,200.0,0.02,0.0,1.0,0.758958,1.006626,0.004264,0.633638,0.0,0.0,0.0,0.0,0.0,1.0,1169.06897
MFG-S00536,WO0056,0,正常生产,0.5,110.0,0.0,0.0,0.0,0.866553,0.990087,0.013208,0.391471,0.0,1.0,0.0,0.0,0.0,0.0,282.036346
MFG-S00537,WO0057,0,正常生产,0.0,322.0,0.03,0.0,1.0,0.868006,0.91144,0.024436,0.088763,0.0,1.0,0.0,0.0,0.0,0.0,49.359726
MFG-S00538,WO0058,0,正常生产,0.0,231.0,0.0,0.0,1.0,0.801591,1.014827,0.016785,0.387105,0.0,0.0,0.0,0.0,0.0,0.0,585.347839
MFG-S00539,WO0059,1,未检关键物料领料并超BOM,0.5,141.0,0.02,1.0,1.0,1.434915,0.910718,0.14433,0.600947,0.0,0.0,0.0,0.0,0.0,0.0,874.936768
MFG-S00540,WO0060,0,正常生产,0.0,172.0,0.0,0.0,0.0,1.022932,0.88233,0.006294,0.270039,0.0,0.0,0.0,0.0,0.0,1.0,1089.069824
MFG-S00541,WO0061,0,正常生产,0.5,30.0,0.02,0.0,1.0,1.019087,0.975221,0.011681,0.616279,0.0,0.0,0.0,0.0,0.0,1.0,1341.657959
MFG-S00542,WO0062,0,正常生产,0.5,30.0,0.0,0.0,1.0,1.009128,0.881247,0.018833,0.40467,0.0,0.0,0.0,0.0,0.0,1.0,489.356293
MFG-S00543,WO0063,1,供应商资质过期与来料质量恶化,1.0,-33.206024,0.08114,0.0,1.0,0.885497,0.951885,0.007923,0.422919,1.0,0.0,0.0,0.0,0.0,1.0,786.790588
MFG-S00544,WO0064,1,供应商资质过期与来料质量恶化,1.0,-16.106943,0.162221,0.0,0.0,0.950597,1.029855,0.00895,0.437737,0.0,0.0,0.0,0.0,0.0,0.0,168.674942
MFG-S00545,WO0065,1,关键参数越限且质量冻结发运,0.0,322.0,0.03,0.0,1.0,1.019872,0.906523,0.004019,1.489539,0.0,0.0,0.0,1.0,1.0,0.0,88.712845
MFG-S00546,WO0066,1,重复高额客户投诉,0.0,231.0,0.148628,0.0,1.0,1.046646,1.029599,0.005069,0.080444,0.0,0.0,0.0,0.0,0.0,6.0,79277.664062
MFG-S00547,WO0067,1,多维叠加高风险,1.0,-57.75552,0.02,1.0,1.0,1.606565,0.954278,0.013759,1.347993,7.405524,0.0,1.0,0.0,1.0,4.0,31969.798828
MFG-S00548,WO0068,1,重复高额客户投诉,0.0,172.0,0.140858,0.0,0.0,0.856807,0.850982,0.006447,0.452341,0.0,1.0,0.0,0.0,0.0,7.0,40984.949219
MFG-S00549,WO0069,0,正常生产,0.5,30.0,0.02,0.0,1.0,1.031881,0.951083,0.010775,0.125432,0.0,1.0,0.0,0.0,0.0,1.0,9.582295
MFG-S00550,WO0070,1,未检关键物料领料并超BOM,0.5,30.0,0.0,1.0,1.0,1.634786,0.96063,0.174533,0.678083,0.0,0.0,0.0,0.0,0.0,0.0,606.644287
MFG-S00551,WO0071,1,多维叠加高风险,1.0,-39.283619,0.02,1.0,1.0,1.39131,1.007405,0.015734,1.270358,17.781515,0.0,1.0,0.0,1.0,6.0,44088.625
MFG-S00552,WO0072,1,供应商资质过期与来料质量恶化,1.0,-25.040285,0.245479,0.0,0.0,0.908335,0.993953,0.001721,0.028007,0.0,0.0,0.0,0.0,0.0,0.0,1448.081787
MFG-S00553,WO0073,0,正常生产,0.0,322.0,0.02,0.0,1.0,0.973826,1.004438,0.012043,0.635547,0.0,0.0,0.0,0.0,0.0,0.0,1075.480957
MFG-S00554,WO0074,0,正常生产,0.0,231.0,0.0,0.0,1.0,0.815354,0.999153,0.010343,0.602503,0.0,0.0,0.0,0.0,0.0,0.0,1247.228027
MFG-S00555,WO0075,1,供应商资质过期与来料质量恶化,1.0,-22.453747,0.130662,0.0,1.0,0.976283,0.860667,0.021312,0.315796,1.0,0.0,0.0,0.0,0.0,0.0,961.608398
MFG-S00556,WO0076,0,正常生产,0.0,172.0,0.03,0.0,0.0,0.840256,0.857722,0.023021,0.546892,0.0,0.0,0.0,0.0,0.0,1.0,1426.185791
MFG-S00557,WO0077,1,供应商资质过期与来料质量恶化,1.0,-60.031467,0.202498,0.0,1.0,1.030009,0.881221,0.003747,0.270397,0.0,0.0,0.0,0.0,0.0,0.0,1112.003174
MFG-S00558,WO0078,0,正常生产,0.5,30.0,0.03,0.0,1.0,0.801815,0.890311,0.022969,0.043898,0.0,0.0,0.0,0.0,0.0,0.0,1207.537354
MFG-S00559,WO0079,0,正常生产,0.5,200.0,0.02,0.0,1.0,0.996188,0.887607,0.01049,0.630432,0.0,0.0,0.0,0.0,0.0,0.0,964.892334
MFG-S00560,WO0080,0,正常生产,0.5,110.0,0.0,0.0,0.0,0.817908,0.869881,0.020646,0.394244,0.0,1.0,0.0,0.0,0.0,1.0,989.778748
MFG-S00561,WO0081,1,关键设备维护校准逾期并报警,0.0,322.0,0.02,0.0,1.0,0.875993,1.00827,0.042942,0.057861,40.551979,20.138901,1.0,0.0,0.0,1.0,457.451385
MFG-S00562,WO0082,0,正常生产,0.0,231.0,0.0,0.0,1.0,1.047415,0.992667,0.020034,0.325921,0.0,0.0,0.0,0.0,0.0,0.0,864.206055
MFG-S00563,WO0083,0,正常生产,0.5,141.0,0.02,0.0,1.0,0.857949,0.99123,0.00392,0.23627,0.0,0.0,0.0,0.0,0.0,1.0,453.55896
MFG-S00564,WO0084,0,正常生产,0.0,172.0,0.0,0.0,0.0,1.044268,1.021148,0.003404,0.423093,0.0,0.0,0.0,0.0,0.0,0.0,1125.176636
MFG-S00565,WO0085,1,多维叠加高风险,1.0,-34.337223,0.02,1.0,1.0,1.289756,0.917829,0.005576,1.116696,24.03528,0.0,1.0,0.0,1.0,3.0,54780.332031
MFG-S00566,WO0086,1,供应商资质过期与来料质量恶化,1.0,-77.92112,0.110757,0.0,1.0,1.05265,0.858391,0.012229,0.17547,0.0,0.0,0.0,0.0,0.0,0.0,776.820068
MFG-S00567,WO0087,1,多维叠加高风险,1.0,-26.986364,0.02,1.0,1.0,1.34328,0.876431,0.0058,1.53083,4.467347,0.0,1.0,0.0,1.0,6.0,33962.886719
MFG-S00568,WO0088,1,多维叠加高风险,1.0,-18.602352,0.0,1.0,0.0,1.588529,0.911302,0.009072,1.084473,4.083231,0.0,1.0,0.0,1.0,2.0,19616.578125
MFG-S00569,WO0089,0,正常生产,0.0,322.0,0.02,0.0,1.0,0.917877,1.020941,0.022608,0.408985,0.0,0.0,0.0,0.0,0.0,1.0,976.395264
MFG-S00570,WO0090,0,正常生产,0.0,231.0,0.0,0.0,1.0,0.908918,0.86524,0.01751,0.688201,0.0,0.0,0.0,0.0,0.0,0.0,937.356934
MFG-S00571,WO0091,0,正常生产,0.5,141.0,0.03,0.0,1.0,1.05657,0.968316,0.024923,0.649102,0.0,0.0,0.0,0.0,0.0,1.0,919.419312
MFG-S00572,WO0092,0,正常生产,0.0,172.0,0.0,0.0,0.0,0.854794,0.958586,0.000191,0.044066,0.0,1.0,0.0,0.0,0.0,1.0,1017.701904
MFG-S00573,WO0093,0,正常生产,0.5,30.0,0.02,0.0,1.0,0.84752,0.855339,0.015735,0.056171,0.0,1.0,0.0,0.0,0.0,0.0,125.496948
MFG-S00574,WO0094,0,正常生产,0.5,30.0,0.0,0.0,1.0,1.049305,1.015752,0.015828,0.722187,0.0,0.0,0.0,0.0,0.0,0.0,400.937134
MFG-S00575,WO0095,0,正常生产,0.5,200.0,0.03,0.0,1.0,1.016522,0.853213,0.021621,0.581426,0.0,0.0,0.0,0.0,0.0,0.0,1351.003906
MFG-S00576,WO0096,1,供应商资质过期与来料质量恶化,1.0,-84.351311,0.297409,0.0,0.0,1.024442,1.015494,0.0124,0.36245,0.0,0.0,0.0,0.0,0.0,1.0,720.855774
MFG-S00577,WO0097,0,正常生产,0.0,322.0,0.02,0.0,1.0,0.8041,1.004267,0.019813,0.433438,0.0,0.0,0.0,0.0,0.0,1.0,681.767517
MFG-S00578,WO0098,0,正常生产,0.0,231.0,0.0,0.0,1.0,1.001511,0.860263,0.012192,0.301959,0.0,0.0,0.0,0.0,0.0,1.0,245.899521
MFG-S00579,WO0099,0,正常生产,0.5,141.0,0.02,0.0,1.0,0.84844,1.022422,0.002875,0.605023,1.0,0.0,0.0,0.0,0.0,1.0,1460.645142
MFG-S00580,WO0100,0,正常生产,0.0,172.0,0.0,0.0,0.0,0.95486,0.865099,0.001296,0.413172,0.0,0.0,0.0,0.0,0.0,1.0,835.492432
MFG-S00581,WO0101,0,正常生产,0.5,30.0,0.02,0.0,1.0,0.84639,0.96812,0.003428,0.332751,0.0,0.0,0.0,0.0,0.0,1.0,1202.827271
MFG-S00582,WO0102,0,正常生产,0.5,30.0,0.0,0.0,1.0,0.914512,1.019504,0.003688,0.501943,0.0,0.0,0.0,0.0,0.0,1.0,597.663879
MFG-S00583,WO0103,0,正常生产,0.5,200.0,0.02,0.0,1.0,0.939726,0.916519,0.019083,0.262998,0.0,0.0,0.0,0.0,0.0,0.0,785.0802
MFG-S00584,WO0104,0,正常生产,0.5,110.0,0.03,0.0,0.0,0.81098,1.011898,0.000481,0.744219,0.0,1.0,0.0,0.0,0.0,1.0,369.716553
MFG-S00585,WO0105,1,关键参数越限且质量冻结发运,0.0,322.0,0.02,0.0,1.0,0.78079,0.887758,0.008715,1.67507,0.0,1.0,0.0,1.0,1.0,1.0,1381.450806
MFG-S00586,WO0106,0,正常生产,0.0,231.0,0.0,0.0,1.0,0.852447,0.922014,0.016775,0.187304,0.0,0.0,0.0,0.0,0.0,1.0,617.342834
MFG-S00587,WO0107,0,正常生产,0.5,141.0,0.02,0.0,1.0,1.024337,0.959256,0.017948,0.484283,0.0,0.0,0.0,0.0,0.0,0.0,214.235107
MFG-S00588,WO0108,0,正常生产,0.0,172.0,0.0,0.0,0.0,1.007265,0.947919,0.009795,0.025018,0.0,0.0,0.0,0.0,0.0,0.0,886.537415
MFG-S00589,WO0109,0,正常生产,0.5,30.0,0.02,0.0,1.0,1.055362,0.903826,0.015017,0.444071,0.0,0.0,0.0,0.0,0.0,0.0,727.660217
MFG-S00590,WO0110,1,重复高额客户投诉,0.5,30.0,0.157952,0.0,1.0,0.990178,0.896035,0.007173,0.077623,0.0,0.0,0.0,0.0,0.0,3.0,13397.695312
MFG-S00591,WO0111,1,未检关键物料领料并超BOM,0.5,200.0,0.02,1.0,1.0,1.677561,0.890996,0.169732,0.731001,1.0,0.0,0.0,0.0,0.0,1.0,487.169098
MFG-S00592,WO0112,1,供应商资质过期与来料质量恶化,1.0,-2.253302,0.194301,0.0,0.0,0.770903,0.967107,0.015325,0.742362,0.0,0.0,0.0,0.0,0.0,1.0,1116.673096
MFG-S00593,WO0113,1,关键参数越限且质量冻结发运,0.0,322.0,0.02,0.0,1.0,0.9529,0.866646,0.013651,1.275821,0.0,0.0,0.0,1.0,1.0,0.0,1057.281128
MFG-S00594,WO0114,1,未检关键物料领料并超BOM,0.0,231.0,0.03,1.0,1.0,1.563173,1.026343,0.157734,0.204144,0.0,0.0,0.0,0.0,0.0,0.0,615.795593
MFG-S00595,WO0115,0,正常生产,0.5,141.0,0.02,0.0,1.0,1.013394,0.957438,0.022531,0.295057,0.0,0.0,0.0,0.0,0.0,0.0,828.011169
MFG-S00596,WO0116,0,正常生产,0.0,172.0,0.0,0.0,0.0,0.980126,0.887892,0.002175,0.322232,0.0,1.0,0.0,0.0,0.0,1.0,193.580536
MFG-S00597,WO0117,0,正常生产,0.5,30.0,0.03,0.0,1.0,1.025357,0.939272,0.000634,0.622465,0.0,1.0,0.0,0.0,0.0,1.0,34.662045
MFG-S00598,WO0118,0,正常生产,0.5,30.0,0.0,0.0,1.0,1.026936,0.943025,0.001444,0.486004,0.0,0.0,0.0,0.0,0.0,1.0,1350.850586
MFG-S00599,WO0119,0,正常生产,0.5,200.0,0.02,0.0,1.0,0.977237,0.879541,0.007202,0.348477,0.0,0.0,0.0,0.0,0.0,0.0,1039.065552
MFG-S00600,WO0120,1,供应商资质过期与来料质量恶化,1.0,-47.144249,0.272207,0.0,0.0,0.805997,0.903179,0.023819,0.582465,0.0,0.0,0.0,0.0,0.0,0.0,32.962616
MFG-S00601,WO0001,0,正常生产,0.0,322.0,0.02,0.0,1.0,0.925385,0.890587,0.019489,0.383295,0.0,0.0,0.0,0.0,0.0,0.0,44.561066
MFG-S00602,WO0002,1,多维叠加高风险,1.0,-58.736782,0.0,1.0,1.0,1.634202,0.976662,0.012259,1.282015,24.903963,0.0,1.0,0.0,1.0,3.0,59926.304688
MFG-S00603,WO0003,0,正常生产,0.5,141.0,0.02,0.0,1.0,1.001628,0.860897,0.004857,0.391449,1.0,0.0,0.0,0.0,0.0,0.0,1419.09375
MFG-S00604,WO0004,0,正常生产,0.0,172.0,0.0,0.0,0.0,0.798227,0.912865,0.023735,0.508801,0.0,0.0,0.0,0.0,0.0,1.0,494.328796
MFG-S00605,WO0005,0,正常生产,0.5,30.0,0.02,0.0,1.0,0.867919,0.879255,0.004643,0.154719,0.0,0.0,0.0,0.0,0.0,1.0,354.208862
MFG-S00606,WO0006,0,正常生产,0.5,30.0,0.0,0.0,1.0,0.884893,0.956468,0.012965,0.333469,0.0,0.0,0.0,0.0,0.0,0.0,1494.960449
MFG-S00607,WO0007,1,关键设备维护校准逾期并报警,0.5,200.0,0.02,0.0,1.0,0.909991,0.915759,0.048242,0.424033,37.112465,10.02212,1.0,0.0,0.0,0.0,678.961914
MFG-S00608,WO0008,0,正常生产,0.5,110.0,0.0,0.0,0.0,0.90033,1.01149,0.00299,0.018125,0.0,1.0,0.0,0.0,0.0,1.0,230.590195
MFG-S00609,WO0009,0,正常生产,0.0,322.0,0.02,0.0,1.0,0.80685,0.98062,0.008676,0.553192,0.0,1.0,0.0,0.0,0.0,0.0,1454.337402
MFG-S00610,WO0010,1,关键参数越限且质量冻结发运,0.0,231.0,0.0,0.0,1.0,0.759747,0.945509,0.012696,1.535366,0.0,0.0,0.0,1.0,1.0,0.0,612.856995
MFG-S00611,WO0011,0,正常生产,0.5,141.0,0.02,0.0,1.0,0.949741,0.977165,0.014581,0.705606,0.0,0.0,0.0,0.0,0.0,0.0,1491.975464
MFG-S00612,WO0012,1,多维叠加高风险,1.0,-26.484755,0.0,1.0,0.0,1.241156,0.949853,0.024673,1.106923,18.442268,0.0,1.0,0.0,1.0,5.0,58148.386719
MFG-S00613,WO0013,0,正常生产,0.5,30.0,0.03,0.0,1.0,0.892518,0.906054,0.013096,0.260235,0.0,0.0,0.0,0.0,0.0,1.0,361.646942
MFG-S00614,WO0014,1,未检关键物料领料并超BOM,0.5,30.0,0.0,1.0,1.0,1.65549,0.925097,0.068295,0.150603,0.0,0.0,0.0,0.0,0.0,1.0,1124.905151
MFG-S00615,WO0015,0,正常生产,0.5,200.0,0.02,0.0,1.0,1.016865,1.003,0.002727,0.405963,1.0,0.0,0.0,0.0,0.0,0.0,762.261414
MFG-S00616,WO0016,1,关键设备维护校准逾期并报警,0.5,110.0,0.0,0.0,0.0,0.953014,0.905391,0.050488,0.471074,18.692762,52.961296,1.0,0.0,0.0,1.0,814.622131
MFG-S00617,WO0017,1,重复高额客户投诉,0.0,322.0,0.094092,0.0,1.0,0.841757,0.993612,0.001838,0.422768,0.0,0.0,0.0,0.0,0.0,3.0,79163.257812
MFG-S00618,WO0018,0,正常生产,0.0,231.0,0.0,0.0,1.0,1.048694,0.899456,0.015446,0.254988,0.0,0.0,0.0,0.0,0.0,1.0,991.525574
MFG-S00619,WO0019,1,多维叠加高风险,1.0,-4.698401,0.03,1.0,1.0,1.639779,0.986542,0.024781,1.237696,5.991873,0.0,1.0,0.0,1.0,6.0,35842.308594
MFG-S00620,WO0020,0,正常生产,0.0,172.0,0.0,0.0,0.0,0.763864,0.869422,0.00299,0.214883,0.0,1.0,0.0,0.0,0.0,0.0,116.803429
MFG-S00621,WO0021,0,正常生产,0.5,30.0,0.02,0.0,1.0,0.939702,0.896189,0.011982,0.667809,0.0,1.0,0.0,0.0,0.0,1.0,1275.808838
MFG-S00622,WO0022,1,多维叠加高风险,1.0,-24.187876,0.0,1.0,1.0,1.449209,0.872614,0.003954,1.52793,13.500055,0.0,1.0,0.0,1.0,2.0,12444.227539
MFG-S00623,WO0023,0,正常生产,0.5,200.0,0.02,0.0,1.0,0.896987,1.016607,0.020921,0.664251,0.0,0.0,0.0,0.0,0.0,0.0,1490.822754
MFG-S00624,WO0024,1,关键设备维护校准逾期并报警,0.5,110.0,0.0,0.0,0.0,0.902335,0.974264,0.066362,0.355436,6.572216,39.324738,1.0,0.0,0.0,1.0,7.754026
MFG-S00625,WO0025,0,正常生产,0.0,322.0,0.02,0.0,1.0,0.848966,0.918885,0.005738,0.179275,0.0,0.0,0.0,0.0,0.0,0.0,1267.042725
MFG-S00626,WO0026,0,正常生产,0.0,231.0,0.03,0.0,1.0,0.907913,0.915855,0.011687,0.683007,0.0,0.0,0.0,0.0,0.0,0.0,1362.10083
MFG-S00627,WO0027,0,正常生产,0.5,141.0,0.02,0.0,1.0,0.9593,1.028727,0.018161,0.208746,1.0,0.0,0.0,0.0,0.0,1.0,1289.665771
MFG-S00628,WO0028,1,供应商资质过期与来料质量恶化,1.0,-5.635622,0.25013,0.0,0.0,0.936424,1.011139,0.001376,0.680915,0.0,0.0,0.0,0.0,0.0,1.0,1051.288208
MFG-S00629,WO0029,1,重复高额客户投诉,0.5,30.0,0.082045,0.0,1.0,0.854353,0.890215,0.01297,0.134834,0.0,0.0,0.0,0.0,0.0,4.0,16177.166016
MFG-S00630,WO0030,0,正常生产,0.5,30.0,0.0,0.0,1.0,0.779594,0.860925,0.001637,0.544568,0.0,0.0,0.0,0.0,0.0,1.0,452.633972
MFG-S00631,WO0031,0,正常生产,0.5,200.0,0.02,0.0,1.0,0.849353,0.979351,0.014738,0.320523,0.0,0.0,0.0,0.0,0.0,0.0,1135.355225
MFG-S00632,WO0032,0,正常生产,0.5,110.0,0.0,0.0,0.0,0.799089,0.922816,0.001517,0.55869,0.0,1.0,0.0,0.0,0.0,0.0,553.511902
MFG-S00633,WO0033,1,未检关键物料领料并超BOM,0.0,322.0,0.02,1.0,1.0,1.436815,0.914035,0.162883,0.377762,0.0,1.0,0.0,0.0,0.0,0.0,922.032593
MFG-S00634,WO0034,0,正常生产,0.0,231.0,0.0,0.0,1.0,0.924175,0.892427,0.01211,0.604495,0.0,0.0,0.0,0.0,0.0,0.0,537.895874
MFG-S00635,WO0035,0,正常生产,0.5,141.0,0.02,0.0,1.0,0.919371,0.89697,0.009532,0.040136,0.0,0.0,0.0,0.0,0.0,0.0,987.210022
MFG-S00636,WO0036,1,供应商资质过期与来料质量恶化,1.0,-83.369743,0.092031,0.0,0.0,0.785093,0.878573,0.023593,0.539698,0.0,0.0,0.0,0.0,0.0,0.0,298.911346
MFG-S00637,WO0037,0,正常生产,0.5,30.0,0.02,0.0,1.0,0.802037,0.970618,0.005769,0.048113,0.0,0.0,0.0,0.0,0.0,1.0,99.223129
MFG-S00638,WO0038,0,正常生产,0.5,30.0,0.03,0.0,1.0,0.904201,1.02581,0.019434,0.457852,0.0,0.0,0.0,0.0,0.0,1.0,397.893066
MFG-S00639,WO0039,1,供应商资质过期与来料质量恶化,1.0,-35.996277,0.176164,0.0,1.0,0.989205,0.914223,0.020063,0.118411,1.0,0.0,0.0,0.0,0.0,1.0,1465.84436
MFG-S00640,WO0040,0,正常生产,0.5,110.0,0.0,0.0,0.0,0.825403,0.883784,0.00361,0.12552,0.0,0.0,0.0,0.0,0.0,0.0,1347.556396
MFG-S00641,WO0041,1,重复高额客户投诉,0.0,322.0,0.105846,0.0,1.0,0.963652,0.944754,0.024704,0.072521,0.0,0.0,0.0,0.0,0.0,6.0,62849.097656
MFG-S00642,WO0042,0,正常生产,0.0,231.0,0.0,0.0,1.0,0.9746,0.906098,0.012764,0.586439,0.0,0.0,0.0,0.0,0.0,1.0,829.924255
MFG-S00643,WO0043,0,正常生产,0.5,141.0,0.02,0.0,1.0,1.047552,0.988627,0.011145,0.127415,0.0,0.0,0.0,0.0,0.0,1.0,659.038025
MFG-S00644,WO0044,1,供应商资质过期与来料质量恶化,1.0,-56.2491,0.155126,0.0,0.0,0.887345,0.885442,0.00827,0.472168,0.0,1.0,0.0,0.0,0.0,1.0,1451.629639
MFG-S00645,WO0045,0,正常生产,0.5,30.0,0.02,0.0,1.0,0.761704,1.018402,0.022747,0.053057,0.0,1.0,0.0,0.0,0.0,1.0,1305.572021
MFG-S00646,WO0046,1,关键设备维护校准逾期并报警,0.5,30.0,0.0,0.0,1.0,0.775941,0.878975,0.093961,0.46366,33.766678,24.678026,1.0,0.0,0.0,1.0,210.016388
MFG-S00647,WO0047,0,正常生产,0.5,200.0,0.02,0.0,1.0,0.821496,0.896794,0.014821,0.152236,0.0,0.0,0.0,0.0,0.0,0.0,380.806946
MFG-S00648,WO0048,0,正常生产,0.5,110.0,0.0,0.0,0.0,0.978887,0.941783,0.017274,0.082835,0.0,0.0,0.0,0.0,0.0,0.0,688.755737
MFG-S00649,WO0049,1,关键参数越限且质量冻结发运,0.0,322.0,0.02,0.0,1.0,0.784772,0.96788,0.009061,1.691327,0.0,0.0,0.0,1.0,1.0,1.0,798.178711
MFG-S00650,WO0050,0,正常生产,0.0,231.0,0.0,0.0,1.0,0.870686,0.9641,0.004303,0.112828,0.0,0.0,0.0,0.0,0.0,0.0,693.719177
MFG-S00651,WO0051,0,正常生产,0.5,141.0,0.02,0.0,1.0,0.770065,0.977546,0.002928,0.328047,1.0,0.0,0.0,0.0,0.0,1.0,79.57515
MFG-S00652,WO0052,1,关键参数越限且质量冻结发运,0.0,172.0,0.03,0.0,0.0,1.03668,0.873034,0.018686,1.256365,0.0,0.0,0.0,1.0,1.0,0.0,483.719269
MFG-S00653,WO0053,1,多维叠加高风险,1.0,-31.664759,0.02,1.0,1.0,1.433407,0.879529,0.009479,1.255221,9.154835,0.0,1.0,0.0,1.0,4.0,38921.652344
MFG-S00654,WO0054,1,未检关键物料领料并超BOM,0.5,30.0,0.0,1.0,1.0,1.664039,0.951925,0.143362,0.020968,0.0,0.0,0.0,0.0,0.0,1.0,471.323639
MFG-S00655,WO0055,0,正常生产,0.5,200.0,0.02,0.0,1.0,0.973082,1.028126,0.009148,0.230771,0.0,0.0,0.0,0.0,0.0,0.0,447.200897
MFG-S00656,WO0056,1,重复高额客户投诉,0.5,110.0,0.111792,0.0,0.0,0.984194,0.899623,0.018413,0.329244,0.0,1.0,0.0,0.0,0.0,5.0,56074.980469
MFG-S00657,WO0057,1,关键参数越限且质量冻结发运,0.0,322.0,0.03,0.0,1.0,0.757113,0.896684,0.010854,1.300294,0.0,1.0,0.0,1.0,1.0,1.0,345.345123
MFG-S00658,WO0058,0,正常生产,0.0,231.0,0.0,0.0,1.0,1.048064,0.955429,0.022659,0.709346,0.0,0.0,0.0,0.0,0.0,1.0,785.993042
MFG-S00659,WO0059,0,正常生产,0.5,141.0,0.02,0.0,1.0,0.877263,0.882661,0.017409,0.693445,0.0,0.0,0.0,0.0,0.0,1.0,99.409973
MFG-S00660,WO0060,1,重复高额客户投诉,0.0,172.0,0.057004,0.0,0.0,0.837449,0.861522,0.012219,0.700745,0.0,0.0,0.0,0.0,0.0,3.0,13370.833984
MFG-S00661,WO0061,0,正常生产,0.5,30.0,0.02,0.0,1.0,0.989893,0.942819,0.005721,0.050826,0.0,0.0,0.0,0.0,0.0,0.0,1155.578003
MFG-S00662,WO0062,1,未检关键物料领料并超BOM,0.5,30.0,0.0,1.0,1.0,1.342463,1.004439,0.172702,0.606827,0.0,0.0,0.0,0.0,0.0,1.0,319.404846
MFG-S00663,WO0063,1,关键参数越限且质量冻结发运,0.5,200.0,0.02,0.0,1.0,0.872423,0.882925,0.000606,1.241047,1.0,0.0,0.0,1.0,1.0,0.0,1316.632446
MFG-S00664,WO0064,1,关键设备维护校准逾期并报警,0.5,110.0,0.0,0.0,0.0,0.850057,0.96101,0.065126,0.6782,24.893305,11.283723,1.0,0.0,0.0,1.0,175.020172
MFG-S00665,WO0065,0,正常生产,0.0,322.0,0.03,0.0,1.0,1.027533,0.961305,0.003796,0.301367,0.0,0.0,0.0,0.0,0.0,1.0,1286.42688
MFG-S00666,WO0066,1,多维叠加高风险,1.0,-32.466785,0.0,1.0,1.0,1.556026,0.909937,0.010863,1.297857,3.533225,0.0,1.0,0.0,1.0,4.0,48056.574219
MFG-S00667,WO0067,1,供应商资质过期与来料质量恶化,1.0,-78.390297,0.105704,0.0,1.0,0.863736,0.941216,0.022858,0.697249,0.0,0.0,0.0,0.0,0.0,0.0,269.358429
MFG-S00668,WO0068,0,正常生产,0.0,172.0,0.0,0.0,0.0,1.01423,0.950859,0.015099,0.34929,0.0,1.0,0.0,0.0,0.0,1.0,1179.250366
MFG-S00669,WO0069,0,正常生产,0.5,30.0,0.02,0.0,1.0,1.02689,0.879998,0.018846,0.326977,0.0,1.0,0.0,0.0,0.0,1.0,433.615143
MFG-S00670,WO0070,0,正常生产,0.5,30.0,0.0,0.0,1.0,0.905602,0.901195,0.022013,0.619831,0.0,0.0,0.0,0.0,0.0,0.0,305.856049
MFG-S00671,WO0071,0,正常生产,0.5,200.0,0.02,0.0,1.0,1.037414,0.892263,0.017208,0.304176,0.0,0.0,0.0,0.0,0.0,0.0,1330.04895
MFG-S00672,WO0072,1,未检关键物料领料并超BOM,0.5,110.0,0.0,1.0,1.0,1.710304,0.877051,0.094442,0.085465,0.0,0.0,0.0,0.0,0.0,1.0,217.744995
MFG-S00673,WO0073,0,正常生产,0.0,322.0,0.02,0.0,1.0,0.965829,0.964327,0.007475,0.368982,0.0,0.0,0.0,0.0,0.0,0.0,1016.74292
MFG-S00674,WO0074,0,正常生产,0.0,231.0,0.0,0.0,1.0,0.868371,0.991294,0.002628,0.48942,0.0,0.0,0.0,0.0,0.0,1.0,692.9375
MFG-S00675,WO0075,0,正常生产,0.5,141.0,0.02,0.0,1.0,0.977456,0.981488,0.002515,0.064201,1.0,0.0,0.0,0.0,0.0,0.0,1228.941772
MFG-S00676,WO0076,0,正常生产,0.0,172.0,0.03,0.0,0.0,1.050087,0.867975,0.02258,0.291138,0.0,0.0,0.0,0.0,0.0,0.0,1328.869141
MFG-S00677,WO0077,1,未检关键物料领料并超BOM,0.5,30.0,0.02,1.0,1.0,1.797405,1.017441,0.113364,0.349753,0.0,0.0,0.0,0.0,0.0,0.0,910.476685
MFG-S00678,WO0078,0,正常生产,0.5,30.0,0.03,0.0,1.0,0.95159,0.855155,0.005924,0.106042,0.0,0.0,0.0,0.0,0.0,0.0,107.797028
MFG-S00679,WO0079,1,未检关键物料领料并超BOM,0.5,200.0,0.02,1.0,1.0,1.662526,0.915945,0.073649,0.010856,0.0,0.0,0.0,0.0,0.0,0.0,510.853607
MFG-S00680,WO0080,0,正常生产,0.5,110.0,0.0,0.0,0.0,0.841365,0.950603,0.002353,0.325615,0.0,1.0,0.0,0.0,0.0,0.0,833.659424
MFG-S00681,WO0081,1,关键设备维护校准逾期并报警,0.0,322.0,0.02,0.0,1.0,0.786947,0.888758,0.105439,0.140006,34.443218,17.607281,1.0,0.0,0.0,0.0,1352.885986
MFG-S00682,WO0082,0,正常生产,0.0,231.0,0.0,0.0,1.0,0.915836,0.8679,0.014329,0.527637,0.0,0.0,0.0,0.0,0.0,1.0,194.210403
MFG-S00683,WO0083,0,正常生产,0.5,141.0,0.02,0.0,1.0,0.82659,0.902463,0.010727,0.062136,0.0,0.0,0.0,0.0,0.0,0.0,1281.979736
MFG-S00684,WO0084,0,正常生产,0.0,172.0,0.0,0.0,0.0,1.015192,0.872472,0.017769,0.634988,0.0,0.0,0.0,0.0,0.0,1.0,473.417267
MFG-S00685,WO0085,1,关键参数越限且质量冻结发运,0.5,30.0,0.02,0.0,1.0,1.036414,0.925283,0.021748,1.608107,0.0,0.0,0.0,1.0,1.0,1.0,1252.954102
MFG-S00686,WO0086,1,多维叠加高风险,1.0,-14.970399,0.0,1.0,1.0,1.358995,0.919191,0.009941,1.607397,19.562893,0.0,1.0,0.0,1.0,2.0,14358.991211
MFG-S00687,WO0087,0,正常生产,0.5,200.0,0.02,0.0,1.0,0.927805,0.918646,0.014184,0.313157,1.0,0.0,0.0,0.0,0.0,0.0,521.452026
MFG-S00688,WO0088,0,正常生产,0.5,110.0,0.0,0.0,0.0,0.960843,0.870384,0.010665,0.513522,0.0,0.0,0.0,0.0,0.0,1.0,1497.371704
MFG-S00689,WO0089,1,重复高额客户投诉,0.0,322.0,0.098536,0.0,1.0,0.939654,0.975203,0.005012,0.214444,0.0,0.0,0.0,0.0,0.0,4.0,44835.816406
MFG-S00690,WO0090,0,正常生产,0.0,231.0,0.0,0.0,1.0,0.871755,0.940313,0.009123,0.714673,0.0,0.0,0.0,0.0,0.0,1.0,819.058167
MFG-S00691,WO0091,0,正常生产,0.5,141.0,0.03,0.0,1.0,0.757649,0.989546,0.013289,0.615181,0.0,0.0,0.0,0.0,0.0,0.0,1386.836914
MFG-S00692,WO0092,0,正常生产,0.0,172.0,0.0,0.0,0.0,0.967428,0.897748,0.010123,0.733822,0.0,1.0,0.0,0.0,0.0,0.0,978.075073
MFG-S00693,WO0093,1,多维叠加高风险,1.0,-28.789272,0.02,1.0,1.0,1.261576,0.918424,0.002164,1.347117,11.13675,1.0,1.0,0.0,1.0,3.0,44352.570312
MFG-S00694,WO0094,0,正常生产,0.5,30.0,0.0,0.0,1.0,0.935272,0.948699,0.024867,0.1704,0.0,0.0,0.0,0.0,0.0,1.0,474.543427
MFG-S00695,WO0095,1,未检关键物料领料并超BOM,0.5,200.0,0.03,1.0,1.0,1.690354,0.931956,0.155715,0.442686,0.0,0.0,0.0,0.0,0.0,0.0,4.656667
MFG-S00696,WO0096,0,正常生产,0.5,110.0,0.0,0.0,0.0,0.752294,0.93481,0.021354,0.604957,0.0,0.0,0.0,0.0,0.0,0.0,506.957642
MFG-S00697,WO0097,0,正常生产,0.0,322.0,0.02,0.0,1.0,0.958188,0.973809,0.009482,0.116904,0.0,0.0,0.0,0.0,0.0,1.0,1434.26709
MFG-S00698,WO0098,0,正常生产,0.0,231.0,0.0,0.0,1.0,0.776921,0.91097,0.01993,0.217157,0.0,0.0,0.0,0.0,0.0,0.0,1404.14209
MFG-S00699,WO0099,0,正常生产,0.5,141.0,0.02,0.0,1.0,0.847554,0.960899,0.001222,0.217886,1.0,0.0,0.0,0.0,0.0,0.0,910.417114
MFG-S00700,WO0100,1,多维叠加高风险,1.0,-22.359421,0.0,1.0,0.0,1.539206,0.97968,0.002879,1.655466,7.868484,0.0,1.0,0.0,1.0,6.0,13285.597656
MFG-S00701,WO0101,1,供应商资质过期与来料质量恶化,1.0,-14.554321,0.24401,0.0,1.0,0.973658,0.879124,0.006086,0.452021,0.0,0.0,0.0,0.0,0.0,1.0,327.160278
MFG-S00702,WO0102,1,关键参数越限且质量冻结发运,0.5,30.0,0.0,0.0,1.0,1.013075,0.985521,0.019594,1.462414,0.0,0.0,0.0,1.0,1.0,0.0,858.792175
MFG-S00703,WO0103,1,关键设备维护校准逾期并报警,0.5,200.0,0.02,0.0,1.0,0.966163,0.986372,0.113022,0.572533,36.989506,13.627729,1.0,0.0,0.0,0.0,87.286179
MFG-S00704,WO0104,0,正常生产,0.5,110.0,0.03,0.0,0.0,1.008135,0.974533,0.016617,0.588856,0.0,1.0,0.0,0.0,0.0,0.0,1172.532715
MFG-S00705,WO0105,1,重复高额客户投诉,0.0,322.0,0.051506,0.0,1.0,0.751191,1.024182,0.006992,0.628883,0.0,1.0,0.0,0.0,0.0,4.0,69222.671875
MFG-S00706,WO0106,1,关键设备维护校准逾期并报警,0.0,231.0,0.0,0.0,1.0,0.821733,0.988095,0.083037,0.343028,12.879339,42.474937,1.0,0.0,0.0,0.0,812.837769
MFG-S00707,WO0107,0,正常生产,0.5,141.0,0.02,0.0,1.0,0.872569,1.010376,0.014818,0.520884,0.0,0.0,0.0,0.0,0.0,0.0,31.490387
MFG-S00708,WO0108,1,关键参数越限且质量冻结发运,0.0,172.0,0.0,0.0,0.0,0.820648,1.017233,0.023032,1.144046,0.0,0.0,0.0,1.0,1.0,1.0,400.996826
MFG-S00709,WO0109,0,正常生产,0.5,30.0,0.02,0.0,1.0,0.844229,0.909326,0.001035,0.31588,0.0,0.0,0.0,0.0,0.0,0.0,1202.728638
MFG-S00710,WO0110,1,关键设备维护校准逾期并报警,0.5,30.0,0.0,0.0,1.0,0.92577,0.886276,0.094985,0.330976,12.150867,43.926456,1.0,0.0,0.0,1.0,196.056122
MFG-S00711,WO0111,1,未检关键物料领料并超BOM,0.5,200.0,0.02,1.0,1.0,1.668324,0.932937,0.069182,0.263949,1.0,0.0,0.0,0.0,0.0,1.0,1385.175049
MFG-S00712,WO0112,0,正常生产,0.5,110.0,0.0,0.0,0.0,0.868305,1.01814,0.002338,0.619871,0.0,0.0,0.0,0.0,0.0,0.0,111.398018
MFG-S00713,WO0113,0,正常生产,0.0,322.0,0.02,0.0,1.0,0.85346,0.999546,0.0023,0.62326,0.0,0.0,0.0,0.0,0.0,0.0,778.352051
MFG-S00714,WO0114,1,未检关键物料领料并超BOM,0.0,231.0,0.03,1.0,1.0,1.793648,0.929826,0.075751,0.628661,0.0,0.0,0.0,0.0,0.0,0.0,448.699036
MFG-S00715,WO0115,0,正常生产,0.5,141.0,0.02,0.0,1.0,0.999311,0.87096,0.024399,0.561053,0.0,0.0,0.0,0.0,0.0,1.0,553.249817
MFG-S00716,WO0116,1,多维叠加高风险,1.0,-36.966557,0.0,1.0,0.0,1.636655,0.869443,0.004015,1.242414,19.684322,1.0,1.0,0.0,1.0,4.0,46981.953125
MFG-S00717,WO0117,0,正常生产,0.5,30.0,0.03,0.0,1.0,0.938341,0.876016,0.023561,0.495945,0.0,1.0,0.0,0.0,0.0,0.0,127.550346
MFG-S00718,WO0118,0,正常生产,0.5,30.0,0.0,0.0,1.0,0.928832,0.883126,0.001185,0.524114,0.0,0.0,0.0,0.0,0.0,1.0,1307.911865
MFG-S00719,WO0119,0,正常生产,0.5,200.0,0.02,0.0,1.0,0.980837,1.024054,0.012849,0.384735,0.0,0.0,0.0,0.0,0.0,0.0,1213.166504
MFG-S00720,WO0120,1,关键设备维护校准逾期并报警,0.5,110.0,0.0,0.0,0.0,0.921642,0.956679,0.059585,0.326125,6.99879,24.761995,1.0,0.0,0.0,1.0,1444.16333
MFG-S00721,WO0001,0,正常生产,0.0,322.0,0.02,0.0,1.0,0.768967,0.947852,0.008867,0.525675,0.0,0.0,0.0,0.0,0.0,0.0,445.839539
MFG-S00722,WO0002,1,关键设备维护校准逾期并报警,0.0,231.0,0.0,0.0,1.0,0.915986,1.019274,0.113017,0.741025,40.34272,38.744793,1.0,0.0,0.0,1.0,961.028625
MFG-S00723,WO0003,0,正常生产,0.5,141.0,0.02,0.0,1.0,0.850117,0.981284,0.024576,0.245674,1.0,0.0,0.0,0.0,0.0,0.0,330.605225
MFG-S00724,WO0004,1,重复高额客户投诉,0.0,172.0,0.118519,0.0,0.0,0.899444,0.968998,0.011205,0.124314,0.0,0.0,0.0,0.0,0.0,6.0,46371.152344
MFG-S00725,WO0005,0,正常生产,0.5,30.0,0.02,0.0,1.0,0.828368,0.922223,0.023508,0.181409,0.0,0.0,0.0,0.0,0.0,1.0,114.918686
MFG-S00726,WO0006,1,供应商资质过期与来料质量恶化,1.0,-50.04353,0.11052,0.0,1.0,0.945193,1.000675,0.002427,0.572357,0.0,0.0,0.0,0.0,0.0,1.0,1275.87561
MFG-S00727,WO0007,1,未检关键物料领料并超BOM,0.5,200.0,0.02,1.0,1.0,1.38191,0.985875,0.132683,0.497654,0.0,0.0,0.0,0.0,0.0,0.0,1268.339478
MFG-S00728,WO0008,1,未检关键物料领料并超BOM,0.5,110.0,0.0,1.0,1.0,1.74685,1.025096,0.148314,0.635368,0.0,1.0,0.0,0.0,0.0,1.0,313.948578
MFG-S00729,WO0009,0,正常生产,0.0,322.0,0.02,0.0,1.0,0.783181,0.984683,0.013852,0.225504,0.0,1.0,0.0,0.0,0.0,1.0,690.768433
MFG-S00730,WO0010,0,正常生产,0.0,231.0,0.0,0.0,1.0,0.783569,0.975812,0.016585,0.339084,0.0,0.0,0.0,0.0,0.0,0.0,636.728394
MFG-S00731,WO0011,1,重复高额客户投诉,0.5,141.0,0.078647,0.0,1.0,0.750036,0.915018,0.016452,0.228925,0.0,0.0,0.0,0.0,0.0,3.0,18812.951172
MFG-S00732,WO0012,0,正常生产,0.0,172.0,0.0,0.0,0.0,0.863948,1.003245,0.016902,0.710306,0.0,0.0,0.0,0.0,0.0,0.0,1035.693848
MFG-S00733,WO0013,0,正常生产,0.5,30.0,0.03,0.0,1.0,0.93243,0.868047,0.014597,0.314536,0.0,0.0,0.0,0.0,0.0,1.0,1495.28479
MFG-S00734,WO0014,1,重复高额客户投诉,0.5,30.0,0.071141,0.0,1.0,0.800104,0.968276,0.007804,0.651557,0.0,0.0,0.0,0.0,0.0,3.0,18374.722656
MFG-S00735,WO0015,1,供应商资质过期与来料质量恶化,1.0,-50.531754,0.160634,0.0,1.0,1.036802,0.940509,0.007146,0.218738,1.0,0.0,0.0,0.0,0.0,0.0,337.694427
MFG-S00736,WO0016,1,未检关键物料领料并超BOM,0.5,110.0,0.0,1.0,1.0,1.410621,0.916513,0.135805,0.363376,0.0,0.0,0.0,0.0,0.0,0.0,1185.959839
MFG-S00737,WO0017,1,供应商资质过期与来料质量恶化,1.0,-2.99305,0.084819,0.0,1.0,0.988716,0.869627,0.000303,0.159273,0.0,0.0,0.0,0.0,0.0,1.0,712.712952
MFG-S00738,WO0018,0,正常生产,0.0,231.0,0.0,0.0,1.0,0.966527,0.999545,0.022463,0.58888,0.0,0.0,0.0,0.0,0.0,0.0,775.040405
MFG-S00739,WO0019,1,关键设备维护校准逾期并报警,0.5,141.0,0.03,0.0,1.0,1.017354,0.996489,0.117777,0.658801,21.853193,53.219147,1.0,0.0,0.0,1.0,840.3927
MFG-S00740,WO0020,1,多维叠加高风险,1.0,-30.315289,0.0,1.0,0.0,1.272467,0.861542,0.013471,1.169284,19.828814,1.0,1.0,0.0,1.0,4.0,34286.601562
MFG-S00741,WO0021,1,供应商资质过期与来料质量恶化,1.0,-40.365429,0.112571,0.0,1.0,0.836859,1.010841,0.001905,0.714384,0.0,1.0,0.0,0.0,0.0,1.0,1103.634155
MFG-S00742,WO0022,1,供应商资质过期与来料质量恶化,1.0,-38.261971,0.131593,0.0,1.0,0.964089,1.02647,0.008453,0.239778,0.0,0.0,0.0,0.0,0.0,1.0,1033.558228
MFG-S00743,WO0023,0,正常生产,0.5,200.0,0.02,0.0,1.0,0.983883,0.901814,0.024178,0.521012,0.0,0.0,0.0,0.0,0.0,1.0,520.272522
MFG-S00744,WO0024,1,关键参数越限且质量冻结发运,0.5,110.0,0.0,0.0,0.0,0.993656,1.019313,0.011772,1.295445,0.0,0.0,0.0,1.0,1.0,1.0,108.066689
MFG-S00745,WO0025,0,正常生产,0.0,322.0,0.02,0.0,1.0,0.805755,0.918844,0.006186,0.283162,0.0,0.0,0.0,0.0,0.0,0.0,81.232994
MFG-S00746,WO0026,0,正常生产,0.0,231.0,0.03,0.0,1.0,0.880817,0.85872,0.008319,0.100845,0.0,0.0,0.0,0.0,0.0,1.0,1069.474609
MFG-S00747,WO0027,1,未检关键物料领料并超BOM,0.5,141.0,0.02,1.0,1.0,1.3757,1.018351,0.063079,0.345793,1.0,0.0,0.0,0.0,0.0,1.0,1283.521851
MFG-S00748,WO0028,0,正常生产,0.0,172.0,0.0,0.0,0.0,0.890708,0.923764,0.021145,0.513371,0.0,0.0,0.0,0.0,0.0,0.0,746.070618
MFG-S00749,WO0029,0,正常生产,0.5,30.0,0.02,0.0,1.0,0.791518,0.89701,0.015374,0.500843,0.0,0.0,0.0,0.0,0.0,0.0,422.5979
MFG-S00750,WO0030,0,正常生产,0.5,30.0,0.0,0.0,1.0,1.029515,0.859236,0.0056,0.075112,0.0,0.0,0.0,0.0,0.0,0.0,112.555229
MFG-S00751,WO0031,0,正常生产,0.5,200.0,0.02,0.0,1.0,0.94062,1.022523,0.021937,0.191615,0.0,0.0,0.0,0.0,0.0,0.0,425.5159
MFG-S00752,WO0032,1,关键参数越限且质量冻结发运,0.5,110.0,0.0,0.0,0.0,0.909267,0.985663,0.009402,1.126464,0.0,1.0,0.0,1.0,1.0,1.0,259.122589
MFG-S00753,WO0033,0,正常生产,0.0,322.0,0.02,0.0,1.0,0.905184,0.949474,0.018362,0.336795,0.0,1.0,0.0,0.0,0.0,0.0,1444.721558
MFG-S00754,WO0034,0,正常生产,0.0,231.0,0.0,0.0,1.0,0.823277,0.974289,0.023764,0.083918,0.0,0.0,0.0,0.0,0.0,0.0,1075.079224
MFG-S00755,WO0035,1,关键参数越限且质量冻结发运,0.5,141.0,0.02,0.0,1.0,0.781266,0.892248,0.001403,1.433707,0.0,0.0,0.0,1.0,1.0,1.0,1314.340942
MFG-S00756,WO0036,0,正常生产,0.0,172.0,0.0,0.0,0.0,0.762691,0.851381,0.012917,0.735509,0.0,0.0,0.0,0.0,0.0,0.0,426.326965
MFG-S00757,WO0037,0,正常生产,0.5,30.0,0.02,0.0,1.0,0.769446,0.86462,0.018172,0.055516,0.0,0.0,0.0,0.0,0.0,1.0,117.579903
MFG-S00758,WO0038,1,重复高额客户投诉,0.5,30.0,0.050956,0.0,1.0,0.787261,0.983316,0.002403,0.47409,0.0,0.0,0.0,0.0,0.0,7.0,28562.599609
MFG-S00759,WO0039,0,正常生产,0.5,200.0,0.03,0.0,1.0,0.84371,0.919064,0.002768,0.682604,1.0,0.0,0.0,0.0,0.0,1.0,251.228378
MFG-S00760,WO0040,0,正常生产,0.5,110.0,0.0,0.0,0.0,0.915551,1.01557,0.024428,0.706804,0.0,0.0,0.0,0.0,0.0,1.0,1009.086548
MFG-S00761,WO0041,1,多维叠加高风险,1.0,-6.673204,0.02,1.0,1.0,1.654937,0.948356,0.016508,1.583968,18.390461,0.0,1.0,0.0,1.0,5.0,21879.015625
MFG-S00762,WO0042,1,供应商资质过期与来料质量恶化,1.0,-77.183968,0.096948,0.0,1.0,0.991536,0.994975,0.008753,0.178604,0.0,0.0,0.0,0.0,0.0,1.0,759.650757
MFG-S00763,WO0043,0,正常生产,0.5,141.0,0.02,0.0,1.0,0.959353,0.85243,0.002597,0.009671,0.0,0.0,0.0,0.0,0.0,1.0,267.154724
MFG-S00764,WO0044,0,正常生产,0.0,172.0,0.0,0.0,0.0,1.022056,0.967079,0.013356,0.659633,0.0,1.0,0.0,0.0,0.0,1.0,890.802917
MFG-S00765,WO0045,0,正常生产,0.5,30.0,0.02,0.0,1.0,0.838796,1.014025,0.011374,0.194114,0.0,1.0,0.0,0.0,0.0,1.0,291.024902
MFG-S00766,WO0046,0,正常生产,0.5,30.0,0.0,0.0,1.0,0.806485,0.932169,0.019833,0.232579,0.0,0.0,0.0,0.0,0.0,0.0,425.366425
MFG-S00767,WO0047,0,正常生产,0.5,200.0,0.02,0.0,1.0,1.051505,0.914722,0.022315,0.638746,0.0,0.0,0.0,0.0,0.0,0.0,777.61853
MFG-S00768,WO0048,1,供应商资质过期与来料质量恶化,1.0,-24.587999,0.230041,0.0,0.0,0.901175,0.982439,0.001221,0.012498,0.0,0.0,0.0,0.0,0.0,0.0,129.56311
MFG-S00769,WO0049,0,正常生产,0.0,322.0,0.02,0.0,1.0,0.761493,0.91211,0.005504,0.712913,0.0,0.0,0.0,0.0,0.0,0.0,604.512024
MFG-S00770,WO0050,1,关键设备维护校准逾期并报警,0.0,231.0,0.0,0.0,1.0,0.828452,0.976572,0.07138,0.602927,31.589064,8.123378,1.0,0.0,0.0,0.0,772.746582
MFG-S00771,WO0051,0,正常生产,0.5,141.0,0.02,0.0,1.0,0.929044,0.990777,0.008622,0.39725,1.0,0.0,0.0,0.0,0.0,1.0,847.031921
MFG-S00772,WO0052,0,正常生产,0.0,172.0,0.03,0.0,0.0,0.912296,0.923539,0.023189,0.538374,0.0,0.0,0.0,0.0,0.0,1.0,975.869568
MFG-S00773,WO0053,1,未检关键物料领料并超BOM,0.5,30.0,0.02,1.0,1.0,1.714778,0.937707,0.118235,0.047938,0.0,0.0,0.0,0.0,0.0,1.0,408.906281
MFG-S00774,WO0054,0,正常生产,0.5,30.0,0.0,0.0,1.0,0.811746,0.908057,0.012159,0.509544,0.0,0.0,0.0,0.0,0.0,0.0,314.292053
MFG-S00775,WO0055,0,正常生产,0.5,200.0,0.02,0.0,1.0,0.810901,0.939346,0.017837,0.535922,0.0,0.0,0.0,0.0,0.0,1.0,861.641968
MFG-S00776,WO0056,0,正常生产,0.5,110.0,0.0,0.0,0.0,0.959053,0.898097,0.012511,0.613293,0.0,1.0,0.0,0.0,0.0,1.0,801.076416
MFG-S00777,WO0057,1,多维叠加高风险,1.0,-26.295313,0.03,1.0,1.0,1.359372,1.011317,0.014907,1.320558,23.372789,1.0,1.0,0.0,1.0,5.0,59731.648438
MFG-S00778,WO0058,0,正常生产,0.0,231.0,0.0,0.0,1.0,0.921045,0.959138,0.022231,0.002479,0.0,0.0,0.0,0.0,0.0,0.0,1319.640747
MFG-S00779,WO0059,1,重复高额客户投诉,0.5,141.0,0.107938,0.0,1.0,1.054081,0.925227,0.0025,0.677627,0.0,0.0,0.0,0.0,0.0,3.0,17040.914062
MFG-S00780,WO0060,1,关键设备维护校准逾期并报警,0.0,172.0,0.0,0.0,0.0,0.820806,0.915311,0.069397,0.211367,23.455475,32.187168,1.0,0.0,0.0,0.0,1010.013184
MFG-S00781,WO0061,0,正常生产,0.5,30.0,0.02,0.0,1.0,0.850022,0.926458,0.018692,0.635725,0.0,0.0,0.0,0.0,0.0,1.0,428.032379
MFG-S00782,WO0062,0,正常生产,0.5,30.0,0.0,0.0,1.0,0.793304,0.876375,0.007385,0.411552,0.0,0.0,0.0,0.0,0.0,0.0,31.115864
MFG-S00783,WO0063,1,未检关键物料领料并超BOM,0.5,200.0,0.02,1.0,1.0,1.676894,0.998863,0.178581,0.106103,1.0,0.0,0.0,0.0,0.0,1.0,364.1651
MFG-S00784,WO0064,0,正常生产,0.5,110.0,0.0,0.0,0.0,0.827185,0.86912,0.011377,0.430372,0.0,0.0,0.0,0.0,0.0,1.0,1051.397095
MFG-S00785,WO0065,0,正常生产,0.0,322.0,0.03,0.0,1.0,0.91122,0.909315,0.021256,0.317577,0.0,0.0,0.0,0.0,0.0,0.0,871.849976
MFG-S00786,WO0066,1,供应商资质过期与来料质量恶化,1.0,-16.369337,0.244863,0.0,1.0,0.949547,0.912493,0.022097,0.013428,0.0,0.0,0.0,0.0,0.0,0.0,961.012085
MFG-S00787,WO0067,0,正常生产,0.5,141.0,0.02,0.0,1.0,0.950978,0.976342,0.014884,0.087028,0.0,0.0,0.0,0.0,0.0,0.0,1223.189087
MFG-S00788,WO0068,1,供应商资质过期与来料质量恶化,1.0,-15.638859,0.091961,0.0,0.0,0.903848,0.936688,0.016882,0.015917,0.0,1.0,0.0,0.0,0.0,1.0,1433.519531
MFG-S00789,WO0069,0,正常生产,0.5,30.0,0.02,0.0,1.0,0.905115,0.879415,0.015949,0.612748,0.0,1.0,0.0,0.0,0.0,0.0,1295.659424
MFG-S00790,WO0070,0,正常生产,0.5,30.0,0.0,0.0,1.0,0.859384,0.970889,0.021648,0.461473,0.0,0.0,0.0,0.0,0.0,0.0,442.456146
MFG-S00791,WO0071,1,关键参数越限且质量冻结发运,0.5,200.0,0.02,0.0,1.0,0.774518,0.878337,0.003749,1.280928,0.0,0.0,0.0,1.0,1.0,1.0,780.47168
MFG-S00792,WO0072,1,多维叠加高风险,1.0,-8.252301,0.0,1.0,0.0,1.578741,0.892615,0.004861,1.651663,2.516327,0.0,1.0,0.0,1.0,4.0,38518.164062
MFG-S00793,WO0073,0,正常生产,0.0,322.0,0.02,0.0,1.0,1.051222,0.940516,0.001814,0.099348,0.0,0.0,0.0,0.0,0.0,1.0,316.972015
MFG-S00794,WO0074,1,多维叠加高风险,1.0,-58.609245,0.0,1.0,1.0,1.227996,0.87056,0.011714,1.514662,8.903872,0.0,1.0,0.0,1.0,4.0,50842.269531
MFG-S00795,WO0075,0,正常生产,0.5,141.0,0.02,0.0,1.0,0.892764,0.93268,0.016996,0.010532,1.0,0.0,0.0,0.0,0.0,1.0,1162.323364
MFG-S00796,WO0076,0,正常生产,0.0,172.0,0.03,0.0,0.0,0.953648,0.990407,0.012609,0.111266,0.0,0.0,0.0,0.0,0.0,1.0,1312.065674
MFG-S00797,WO0077,0,正常生产,0.5,30.0,0.02,0.0,1.0,0.849631,0.901583,0.008267,0.246674,0.0,0.0,0.0,0.0,0.0,0.0,130.20015
MFG-S00798,WO0078,1,关键设备维护校准逾期并报警,0.5,30.0,0.03,0.0,1.0,0.853652,0.9564,0.048264,0.394806,26.510271,22.42296,1.0,0.0,0.0,1.0,1243.524414
MFG-S00799,WO0079,0,正常生产,0.5,200.0,0.02,0.0,1.0,0.841905,0.997535,0.013611,0.155094,0.0,0.0,0.0,0.0,0.0,1.0,145.254959
MFG-S00800,WO0080,0,正常生产,0.5,110.0,0.0,0.0,0.0,0.923006,0.902424,0.023908,0.215164,0.0,1.0,0.0,0.0,0.0,0.0,670.772095
MFG-S00801,WO0081,1,关键设备维护校准逾期并报警,0.0,322.0,0.02,0.0,1.0,1.011284,0.918493,0.102715,0.164828,17.38093,37.990368,1.0,0.0,0.0,1.0,471.154205
MFG-S00802,WO0082,0,正常生产,0.0,231.0,0.0,0.0,1.0,0.857159,0.912577,0.016482,0.556529,0.0,0.0,0.0,0.0,0.0,0.0,1040.432983
MFG-S00803,WO0083,0,正常生产,0.5,141.0,0.02,0.0,1.0,0.854781,0.92803,0.011878,0.380465,0.0,0.0,0.0,0.0,0.0,1.0,338.05661
MFG-S00804,WO0084,1,关键参数越限且质量冻结发运,0.0,172.0,0.0,0.0,0.0,1.039731,0.97837,0.003861,1.308632,0.0,0.0,0.0,1.0,1.0,0.0,1404.018066
MFG-S00805,WO0085,0,正常生产,0.5,30.0,0.02,0.0,1.0,0.913004,0.992779,0.021837,0.486078,0.0,0.0,0.0,0.0,0.0,1.0,358.778534
MFG-S00806,WO0086,1,重复高额客户投诉,0.5,30.0,0.159114,0.0,1.0,1.058763,0.996804,0.01432,0.56225,0.0,0.0,0.0,0.0,0.0,7.0,71703.195312
MFG-S00807,WO0087,1,供应商资质过期与来料质量恶化,1.0,-59.368736,0.281123,0.0,1.0,0.781081,1.001592,0.024562,0.005761,1.0,0.0,0.0,0.0,0.0,1.0,637.980225
MFG-S00808,WO0088,1,关键设备维护校准逾期并报警,0.5,110.0,0.0,0.0,0.0,0.762295,0.889345,0.092425,0.742112,25.455608,10.877755,1.0,0.0,0.0,0.0,927.597839
MFG-S00809,WO0089,0,正常生产,0.0,322.0,0.02,0.0,1.0,0.852933,0.920679,0.024831,0.019877,0.0,0.0,0.0,0.0,0.0,0.0,218.959763
MFG-S00810,WO0090,1,供应商资质过期与来料质量恶化,1.0,-59.783669,0.096309,0.0,1.0,0.822528,1.025295,0.020804,0.432295,0.0,0.0,0.0,0.0,0.0,1.0,425.855438
MFG-S00811,WO0091,0,正常生产,0.5,141.0,0.03,0.0,1.0,0.764803,0.956488,0.004372,0.165607,0.0,0.0,0.0,0.0,0.0,1.0,392.740662
MFG-S00812,WO0092,1,关键设备维护校准逾期并报警,0.0,172.0,0.0,0.0,0.0,0.751563,1.016229,0.106336,0.627986,10.914622,39.104744,1.0,0.0,0.0,0.0,296.467712
MFG-S00813,WO0093,0,正常生产,0.5,30.0,0.02,0.0,1.0,0.787172,0.901,0.019482,0.301013,0.0,1.0,0.0,0.0,0.0,1.0,677.864136
MFG-S00814,WO0094,0,正常生产,0.5,30.0,0.0,0.0,1.0,1.000193,1.000729,8e-06,0.104726,0.0,0.0,0.0,0.0,0.0,1.0,541.513855
MFG-S00815,WO0095,0,正常生产,0.5,200.0,0.03,0.0,1.0,0.784218,0.99962,0.024105,0.027122,0.0,0.0,0.0,0.0,0.0,1.0,558.268555
MFG-S00816,WO0096,1,多维叠加高风险,1.0,-12.253767,0.0,1.0,0.0,1.562742,0.886189,0.01878,1.382694,10.082719,0.0,1.0,0.0,1.0,2.0,51858.375
MFG-S00817,WO0097,0,正常生产,0.0,322.0,0.02,0.0,1.0,0.925574,0.954471,0.018201,0.548519,0.0,0.0,0.0,0.0,0.0,1.0,773.239441
MFG-S00818,WO0098,1,关键设备维护校准逾期并报警,0.0,231.0,0.0,0.0,1.0,0.894654,1.028513,0.052268,0.135347,33.056652,56.867851,1.0,0.0,0.0,0.0,119.78701
MFG-S00819,WO0099,0,正常生产,0.5,141.0,0.02,0.0,1.0,0.912018,0.984259,0.018347,0.222759,1.0,0.0,0.0,0.0,0.0,1.0,86.773994
MFG-S00820,WO0100,1,供应商资质过期与来料质量恶化,1.0,-11.886842,0.087607,0.0,0.0,0.929386,0.923177,0.003382,0.224394,0.0,0.0,0.0,0.0,0.0,0.0,710.007141
MFG-S00821,WO0101,0,正常生产,0.5,30.0,0.02,0.0,1.0,0.912805,0.946295,0.004447,0.375262,0.0,0.0,0.0,0.0,0.0,1.0,510.439087
MFG-S00822,WO0102,1,多维叠加高风险,1.0,-28.886267,0.0,1.0,1.0,1.528809,0.991236,0.000884,1.149299,12.275183,0.0,1.0,0.0,1.0,6.0,44534.515625
MFG-S00823,WO0103,1,关键参数越限且质量冻结发运,0.5,200.0,0.02,0.0,1.0,0.823095,0.900386,0.002797,1.680955,0.0,0.0,0.0,1.0,1.0,0.0,598.805725
MFG-S00824,WO0104,0,正常生产,0.5,110.0,0.03,0.0,0.0,0.966287,0.869428,0.00645,0.343284,0.0,1.0,0.0,0.0,0.0,1.0,1053.590942
MFG-S00825,WO0105,0,正常生产,0.0,322.0,0.02,0.0,1.0,1.015914,0.975791,0.022058,0.03699,0.0,1.0,0.0,0.0,0.0,1.0,787.63446
MFG-S00826,WO0106,0,正常生产,0.0,231.0,0.0,0.0,1.0,0.988221,0.971603,0.008531,0.483892,0.0,0.0,0.0,0.0,0.0,1.0,1351.595215
MFG-S00827,WO0107,1,供应商资质过期与来料质量恶化,1.0,-78.589928,0.198906,0.0,1.0,0.953284,0.978272,0.012369,0.629472,0.0,0.0,0.0,0.0,0.0,0.0,1009.319824
MFG-S00828,WO0108,0,正常生产,0.0,172.0,0.0,0.0,0.0,1.013214,1.026392,0.019431,0.010162,0.0,0.0,0.0,0.0,0.0,1.0,1490.147217
MFG-S00829,WO0109,0,正常生产,0.5,30.0,0.02,0.0,1.0,0.773253,0.975004,0.018795,0.196958,0.0,0.0,0.0,0.0,0.0,0.0,1473.018555
MFG-S00830,WO0110,0,正常生产,0.5,30.0,0.0,0.0,1.0,0.956848,1.001466,0.011482,0.490413,0.0,0.0,0.0,0.0,0.0,1.0,343.510895
MFG-S00831,WO0111,1,多维叠加高风险,1.0,-40.245846,0.02,1.0,1.0,1.229307,0.906017,0.011403,1.324409,13.209661,0.0,1.0,0.0,1.0,2.0,10442.46582
MFG-S00832,WO0112,0,正常生产,0.5,110.0,0.0,0.0,0.0,0.904135,0.907763,0.004824,0.678009,0.0,0.0,0.0,0.0,0.0,1.0,1447.857666
MFG-S00833,WO0113,0,正常生产,0.0,322.0,0.02,0.0,1.0,0.972805,1.021249,0.003909,0.498904,0.0,0.0,0.0,0.0,0.0,1.0,230.72467
MFG-S00834,WO0114,1,关键设备维护校准逾期并报警,0.0,231.0,0.03,0.0,1.0,0.787272,0.941239,0.107887,0.530813,11.619359,39.639023,1.0,0.0,0.0,0.0,452.978088
MFG-S00835,WO0115,0,正常生产,0.5,141.0,0.02,0.0,1.0,1.0589,0.950646,0.007607,0.584348,0.0,0.0,0.0,0.0,0.0,1.0,423.108826
MFG-S00836,WO0116,0,正常生产,0.0,172.0,0.0,0.0,0.0,0.857331,0.897613,0.013474,0.473135,0.0,1.0,0.0,0.0,0.0,1.0,750.600403
MFG-S00837,WO0117,0,正常生产,0.5,30.0,0.03,0.0,1.0,0.952912,0.897357,0.003094,0.207874,0.0,1.0,0.0,0.0,0.0,0.0,397.243805
MFG-S00838,WO0118,1,未检关键物料领料并超BOM,0.5,30.0,0.0,1.0,1.0,1.62867,0.892,0.162416,0.725432,0.0,0.0,0.0,0.0,0.0,0.0,615.2901
MFG-S00839,WO0119,1,关键设备维护校准逾期并报警,0.5,200.0,0.02,0.0,1.0,0.798689,0.969459,0.065628,0.087219,24.966272,51.429626,1.0,0.0,0.0,0.0,130.356064
MFG-S00840,WO0120,0,正常生产,0.5,110.0,0.0,0.0,0.0,0.872328,0.96025,0.022083,0.461692,0.0,0.0,0.0,0.0,0.0,1.0,1217.814941
MFG-S00841,WO0001,0,正常生产,0.0,322.0,0.02,0.0,1.0,0.792084,0.885629,0.005848,0.02144,0.0,0.0,0.0,0.0,0.0,0.0,828.063843
MFG-S00842,WO0002,1,未检关键物料领料并超BOM,0.0,231.0,0.0,1.0,1.0,1.793987,0.976469,0.169661,0.604907,0.0,0.0,0.0,0.0,0.0,1.0,105.048004
MFG-S00843,WO0003,0,正常生产,0.5,141.0,0.02,0.0,1.0,0.841398,0.883714,0.016233,0.392636,1.0,0.0,0.0,0.0,0.0,0.0,490.678925
MFG-S00844,WO0004,0,正常生产,0.0,172.0,0.0,0.0,0.0,0.959017,0.986493,0.013724,0.259374,0.0,0.0,0.0,0.0,0.0,0.0,559.757568
MFG-S00845,WO0005,0,正常生产,0.5,30.0,0.02,0.0,1.0,0.795323,0.99278,0.008672,0.218517,0.0,0.0,0.0,0.0,0.0,1.0,154.832657
MFG-S00846,WO0006,1,多维叠加高风险,1.0,-22.998577,0.0,1.0,1.0,1.292464,0.901185,0.019362,1.093118,9.398401,0.0,1.0,0.0,1.0,6.0,24342.402344
MFG-S00847,WO0007,1,关键参数越限且质量冻结发运,0.5,200.0,0.02,0.0,1.0,1.040626,0.895565,0.017161,1.719137,0.0,0.0,0.0,1.0,1.0,1.0,150.148529
MFG-S00848,WO0008,0,正常生产,0.5,110.0,0.0,0.0,0.0,1.039508,0.975228,0.001421,0.033199,0.0,1.0,0.0,0.0,0.0,1.0,1152.477661
MFG-S00849,WO0009,1,多维叠加高风险,1.0,-28.561518,0.02,1.0,1.0,1.267577,0.923945,0.000108,1.414963,18.498638,1.0,1.0,0.0,1.0,6.0,27117.650391
MFG-S00850,WO0010,0,正常生产,0.0,231.0,0.0,0.0,1.0,0.947589,0.970786,0.012659,0.337193,0.0,0.0,0.0,0.0,0.0,0.0,677.990356
MFG-S00851,WO0011,0,正常生产,0.5,141.0,0.02,0.0,1.0,0.774286,0.967359,0.002522,0.245893,0.0,0.0,0.0,0.0,0.0,0.0,621.999573
MFG-S00852,WO0012,0,正常生产,0.0,172.0,0.0,0.0,0.0,0.947217,0.947638,0.015374,0.718541,0.0,0.0,0.0,0.0,0.0,0.0,247.995346
MFG-S00853,WO0013,1,供应商资质过期与来料质量恶化,1.0,-18.853853,0.250958,0.0,1.0,1.056343,0.946866,0.019872,0.129573,0.0,0.0,0.0,0.0,0.0,0.0,1335.417969
MFG-S00854,WO0014,1,供应商资质过期与来料质量恶化,1.0,-83.388458,0.285342,0.0,1.0,0.96746,0.924995,0.01603,0.037274,0.0,0.0,0.0,0.0,0.0,1.0,579.075684
MFG-S00855,WO0015,1,重复高额客户投诉,0.5,200.0,0.101458,0.0,1.0,0.878408,0.866964,0.020488,0.380571,1.0,0.0,0.0,0.0,0.0,7.0,56967.742188
MFG-S00856,WO0016,1,多维叠加高风险,1.0,-1.015601,0.0,1.0,0.0,1.529986,0.942094,0.020736,1.443958,1.393448,0.0,1.0,0.0,1.0,5.0,30922.474609
MFG-S00857,WO0017,1,关键参数越限且质量冻结发运,0.0,322.0,0.02,0.0,1.0,0.853815,1.007753,0.004999,1.165271,0.0,0.0,0.0,1.0,1.0,1.0,147.125916
MFG-S00858,WO0018,0,正常生产,0.0,231.0,0.0,0.0,1.0,0.891352,0.94947,0.007246,0.012524,0.0,0.0,0.0,0.0,0.0,0.0,917.251343
MFG-S00859,WO0019,1,多维叠加高风险,1.0,-35.226059,0.03,1.0,1.0,1.601175,0.940404,0.01887,1.429628,10.036494,0.0,1.0,0.0,1.0,3.0,23416.085938
MFG-S00860,WO0020,0,正常生产,0.0,172.0,0.0,0.0,0.0,0.994224,0.97326,0.023322,0.600844,0.0,1.0,0.0,0.0,0.0,0.0,749.529114
MFG-S00861,WO0021,0,正常生产,0.5,30.0,0.02,0.0,1.0,0.987088,0.960099,0.002263,0.532477,0.0,1.0,0.0,0.0,0.0,0.0,75.39045
MFG-S00862,WO0022,0,正常生产,0.5,30.0,0.0,0.0,1.0,0.892431,1.026482,0.023993,0.67328,0.0,0.0,0.0,0.0,0.0,0.0,308.611633
MFG-S00863,WO0023,0,正常生产,0.5,200.0,0.02,0.0,1.0,0.959844,0.918253,0.02111,0.622308,0.0,0.0,0.0,0.0,0.0,0.0,335.298218
MFG-S00864,WO0024,1,多维叠加高风险,1.0,-28.43111,0.0,1.0,0.0,1.39773,0.867027,0.012474,1.200673,20.214394,0.0,1.0,0.0,1.0,4.0,18333.603516
MFG-S00865,WO0025,0,正常生产,0.0,322.0,0.02,0.0,1.0,0.987627,0.96946,0.019321,0.039968,0.0,0.0,0.0,0.0,0.0,0.0,1163.100952
MFG-S00866,WO0026,0,正常生产,0.0,231.0,0.03,0.0,1.0,0.875964,0.883358,0.012429,0.740823,0.0,0.0,0.0,0.0,0.0,0.0,1332.526123
MFG-S00867,WO0027,1,未检关键物料领料并超BOM,0.5,141.0,0.02,1.0,1.0,1.656568,0.915015,0.148084,0.544018,1.0,0.0,0.0,0.0,0.0,0.0,304.156128
MFG-S00868,WO0028,0,正常生产,0.0,172.0,0.0,0.0,0.0,0.987958,1.005145,0.006027,0.093952,0.0,0.0,0.0,0.0,0.0,0.0,407.267822
MFG-S00869,WO0029,0,正常生产,0.5,30.0,0.02,0.0,1.0,0.860374,0.901432,0.024961,0.327387,0.0,0.0,0.0,0.0,0.0,1.0,831.386475
MFG-S00870,WO0030,1,关键设备维护校准逾期并报警,0.5,30.0,0.0,0.0,1.0,0.769892,0.855091,0.044098,0.088716,30.018908,31.828781,1.0,0.0,0.0,1.0,301.814575
MFG-S00871,WO0031,0,正常生产,0.5,200.0,0.02,0.0,1.0,0.75829,0.856446,0.010114,0.256666,0.0,0.0,0.0,0.0,0.0,0.0,1350.643555
MFG-S00872,WO0032,0,正常生产,0.5,110.0,0.0,0.0,0.0,0.867858,0.908984,0.01563,0.614617,0.0,1.0,0.0,0.0,0.0,1.0,1238.819214
MFG-S00873,WO0033,0,正常生产,0.0,322.0,0.02,0.0,1.0,0.834594,0.959933,0.010456,0.739226,0.0,1.0,0.0,0.0,0.0,0.0,237.965912
MFG-S00874,WO0034,1,未检关键物料领料并超BOM,0.0,231.0,0.0,1.0,1.0,1.524013,0.921586,0.156619,0.738368,0.0,0.0,0.0,0.0,0.0,0.0,897.024048
MFG-S00875,WO0035,0,正常生产,0.5,141.0,0.02,0.0,1.0,0.948084,0.874288,0.006663,0.366579,0.0,0.0,0.0,0.0,0.0,1.0,325.971588
MFG-S00876,WO0036,0,正常生产,0.0,172.0,0.0,0.0,0.0,0.770273,0.983665,0.018445,0.359915,0.0,0.0,0.0,0.0,0.0,0.0,849.996582
MFG-S00877,WO0037,0,正常生产,0.5,30.0,0.02,0.0,1.0,0.980606,0.884085,0.000897,0.348764,0.0,0.0,0.0,0.0,0.0,0.0,1331.995972
MFG-S00878,WO0038,0,正常生产,0.5,30.0,0.03,0.0,1.0,0.972213,0.933693,0.00469,0.08659,0.0,0.0,0.0,0.0,0.0,0.0,998.534302
MFG-S00879,WO0039,1,关键参数越限且质量冻结发运,0.5,200.0,0.03,0.0,1.0,0.945514,0.8619,0.008175,1.296155,1.0,0.0,0.0,1.0,1.0,1.0,1309.239136
MFG-S00880,WO0040,0,正常生产,0.5,110.0,0.0,0.0,0.0,0.82615,0.971367,0.004871,0.234039,0.0,0.0,0.0,0.0,0.0,1.0,897.535278
MFG-S00881,WO0041,1,多维叠加高风险,1.0,-20.240963,0.02,1.0,1.0,1.400752,0.901304,0.01664,1.559747,21.163395,0.0,1.0,0.0,1.0,2.0,36488.90625
MFG-S00882,WO0042,1,关键参数越限且质量冻结发运,0.0,231.0,0.0,0.0,1.0,0.952245,1.025974,0.022114,1.708084,0.0,0.0,0.0,1.0,1.0,1.0,1205.6521
MFG-S00883,WO0043,1,重复高额客户投诉,0.5,141.0,0.059231,0.0,1.0,0.899127,1.000996,0.003194,0.042626,0.0,0.0,0.0,0.0,0.0,4.0,23049.980469
MFG-S00884,WO0044,0,正常生产,0.0,172.0,0.0,0.0,0.0,1.025741,0.926284,0.024534,0.524568,0.0,1.0,0.0,0.0,0.0,0.0,1470.967773
MFG-S00885,WO0045,0,正常生产,0.5,30.0,0.02,0.0,1.0,0.793722,0.967073,0.022758,0.188534,0.0,1.0,0.0,0.0,0.0,0.0,1468.179321
MFG-S00886,WO0046,0,正常生产,0.5,30.0,0.0,0.0,1.0,0.893841,0.883927,0.024708,0.561419,0.0,0.0,0.0,0.0,0.0,1.0,1107.876465
MFG-S00887,WO0047,1,关键设备维护校准逾期并报警,0.5,200.0,0.02,0.0,1.0,0.909328,0.934093,0.080905,0.703501,39.530331,48.505363,1.0,0.0,0.0,1.0,808.315735
MFG-S00888,WO0048,1,关键设备维护校准逾期并报警,0.5,110.0,0.0,0.0,0.0,0.785354,0.962851,0.097951,0.259234,37.598145,5.495179,1.0,0.0,0.0,1.0,1314.51355
MFG-S00889,WO0049,0,正常生产,0.0,322.0,0.02,0.0,1.0,0.805371,0.874428,0.006542,0.586693,0.0,0.0,0.0,0.0,0.0,1.0,1209.463623
MFG-S00890,WO0050,1,多维叠加高风险,1.0,-14.427449,0.0,1.0,1.0,1.247551,0.976703,0.007649,1.156708,2.113791,0.0,1.0,0.0,1.0,4.0,27449.451172
MFG-S00891,WO0051,0,正常生产,0.5,141.0,0.02,0.0,1.0,0.780517,1.017019,0.019493,0.222114,1.0,0.0,0.0,0.0,0.0,0.0,1200.965698
MFG-S00892,WO0052,0,正常生产,0.0,172.0,0.03,0.0,0.0,0.97021,0.872004,0.003534,0.061225,0.0,0.0,0.0,0.0,0.0,1.0,493.238373
MFG-S00893,WO0053,1,重复高额客户投诉,0.5,30.0,0.154058,0.0,1.0,0.799233,1.018247,0.016568,0.588128,0.0,0.0,0.0,0.0,0.0,7.0,28462.789062
MFG-S00894,WO0054,0,正常生产,0.5,30.0,0.0,0.0,1.0,1.011432,0.992609,0.020172,0.597476,0.0,0.0,0.0,0.0,0.0,1.0,999.249023
MFG-S00895,WO0055,0,正常生产,0.5,200.0,0.02,0.0,1.0,0.833873,0.864378,0.024725,0.604984,0.0,0.0,0.0,0.0,0.0,1.0,1207.986816
MFG-S00896,WO0056,1,关键参数越限且质量冻结发运,0.5,110.0,0.0,0.0,0.0,0.942681,1.025064,0.000328,1.241729,0.0,1.0,0.0,1.0,1.0,1.0,1438.650391
MFG-S00897,WO0057,1,未检关键物料领料并超BOM,0.0,322.0,0.03,1.0,1.0,1.326906,0.901574,0.106803,0.033223,0.0,1.0,0.0,0.0,0.0,0.0,1046.479736
MFG-S00898,WO0058,1,关键设备维护校准逾期并报警,0.0,231.0,0.0,0.0,1.0,0.760592,0.897485,0.073647,0.076823,17.886419,15.3185,1.0,0.0,0.0,1.0,1299.496704
MFG-S00899,WO0059,0,正常生产,0.5,141.0,0.02,0.0,1.0,0.855282,1.021807,0.011589,0.236615,0.0,0.0,0.0,0.0,0.0,1.0,472.61322
MFG-S00900,WO0060,1,关键参数越限且质量冻结发运,0.0,172.0,0.0,0.0,0.0,1.059899,0.896895,0.019793,1.194547,0.0,0.0,0.0,1.0,1.0,0.0,1396.217041
MFG-S00901,WO0061,1,关键设备维护校准逾期并报警,0.5,30.0,0.02,0.0,1.0,0.867767,0.90466,0.080828,0.316793,42.007767,47.163956,1.0,0.0,0.0,1.0,502.451996
MFG-S00902,WO0062,1,关键参数越限且质量冻结发运,0.5,30.0,0.0,0.0,1.0,1.030988,0.912592,0.021642,1.427231,0.0,0.0,0.0,1.0,1.0,0.0,334.388947
MFG-S00903,WO0063,1,重复高额客户投诉,0.5,200.0,0.041312,0.0,1.0,0.899666,0.999752,0.002399,0.475052,1.0,0.0,0.0,0.0,0.0,6.0,13917.682617
MFG-S00904,WO0064,1,关键设备维护校准逾期并报警,0.5,110.0,0.0,0.0,0.0,0.958684,0.8748,0.113496,0.556481,36.385723,14.165988,1.0,0.0,0.0,0.0,365.455841
MFG-S00905,WO0065,0,正常生产,0.0,322.0,0.03,0.0,1.0,1.05442,1.016951,0.008909,0.604599,0.0,0.0,0.0,0.0,0.0,1.0,1443.114624
MFG-S00906,WO0066,1,多维叠加高风险,1.0,-5.378132,0.0,1.0,1.0,1.211096,0.881534,0.018292,1.667678,12.566875,0.0,1.0,0.0,1.0,2.0,29550.380859
MFG-S00907,WO0067,0,正常生产,0.5,141.0,0.02,0.0,1.0,1.012566,0.859403,0.013688,0.080422,0.0,0.0,0.0,0.0,0.0,1.0,500.91864
MFG-S00908,WO0068,0,正常生产,0.0,172.0,0.0,0.0,0.0,1.029246,0.867923,0.013903,0.494468,0.0,1.0,0.0,0.0,0.0,0.0,1093.538086
MFG-S00909,WO0069,1,供应商资质过期与来料质量恶化,1.0,-20.405115,0.092621,0.0,1.0,0.864981,0.959164,0.003174,0.05874,0.0,1.0,0.0,0.0,0.0,1.0,12.676656
MFG-S00910,WO0070,0,正常生产,0.5,30.0,0.0,0.0,1.0,0.965665,0.93489,0.018176,0.407224,0.0,0.0,0.0,0.0,0.0,1.0,1059.777832
MFG-S00911,WO0071,1,关键设备维护校准逾期并报警,0.5,200.0,0.02,0.0,1.0,1.042675,0.872536,0.115919,0.709699,23.177507,28.454714,1.0,0.0,0.0,1.0,508.511017
MFG-S00912,WO0072,0,正常生产,0.5,110.0,0.0,0.0,0.0,0.812019,1.016213,0.005457,0.077504,0.0,0.0,0.0,0.0,0.0,1.0,450.763123
MFG-S00913,WO0073,1,未检关键物料领料并超BOM,0.0,322.0,0.02,1.0,1.0,1.323291,1.010734,0.111706,0.079515,0.0,0.0,0.0,0.0,0.0,0.0,188.046082
MFG-S00914,WO0074,1,关键设备维护校准逾期并报警,0.0,231.0,0.0,0.0,1.0,0.93058,0.863436,0.082702,0.259665,37.446331,39.564552,1.0,0.0,0.0,0.0,67.761871
MFG-S00915,WO0075,0,正常生产,0.5,141.0,0.02,0.0,1.0,0.831327,0.906804,0.003594,0.095006,1.0,0.0,0.0,0.0,0.0,0.0,742.910583
MFG-S00916,WO0076,0,正常生产,0.0,172.0,0.03,0.0,0.0,1.024094,0.906531,0.0011,0.138133,0.0,0.0,0.0,0.0,0.0,0.0,37.074425
MFG-S00917,WO0077,1,重复高额客户投诉,0.5,30.0,0.107919,0.0,1.0,0.873739,0.871342,0.015943,0.733362,0.0,0.0,0.0,0.0,0.0,5.0,41835.375
MFG-S00918,WO0078,1,关键参数越限且质量冻结发运,0.5,30.0,0.03,0.0,1.0,0.942215,0.857564,0.000959,1.065002,0.0,0.0,0.0,1.0,1.0,1.0,475.2341
MFG-S00919,WO0079,1,关键设备维护校准逾期并报警,0.5,200.0,0.02,0.0,1.0,0.815407,0.99952,0.076291,0.474268,26.338837,14.016354,1.0,0.0,0.0,0.0,917.512756
MFG-S00920,WO0080,1,未检关键物料领料并超BOM,0.5,110.0,0.0,1.0,1.0,1.590355,0.97943,0.060341,0.156799,0.0,1.0,0.0,0.0,0.0,0.0,160.845688
MFG-S00921,WO0081,1,供应商资质过期与来料质量恶化,1.0,-71.262894,0.165426,0.0,1.0,0.842859,0.955546,0.001041,0.411625,0.0,1.0,0.0,0.0,0.0,1.0,1266.537109
MFG-S00922,WO0082,0,正常生产,0.0,231.0,0.0,0.0,1.0,1.031992,1.025758,0.004304,0.348372,0.0,0.0,0.0,0.0,0.0,0.0,147.52037
MFG-S00923,WO0083,0,正常生产,0.5,141.0,0.02,0.0,1.0,1.030552,0.961976,0.010392,0.683426,0.0,0.0,0.0,0.0,0.0,0.0,382.602386
MFG-S00924,WO0084,0,正常生产,0.0,172.0,0.0,0.0,0.0,0.931723,0.865571,0.021009,0.493418,0.0,0.0,0.0,0.0,0.0,1.0,289.369904
MFG-S00925,WO0085,0,正常生产,0.5,30.0,0.02,0.0,1.0,0.974829,0.941476,0.009635,0.133339,0.0,0.0,0.0,0.0,0.0,1.0,936.549011
MFG-S00926,WO0086,1,关键设备维护校准逾期并报警,0.5,30.0,0.0,0.0,1.0,0.895209,0.910117,0.112929,0.20795,41.626648,56.669159,1.0,0.0,0.0,1.0,1210.448608
MFG-S00927,WO0087,0,正常生产,0.5,200.0,0.02,0.0,1.0,0.783811,1.004873,0.00045,0.206297,1.0,0.0,0.0,0.0,0.0,1.0,1110.961182
MFG-S00928,WO0088,0,正常生产,0.5,110.0,0.0,0.0,0.0,0.850448,0.987872,0.004233,0.521848,0.0,0.0,0.0,0.0,0.0,0.0,1067.468262
MFG-S00929,WO0089,1,多维叠加高风险,1.0,-57.111664,0.02,1.0,1.0,1.294524,1.029877,0.0173,1.071098,23.616741,0.0,1.0,0.0,1.0,2.0,15116.22168
MFG-S00930,WO0090,0,正常生产,0.0,231.0,0.0,0.0,1.0,0.974112,0.98641,0.020064,0.171639,0.0,0.0,0.0,0.0,0.0,1.0,553.909851
MFG-S00931,WO0091,0,正常生产,0.5,141.0,0.03,0.0,1.0,0.853067,0.913537,0.007133,0.455167,0.0,0.0,0.0,0.0,0.0,1.0,426.920624
MFG-S00932,WO0092,1,重复高额客户投诉,0.0,172.0,0.118025,0.0,0.0,0.774842,1.011435,0.019251,0.522278,0.0,1.0,0.0,0.0,0.0,5.0,79561.140625
MFG-S00933,WO0093,0,正常生产,0.5,30.0,0.02,0.0,1.0,0.903024,0.880939,0.00493,0.732784,0.0,1.0,0.0,0.0,0.0,0.0,1001.50415
MFG-S00934,WO0094,0,正常生产,0.5,30.0,0.0,0.0,1.0,0.966468,0.865071,0.01655,0.092305,0.0,0.0,0.0,0.0,0.0,1.0,1220.341309
MFG-S00935,WO0095,1,重复高额客户投诉,0.5,200.0,0.136204,0.0,1.0,0.979558,0.997701,0.024379,0.034111,0.0,0.0,0.0,0.0,0.0,5.0,46222.972656
MFG-S00936,WO0096,1,关键参数越限且质量冻结发运,0.5,110.0,0.0,0.0,0.0,0.934571,0.970785,0.015828,1.461652,0.0,0.0,0.0,1.0,1.0,0.0,350.417175
MFG-S00937,WO0097,0,正常生产,0.0,322.0,0.02,0.0,1.0,0.857613,0.956278,0.001826,0.451509,0.0,0.0,0.0,0.0,0.0,0.0,251.161774
MFG-S00938,WO0098,1,未检关键物料领料并超BOM,0.0,231.0,0.0,1.0,1.0,1.589478,1.017589,0.083553,0.299374,0.0,0.0,0.0,0.0,0.0,1.0,1249.407227
MFG-S00939,WO0099,1,供应商资质过期与来料质量恶化,1.0,-50.795265,0.261906,0.0,1.0,0.792803,1.006063,0.012131,0.126227,1.0,0.0,0.0,0.0,0.0,1.0,1431.315186
MFG-S00940,WO0100,0,正常生产,0.0,172.0,0.0,0.0,0.0,0.907728,0.893204,0.018761,0.157587,0.0,0.0,0.0,0.0,0.0,0.0,184.523453
MFG-S00941,WO0101,1,关键参数越限且质量冻结发运,0.5,30.0,0.02,0.0,1.0,0.965884,0.991064,0.018767,1.497981,0.0,0.0,0.0,1.0,1.0,0.0,1253.348511
MFG-S00942,WO0102,0,正常生产,0.5,30.0,0.0,0.0,1.0,1.043714,1.027079,0.000843,0.584473,0.0,0.0,0.0,0.0,0.0,0.0,129.022461
MFG-S00943,WO0103,0,正常生产,0.5,200.0,0.02,0.0,1.0,0.761558,0.851525,0.014888,0.392696,0.0,0.0,0.0,0.0,0.0,0.0,699.688232
MFG-S00944,WO0104,1,关键设备维护校准逾期并报警,0.5,110.0,0.03,0.0,0.0,0.756693,0.852855,0.054315,0.27569,23.319393,26.066223,1.0,0.0,0.0,0.0,972.22052
MFG-S00945,WO0105,0,正常生产,0.0,322.0,0.02,0.0,1.0,1.01022,0.941451,0.007386,0.288255,0.0,1.0,0.0,0.0,0.0,1.0,238.435059
MFG-S00946,WO0106,0,正常生产,0.0,231.0,0.0,0.0,1.0,0.889862,0.943032,0.017928,0.177738,0.0,0.0,0.0,0.0,0.0,1.0,837.783081
MFG-S00947,WO0107,0,正常生产,0.5,141.0,0.02,0.0,1.0,0.87914,0.898658,0.000498,0.531431,0.0,0.0,0.0,0.0,0.0,1.0,1079.809326
MFG-S00948,WO0108,0,正常生产,0.0,172.0,0.0,0.0,0.0,0.862757,0.995876,0.01623,0.525527,0.0,0.0,0.0,0.0,0.0,1.0,1189.39209
MFG-S00949,WO0109,0,正常生产,0.5,30.0,0.02,0.0,1.0,0.916829,0.853735,0.02373,0.013679,0.0,0.0,0.0,0.0,0.0,1.0,311.537506
MFG-S00950,WO0110,1,重复高额客户投诉,0.5,30.0,0.066152,0.0,1.0,0.801452,0.910377,0.02079,0.358135,0.0,0.0,0.0,0.0,0.0,3.0,62730.890625
MFG-S00951,WO0111,0,正常生产,0.5,200.0,0.02,0.0,1.0,0.856866,0.94758,0.013529,0.056252,1.0,0.0,0.0,0.0,0.0,1.0,718.098694
MFG-S00952,WO0112,0,正常生产,0.5,110.0,0.0,0.0,0.0,0.819926,0.945307,0.009295,0.16035,0.0,0.0,0.0,0.0,0.0,1.0,853.746826
MFG-S00953,WO0113,1,关键设备维护校准逾期并报警,0.0,322.0,0.02,0.0,1.0,0.757657,0.962372,0.108221,0.344064,10.536263,16.802452,1.0,0.0,0.0,1.0,931.640381
MFG-S00954,WO0114,0,正常生产,0.0,231.0,0.03,0.0,1.0,1.034847,0.906561,0.023469,0.567102,0.0,0.0,0.0,0.0,0.0,0.0,1222.581177
MFG-S00955,WO0115,1,关键参数越限且质量冻结发运,0.5,141.0,0.02,0.0,1.0,1.006351,0.987157,0.012001,1.736586,0.0,0.0,0.0,1.0,1.0,0.0,78.473701
MFG-S00956,WO0116,1,重复高额客户投诉,0.0,172.0,0.143142,0.0,0.0,0.839895,1.009486,0.000157,0.064655,0.0,1.0,0.0,0.0,0.0,7.0,53531.183594
MFG-S00957,WO0117,0,正常生产,0.5,30.0,0.03,0.0,1.0,0.999071,0.944224,0.021865,0.642459,0.0,1.0,0.0,0.0,0.0,0.0,1005.208984
MFG-S00958,WO0118,1,供应商资质过期与来料质量恶化,1.0,-60.473179,0.128717,0.0,1.0,0.969146,0.85728,0.000976,0.096897,0.0,0.0,0.0,0.0,0.0,0.0,188.035233
MFG-S00959,WO0119,1,未检关键物料领料并超BOM,0.5,200.0,0.02,1.0,1.0,1.762216,0.914437,0.063612,0.176405,0.0,0.0,0.0,0.0,0.0,1.0,83.348289
MFG-S00960,WO0120,0,正常生产,0.5,110.0,0.0,0.0,0.0,0.930923,1.025214,0.016666,0.436781,0.0,0.0,0.0,0.0,0.0,0.0,984.74939
MFG-S00961,WO0001,0,正常生产,0.0,322.0,0.02,0.0,1.0,0.767027,1.007826,0.012224,0.643441,0.0,0.0,0.0,0.0,0.0,0.0,557.666077
MFG-S00962,WO0002,1,关键参数越限且质量冻结发运,0.0,231.0,0.0,0.0,1.0,1.027854,0.858012,0.01915,1.588228,0.0,0.0,0.0,1.0,1.0,0.0,589.589294
MFG-S00963,WO0003,1,未检关键物料领料并超BOM,0.5,141.0,0.02,1.0,1.0,1.433865,0.94582,0.077354,0.26813,1.0,0.0,0.0,0.0,0.0,1.0,1483.474365
MFG-S00964,WO0004,0,正常生产,0.0,172.0,0.0,0.0,0.0,1.000246,0.86072,0.017929,0.459911,0.0,0.0,0.0,0.0,0.0,1.0,869.787109
MFG-S00965,WO0005,1,关键设备维护校准逾期并报警,0.5,30.0,0.02,0.0,1.0,0.964034,0.985894,0.086181,0.126589,15.407032,11.545938,1.0,0.0,0.0,1.0,328.136047
MFG-S00966,WO0006,1,未检关键物料领料并超BOM,0.5,30.0,0.0,1.0,1.0,1.549166,0.937859,0.097344,0.558463,0.0,0.0,0.0,0.0,0.0,1.0,561.606201
MFG-S00967,WO0007,1,多维叠加高风险,1.0,-45.147694,0.02,1.0,1.0,1.696184,0.89946,0.024821,1.411224,17.10503,0.0,1.0,0.0,1.0,4.0,24684.595703
MFG-S00968,WO0008,1,关键设备维护校准逾期并报警,0.5,110.0,0.0,0.0,0.0,0.967731,0.888751,0.092207,0.144057,42.642548,12.249607,1.0,0.0,0.0,1.0,905.747559
MFG-S00969,WO0009,0,正常生产,0.0,322.0,0.02,0.0,1.0,0.980812,0.865706,4.2e-05,0.064025,0.0,1.0,0.0,0.0,0.0,1.0,759.096985
MFG-S00970,WO0010,0,正常生产,0.0,231.0,0.0,0.0,1.0,0.762562,0.904205,0.004386,0.209876,0.0,0.0,0.0,0.0,0.0,0.0,1449.350342
MFG-S00971,WO0011,0,正常生产,0.5,141.0,0.02,0.0,1.0,0.88719,0.947146,0.006783,0.089188,0.0,0.0,0.0,0.0,0.0,1.0,877.55426
MFG-S00972,WO0012,0,正常生产,0.0,172.0,0.0,0.0,0.0,0.864053,0.954376,0.004891,0.560462,0.0,0.0,0.0,0.0,0.0,1.0,1257.503296
MFG-S00973,WO0013,0,正常生产,0.5,30.0,0.03,0.0,1.0,0.856775,1.021837,0.008386,0.657109,0.0,0.0,0.0,0.0,0.0,1.0,1063.4375
MFG-S00974,WO0014,1,重复高额客户投诉,0.5,30.0,0.071343,0.0,1.0,0.996052,0.859612,0.00844,0.03752,0.0,0.0,0.0,0.0,0.0,8.0,30263.841797
MFG-S00975,WO0015,0,正常生产,0.5,200.0,0.02,0.0,1.0,0.808744,0.853483,0.00443,0.400902,1.0,0.0,0.0,0.0,0.0,0.0,1105.178833
MFG-S00976,WO0016,0,正常生产,0.5,110.0,0.0,0.0,0.0,0.799413,1.028619,0.01107,0.367633,0.0,0.0,0.0,0.0,0.0,0.0,358.743225
MFG-S00977,WO0017,0,正常生产,0.0,322.0,0.02,0.0,1.0,1.038557,1.020525,0.017137,0.409795,0.0,0.0,0.0,0.0,0.0,0.0,722.574097
MFG-S00978,WO0018,1,多维叠加高风险,1.0,-51.013386,0.0,1.0,1.0,1.270961,0.853991,0.02308,1.271464,2.485768,0.0,1.0,0.0,1.0,3.0,16002.483398
MFG-S00979,WO0019,0,正常生产,0.5,141.0,0.03,0.0,1.0,0.903317,0.977221,0.001181,0.523768,0.0,0.0,0.0,0.0,0.0,0.0,1199.979126
MFG-S00980,WO0020,1,关键设备维护校准逾期并报警,0.0,172.0,0.0,0.0,0.0,0.819609,0.894906,0.063913,0.681188,17.489386,14.805574,1.0,0.0,0.0,1.0,861.639465
MFG-S00981,WO0021,0,正常生产,0.5,30.0,0.02,0.0,1.0,0.85163,1.015604,0.00208,0.431809,0.0,1.0,0.0,0.0,0.0,0.0,1286.693726
MFG-S00982,WO0022,1,未检关键物料领料并超BOM,0.5,30.0,0.0,1.0,1.0,1.39729,0.905653,0.091368,0.308732,0.0,0.0,0.0,0.0,0.0,0.0,635.816589
MFG-S00983,WO0023,1,多维叠加高风险,1.0,-48.464165,0.02,1.0,1.0,1.543429,1.023612,0.020079,1.552734,2.046981,0.0,1.0,0.0,1.0,3.0,31495.238281
MFG-S00984,WO0024,0,正常生产,0.5,110.0,0.0,0.0,0.0,0.824912,1.01845,0.001331,0.457789,0.0,0.0,0.0,0.0,0.0,0.0,519.035156
MFG-S00985,WO0025,0,正常生产,0.0,322.0,0.02,0.0,1.0,0.99951,0.972154,0.015322,0.557229,0.0,0.0,0.0,0.0,0.0,0.0,398.049377
MFG-S00986,WO0026,0,正常生产,0.0,231.0,0.03,0.0,1.0,0.757794,0.950844,0.013106,0.392122,0.0,0.0,0.0,0.0,0.0,0.0,484.45639
MFG-S00987,WO0027,1,关键设备维护校准逾期并报警,0.5,141.0,0.02,0.0,1.0,0.77027,1.022931,0.079842,0.498469,7.516707,26.430405,1.0,0.0,0.0,0.0,1184.208374
MFG-S00988,WO0028,1,供应商资质过期与来料质量恶化,1.0,-65.904686,0.238001,0.0,0.0,0.891226,0.905609,0.020884,0.097739,0.0,0.0,0.0,0.0,0.0,0.0,446.55014
MFG-S00989,WO0029,1,多维叠加高风险,1.0,-27.770006,0.02,1.0,1.0,1.347533,0.957242,0.016953,1.473395,19.695435,0.0,1.0,0.0,1.0,6.0,43983.386719
MFG-S00990,WO0030,0,正常生产,0.5,30.0,0.0,0.0,1.0,0.790648,0.925455,0.010098,0.21911,0.0,0.0,0.0,0.0,0.0,0.0,22.638195
MFG-S00991,WO0031,0,正常生产,0.5,200.0,0.02,0.0,1.0,0.966989,0.957713,0.015512,0.738795,0.0,0.0,0.0,0.0,0.0,0.0,789.804077
MFG-S00992,WO0032,0,正常生产,0.5,110.0,0.0,0.0,0.0,0.999055,0.864846,0.001494,0.39608,0.0,1.0,0.0,0.0,0.0,1.0,128.354706
MFG-S00993,WO0033,0,正常生产,0.0,322.0,0.02,0.0,1.0,0.820267,0.865381,0.001761,0.666333,0.0,1.0,0.0,0.0,0.0,1.0,803.008789
MFG-S00994,WO0034,0,正常生产,0.0,231.0,0.0,0.0,1.0,1.050014,0.930876,0.005908,0.11434,0.0,0.0,0.0,0.0,0.0,1.0,427.102386
MFG-S00995,WO0035,0,正常生产,0.5,141.0,0.02,0.0,1.0,0.981395,0.946605,0.009911,0.729,0.0,0.0,0.0,0.0,0.0,1.0,1296.110962
MFG-S00996,WO0036,0,正常生产,0.0,172.0,0.0,0.0,0.0,0.876963,0.960023,0.011755,0.031524,0.0,0.0,0.0,0.0,0.0,0.0,626.680298
MFG-S00997,WO0037,0,正常生产,0.5,30.0,0.02,0.0,1.0,0.804092,0.987432,0.00884,0.041155,0.0,0.0,0.0,0.0,0.0,1.0,444.277802
MFG-S00998,WO0038,1,关键设备维护校准逾期并报警,0.5,30.0,0.03,0.0,1.0,0.877962,1.029081,0.09436,0.718394,24.185604,18.101799,1.0,0.0,0.0,1.0,403.179077
MFG-S00999,WO0039,0,正常生产,0.5,200.0,0.03,0.0,1.0,1.054396,0.967273,0.016414,0.56536,1.0,0.0,0.0,0.0,0.0,0.0,668.467529
MFG-S01000,WO0040,0,正常生产,0.5,110.0,0.0,0.0,0.0,0.785666,1.002073,0.006567,0.412506,0.0,0.0,0.0,0.0,0.0,0.0,275.819794
MFG-S01001,WO0041,0,正常生产,0.0,322.0,0.02,0.0,1.0,0.942973,1.013968,0.000219,0.320193,0.0,0.0,0.0,0.0,0.0,1.0,447.483185
MFG-S01002,WO0042,0,正常生产,0.0,231.0,0.0,0.0,1.0,0.754945,0.891585,0.015664,0.615668,0.0,0.0,0.0,0.0,0.0,0.0,524.734375
MFG-S01003,WO0043,1,供应商资质过期与来料质量恶化,1.0,-24.277439,0.236054,0.0,1.0,0.9815,0.901517,0.007529,0.392736,0.0,0.0,0.0,0.0,0.0,1.0,24.269539
MFG-S01004,WO0044,1,关键设备维护校准逾期并报警,0.0,172.0,0.0,0.0,0.0,0.771395,1.003782,0.081822,0.443731,40.109993,37.065849,1.0,0.0,0.0,0.0,214.296036
MFG-S01005,WO0045,1,供应商资质过期与来料质量恶化,1.0,-65.574799,0.095244,0.0,1.0,0.839347,0.939308,0.023278,0.346442,0.0,1.0,0.0,0.0,0.0,1.0,468.743713
MFG-S01006,WO0046,1,未检关键物料领料并超BOM,0.5,30.0,0.0,1.0,1.0,1.601809,1.014227,0.115382,0.496219,0.0,0.0,0.0,0.0,0.0,1.0,821.054443
MFG-S01007,WO0047,1,多维叠加高风险,1.0,-53.936562,0.02,1.0,1.0,1.384909,0.959658,0.008186,1.354539,17.493753,0.0,1.0,0.0,1.0,2.0,44324.082031
MFG-S01008,WO0048,1,供应商资质过期与来料质量恶化,1.0,-26.021227,0.193885,0.0,0.0,1.00586,0.913473,0.014907,0.344274,0.0,0.0,0.0,0.0,0.0,1.0,624.169678
MFG-S01009,WO0049,1,重复高额客户投诉,0.0,322.0,0.05516,0.0,1.0,0.75069,0.927692,0.010135,0.425934,0.0,0.0,0.0,0.0,0.0,4.0,29767.306641
MFG-S01010,WO0050,0,正常生产,0.0,231.0,0.0,0.0,1.0,0.877867,0.944663,0.024704,0.45532,0.0,0.0,0.0,0.0,0.0,0.0,1281.819824
MFG-S01011,WO0051,0,正常生产,0.5,141.0,0.02,0.0,1.0,1.025256,0.96125,0.002797,0.043935,1.0,0.0,0.0,0.0,0.0,0.0,388.495178
MFG-S01012,WO0052,0,正常生产,0.0,172.0,0.03,0.0,0.0,1.020225,1.018326,0.014532,0.604695,0.0,0.0,0.0,0.0,0.0,0.0,500.015869
MFG-S01013,WO0053,1,重复高额客户投诉,0.5,30.0,0.091319,0.0,1.0,0.902357,0.887899,0.024958,0.357016,0.0,0.0,0.0,0.0,0.0,7.0,78232.039062
MFG-S01014,WO0054,0,正常生产,0.5,30.0,0.0,0.0,1.0,0.876983,0.956947,0.019633,0.096655,0.0,0.0,0.0,0.0,0.0,1.0,569.088745
MFG-S01015,WO0055,0,正常生产,0.5,200.0,0.02,0.0,1.0,0.996567,0.967191,0.004815,0.454496,0.0,0.0,0.0,0.0,0.0,0.0,562.058105
MFG-S01016,WO0056,1,未检关键物料领料并超BOM,0.5,110.0,0.0,1.0,1.0,1.694058,0.924374,0.125566,0.693618,0.0,1.0,0.0,0.0,0.0,0.0,1122.098511
MFG-S01017,WO0057,1,重复高额客户投诉,0.0,322.0,0.077599,0.0,1.0,0.761127,0.981983,0.012343,0.065031,0.0,1.0,0.0,0.0,0.0,7.0,67770.5625
MFG-S01018,WO0058,1,多维叠加高风险,1.0,-11.401061,0.0,1.0,1.0,1.606514,0.878918,0.010505,1.061164,10.996492,0.0,1.0,0.0,1.0,6.0,40917.886719
MFG-S01019,WO0059,1,关键参数越限且质量冻结发运,0.5,141.0,0.02,0.0,1.0,0.880988,0.89477,0.007948,1.684845,0.0,0.0,0.0,1.0,1.0,0.0,1457.786133
MFG-S01020,WO0060,1,重复高额客户投诉,0.0,172.0,0.112199,0.0,0.0,0.772343,0.989068,0.022302,0.019837,0.0,0.0,0.0,0.0,0.0,4.0,66825.703125
MFG-S01021,WO0061,0,正常生产,0.5,30.0,0.02,0.0,1.0,1.007622,0.992867,0.018331,0.230132,0.0,0.0,0.0,0.0,0.0,1.0,369.154358
MFG-S01022,WO0062,0,正常生产,0.5,30.0,0.0,0.0,1.0,0.949236,0.923613,0.00829,0.483448,0.0,0.0,0.0,0.0,0.0,1.0,674.423706
MFG-S01023,WO0063,0,正常生产,0.5,200.0,0.02,0.0,1.0,0.863773,0.930979,0.017648,0.080459,1.0,0.0,0.0,0.0,0.0,1.0,1398.593872
MFG-S01024,WO0064,1,关键参数越限且质量冻结发运,0.5,110.0,0.0,0.0,0.0,0.859357,0.965624,0.001881,1.072475,0.0,0.0,0.0,1.0,1.0,1.0,866.951904
MFG-S01025,WO0065,0,正常生产,0.0,322.0,0.03,0.0,1.0,0.935956,0.992901,0.005784,0.553501,0.0,0.0,0.0,0.0,0.0,1.0,1386.255981
MFG-S01026,WO0066,0,正常生产,0.0,231.0,0.0,0.0,1.0,0.83557,0.892572,0.008805,0.260887,0.0,0.0,0.0,0.0,0.0,0.0,317.723785
MFG-S01027,WO0067,1,关键参数越限且质量冻结发运,0.5,141.0,0.02,0.0,1.0,0.879385,0.869585,0.021974,1.370296,0.0,0.0,0.0,1.0,1.0,1.0,1235.202637
MFG-S01028,WO0068,0,正常生产,0.0,172.0,0.0,0.0,0.0,1.040008,0.966257,0.00092,0.648441,0.0,1.0,0.0,0.0,0.0,0.0,585.081909
MFG-S01029,WO0069,1,供应商资质过期与来料质量恶化,1.0,-12.296443,0.231747,0.0,1.0,1.046827,1.006942,0.002512,0.688266,0.0,1.0,0.0,0.0,0.0,0.0,56.447792
MFG-S01030,WO0070,0,正常生产,0.5,30.0,0.0,0.0,1.0,0.814265,0.923104,0.002472,0.594182,0.0,0.0,0.0,0.0,0.0,1.0,1119.68042
MFG-S01031,WO0071,0,正常生产,0.5,200.0,0.02,0.0,1.0,0.774285,0.893329,0.023564,0.44134,0.0,0.0,0.0,0.0,0.0,1.0,1117.488525
MFG-S01032,WO0072,0,正常生产,0.5,110.0,0.0,0.0,0.0,0.789542,0.992918,0.012028,0.48928,0.0,0.0,0.0,0.0,0.0,0.0,820.317261
MFG-S01033,WO0073,1,未检关键物料领料并超BOM,0.0,322.0,0.02,1.0,1.0,1.513435,0.998518,0.17699,0.209107,0.0,0.0,0.0,0.0,0.0,0.0,1289.385254
MFG-S01034,WO0074,0,正常生产,0.0,231.0,0.0,0.0,1.0,0.989218,0.866487,0.020074,0.208287,0.0,0.0,0.0,0.0,0.0,0.0,727.26001
MFG-S01035,WO0075,1,供应商资质过期与来料质量恶化,1.0,-67.606369,0.242588,0.0,1.0,1.013272,0.856412,0.015227,0.657512,1.0,0.0,0.0,0.0,0.0,1.0,1078.88501
MFG-S01036,WO0076,0,正常生产,0.0,172.0,0.03,0.0,0.0,0.826343,0.890656,6.2e-05,0.593589,0.0,0.0,0.0,0.0,0.0,1.0,1359.634033
MFG-S01037,WO0077,0,正常生产,0.5,30.0,0.02,0.0,1.0,0.801542,0.926309,0.008171,0.511627,0.0,0.0,0.0,0.0,0.0,1.0,1358.840088
MFG-S01038,WO0078,0,正常生产,0.5,30.0,0.03,0.0,1.0,0.880502,0.942553,0.021994,0.697227,0.0,0.0,0.0,0.0,0.0,1.0,658.540222
MFG-S01039,WO0079,0,正常生产,0.5,200.0,0.02,0.0,1.0,0.997295,0.882915,0.004186,0.475101,0.0,0.0,0.0,0.0,0.0,0.0,28.389702
MFG-S01040,WO0080,1,供应商资质过期与来料质量恶化,1.0,-29.161804,0.279183,0.0,0.0,0.962245,1.01577,0.023954,0.530199,0.0,1.0,0.0,0.0,0.0,0.0,585.405151
MFG-S01041,WO0081,0,正常生产,0.0,322.0,0.02,0.0,1.0,1.02916,1.016435,0.024109,0.299535,0.0,1.0,0.0,0.0,0.0,0.0,1237.248047
MFG-S01042,WO0082,0,正常生产,0.0,231.0,0.0,0.0,1.0,0.976939,0.879033,0.02266,0.547473,0.0,0.0,0.0,0.0,0.0,1.0,301.002411
MFG-S01043,WO0083,1,多维叠加高风险,1.0,-42.477604,0.02,1.0,1.0,1.326524,0.860913,0.000586,1.281816,6.832619,0.0,1.0,0.0,1.0,5.0,41633.75
MFG-S01044,WO0084,1,重复高额客户投诉,0.0,172.0,0.140522,0.0,0.0,0.770422,0.890194,0.013141,0.279749,0.0,0.0,0.0,0.0,0.0,6.0,76540.335938
MFG-S01045,WO0085,0,正常生产,0.5,30.0,0.02,0.0,1.0,0.814669,0.965358,0.015392,0.495637,0.0,0.0,0.0,0.0,0.0,1.0,1184.326904
MFG-S01046,WO0086,0,正常生产,0.5,30.0,0.0,0.0,1.0,0.820065,0.922501,0.020364,0.546559,0.0,0.0,0.0,0.0,0.0,1.0,1413.872437
MFG-S01047,WO0087,0,正常生产,0.5,200.0,0.02,0.0,1.0,1.050298,0.961319,0.019029,0.277482,1.0,0.0,0.0,0.0,0.0,1.0,117.988342
MFG-S01048,WO0088,0,正常生产,0.5,110.0,0.0,0.0,0.0,0.91755,0.936081,0.02468,0.170779,0.0,0.0,0.0,0.0,0.0,1.0,757.05072
MFG-S01049,WO0089,0,正常生产,0.0,322.0,0.02,0.0,1.0,1.000824,1.003029,0.016259,0.058651,0.0,0.0,0.0,0.0,0.0,0.0,486.569489
MFG-S01050,WO0090,0,正常生产,0.0,231.0,0.0,0.0,1.0,1.014709,0.981523,0.006573,0.129167,0.0,0.0,0.0,0.0,0.0,1.0,625.711914
MFG-S01051,WO0091,0,正常生产,0.5,141.0,0.03,0.0,1.0,1.026992,1.019848,0.017638,0.684859,0.0,0.0,0.0,0.0,0.0,0.0,381.883636
MFG-S01052,WO0092,1,关键设备维护校准逾期并报警,0.0,172.0,0.0,0.0,0.0,0.893936,0.961997,0.055552,0.367575,42.408432,28.171148,1.0,0.0,0.0,0.0,457.77948
MFG-S01053,WO0093,1,供应商资质过期与来料质量恶化,1.0,-56.849373,0.205001,0.0,1.0,0.808195,0.933837,0.022395,0.500543,0.0,1.0,0.0,0.0,0.0,0.0,615.807495
MFG-S01054,WO0094,0,正常生产,0.5,30.0,0.0,0.0,1.0,1.007092,0.987649,0.018943,0.157391,0.0,0.0,0.0,0.0,0.0,0.0,612.596497
MFG-S01055,WO0095,1,未检关键物料领料并超BOM,0.5,200.0,0.03,1.0,1.0,1.349711,1.0177,0.161643,0.318641,0.0,0.0,0.0,0.0,0.0,0.0,636.353516
MFG-S01056,WO0096,1,关键设备维护校准逾期并报警,0.5,110.0,0.0,0.0,0.0,1.046331,0.851838,0.104353,0.562514,26.166927,41.956192,1.0,0.0,0.0,1.0,889.672974
MFG-S01057,WO0097,0,正常生产,0.0,322.0,0.02,0.0,1.0,1.007652,0.852648,0.002498,0.740475,0.0,0.0,0.0,0.0,0.0,0.0,1307.524414
MFG-S01058,WO0098,1,供应商资质过期与来料质量恶化,1.0,-38.87381,0.278028,0.0,1.0,0.869713,0.862877,0.020135,0.47273,0.0,0.0,0.0,0.0,0.0,1.0,117.60994
MFG-S01059,WO0099,0,正常生产,0.5,141.0,0.02,0.0,1.0,0.922446,0.931502,0.00806,0.208245,1.0,0.0,0.0,0.0,0.0,0.0,308.931396
MFG-S01060,WO0100,0,正常生产,0.0,172.0,0.0,0.0,0.0,1.041581,0.86686,0.007336,0.591281,0.0,0.0,0.0,0.0,0.0,1.0,703.004822
MFG-S01061,WO0101,0,正常生产,0.5,30.0,0.02,0.0,1.0,0.990962,0.974526,0.024557,0.184514,0.0,0.0,0.0,0.0,0.0,0.0,956.299072
MFG-S01062,WO0102,0,正常生产,0.5,30.0,0.0,0.0,1.0,1.052938,0.907703,0.018292,0.368574,0.0,0.0,0.0,0.0,0.0,0.0,640.578308
MFG-S01063,WO0103,1,供应商资质过期与来料质量恶化,1.0,-26.115271,0.284264,0.0,1.0,0.968157,0.924448,0.00738,0.584932,0.0,0.0,0.0,0.0,0.0,0.0,61.379242
MFG-S01064,WO0104,1,关键设备维护校准逾期并报警,0.5,110.0,0.03,0.0,0.0,0.831105,0.903835,0.067017,0.551239,41.731331,26.988859,1.0,0.0,0.0,1.0,1287.178833
MFG-S01065,WO0105,0,正常生产,0.0,322.0,0.02,0.0,1.0,0.77603,1.027297,0.019422,0.028513,0.0,1.0,0.0,0.0,0.0,0.0,712.390869
MFG-S01066,WO0106,0,正常生产,0.0,231.0,0.0,0.0,1.0,0.813148,0.913394,0.005408,0.376172,0.0,0.0,0.0,0.0,0.0,0.0,984.762817
MFG-S01067,WO0107,0,正常生产,0.5,141.0,0.02,0.0,1.0,0.798285,0.920968,0.016389,0.636583,0.0,0.0,0.0,0.0,0.0,1.0,385.769989
MFG-S01068,WO0108,0,正常生产,0.0,172.0,0.0,0.0,0.0,0.774522,0.997057,0.019554,0.071992,0.0,0.0,0.0,0.0,0.0,1.0,811.670898
MFG-S01069,WO0109,1,供应商资质过期与来料质量恶化,1.0,-10.249841,0.150742,0.0,1.0,0.99932,0.890272,0.011314,0.035667,0.0,0.0,0.0,0.0,0.0,1.0,361.878296
MFG-S01070,WO0110,0,正常生产,0.5,30.0,0.0,0.0,1.0,0.871062,0.925451,0.021345,0.699532,0.0,0.0,0.0,0.0,0.0,1.0,70.0784
MFG-S01071,WO0111,0,正常生产,0.5,200.0,0.02,0.0,1.0,0.917192,1.028946,0.007473,0.598144,1.0,0.0,0.0,0.0,0.0,1.0,433.442688
MFG-S01072,WO0112,1,重复高额客户投诉,0.5,110.0,0.117655,0.0,0.0,0.923079,0.911443,0.003065,0.293367,0.0,0.0,0.0,0.0,0.0,8.0,51376.183594
MFG-S01073,WO0113,0,正常生产,0.0,322.0,0.02,0.0,1.0,0.826509,0.864904,0.00505,0.657245,0.0,0.0,0.0,0.0,0.0,1.0,1118.768799
MFG-S01074,WO0114,1,供应商资质过期与来料质量恶化,1.0,-11.969804,0.25199,0.0,1.0,0.939482,0.981266,0.000285,0.007643,0.0,0.0,0.0,0.0,0.0,1.0,796.798401
MFG-S01075,WO0115,0,正常生产,0.5,141.0,0.02,0.0,1.0,0.949015,0.973265,0.021908,0.680743,0.0,0.0,0.0,0.0,0.0,0.0,960.470276
MFG-S01076,WO0116,1,关键设备维护校准逾期并报警,0.0,172.0,0.0,0.0,0.0,0.884541,0.902927,0.053279,0.523683,14.038785,18.385176,1.0,0.0,0.0,0.0,803.021667
MFG-S01077,WO0117,1,供应商资质过期与来料质量恶化,1.0,-57.349113,0.170919,0.0,1.0,1.059815,0.923277,0.02326,0.599066,0.0,1.0,0.0,0.0,0.0,1.0,30.873095
MFG-S01078,WO0118,1,重复高额客户投诉,0.5,30.0,0.057917,0.0,1.0,0.941629,0.922159,0.010027,0.269037,0.0,0.0,0.0,0.0,0.0,3.0,49700.789062
MFG-S01079,WO0119,0,正常生产,0.5,200.0,0.02,0.0,1.0,0.931197,0.853331,0.014455,0.572592,0.0,0.0,0.0,0.0,0.0,0.0,1273.045776
MFG-S01080,WO0120,1,关键参数越限且质量冻结发运,0.5,110.0,0.0,0.0,0.0,0.812259,0.902875,0.024161,1.57395,0.0,0.0,0.0,1.0,1.0,1.0,1120.576416
MFG-S01081,WO0001,0,正常生产,0.0,322.0,0.02,0.0,1.0,0.849244,0.986837,0.011893,0.68575,0.0,0.0,0.0,0.0,0.0,1.0,607.675903
MFG-S01082,WO0002,0,正常生产,0.0,231.0,0.0,0.0,1.0,1.049193,0.939088,0.001805,0.026102,0.0,0.0,0.0,0.0,0.0,0.0,654.798096
MFG-S01083,WO0003,1,关键设备维护校准逾期并报警,0.5,141.0,0.02,0.0,1.0,0.796784,0.906211,0.091017,0.156199,28.37504,53.435825,1.0,0.0,0.0,0.0,1175.909668
MFG-S01084,WO0004,0,正常生产,0.0,172.0,0.0,0.0,0.0,0.943681,0.932702,0.010428,0.505231,0.0,0.0,0.0,0.0,0.0,0.0,682.805847
MFG-S01085,WO0005,0,正常生产,0.5,30.0,0.02,0.0,1.0,0.901111,0.897398,0.001492,0.368832,0.0,0.0,0.0,0.0,0.0,0.0,727.846619
MFG-S01086,WO0006,1,未检关键物料领料并超BOM,0.5,30.0,0.0,1.0,1.0,1.285195,0.889417,0.106119,0.10172,0.0,0.0,0.0,0.0,0.0,1.0,1488.82605
MFG-S01087,WO0007,1,多维叠加高风险,1.0,-57.531651,0.02,1.0,1.0,1.222678,0.878604,0.024741,1.648973,12.887129,0.0,1.0,0.0,1.0,3.0,48228.449219
MFG-S01088,WO0008,0,正常生产,0.5,110.0,0.0,0.0,0.0,0.906003,1.022145,0.001457,0.178652,0.0,1.0,0.0,0.0,0.0,0.0,1149.633179
MFG-S01089,WO0009,1,多维叠加高风险,1.0,-6.110814,0.02,1.0,1.0,1.626254,0.906027,0.008704,1.089088,1.65922,1.0,1.0,0.0,1.0,2.0,27985.28125
MFG-S01090,WO0010,0,正常生产,0.0,231.0,0.0,0.0,1.0,0.786999,0.961724,0.001231,0.208474,0.0,0.0,0.0,0.0,0.0,0.0,559.312866
MFG-S01091,WO0011,1,多维叠加高风险,1.0,-53.327446,0.02,1.0,1.0,1.215243,0.958629,0.009394,1.095629,12.683459,0.0,1.0,0.0,1.0,4.0,59167.363281
MFG-S01092,WO0012,0,正常生产,0.0,172.0,0.0,0.0,0.0,0.927308,1.01212,0.013329,0.405578,0.0,0.0,0.0,0.0,0.0,0.0,1450.513306
MFG-S01093,WO0013,1,供应商资质过期与来料质量恶化,1.0,-10.160306,0.155147,0.0,1.0,0.80123,1.001565,0.005442,0.43453,0.0,0.0,0.0,0.0,0.0,1.0,140.233536
MFG-S01094,WO0014,1,多维叠加高风险,1.0,-56.675568,0.0,1.0,1.0,1.304487,0.992833,0.010766,1.308061,10.746328,0.0,1.0,0.0,1.0,4.0,53920.71875
MFG-S01095,WO0015,0,正常生产,0.5,200.0,0.02,0.0,1.0,0.83917,1.023743,0.001038,0.508187,1.0,0.0,0.0,0.0,0.0,0.0,1059.341309
MFG-S01096,WO0016,1,关键参数越限且质量冻结发运,0.5,110.0,0.0,0.0,0.0,0.996177,1.000273,0.01499,1.580446,0.0,0.0,0.0,1.0,1.0,1.0,240.734863
MFG-S01097,WO0017,0,正常生产,0.0,322.0,0.02,0.0,1.0,0.850827,0.937931,0.01541,0.52433,0.0,0.0,0.0,0.0,0.0,0.0,342.01236
MFG-S01098,WO0018,1,供应商资质过期与来料质量恶化,1.0,-67.422821,0.145448,0.0,1.0,1.047477,0.991608,0.005742,0.042917,0.0,0.0,0.0,0.0,0.0,0.0,671.252197
MFG-S01099,WO0019,1,供应商资质过期与来料质量恶化,1.0,-45.299854,0.158236,0.0,1.0,0.93329,0.995313,0.014262,0.042998,0.0,0.0,0.0,0.0,0.0,0.0,412.461639
MFG-S01100,WO0020,0,正常生产,0.0,172.0,0.0,0.0,0.0,0.989811,0.867056,0.008969,0.282261,0.0,1.0,0.0,0.0,0.0,0.0,939.07251
MFG-S01101,WO0021,0,正常生产,0.5,30.0,0.02,0.0,1.0,0.925532,0.966321,0.007526,0.003989,0.0,1.0,0.0,0.0,0.0,0.0,468.676605
MFG-S01102,WO0022,0,正常生产,0.5,30.0,0.0,0.0,1.0,0.890713,0.975442,0.00288,0.135951,0.0,0.0,0.0,0.0,0.0,1.0,475.548553
MFG-S01103,WO0023,1,未检关键物料领料并超BOM,0.5,200.0,0.02,1.0,1.0,1.617656,0.948823,0.121209,0.693148,0.0,0.0,0.0,0.0,0.0,1.0,1137.447632
MFG-S01104,WO0024,0,正常生产,0.5,110.0,0.0,0.0,0.0,0.833476,0.99959,0.00475,0.527018,0.0,0.0,0.0,0.0,0.0,0.0,749.61499
MFG-S01105,WO0025,1,重复高额客户投诉,0.0,322.0,0.135256,0.0,1.0,0.876623,0.943292,0.017864,0.292979,0.0,0.0,0.0,0.0,0.0,3.0,45458.351562
MFG-S01106,WO0026,0,正常生产,0.0,231.0,0.03,0.0,1.0,0.932349,0.918276,0.007658,0.137913,0.0,0.0,0.0,0.0,0.0,1.0,110.749916
MFG-S01107,WO0027,0,正常生产,0.5,141.0,0.02,0.0,1.0,0.875962,0.991409,0.023849,0.041196,1.0,0.0,0.0,0.0,0.0,1.0,674.260376
MFG-S01108,WO0028,1,未检关键物料领料并超BOM,0.0,172.0,0.0,1.0,1.0,1.367981,0.918495,0.092418,0.579316,0.0,0.0,0.0,0.0,0.0,0.0,1482.619995
MFG-S01109,WO0029,1,关键设备维护校准逾期并报警,0.5,30.0,0.02,0.0,1.0,1.030785,1.015042,0.05075,0.455988,14.544803,54.578579,1.0,0.0,0.0,1.0,282.34433
MFG-S01110,WO0030,1,关键参数越限且质量冻结发运,0.5,30.0,0.0,0.0,1.0,0.787561,0.947925,0.020793,1.238119,0.0,0.0,0.0,1.0,1.0,0.0,1016.128235
MFG-S01111,WO0031,0,正常生产,0.5,200.0,0.02,0.0,1.0,0.981527,0.923149,0.014842,0.050811,0.0,0.0,0.0,0.0,0.0,0.0,515.458191
MFG-S01112,WO0032,1,多维叠加高风险,1.0,-9.673522,0.0,1.0,0.0,1.467614,1.015527,0.009693,1.112434,9.305616,1.0,1.0,0.0,1.0,4.0,54892.394531
MFG-S01113,WO0033,0,正常生产,0.0,322.0,0.02,0.0,1.0,0.995485,0.959666,0.01613,0.465341,0.0,1.0,0.0,0.0,0.0,1.0,166.305695
MFG-S01114,WO0034,1,未检关键物料领料并超BOM,0.0,231.0,0.0,1.0,1.0,1.530107,0.953217,0.142847,0.393928,0.0,0.0,0.0,0.0,0.0,1.0,979.331299
MFG-S01115,WO0035,1,多维叠加高风险,1.0,-49.072407,0.02,1.0,1.0,1.499547,0.953721,0.005371,1.41783,23.810558,0.0,1.0,0.0,1.0,2.0,16618.611328
MFG-S01116,WO0036,0,正常生产,0.0,172.0,0.0,0.0,0.0,0.899107,0.93523,0.0128,0.337709,0.0,0.0,0.0,0.0,0.0,0.0,1327.946167
MFG-S01117,WO0037,1,关键参数越限且质量冻结发运,0.5,30.0,0.02,0.0,1.0,0.771275,0.978346,0.013225,1.561921,0.0,0.0,0.0,1.0,1.0,0.0,1115.675171
MFG-S01118,WO0038,1,关键参数越限且质量冻结发运,0.5,30.0,0.03,0.0,1.0,0.883726,1.012408,0.019394,1.274019,0.0,0.0,0.0,1.0,1.0,0.0,1413.658203
MFG-S01119,WO0039,1,重复高额客户投诉,0.5,200.0,0.063651,0.0,1.0,0.806313,0.950743,0.019839,0.546259,1.0,0.0,0.0,0.0,0.0,3.0,20081.126953
MFG-S01120,WO0040,0,正常生产,0.5,110.0,0.0,0.0,0.0,0.963329,0.997067,0.002203,0.168541,0.0,0.0,0.0,0.0,0.0,1.0,510.780579
MFG-S01121,WO0041,1,重复高额客户投诉,0.0,322.0,0.094515,0.0,1.0,0.914889,1.0045,0.008225,0.70496,0.0,0.0,0.0,0.0,0.0,5.0,27210.494141
MFG-S01122,WO0042,0,正常生产,0.0,231.0,0.0,0.0,1.0,1.042574,0.887885,0.022089,0.670199,0.0,0.0,0.0,0.0,0.0,1.0,1101.449707
MFG-S01123,WO0043,0,正常生产,0.5,141.0,0.02,0.0,1.0,0.764975,0.929198,0.016312,0.019937,0.0,0.0,0.0,0.0,0.0,1.0,1279.442261
MFG-S01124,WO0044,0,正常生产,0.0,172.0,0.0,0.0,0.0,1.054875,1.00566,0.008789,0.507506,0.0,1.0,0.0,0.0,0.0,1.0,1062.810547
MFG-S01125,WO0045,1,关键参数越限且质量冻结发运,0.5,30.0,0.02,0.0,1.0,1.008587,0.950738,0.017089,1.666492,0.0,1.0,0.0,1.0,1.0,1.0,423.546082
MFG-S01126,WO0046,0,正常生产,0.5,30.0,0.0,0.0,1.0,0.838785,0.940721,0.014979,0.010616,0.0,0.0,0.0,0.0,0.0,0.0,1489.077148
MFG-S01127,WO0047,0,正常生产,0.5,200.0,0.02,0.0,1.0,0.954523,0.852526,0.006287,0.519509,0.0,0.0,0.0,0.0,0.0,0.0,93.526115
MFG-S01128,WO0048,1,重复高额客户投诉,0.5,110.0,0.127517,0.0,0.0,0.91129,0.897121,0.012917,0.307762,0.0,0.0,0.0,0.0,0.0,4.0,42996.765625
MFG-S01129,WO0049,1,供应商资质过期与来料质量恶化,1.0,-22.211405,0.209239,0.0,1.0,1.039593,1.010741,0.008163,0.696072,0.0,0.0,0.0,0.0,0.0,0.0,988.254272
MFG-S01130,WO0050,0,正常生产,0.0,231.0,0.0,0.0,1.0,0.798743,0.995438,0.014612,0.67376,0.0,0.0,0.0,0.0,0.0,0.0,1331.383911
MFG-S01131,WO0051,0,正常生产,0.5,141.0,0.02,0.0,1.0,0.867272,1.02715,0.01617,0.051642,1.0,0.0,0.0,0.0,0.0,1.0,860.663208
MFG-S01132,WO0052,0,正常生产,0.0,172.0,0.03,0.0,0.0,0.946216,0.985645,0.014338,0.320345,0.0,0.0,0.0,0.0,0.0,1.0,1289.102783
MFG-S01133,WO0053,1,未检关键物料领料并超BOM,0.5,30.0,0.02,1.0,1.0,1.360246,0.926053,0.135207,0.470111,0.0,0.0,0.0,0.0,0.0,0.0,1014.045654
MFG-S01134,WO0054,0,正常生产,0.5,30.0,0.0,0.0,1.0,1.011763,0.966944,0.003961,0.026558,0.0,0.0,0.0,0.0,0.0,0.0,276.269531
MFG-S01135,WO0055,0,正常生产,0.5,200.0,0.02,0.0,1.0,0.833001,1.024079,0.020358,0.692883,0.0,0.0,0.0,0.0,0.0,1.0,612.603394
MFG-S01136,WO0056,0,正常生产,0.5,110.0,0.0,0.0,0.0,0.873955,0.972101,0.01372,0.61676,0.0,1.0,0.0,0.0,0.0,1.0,455.575592
MFG-S01137,WO0057,0,正常生产,0.0,322.0,0.03,0.0,1.0,0.954309,0.997953,0.01329,1.3e-05,0.0,1.0,0.0,0.0,0.0,0.0,816.742859
MFG-S01138,WO0058,1,供应商资质过期与来料质量恶化,1.0,-60.954067,0.143431,0.0,1.0,0.841942,0.975042,0.00451,0.676216,0.0,0.0,0.0,0.0,0.0,1.0,399.981201
MFG-S01139,WO0059,0,正常生产,0.5,141.0,0.02,0.0,1.0,0.867533,0.941108,0.006664,0.097279,0.0,0.0,0.0,0.0,0.0,1.0,622.716248
MFG-S01140,WO0060,0,正常生产,0.0,172.0,0.0,0.0,0.0,1.028812,0.854414,0.01947,0.003345,0.0,0.0,0.0,0.0,0.0,0.0,782.400085
MFG-S01141,WO0061,1,关键参数越限且质量冻结发运,0.5,30.0,0.02,0.0,1.0,0.993711,0.909906,0.015812,1.126743,0.0,0.0,0.0,1.0,1.0,1.0,428.352142
MFG-S01142,WO0062,0,正常生产,0.5,30.0,0.0,0.0,1.0,0.792011,1.013103,0.009637,0.116132,0.0,0.0,0.0,0.0,0.0,0.0,697.011536
MFG-S01143,WO0063,0,正常生产,0.5,200.0,0.02,0.0,1.0,0.888188,0.907414,0.011228,0.563276,1.0,0.0,0.0,0.0,0.0,1.0,414.323792
MFG-S01144,WO0064,1,重复高额客户投诉,0.5,110.0,0.152375,0.0,0.0,0.884309,0.869783,0.008906,0.02485,0.0,0.0,0.0,0.0,0.0,4.0,13757.025391
MFG-S01145,WO0065,0,正常生产,0.0,322.0,0.03,0.0,1.0,0.797179,1.016879,0.006086,0.532412,0.0,0.0,0.0,0.0,0.0,1.0,181.378372
MFG-S01146,WO0066,0,正常生产,0.0,231.0,0.0,0.0,1.0,0.985111,0.93668,0.024045,0.672886,0.0,0.0,0.0,0.0,0.0,1.0,952.219849
MFG-S01147,WO0067,0,正常生产,0.5,141.0,0.02,0.0,1.0,0.951555,0.962917,0.015517,0.732283,0.0,0.0,0.0,0.0,0.0,0.0,126.10894
MFG-S01148,WO0068,0,正常生产,0.0,172.0,0.0,0.0,0.0,0.872955,0.920676,0.000528,0.166522,0.0,1.0,0.0,0.0,0.0,0.0,886.739685
MFG-S01149,WO0069,1,关键设备维护校准逾期并报警,0.5,30.0,0.02,0.0,1.0,0.983351,0.933746,0.115519,0.476692,25.482988,39.744423,1.0,0.0,0.0,0.0,1342.045776
MFG-S01150,WO0070,0,正常生产,0.5,30.0,0.0,0.0,1.0,0.926487,0.862348,0.0027,0.391548,0.0,0.0,0.0,0.0,0.0,1.0,993.561218
MFG-S01151,WO0071,1,供应商资质过期与来料质量恶化,1.0,-8.398355,0.180798,0.0,1.0,0.999033,0.882354,0.012199,0.486201,0.0,0.0,0.0,0.0,0.0,0.0,109.286407
MFG-S01152,WO0072,0,正常生产,0.5,110.0,0.0,0.0,0.0,0.935188,0.853607,0.02014,0.664229,0.0,0.0,0.0,0.0,0.0,0.0,677.130371
MFG-S01153,WO0073,0,正常生产,0.0,322.0,0.02,0.0,1.0,0.755089,0.887211,0.015239,0.011882,0.0,0.0,0.0,0.0,0.0,1.0,139.631927
MFG-S01154,WO0074,1,供应商资质过期与来料质量恶化,1.0,-52.907387,0.197584,0.0,1.0,0.984807,0.858036,0.005227,0.309572,0.0,0.0,0.0,0.0,0.0,0.0,319.286194
MFG-S01155,WO0075,1,关键设备维护校准逾期并报警,0.5,141.0,0.02,0.0,1.0,0.963518,1.008844,0.085746,0.335326,6.003447,14.470997,1.0,0.0,0.0,1.0,542.017944
MFG-S01156,WO0076,0,正常生产,0.0,172.0,0.03,0.0,0.0,0.771141,0.995073,0.007479,0.306532,0.0,0.0,0.0,0.0,0.0,1.0,608.980774
MFG-S01157,WO0077,0,正常生产,0.5,30.0,0.02,0.0,1.0,0.806869,0.868925,0.003103,0.409395,0.0,0.0,0.0,0.0,0.0,0.0,65.003326
MFG-S01158,WO0078,0,正常生产,0.5,30.0,0.03,0.0,1.0,1.02357,0.854506,0.008947,0.629023,0.0,0.0,0.0,0.0,0.0,0.0,1319.783936
MFG-S01159,WO0079,1,关键设备维护校准逾期并报警,0.5,200.0,0.02,0.0,1.0,0.851935,0.956657,0.097301,0.032166,18.923275,51.902161,1.0,0.0,0.0,0.0,4.960521
MFG-S01160,WO0080,0,正常生产,0.5,110.0,0.0,0.0,0.0,1.038243,0.890821,0.002061,0.080248,0.0,1.0,0.0,0.0,0.0,1.0,1082.103638
MFG-S01161,WO0081,1,重复高额客户投诉,0.0,322.0,0.127574,0.0,1.0,0.766979,0.993593,0.017795,0.534664,0.0,1.0,0.0,0.0,0.0,4.0,20557.533203
MFG-S01162,WO0082,0,正常生产,0.0,231.0,0.0,0.0,1.0,1.016266,0.953972,0.004408,0.328176,0.0,0.0,0.0,0.0,0.0,1.0,155.540573
MFG-S01163,WO0083,1,重复高额客户投诉,0.5,141.0,0.075275,0.0,1.0,0.837091,0.946523,0.007844,0.566213,0.0,0.0,0.0,0.0,0.0,8.0,74454.179688
MFG-S01164,WO0084,0,正常生产,0.0,172.0,0.0,0.0,0.0,0.751367,0.975849,0.016554,0.307992,0.0,0.0,0.0,0.0,0.0,1.0,1225.405273
MFG-S01165,WO0085,1,关键设备维护校准逾期并报警,0.5,30.0,0.02,0.0,1.0,0.811243,0.947533,0.041217,0.046454,15.387124,48.146336,1.0,0.0,0.0,1.0,1301.583984
MFG-S01166,WO0086,0,正常生产,0.5,30.0,0.0,0.0,1.0,0.856501,0.880809,0.012418,0.094343,0.0,0.0,0.0,0.0,0.0,0.0,664.172607
MFG-S01167,WO0087,0,正常生产,0.5,200.0,0.02,0.0,1.0,0.844027,0.859445,0.016726,0.562576,1.0,0.0,0.0,0.0,0.0,0.0,928.210571
MFG-S01168,WO0088,1,重复高额客户投诉,0.5,110.0,0.063197,0.0,0.0,0.946935,0.947829,0.006626,0.653782,0.0,0.0,0.0,0.0,0.0,5.0,57685.917969
MFG-S01169,WO0089,0,正常生产,0.0,322.0,0.02,0.0,1.0,0.882273,0.982866,0.021063,0.330488,0.0,0.0,0.0,0.0,0.0,0.0,704.359192
MFG-S01170,WO0090,1,关键参数越限且质量冻结发运,0.0,231.0,0.0,0.0,1.0,1.032655,0.868912,0.011596,1.318367,0.0,0.0,0.0,1.0,1.0,0.0,260.486359
MFG-S01171,WO0091,1,关键设备维护校准逾期并报警,0.5,141.0,0.03,0.0,1.0,1.035707,0.889756,0.077221,0.73454,23.027729,30.171309,1.0,0.0,0.0,0.0,940.861572
MFG-S01172,WO0092,0,正常生产,0.0,172.0,0.0,0.0,0.0,0.784688,0.856246,0.014928,0.409895,0.0,1.0,0.0,0.0,0.0,1.0,1027.978394
MFG-S01173,WO0093,0,正常生产,0.5,30.0,0.02,0.0,1.0,0.90501,0.862399,0.024738,0.593115,0.0,1.0,0.0,0.0,0.0,1.0,1450.282593
MFG-S01174,WO0094,1,关键设备维护校准逾期并报警,0.5,30.0,0.0,0.0,1.0,0.851451,1.013979,0.106905,0.580535,27.792358,36.429836,1.0,0.0,0.0,1.0,755.190491
MFG-S01175,WO0095,1,未检关键物料领料并超BOM,0.5,200.0,0.03,1.0,1.0,1.676177,0.875364,0.151622,0.283075,0.0,0.0,0.0,0.0,0.0,0.0,1386.313843
MFG-S01176,WO0096,1,关键设备维护校准逾期并报警,0.5,110.0,0.0,0.0,0.0,0.834562,0.991606,0.070564,0.590721,17.163374,25.79285,1.0,0.0,0.0,0.0,502.003937
MFG-S01177,WO0097,1,关键参数越限且质量冻结发运,0.0,322.0,0.02,0.0,1.0,1.005659,0.860018,0.0103,1.159947,0.0,0.0,0.0,1.0,1.0,1.0,1147.913574
MFG-S01178,WO0098,1,多维叠加高风险,1.0,-20.26215,0.0,1.0,1.0,1.465845,0.880978,0.006806,1.391583,20.814966,0.0,1.0,0.0,1.0,5.0,22031.001953
MFG-S01179,WO0099,0,正常生产,0.5,141.0,0.02,0.0,1.0,0.760831,0.947445,0.010195,0.448971,1.0,0.0,0.0,0.0,0.0,0.0,886.718445
MFG-S01180,WO0100,0,正常生产,0.0,172.0,0.0,0.0,0.0,1.007835,0.90166,0.006522,0.223625,0.0,0.0,0.0,0.0,0.0,0.0,803.29364
MFG-S01181,WO0101,0,正常生产,0.5,30.0,0.02,0.0,1.0,0.904202,0.95308,0.008861,0.027006,0.0,0.0,0.0,0.0,0.0,1.0,1140.211548
MFG-S01182,WO0102,0,正常生产,0.5,30.0,0.0,0.0,1.0,0.986937,0.887292,0.020819,0.20347,0.0,0.0,0.0,0.0,0.0,0.0,384.544098
MFG-S01183,WO0103,0,正常生产,0.5,200.0,0.02,0.0,1.0,1.036106,0.999992,0.004475,0.050909,0.0,0.0,0.0,0.0,0.0,1.0,174.34523
MFG-S01184,WO0104,0,正常生产,0.5,110.0,0.03,0.0,0.0,0.906507,0.912571,0.008417,0.349191,0.0,1.0,0.0,0.0,0.0,1.0,624.734192
MFG-S01185,WO0105,1,供应商资质过期与来料质量恶化,1.0,-67.560562,0.217284,0.0,1.0,0.965861,0.928955,0.01201,0.373594,0.0,1.0,0.0,0.0,0.0,0.0,1187.422974
MFG-S01186,WO0106,0,正常生产,0.0,231.0,0.0,0.0,1.0,1.020067,0.990293,0.009583,0.525958,0.0,0.0,0.0,0.0,0.0,0.0,850.305237
MFG-S01187,WO0107,1,关键参数越限且质量冻结发运,0.5,141.0,0.02,0.0,1.0,1.041089,0.924316,0.008065,1.221953,0.0,0.0,0.0,1.0,1.0,1.0,871.075745
MFG-S01188,WO0108,0,正常生产,0.0,172.0,0.0,0.0,0.0,0.844936,0.888099,0.024102,0.62005,0.0,0.0,0.0,0.0,0.0,1.0,704.396362
MFG-S01189,WO0109,1,关键参数越限且质量冻结发运,0.5,30.0,0.02,0.0,1.0,0.87035,1.012325,0.012808,1.418149,0.0,0.0,0.0,1.0,1.0,0.0,1483.748779
MFG-S01190,WO0110,0,正常生产,0.5,30.0,0.0,0.0,1.0,0.902613,0.891233,0.014532,0.429222,0.0,0.0,0.0,0.0,0.0,1.0,1400.816406
MFG-S01191,WO0111,0,正常生产,0.5,200.0,0.02,0.0,1.0,1.053535,0.992437,0.008494,0.656338,1.0,0.0,0.0,0.0,0.0,1.0,835.466431
MFG-S01192,WO0112,1,重复高额客户投诉,0.5,110.0,0.072339,0.0,0.0,0.83597,0.982879,0.024045,0.315016,0.0,0.0,0.0,0.0,0.0,4.0,77414.367188
MFG-S01193,WO0113,0,正常生产,0.0,322.0,0.02,0.0,1.0,1.05873,0.913159,0.016479,0.44576,0.0,0.0,0.0,0.0,0.0,1.0,620.03241
MFG-S01194,WO0114,0,正常生产,0.0,231.0,0.03,0.0,1.0,0.826201,0.899745,0.000825,0.00164,0.0,0.0,0.0,0.0,0.0,0.0,99.473419
MFG-S01195,WO0115,1,关键设备维护校准逾期并报警,0.5,141.0,0.02,0.0,1.0,0.795916,0.874568,0.082578,0.00074,20.594824,46.68203,1.0,0.0,0.0,1.0,403.863373
MFG-S01196,WO0116,1,供应商资质过期与来料质量恶化,1.0,-71.349052,0.141028,0.0,0.0,1.030075,0.982222,0.024009,0.140756,0.0,1.0,0.0,0.0,0.0,0.0,1292.919678
MFG-S01197,WO0117,1,重复高额客户投诉,0.5,30.0,0.085815,0.0,1.0,0.865309,0.928613,0.024971,0.651044,0.0,1.0,0.0,0.0,0.0,5.0,23189.943359
MFG-S01198,WO0118,1,多维叠加高风险,1.0,-11.224678,0.0,1.0,1.0,1.474679,1.015267,0.021548,1.163079,23.341305,0.0,1.0,0.0,1.0,6.0,46519.171875
MFG-S01199,WO0119,1,关键参数越限且质量冻结发运,0.5,200.0,0.02,0.0,1.0,0.846855,0.85589,0.010713,1.301644,0.0,0.0,0.0,1.0,1.0,1.0,461.016479
MFG-S01200,WO0120,1,关键参数越限且质量冻结发运,0.5,110.0,0.0,0.0,0.0,0.838058,0.881071,0.02049,1.447154,0.0,0.0,0.0,1.0,1.0,0.0,594.621521
MFG-S01201,WO0001,1,重复高额客户投诉,0.0,322.0,0.057101,0.0,1.0,0.849404,0.859049,0.000334,0.491232,0.0,0.0,0.0,0.0,0.0,5.0,69270.835938
MFG-S01202,WO0002,1,关键设备维护校准逾期并报警,0.0,231.0,0.0,0.0,1.0,0.791506,0.943817,0.072148,0.521625,39.86911,53.520714,1.0,0.0,0.0,0.0,1021.757019
MFG-S01203,WO0003,1,重复高额客户投诉,0.5,141.0,0.147177,0.0,1.0,1.017407,0.883226,0.013767,0.012179,1.0,0.0,0.0,0.0,0.0,8.0,26671.884766
MFG-S01204,WO0004,0,正常生产,0.0,172.0,0.0,0.0,0.0,0.96293,0.936829,0.023073,0.161998,0.0,0.0,0.0,0.0,0.0,0.0,402.115753
MFG-S01205,WO0005,1,供应商资质过期与来料质量恶化,1.0,-80.061424,0.243718,0.0,1.0,0.814976,0.912957,6.4e-05,0.738215,0.0,0.0,0.0,0.0,0.0,1.0,314.917694
MFG-S01206,WO0006,0,正常生产,0.5,30.0,0.0,0.0,1.0,0.821807,0.921099,0.017965,0.033401,0.0,0.0,0.0,0.0,0.0,1.0,602.910278
MFG-S01207,WO0007,1,多维叠加高风险,1.0,-50.521141,0.02,1.0,1.0,1.342742,0.999611,0.020634,1.420006,14.855172,0.0,1.0,0.0,1.0,5.0,32276.25
MFG-S01208,WO0008,0,正常生产,0.5,110.0,0.0,0.0,0.0,0.976489,1.002116,0.023292,0.175988,0.0,1.0,0.0,0.0,0.0,1.0,613.459595
MFG-S01209,WO0009,0,正常生产,0.0,322.0,0.02,0.0,1.0,0.982223,0.947792,0.019889,0.685594,0.0,1.0,0.0,0.0,0.0,0.0,279.996277
MFG-S01210,WO0010,1,关键设备维护校准逾期并报警,0.0,231.0,0.0,0.0,1.0,0.878365,0.946547,0.087373,0.145176,15.6055,35.624451,1.0,0.0,0.0,0.0,160.866241
MFG-S01211,WO0011,0,正常生产,0.5,141.0,0.02,0.0,1.0,0.775373,0.879346,0.017559,0.464798,0.0,0.0,0.0,0.0,0.0,0.0,124.590118
MFG-S01212,WO0012,1,关键参数越限且质量冻结发运,0.0,172.0,0.0,0.0,0.0,1.006408,0.942925,0.023215,1.680798,0.0,0.0,0.0,1.0,1.0,1.0,1324.935059
MFG-S01213,WO0013,0,正常生产,0.5,30.0,0.03,0.0,1.0,0.949624,1.010261,0.004144,0.175228,0.0,0.0,0.0,0.0,0.0,1.0,725.441467
MFG-S01214,WO0014,0,正常生产,0.5,30.0,0.0,0.0,1.0,0.859198,0.984972,0.018309,0.037807,0.0,0.0,0.0,0.0,0.0,0.0,282.291779
MFG-S01215,WO0015,0,正常生产,0.5,200.0,0.02,0.0,1.0,0.958934,0.866648,0.000172,0.271214,1.0,0.0,0.0,0.0,0.0,0.0,185.551025
MFG-S01216,WO0016,1,供应商资质过期与来料质量恶化,1.0,-89.589775,0.19693,0.0,0.0,0.876105,0.85814,0.004629,0.416767,0.0,0.0,0.0,0.0,0.0,1.0,1386.780029
MFG-S01217,WO0017,1,重复高额客户投诉,0.0,322.0,0.144629,0.0,1.0,0.857382,0.869154,0.012238,0.089718,0.0,0.0,0.0,0.0,0.0,5.0,32217.460938
MFG-S01218,WO0018,1,关键设备维护校准逾期并报警,0.0,231.0,0.0,0.0,1.0,0.764729,1.008887,0.078989,0.033355,20.533794,24.390507,1.0,0.0,0.0,1.0,83.903175
MFG-S01219,WO0019,1,关键参数越限且质量冻结发运,0.5,141.0,0.03,0.0,1.0,1.050722,0.999029,0.002373,1.119783,0.0,0.0,0.0,1.0,1.0,1.0,391.474213
MFG-S01220,WO0020,1,关键设备维护校准逾期并报警,0.0,172.0,0.0,0.0,0.0,0.991921,0.864649,0.104528,0.255099,30.531084,29.785866,1.0,0.0,0.0,0.0,803.200012
MFG-S01221,WO0021,0,正常生产,0.5,30.0,0.02,0.0,1.0,0.889925,0.980393,0.00736,0.310186,0.0,1.0,0.0,0.0,0.0,0.0,14.411026
MFG-S01222,WO0022,1,未检关键物料领料并超BOM,0.5,30.0,0.0,1.0,1.0,1.266818,0.87863,0.167583,0.66552,0.0,0.0,0.0,0.0,0.0,0.0,926.312988
MFG-S01223,WO0023,0,正常生产,0.5,200.0,0.02,0.0,1.0,1.038796,0.961947,0.018408,0.609799,0.0,0.0,0.0,0.0,0.0,0.0,1250.236206
MFG-S01224,WO0024,1,多维叠加高风险,1.0,-42.142818,0.0,1.0,0.0,1.458875,0.981323,0.023737,1.094801,21.974726,0.0,1.0,0.0,1.0,2.0,42437.488281
MFG-S01225,WO0025,1,关键设备维护校准逾期并报警,0.0,322.0,0.02,0.0,1.0,0.91045,0.966875,0.102611,0.079943,35.789391,58.043522,1.0,0.0,0.0,1.0,748.996704
MFG-S01226,WO0026,0,正常生产,0.0,231.0,0.03,0.0,1.0,0.763294,0.995024,0.005034,0.532364,0.0,0.0,0.0,0.0,0.0,0.0,268.387878
MFG-S01227,WO0027,0,正常生产,0.5,141.0,0.02,0.0,1.0,0.96787,0.872279,0.010257,0.270898,1.0,0.0,0.0,0.0,0.0,0.0,112.538467
MFG-S01228,WO0028,0,正常生产,0.0,172.0,0.0,0.0,0.0,0.796574,0.937657,0.009326,0.243785,0.0,0.0,0.0,0.0,0.0,0.0,1382.526367
MFG-S01229,WO0029,1,关键参数越限且质量冻结发运,0.5,30.0,0.02,0.0,1.0,1.001415,1.013029,0.002002,1.554399,0.0,0.0,0.0,1.0,1.0,0.0,312.711487
MFG-S01230,WO0030,0,正常生产,0.5,30.0,0.0,0.0,1.0,0.985017,1.016895,0.020356,0.273408,0.0,0.0,0.0,0.0,0.0,0.0,513.709229
MFG-S01231,WO0031,0,正常生产,0.5,200.0,0.02,0.0,1.0,0.812028,0.896493,0.018858,0.695949,0.0,0.0,0.0,0.0,0.0,0.0,443.357422
MFG-S01232,WO0032,1,关键设备维护校准逾期并报警,0.5,110.0,0.0,0.0,0.0,0.959877,0.913265,0.046428,0.289839,20.531389,28.548506,1.0,0.0,0.0,0.0,841.962463
MFG-S01233,WO0033,0,正常生产,0.0,322.0,0.02,0.0,1.0,1.037467,0.965039,0.014974,0.738305,0.0,1.0,0.0,0.0,0.0,0.0,199.037888
MFG-S01234,WO0034,0,正常生产,0.0,231.0,0.0,0.0,1.0,1.033041,0.878908,0.003347,0.457009,0.0,0.0,0.0,0.0,0.0,1.0,982.601562
MFG-S01235,WO0035,0,正常生产,0.5,141.0,0.02,0.0,1.0,1.039454,0.861061,0.00831,0.370453,0.0,0.0,0.0,0.0,0.0,1.0,1375.919678
MFG-S01236,WO0036,1,关键参数越限且质量冻结发运,0.0,172.0,0.0,0.0,0.0,1.0195,0.991257,0.006253,1.513269,0.0,0.0,0.0,1.0,1.0,1.0,1102.143188
MFG-S01237,WO0037,1,未检关键物料领料并超BOM,0.5,30.0,0.02,1.0,1.0,1.495167,0.887978,0.097413,0.459487,0.0,0.0,0.0,0.0,0.0,1.0,1119.617554
MFG-S01238,WO0038,0,正常生产,0.5,30.0,0.03,0.0,1.0,0.842858,0.996984,0.023562,0.497544,0.0,0.0,0.0,0.0,0.0,1.0,274.751434
MFG-S01239,WO0039,1,供应商资质过期与来料质量恶化,1.0,-74.991966,0.233736,0.0,1.0,1.053658,0.891255,0.021724,0.538201,1.0,0.0,0.0,0.0,0.0,1.0,1316.753906
MFG-S01240,WO0040,1,重复高额客户投诉,0.5,110.0,0.124844,0.0,0.0,1.002938,0.935359,0.016075,0.51792,0.0,0.0,0.0,0.0,0.0,8.0,47747.253906
MFG-S01241,WO0041,1,重复高额客户投诉,0.0,322.0,0.087258,0.0,1.0,0.852217,0.966546,0.005902,0.508529,0.0,0.0,0.0,0.0,0.0,7.0,51289.285156
MFG-S01242,WO0042,1,未检关键物料领料并超BOM,0.0,231.0,0.0,1.0,1.0,1.33439,0.954574,0.101922,0.366323,0.0,0.0,0.0,0.0,0.0,0.0,1230.508667
MFG-S01243,WO0043,0,正常生产,0.5,141.0,0.02,0.0,1.0,0.821344,0.886374,0.008472,0.189905,0.0,0.0,0.0,0.0,0.0,1.0,1361.882324
MFG-S01244,WO0044,0,正常生产,0.0,172.0,0.0,0.0,0.0,0.997973,0.937863,0.002094,0.274761,0.0,1.0,0.0,0.0,0.0,0.0,680.448364
MFG-S01245,WO0045,0,正常生产,0.5,30.0,0.02,0.0,1.0,1.059441,0.973642,0.024909,0.450157,0.0,1.0,0.0,0.0,0.0,1.0,357.85495
MFG-S01246,WO0046,1,多维叠加高风险,1.0,-21.305895,0.0,1.0,1.0,1.352992,0.88747,0.005612,1.236218,5.338413,0.0,1.0,0.0,1.0,5.0,53945.128906
MFG-S01247,WO0047,1,关键设备维护校准逾期并报警,0.5,200.0,0.02,0.0,1.0,0.933349,0.919645,0.092639,0.200844,43.692028,27.144869,1.0,0.0,0.0,1.0,1402.763672
MFG-S01248,WO0048,1,关键参数越限且质量冻结发运,0.5,110.0,0.0,0.0,0.0,1.028311,1.017828,0.020412,1.101538,0.0,0.0,0.0,1.0,1.0,1.0,40.269032
MFG-S01249,WO0049,1,多维叠加高风险,1.0,-5.829524,0.02,1.0,1.0,1.585202,0.892394,0.010742,1.625087,4.689565,0.0,1.0,0.0,1.0,2.0,17858.703125
MFG-S01250,WO0050,0,正常生产,0.0,231.0,0.0,0.0,1.0,0.846385,0.872122,0.02198,0.678976,0.0,0.0,0.0,0.0,0.0,1.0,512.899536
MFG-S01251,WO0051,0,正常生产,0.5,141.0,0.02,0.0,1.0,0.841874,0.893948,0.023088,0.120081,1.0,0.0,0.0,0.0,0.0,1.0,515.431519
MFG-S01252,WO0052,1,关键参数越限且质量冻结发运,0.0,172.0,0.03,0.0,0.0,0.861827,0.879457,0.020224,1.215455,0.0,0.0,0.0,1.0,1.0,1.0,249.77153
MFG-S01253,WO0053,0,正常生产,0.5,30.0,0.02,0.0,1.0,0.976821,0.885029,0.019951,0.525645,0.0,0.0,0.0,0.0,0.0,1.0,1092.434082
MFG-S01254,WO0054,1,关键设备维护校准逾期并报警,0.5,30.0,0.0,0.0,1.0,0.859662,0.954595,0.055434,0.694642,8.129085,8.690648,1.0,0.0,0.0,1.0,3.48139
MFG-S01255,WO0055,1,供应商资质过期与来料质量恶化,1.0,-55.131504,0.234557,0.0,1.0,0.845179,0.938793,0.002769,0.332924,0.0,0.0,0.0,0.0,0.0,1.0,317.080322
MFG-S01256,WO0056,1,多维叠加高风险,1.0,-48.816364,0.0,1.0,0.0,1.651786,0.850766,0.002499,1.11337,19.051016,1.0,1.0,0.0,1.0,2.0,35360.425781
MFG-S01257,WO0057,0,正常生产,0.0,322.0,0.03,0.0,1.0,0.849856,0.955632,0.01406,0.425223,0.0,1.0,0.0,0.0,0.0,0.0,199.725342
MFG-S01258,WO0058,0,正常生产,0.0,231.0,0.0,0.0,1.0,0.835722,0.895744,0.017453,0.155828,0.0,0.0,0.0,0.0,0.0,0.0,622.192505
MFG-S01259,WO0059,0,正常生产,0.5,141.0,0.02,0.0,1.0,0.770981,0.956373,0.012056,0.046559,0.0,0.0,0.0,0.0,0.0,0.0,766.022583
MFG-S01260,WO0060,1,关键设备维护校准逾期并报警,0.0,172.0,0.0,0.0,0.0,0.852496,0.945187,0.046904,0.329515,9.877436,28.101065,1.0,0.0,0.0,1.0,1109.336304
MFG-S01261,WO0061,0,正常生产,0.5,30.0,0.02,0.0,1.0,0.9719,0.978063,0.018747,0.51569,0.0,0.0,0.0,0.0,0.0,0.0,682.396729
MFG-S01262,WO0062,1,关键设备维护校准逾期并报警,0.5,30.0,0.0,0.0,1.0,0.818846,1.017191,0.076541,0.60043,32.090572,32.415668,1.0,0.0,0.0,1.0,1458.393555
MFG-S01263,WO0063,0,正常生产,0.5,200.0,0.02,0.0,1.0,0.823397,0.981604,0.007165,0.594506,1.0,0.0,0.0,0.0,0.0,1.0,944.896484
MFG-S01264,WO0064,0,正常生产,0.5,110.0,0.0,0.0,0.0,0.757794,0.86774,0.003987,0.533719,0.0,0.0,0.0,0.0,0.0,1.0,326.958618
MFG-S01265,WO0065,1,重复高额客户投诉,0.0,322.0,0.043953,0.0,1.0,0.791152,0.878845,0.009057,0.217556,0.0,0.0,0.0,0.0,0.0,4.0,66969.414062
MFG-S01266,WO0066,1,供应商资质过期与来料质量恶化,1.0,-74.984741,0.287037,0.0,1.0,0.80656,0.930223,0.02169,0.128923,0.0,0.0,0.0,0.0,0.0,1.0,1130.85083
MFG-S01267,WO0067,0,正常生产,0.5,141.0,0.02,0.0,1.0,0.902995,0.961939,0.009441,0.554051,0.0,0.0,0.0,0.0,0.0,0.0,349.59491
MFG-S01268,WO0068,0,正常生产,0.0,172.0,0.0,0.0,0.0,0.854851,0.872785,0.002279,0.557569,0.0,1.0,0.0,0.0,0.0,0.0,273.123108
MFG-S01269,WO0069,0,正常生产,0.5,30.0,0.02,0.0,1.0,0.751222,0.912418,0.01989,0.444775,0.0,1.0,0.0,0.0,0.0,0.0,1414.390259
MFG-S01270,WO0070,0,正常生产,0.5,30.0,0.0,0.0,1.0,0.976081,0.956474,0.00238,0.526759,0.0,0.0,0.0,0.0,0.0,1.0,689.167419
MFG-S01271,WO0071,0,正常生产,0.5,200.0,0.02,0.0,1.0,1.04923,1.027403,0.02314,0.18995,0.0,0.0,0.0,0.0,0.0,1.0,167.902969
MFG-S01272,WO0072,0,正常生产,0.5,110.0,0.0,0.0,0.0,0.76175,0.983997,0.006564,0.024746,0.0,0.0,0.0,0.0,0.0,1.0,136.881912
MFG-S01273,WO0073,1,未检关键物料领料并超BOM,0.0,322.0,0.02,1.0,1.0,1.546444,0.85331,0.067301,0.481862,0.0,0.0,0.0,0.0,0.0,1.0,1183.867676
MFG-S01274,WO0074,0,正常生产,0.0,231.0,0.0,0.0,1.0,0.820165,0.998269,0.019427,0.297079,0.0,0.0,0.0,0.0,0.0,1.0,938.633362
MFG-S01275,WO0075,0,正常生产,0.5,141.0,0.02,0.0,1.0,0.994608,1.007331,0.018007,0.528414,1.0,0.0,0.0,0.0,0.0,1.0,990.433777
MFG-S01276,WO0076,1,未检关键物料领料并超BOM,0.0,172.0,0.03,1.0,1.0,1.700588,0.909834,0.067608,0.612734,0.0,0.0,0.0,0.0,0.0,1.0,980.149292
MFG-S01277,WO0077,1,关键参数越限且质量冻结发运,0.5,30.0,0.02,0.0,1.0,0.826222,0.875887,0.01117,1.213471,0.0,0.0,0.0,1.0,1.0,1.0,1463.071655
MFG-S01278,WO0078,1,关键设备维护校准逾期并报警,0.5,30.0,0.03,0.0,1.0,0.875969,0.87265,0.098436,0.270848,44.773441,20.529188,1.0,0.0,0.0,1.0,617.276672
MFG-S01279,WO0079,1,重复高额客户投诉,0.5,200.0,0.156944,0.0,1.0,1.000233,1.019431,0.002901,0.361208,0.0,0.0,0.0,0.0,0.0,6.0,15848.583008
MFG-S01280,WO0080,1,未检关键物料领料并超BOM,0.5,110.0,0.0,1.0,1.0,1.420263,0.89664,0.078967,0.519013,0.0,1.0,0.0,0.0,0.0,0.0,952.041992
MFG-S01281,WO0081,0,正常生产,0.0,322.0,0.02,0.0,1.0,0.802374,0.863377,0.015589,0.063718,0.0,1.0,0.0,0.0,0.0,0.0,572.500061
MFG-S01282,WO0082,1,重复高额客户投诉,0.0,231.0,0.126404,0.0,1.0,0.978694,0.874735,0.017087,0.654812,0.0,0.0,0.0,0.0,0.0,3.0,50099.707031
MFG-S01283,WO0083,0,正常生产,0.5,141.0,0.02,0.0,1.0,0.812699,0.867546,0.018445,0.283738,0.0,0.0,0.0,0.0,0.0,0.0,503.967926
MFG-S01284,WO0084,1,供应商资质过期与来料质量恶化,1.0,-4.139159,0.181986,0.0,0.0,0.960572,1.020758,0.002361,0.204046,0.0,0.0,0.0,0.0,0.0,0.0,253.797882
MFG-S01285,WO0085,0,正常生产,0.5,30.0,0.02,0.0,1.0,0.933847,1.021057,0.001379,0.458396,0.0,0.0,0.0,0.0,0.0,1.0,737.599731
MFG-S01286,WO0086,1,多维叠加高风险,1.0,-8.630366,0.0,1.0,1.0,1.53716,0.962494,0.022398,1.188466,16.903629,0.0,1.0,0.0,1.0,4.0,37037.816406
MFG-S01287,WO0087,0,正常生产,0.5,200.0,0.02,0.0,1.0,0.916103,1.021033,0.011177,0.60129,1.0,0.0,0.0,0.0,0.0,1.0,1081.282104
MFG-S01288,WO0088,0,正常生产,0.5,110.0,0.0,0.0,0.0,0.833373,1.001916,0.010355,0.10261,0.0,0.0,0.0,0.0,0.0,1.0,786.418091
MFG-S01289,WO0089,1,关键参数越限且质量冻结发运,0.0,322.0,0.02,0.0,1.0,0.940133,0.86933,0.016884,1.654389,0.0,0.0,0.0,1.0,1.0,1.0,1278.989014
MFG-S01290,WO0090,1,关键参数越限且质量冻结发运,0.0,231.0,0.0,0.0,1.0,0.822027,0.875373,0.01445,1.445599,0.0,0.0,0.0,1.0,1.0,0.0,1023.553467
MFG-S01291,WO0091,0,正常生产,0.5,141.0,0.03,0.0,1.0,1.007313,0.89064,0.003214,0.661957,0.0,0.0,0.0,0.0,0.0,0.0,542.671753
MFG-S01292,WO0092,0,正常生产,0.0,172.0,0.0,0.0,0.0,0.998054,0.996939,0.020077,0.061194,0.0,1.0,0.0,0.0,0.0,0.0,1403.103394
MFG-S01293,WO0093,0,正常生产,0.5,30.0,0.02,0.0,1.0,0.97431,0.992263,0.014718,0.296557,0.0,1.0,0.0,0.0,0.0,1.0,1435.802124
MFG-S01294,WO0094,0,正常生产,0.5,30.0,0.0,0.0,1.0,0.774769,1.016889,0.001174,0.163509,0.0,0.0,0.0,0.0,0.0,0.0,882.05835
MFG-S01295,WO0095,0,正常生产,0.5,200.0,0.03,0.0,1.0,0.974375,0.920434,0.004404,0.29385,0.0,0.0,0.0,0.0,0.0,1.0,1381.177734
MFG-S01296,WO0096,0,正常生产,0.5,110.0,0.0,0.0,0.0,0.826171,0.913396,0.024372,0.271083,0.0,0.0,0.0,0.0,0.0,1.0,887.862
MFG-S01297,WO0097,0,正常生产,0.0,322.0,0.02,0.0,1.0,0.927104,1.004688,0.009938,0.690978,0.0,0.0,0.0,0.0,0.0,0.0,181.513504
MFG-S01298,WO0098,0,正常生产,0.0,231.0,0.0,0.0,1.0,0.777257,1.027951,0.010665,0.406837,0.0,0.0,0.0,0.0,0.0,1.0,668.135193
MFG-S01299,WO0099,0,正常生产,0.5,141.0,0.02,0.0,1.0,0.769486,0.945394,0.007622,0.706744,1.0,0.0,0.0,0.0,0.0,1.0,481.740601
MFG-S01300,WO0100,1,多维叠加高风险,1.0,-34.555782,0.0,1.0,0.0,1.497685,0.905468,0.004986,1.400015,10.963874,0.0,1.0,0.0,1.0,6.0,34646.257812
MFG-S01301,WO0101,0,正常生产,0.5,30.0,0.02,0.0,1.0,0.972942,0.857785,0.007948,0.462692,0.0,0.0,0.0,0.0,0.0,0.0,461.35965
MFG-S01302,WO0102,0,正常生产,0.5,30.0,0.0,0.0,1.0,0.904768,1.020246,0.009905,0.044569,0.0,0.0,0.0,0.0,0.0,0.0,353.378906
MFG-S01303,WO0103,1,供应商资质过期与来料质量恶化,1.0,-69.583282,0.11315,0.0,1.0,0.807345,1.020721,0.002244,0.289946,0.0,0.0,0.0,0.0,0.0,0.0,1307.942383
MFG-S01304,WO0104,0,正常生产,0.5,110.0,0.03,0.0,0.0,1.033943,0.988665,0.015749,0.260897,0.0,1.0,0.0,0.0,0.0,0.0,143.712555
MFG-S01305,WO0105,1,关键设备维护校准逾期并报警,0.0,322.0,0.02,0.0,1.0,0.826222,0.869056,0.089742,0.639982,42.221653,48.66851,1.0,0.0,0.0,1.0,65.655708
MFG-S01306,WO0106,0,正常生产,0.0,231.0,0.0,0.0,1.0,0.986128,0.873627,0.001085,0.666332,0.0,0.0,0.0,0.0,0.0,0.0,543.219666
MFG-S01307,WO0107,1,供应商资质过期与来料质量恶化,1.0,-52.26717,0.20236,0.0,1.0,0.941699,0.892978,0.016354,0.644397,0.0,0.0,0.0,0.0,0.0,1.0,181.602249
MFG-S01308,WO0108,0,正常生产,0.0,172.0,0.0,0.0,0.0,0.889009,1.029633,0.015106,0.506979,0.0,0.0,0.0,0.0,0.0,0.0,793.838379
MFG-S01309,WO0109,0,正常生产,0.5,30.0,0.02,0.0,1.0,1.012986,0.979194,0.013458,0.547824,0.0,0.0,0.0,0.0,0.0,0.0,290.927734
MFG-S01310,WO0110,0,正常生产,0.5,30.0,0.0,0.0,1.0,0.92112,0.895067,0.007396,0.273828,0.0,0.0,0.0,0.0,0.0,1.0,961.94165
MFG-S01311,WO0111,1,供应商资质过期与来料质量恶化,1.0,-24.391653,0.273213,0.0,1.0,1.031235,0.858528,0.014058,0.470959,1.0,0.0,0.0,0.0,0.0,0.0,506.080505
MFG-S01312,WO0112,1,供应商资质过期与来料质量恶化,1.0,-58.587761,0.094693,0.0,0.0,0.771461,0.884697,0.002025,0.586251,0.0,0.0,0.0,0.0,0.0,1.0,39.023857
MFG-S01313,WO0113,1,重复高额客户投诉,0.0,322.0,0.093293,0.0,1.0,0.847739,0.893929,0.023104,0.216613,0.0,0.0,0.0,0.0,0.0,6.0,67021.78125
MFG-S01314,WO0114,0,正常生产,0.0,231.0,0.03,0.0,1.0,0.961888,0.976789,0.006633,0.321395,0.0,0.0,0.0,0.0,0.0,0.0,753.711548
MFG-S01315,WO0115,0,正常生产,0.5,141.0,0.02,0.0,1.0,1.04675,0.905024,0.010878,0.052491,0.0,0.0,0.0,0.0,0.0,0.0,830.677551
MFG-S01316,WO0116,0,正常生产,0.0,172.0,0.0,0.0,0.0,0.917434,0.890356,0.001749,0.031417,0.0,1.0,0.0,0.0,0.0,0.0,710.320679
MFG-S01317,WO0117,0,正常生产,0.5,30.0,0.03,0.0,1.0,0.98384,0.906496,0.010589,0.035226,0.0,1.0,0.0,0.0,0.0,0.0,743.70813
MFG-S01318,WO0118,1,关键参数越限且质量冻结发运,0.5,30.0,0.0,0.0,1.0,0.816401,0.937265,0.000219,1.539633,0.0,0.0,0.0,1.0,1.0,0.0,1270.6521
MFG-S01319,WO0119,0,正常生产,0.5,200.0,0.02,0.0,1.0,0.775346,0.942702,0.0126,0.639667,0.0,0.0,0.0,0.0,0.0,1.0,729.580139
MFG-S01320,WO0120,0,正常生产,0.5,110.0,0.0,0.0,0.0,0.943937,0.919658,0.013422,0.143898,0.0,0.0,0.0,0.0,0.0,1.0,1150.38855
MFG-S01321,WO0001,1,关键参数越限且质量冻结发运,0.0,322.0,0.02,0.0,1.0,0.850018,0.891051,0.004647,1.283129,0.0,0.0,0.0,1.0,1.0,1.0,168.067657
MFG-S01322,WO0002,0,正常生产,0.0,231.0,0.0,0.0,1.0,0.901619,1.029501,0.021296,0.451694,0.0,0.0,0.0,0.0,0.0,1.0,534.441162
MFG-S01323,WO0003,1,关键设备维护校准逾期并报警,0.5,141.0,0.02,0.0,1.0,0.821421,0.941719,0.110684,0.282151,7.079893,25.932079,1.0,0.0,0.0,0.0,344.791107
MFG-S01324,WO0004,0,正常生产,0.0,172.0,0.0,0.0,0.0,0.828955,0.952585,0.003083,0.51236,0.0,0.0,0.0,0.0,0.0,0.0,952.776917
MFG-S01325,WO0005,0,正常生产,0.5,30.0,0.02,0.0,1.0,0.769793,1.007404,0.024321,0.257497,0.0,0.0,0.0,0.0,0.0,0.0,1179.242188
MFG-S01326,WO0006,0,正常生产,0.5,30.0,0.0,0.0,1.0,1.018495,0.958925,0.004152,0.154899,0.0,0.0,0.0,0.0,0.0,0.0,385.246979
MFG-S01327,WO0007,0,正常生产,0.5,200.0,0.02,0.0,1.0,0.85964,0.998173,0.003969,0.06625,0.0,0.0,0.0,0.0,0.0,1.0,1438.726562
MFG-S01328,WO0008,1,未检关键物料领料并超BOM,0.5,110.0,0.0,1.0,1.0,1.41142,0.892451,0.116778,0.168781,0.0,1.0,0.0,0.0,0.0,1.0,571.112366
MFG-S01329,WO0009,0,正常生产,0.0,322.0,0.02,0.0,1.0,0.818133,1.022387,0.012032,0.043048,0.0,1.0,0.0,0.0,0.0,1.0,269.1409
MFG-S01330,WO0010,0,正常生产,0.0,231.0,0.0,0.0,1.0,1.039153,0.953388,0.017028,0.618142,0.0,0.0,0.0,0.0,0.0,1.0,131.032974
MFG-S01331,WO0011,1,关键参数越限且质量冻结发运,0.5,141.0,0.02,0.0,1.0,0.985603,0.873649,0.005406,1.541531,0.0,0.0,0.0,1.0,1.0,0.0,1041.950195
MFG-S01332,WO0012,0,正常生产,0.0,172.0,0.0,0.0,0.0,1.058555,0.901204,0.012174,0.369376,0.0,0.0,0.0,0.0,0.0,0.0,851.329285
MFG-S01333,WO0013,0,正常生产,0.5,30.0,0.03,0.0,1.0,0.762297,1.00649,0.023902,0.062031,0.0,0.0,0.0,0.0,0.0,1.0,596.76001
MFG-S01334,WO0014,1,重复高额客户投诉,0.5,30.0,0.123149,0.0,1.0,0.936852,0.960011,0.005036,0.336795,0.0,0.0,0.0,0.0,0.0,8.0,49464.617188
MFG-S01335,WO0015,1,多维叠加高风险,1.0,-52.508656,0.02,1.0,1.0,1.307002,0.902343,0.01691,1.421355,18.880983,0.0,1.0,0.0,1.0,3.0,42510.246094
MFG-S01336,WO0016,1,供应商资质过期与来料质量恶化,1.0,-70.475456,0.185188,0.0,0.0,0.970286,0.931024,0.012574,0.610256,0.0,0.0,0.0,0.0,0.0,0.0,662.451416
MFG-S01337,WO0017,0,正常生产,0.0,322.0,0.02,0.0,1.0,0.854854,0.89513,0.012426,0.259383,0.0,0.0,0.0,0.0,0.0,1.0,928.486816
MFG-S01338,WO0018,1,关键参数越限且质量冻结发运,0.0,231.0,0.0,0.0,1.0,0.881725,0.91407,0.020899,1.519665,0.0,0.0,0.0,1.0,1.0,1.0,890.761353
MFG-S01339,WO0019,0,正常生产,0.5,141.0,0.03,0.0,1.0,0.83112,0.966822,0.010658,0.272546,0.0,0.0,0.0,0.0,0.0,1.0,140.700027
MFG-S01340,WO0020,1,供应商资质过期与来料质量恶化,1.0,-10.135081,0.245061,0.0,0.0,0.872064,0.92541,0.001963,0.158938,0.0,1.0,0.0,0.0,0.0,1.0,1125.760742
MFG-S01341,WO0021,0,正常生产,0.5,30.0,0.02,0.0,1.0,0.905763,1.02393,0.017906,0.315448,0.0,1.0,0.0,0.0,0.0,0.0,1294.411743
MFG-S01342,WO0022,1,供应商资质过期与来料质量恶化,1.0,-21.094275,0.1128,0.0,1.0,0.947395,0.926303,0.004158,0.439005,0.0,0.0,0.0,0.0,0.0,0.0,1252.023193
MFG-S01343,WO0023,0,正常生产,0.5,200.0,0.02,0.0,1.0,0.758865,0.980116,0.019135,0.589839,0.0,0.0,0.0,0.0,0.0,0.0,1395.978394
MFG-S01344,WO0024,0,正常生产,0.5,110.0,0.0,0.0,0.0,1.002727,0.992479,0.002985,0.076386,0.0,0.0,0.0,0.0,0.0,1.0,201.315384
MFG-S01345,WO0025,1,未检关键物料领料并超BOM,0.0,322.0,0.02,1.0,1.0,1.747869,0.996432,0.07951,0.143174,0.0,0.0,0.0,0.0,0.0,1.0,1349.201172
MFG-S01346,WO0026,0,正常生产,0.0,231.0,0.03,0.0,1.0,0.957135,1.002267,0.019459,0.04691,0.0,0.0,0.0,0.0,0.0,1.0,348.59906
MFG-S01347,WO0027,0,正常生产,0.5,141.0,0.02,0.0,1.0,0.790051,0.947235,0.019985,0.104794,1.0,0.0,0.0,0.0,0.0,0.0,928.96759
MFG-S01348,WO0028,0,正常生产,0.0,172.0,0.0,0.0,0.0,0.914364,0.863799,0.022115,0.346112,0.0,0.0,0.0,0.0,0.0,0.0,758.879211
MFG-S01349,WO0029,1,未检关键物料领料并超BOM,0.5,30.0,0.02,1.0,1.0,1.568757,0.941857,0.17165,0.081099,0.0,0.0,0.0,0.0,0.0,0.0,1147.294067
MFG-S01350,WO0030,1,重复高额客户投诉,0.5,30.0,0.155809,0.0,1.0,0.873856,0.921468,0.019691,0.574987,0.0,0.0,0.0,0.0,0.0,3.0,38972.199219
MFG-S01351,WO0031,0,正常生产,0.5,200.0,0.02,0.0,1.0,0.836005,0.897619,0.024661,0.379494,0.0,0.0,0.0,0.0,0.0,1.0,766.763
MFG-S01352,WO0032,0,正常生产,0.5,110.0,0.0,0.0,0.0,1.054555,0.985623,0.021452,0.558171,0.0,1.0,0.0,0.0,0.0,0.0,477.65094
MFG-S01353,WO0033,0,正常生产,0.0,322.0,0.02,0.0,1.0,0.861519,0.923079,0.016397,0.224069,0.0,1.0,0.0,0.0,0.0,0.0,745.784851
MFG-S01354,WO0034,0,正常生产,0.0,231.0,0.0,0.0,1.0,0.988034,0.910055,0.023665,0.062916,0.0,0.0,0.0,0.0,0.0,1.0,853.384583
MFG-S01355,WO0035,0,正常生产,0.5,141.0,0.02,0.0,1.0,0.824928,0.852253,0.007926,0.264981,0.0,0.0,0.0,0.0,0.0,0.0,183.738342
MFG-S01356,WO0036,1,重复高额客户投诉,0.0,172.0,0.098905,0.0,0.0,1.0309,0.873509,0.003726,0.699309,0.0,0.0,0.0,0.0,0.0,8.0,39357.539062
MFG-S01357,WO0037,0,正常生产,0.5,30.0,0.02,0.0,1.0,0.931624,0.931367,0.006536,0.557128,0.0,0.0,0.0,0.0,0.0,0.0,1380.9729
MFG-S01358,WO0038,1,多维叠加高风险,1.0,-18.000856,0.03,1.0,1.0,1.648975,0.961471,0.021628,1.602024,3.622094,0.0,1.0,0.0,1.0,5.0,17057.056641
MFG-S01359,WO0039,0,正常生产,0.5,200.0,0.03,0.0,1.0,1.054048,0.999969,0.007535,0.277443,1.0,0.0,0.0,0.0,0.0,1.0,678.545288
MFG-S01360,WO0040,0,正常生产,0.5,110.0,0.0,0.0,0.0,0.890798,0.947785,0.024271,0.131019,0.0,0.0,0.0,0.0,0.0,0.0,762.784485
MFG-S01361,WO0041,0,正常生产,0.0,322.0,0.02,0.0,1.0,0.913537,0.910619,0.018927,0.411016,0.0,0.0,0.0,0.0,0.0,1.0,731.129822
MFG-S01362,WO0042,0,正常生产,0.0,231.0,0.0,0.0,1.0,0.78898,0.942457,0.019809,0.128687,0.0,0.0,0.0,0.0,0.0,0.0,1010.09082
MFG-S01363,WO0043,0,正常生产,0.5,141.0,0.02,0.0,1.0,0.873306,0.866984,0.017265,0.742878,0.0,0.0,0.0,0.0,0.0,0.0,370.388
MFG-S01364,WO0044,0,正常生产,0.0,172.0,0.0,0.0,0.0,0.776497,0.850903,0.008218,0.128445,0.0,1.0,0.0,0.0,0.0,0.0,518.225647
MFG-S01365,WO0045,1,关键参数越限且质量冻结发运,0.5,30.0,0.02,0.0,1.0,0.778936,0.978041,0.023314,1.219014,0.0,1.0,0.0,1.0,1.0,0.0,268.324585
MFG-S01366,WO0046,0,正常生产,0.5,30.0,0.0,0.0,1.0,0.965534,0.937319,0.012215,0.10929,0.0,0.0,0.0,0.0,0.0,0.0,435.821808
MFG-S01367,WO0047,0,正常生产,0.5,200.0,0.02,0.0,1.0,0.984196,0.884808,0.006322,0.045469,0.0,0.0,0.0,0.0,0.0,1.0,1182.478027
MFG-S01368,WO0048,0,正常生产,0.5,110.0,0.0,0.0,0.0,1.035035,0.969119,0.002763,0.228042,0.0,0.0,0.0,0.0,0.0,1.0,255.444855
MFG-S01369,WO0049,0,正常生产,0.0,322.0,0.02,0.0,1.0,1.047091,1.018105,0.018424,0.457645,0.0,0.0,0.0,0.0,0.0,0.0,1405.699219
MFG-S01370,WO0050,0,正常生产,0.0,231.0,0.0,0.0,1.0,1.047767,0.912469,0.008055,0.377031,0.0,0.0,0.0,0.0,0.0,1.0,398.362976
MFG-S01371,WO0051,1,关键设备维护校准逾期并报警,0.5,141.0,0.02,0.0,1.0,1.054167,0.92511,0.085715,0.130805,12.882864,41.601231,1.0,0.0,0.0,0.0,94.185425
MFG-S01372,WO0052,1,关键设备维护校准逾期并报警,0.0,172.0,0.03,0.0,0.0,1.035694,1.013842,0.111,0.098761,10.021959,48.642845,1.0,0.0,0.0,0.0,681.76062
MFG-S01373,WO0053,1,供应商资质过期与来料质量恶化,1.0,-3.138331,0.285981,0.0,1.0,0.800216,0.872255,0.001293,0.31941,0.0,0.0,0.0,0.0,0.0,1.0,1267.438232
MFG-S01374,WO0054,1,关键参数越限且质量冻结发运,0.5,30.0,0.0,0.0,1.0,0.924379,0.995959,0.011987,1.625423,0.0,0.0,0.0,1.0,1.0,1.0,1268.169922
MFG-S01375,WO0055,0,正常生产,0.5,200.0,0.02,0.0,1.0,0.790803,0.988299,0.007731,0.134134,0.0,0.0,0.0,0.0,0.0,0.0,877.172729
MFG-S01376,WO0056,1,关键参数越限且质量冻结发运,0.5,110.0,0.0,0.0,0.0,0.902088,0.944215,0.009111,1.187278,0.0,1.0,0.0,1.0,1.0,1.0,1273.396484
MFG-S01377,WO0057,0,正常生产,0.0,322.0,0.03,0.0,1.0,0.960212,1.016565,0.002207,0.598007,0.0,1.0,0.0,0.0,0.0,0.0,458.850159
MFG-S01378,WO0058,0,正常生产,0.0,231.0,0.0,0.0,1.0,0.889434,0.939931,0.010962,0.720807,0.0,0.0,0.0,0.0,0.0,0.0,410.233246
MFG-S01379,WO0059,0,正常生产,0.5,141.0,0.02,0.0,1.0,0.874912,0.873476,0.012971,0.189677,0.0,0.0,0.0,0.0,0.0,1.0,237.669067
MFG-S01380,WO0060,0,正常生产,0.0,172.0,0.0,0.0,0.0,0.888468,0.973556,0.005491,0.347579,0.0,0.0,0.0,0.0,0.0,1.0,1295.812378
MFG-S01381,WO0061,1,关键参数越限且质量冻结发运,0.5,30.0,0.02,0.0,1.0,0.991727,0.879198,0.010018,1.160697,0.0,0.0,0.0,1.0,1.0,1.0,278.873993
MFG-S01382,WO0062,1,关键设备维护校准逾期并报警,0.5,30.0,0.0,0.0,1.0,0.763126,0.983257,0.041462,0.724847,6.588655,44.272884,1.0,0.0,0.0,0.0,446.098633
MFG-S01383,WO0063,0,正常生产,0.5,200.0,0.02,0.0,1.0,0.904927,1.003,0.010964,0.069615,1.0,0.0,0.0,0.0,0.0,1.0,1214.802246
MFG-S01384,WO0064,1,重复高额客户投诉,0.5,110.0,0.134911,0.0,0.0,0.861118,1.003478,0.020678,0.141583,0.0,0.0,0.0,0.0,0.0,4.0,13285.326172
MFG-S01385,WO0065,1,多维叠加高风险,1.0,-27.248535,0.03,1.0,1.0,1.655453,0.95065,0.015115,1.071664,22.596434,0.0,1.0,0.0,1.0,4.0,39227.355469
MFG-S01386,WO0066,0,正常生产,0.0,231.0,0.0,0.0,1.0,0.903728,0.933643,0.006169,0.361053,0.0,0.0,0.0,0.0,0.0,1.0,23.650423
MFG-S01387,WO0067,1,供应商资质过期与来料质量恶化,1.0,-80.252121,0.297351,0.0,1.0,0.883006,0.951725,0.011548,0.258593,0.0,0.0,0.0,0.0,0.0,1.0,188.926041
MFG-S01388,WO0068,1,关键设备维护校准逾期并报警,0.0,172.0,0.0,0.0,0.0,0.903971,0.946893,0.056374,0.596797,42.615837,21.222076,1.0,0.0,0.0,1.0,586.341553
MFG-S01389,WO0069,0,正常生产,0.5,30.0,0.02,0.0,1.0,1.011442,0.853775,0.009907,0.418435,0.0,1.0,0.0,0.0,0.0,1.0,219.039078
MFG-S01390,WO0070,1,关键参数越限且质量冻结发运,0.5,30.0,0.0,0.0,1.0,0.824378,0.924664,0.003195,1.595802,0.0,0.0,0.0,1.0,1.0,0.0,191.28009
MFG-S01391,WO0071,1,重复高额客户投诉,0.5,200.0,0.119626,0.0,1.0,0.775111,1.007474,0.007325,0.6508,0.0,0.0,0.0,0.0,0.0,5.0,29390.423828
MFG-S01392,WO0072,0,正常生产,0.5,110.0,0.0,0.0,0.0,0.791063,0.980431,0.006378,0.469914,0.0,0.0,0.0,0.0,0.0,1.0,971.154236
MFG-S01393,WO0073,1,未检关键物料领料并超BOM,0.0,322.0,0.02,1.0,1.0,1.522367,0.881017,0.168769,0.162034,0.0,0.0,0.0,0.0,0.0,0.0,1127.766846
MFG-S01394,WO0074,0,正常生产,0.0,231.0,0.0,0.0,1.0,0.96644,0.983696,0.020651,0.389326,0.0,0.0,0.0,0.0,0.0,1.0,1368.660767
MFG-S01395,WO0075,1,供应商资质过期与来料质量恶化,1.0,-86.568245,0.197516,0.0,1.0,0.997307,0.956124,0.015467,0.699139,1.0,0.0,0.0,0.0,0.0,0.0,469.281006
MFG-S01396,WO0076,0,正常生产,0.0,172.0,0.03,0.0,0.0,0.845399,0.923228,0.015361,0.313052,0.0,0.0,0.0,0.0,0.0,0.0,693.432739
MFG-S01397,WO0077,0,正常生产,0.5,30.0,0.02,0.0,1.0,0.869905,0.883927,0.007857,0.541548,0.0,0.0,0.0,0.0,0.0,1.0,647.3125
MFG-S01398,WO0078,1,关键参数越限且质量冻结发运,0.5,30.0,0.03,0.0,1.0,0.851454,0.929323,0.00239,1.152629,0.0,0.0,0.0,1.0,1.0,0.0,277.802216
MFG-S01399,WO0079,0,正常生产,0.5,200.0,0.02,0.0,1.0,0.861004,0.923215,0.023751,0.45062,0.0,0.0,0.0,0.0,0.0,1.0,1236.470825
MFG-S01400,WO0080,1,重复高额客户投诉,0.5,110.0,0.045174,0.0,0.0,0.831939,0.891175,0.005841,0.542763,0.0,1.0,0.0,0.0,0.0,4.0,50113.132812
MFG-S01401,WO0081,0,正常生产,0.0,322.0,0.02,0.0,1.0,0.91416,0.952064,0.016661,0.167726,0.0,1.0,0.0,0.0,0.0,0.0,278.211578
MFG-S01402,WO0082,0,正常生产,0.0,231.0,0.0,0.0,1.0,1.058183,0.885281,0.018801,0.301117,0.0,0.0,0.0,0.0,0.0,1.0,120.403145
MFG-S01403,WO0083,1,关键设备维护校准逾期并报警,0.5,141.0,0.02,0.0,1.0,0.85363,0.854493,0.108236,0.046896,14.003982,25.317141,1.0,0.0,0.0,0.0,791.613098
MFG-S01404,WO0084,1,未检关键物料领料并超BOM,0.0,172.0,0.0,1.0,1.0,1.281214,0.972528,0.082364,0.27077,0.0,0.0,0.0,0.0,0.0,0.0,462.798981
MFG-S01405,WO0085,1,多维叠加高风险,1.0,-49.843304,0.02,1.0,1.0,1.623495,0.950894,9e-05,1.50231,2.611077,0.0,1.0,0.0,1.0,6.0,56844.476562
MFG-S01406,WO0086,0,正常生产,0.5,30.0,0.0,0.0,1.0,0.842517,0.880936,0.017109,0.407211,0.0,0.0,0.0,0.0,0.0,0.0,205.576385
MFG-S01407,WO0087,0,正常生产,0.5,200.0,0.02,0.0,1.0,0.787291,0.94864,0.008904,0.281801,1.0,0.0,0.0,0.0,0.0,0.0,473.896881
MFG-S01408,WO0088,0,正常生产,0.5,110.0,0.0,0.0,0.0,0.837069,0.867082,0.013541,0.101596,0.0,0.0,0.0,0.0,0.0,0.0,752.038269
MFG-S01409,WO0089,0,正常生产,0.0,322.0,0.02,0.0,1.0,0.796744,0.897704,0.013315,0.423249,0.0,0.0,0.0,0.0,0.0,0.0,1080.372314
MFG-S01410,WO0090,0,正常生产,0.0,231.0,0.0,0.0,1.0,0.989202,0.897243,0.019963,0.187621,0.0,0.0,0.0,0.0,0.0,0.0,843.576294
MFG-S01411,WO0091,1,多维叠加高风险,1.0,-7.483675,0.03,1.0,1.0,1.380957,0.948452,0.020336,1.444676,14.902846,0.0,1.0,0.0,1.0,4.0,29431.236328
MFG-S01412,WO0092,0,正常生产,0.0,172.0,0.0,0.0,0.0,0.8081,0.884682,0.000544,0.626865,0.0,1.0,0.0,0.0,0.0,1.0,953.594971
MFG-S01413,WO0093,0,正常生产,0.5,30.0,0.02,0.0,1.0,0.90952,0.961281,0.022984,0.279682,0.0,1.0,0.0,0.0,0.0,0.0,925.198547
MFG-S01414,WO0094,0,正常生产,0.5,30.0,0.0,0.0,1.0,0.891329,0.981615,0.01576,0.253801,0.0,0.0,0.0,0.0,0.0,0.0,348.437073
MFG-S01415,WO0095,0,正常生产,0.5,200.0,0.03,0.0,1.0,1.059412,0.973339,3.5e-05,0.682519,0.0,0.0,0.0,0.0,0.0,0.0,1241.349243
MFG-S01416,WO0096,0,正常生产,0.5,110.0,0.0,0.0,0.0,0.974571,0.893489,0.007378,0.72483,0.0,0.0,0.0,0.0,0.0,1.0,21.761427
MFG-S01417,WO0097,0,正常生产,0.0,322.0,0.02,0.0,1.0,0.753498,1.018208,0.006096,0.4745,0.0,0.0,0.0,0.0,0.0,1.0,234.201935
MFG-S01418,WO0098,1,关键设备维护校准逾期并报警,0.0,231.0,0.0,0.0,1.0,0.951649,0.93201,0.087359,0.246167,35.626247,26.437284,1.0,0.0,0.0,1.0,642.33197
MFG-S01419,WO0099,1,未检关键物料领料并超BOM,0.5,141.0,0.02,1.0,1.0,1.321398,0.978649,0.178319,0.649647,1.0,0.0,0.0,0.0,0.0,0.0,1077.990356
MFG-S01420,WO0100,1,供应商资质过期与来料质量恶化,1.0,-79.306198,0.186245,0.0,0.0,0.900176,1.017911,0.008213,0.633483,0.0,0.0,0.0,0.0,0.0,1.0,212.49588
MFG-S01421,WO0101,0,正常生产,0.5,30.0,0.02,0.0,1.0,0.906153,0.869555,0.003703,0.109457,0.0,0.0,0.0,0.0,0.0,0.0,1263.444702
MFG-S01422,WO0102,0,正常生产,0.5,30.0,0.0,0.0,1.0,0.904269,0.888049,0.023122,0.398668,0.0,0.0,0.0,0.0,0.0,1.0,132.371445
MFG-S01423,WO0103,1,未检关键物料领料并超BOM,0.5,200.0,0.02,1.0,1.0,1.563552,1.026491,0.175013,0.354238,0.0,0.0,0.0,0.0,0.0,0.0,359.685211
MFG-S01424,WO0104,1,重复高额客户投诉,0.5,110.0,0.071886,0.0,0.0,0.939808,0.882596,0.009533,0.215846,0.0,1.0,0.0,0.0,0.0,4.0,21354.320312
MFG-S01425,WO0105,1,供应商资质过期与来料质量恶化,1.0,-29.905071,0.295987,0.0,1.0,0.960668,0.907476,0.013357,0.728681,0.0,1.0,0.0,0.0,0.0,1.0,1190.371948
MFG-S01426,WO0106,1,未检关键物料领料并超BOM,0.0,231.0,0.0,1.0,1.0,1.464923,0.977647,0.134263,0.67278,0.0,0.0,0.0,0.0,0.0,1.0,521.735779
MFG-S01427,WO0107,0,正常生产,0.5,141.0,0.02,0.0,1.0,0.911996,1.013394,0.011719,0.253934,0.0,0.0,0.0,0.0,0.0,1.0,402.722046
MFG-S01428,WO0108,1,关键参数越限且质量冻结发运,0.0,172.0,0.0,0.0,0.0,0.8827,0.911904,0.007471,1.211956,0.0,0.0,0.0,1.0,1.0,1.0,193.611893
MFG-S01429,WO0109,0,正常生产,0.5,30.0,0.02,0.0,1.0,0.751475,0.89687,0.017526,0.4543,0.0,0.0,0.0,0.0,0.0,0.0,1069.303223
MFG-S01430,WO0110,1,关键参数越限且质量冻结发运,0.5,30.0,0.0,0.0,1.0,0.895564,0.890494,0.016017,1.680528,0.0,0.0,0.0,1.0,1.0,1.0,541.640442
MFG-S01431,WO0111,0,正常生产,0.5,200.0,0.02,0.0,1.0,0.884056,0.883623,0.02079,0.596568,1.0,0.0,0.0,0.0,0.0,0.0,1482.182617
MFG-S01432,WO0112,0,正常生产,0.5,110.0,0.0,0.0,0.0,0.806464,0.851028,0.000257,0.704202,0.0,0.0,0.0,0.0,0.0,1.0,1453.821289
MFG-S01433,WO0113,0,正常生产,0.0,322.0,0.02,0.0,1.0,0.768614,0.954107,0.021285,0.741712,0.0,0.0,0.0,0.0,0.0,1.0,58.621555
MFG-S01434,WO0114,1,重复高额客户投诉,0.0,231.0,0.05491,0.0,1.0,0.820226,0.928022,0.011251,0.570785,0.0,0.0,0.0,0.0,0.0,3.0,20517.375
MFG-S01435,WO0115,0,正常生产,0.5,141.0,0.02,0.0,1.0,0.931934,0.860971,0.018714,0.485597,0.0,0.0,0.0,0.0,0.0,1.0,167.60083
MFG-S01436,WO0116,1,关键设备维护校准逾期并报警,0.0,172.0,0.0,0.0,0.0,0.93376,0.909773,0.110027,0.238681,32.245163,19.279007,1.0,0.0,0.0,0.0,323.430237
MFG-S01437,WO0117,0,正常生产,0.5,30.0,0.03,0.0,1.0,0.984004,0.919787,0.009112,0.714057,0.0,1.0,0.0,0.0,0.0,1.0,453.189575
MFG-S01438,WO0118,1,多维叠加高风险,1.0,-12.079659,0.0,1.0,1.0,1.627078,1.008585,0.015147,1.37606,18.404497,0.0,1.0,0.0,1.0,2.0,53936.078125
MFG-S01439,WO0119,1,未检关键物料领料并超BOM,0.5,200.0,0.02,1.0,1.0,1.730822,1.006464,0.070272,0.004272,0.0,0.0,0.0,0.0,0.0,1.0,890.21405
MFG-S01440,WO0120,1,关键设备维护校准逾期并报警,0.5,110.0,0.0,0.0,0.0,0.857091,0.980457,0.094848,0.131807,30.204531,50.23399,1.0,0.0,0.0,1.0,1490.752075
MFG-S01441,WO0001,0,正常生产,0.0,322.0,0.02,0.0,1.0,0.767774,0.896541,0.001163,0.40309,0.0,0.0,0.0,0.0,0.0,1.0,1296.028687
MFG-S01442,WO0002,1,多维叠加高风险,1.0,-38.686932,0.0,1.0,1.0,1.373905,0.954773,0.002294,1.492709,18.089138,0.0,1.0,0.0,1.0,5.0,47509.726562
MFG-S01443,WO0003,1,关键参数越限且质量冻结发运,0.5,141.0,0.02,0.0,1.0,0.908929,1.027674,0.022676,1.605725,1.0,0.0,0.0,1.0,1.0,0.0,440.702576
MFG-S01444,WO0004,1,多维叠加高风险,1.0,-51.940125,0.0,1.0,0.0,1.57352,0.920247,0.001684,1.676504,11.90278,0.0,1.0,0.0,1.0,6.0,40745.371094
MFG-S01445,WO0005,1,关键参数越限且质量冻结发运,0.5,30.0,0.02,0.0,1.0,0.81212,0.957225,0.018244,1.456363,0.0,0.0,0.0,1.0,1.0,0.0,807.130798
MFG-S01446,WO0006,1,未检关键物料领料并超BOM,0.5,30.0,0.0,1.0,1.0,1.502101,0.937035,0.175318,0.037605,0.0,0.0,0.0,0.0,0.0,1.0,750.246338
MFG-S01447,WO0007,0,正常生产,0.5,200.0,0.02,0.0,1.0,0.886478,0.899772,0.022858,0.357288,0.0,0.0,0.0,0.0,0.0,1.0,1444.841187
MFG-S01448,WO0008,1,重复高额客户投诉,0.5,110.0,0.046732,0.0,0.0,0.95273,0.965962,0.008717,0.465948,0.0,1.0,0.0,0.0,0.0,3.0,20348.226562
MFG-S01449,WO0009,0,正常生产,0.0,322.0,0.02,0.0,1.0,0.988493,0.9078,0.018666,0.164631,0.0,1.0,0.0,0.0,0.0,0.0,410.531128
MFG-S01450,WO0010,1,未检关键物料领料并超BOM,0.0,231.0,0.0,1.0,1.0,1.447044,0.943033,0.133538,0.617756,0.0,0.0,0.0,0.0,0.0,1.0,654.85437
MFG-S01451,WO0011,1,关键参数越限且质量冻结发运,0.5,141.0,0.02,0.0,1.0,0.814262,0.882063,0.019087,1.772267,0.0,0.0,0.0,1.0,1.0,0.0,1376.578247
MFG-S01452,WO0012,0,正常生产,0.0,172.0,0.0,0.0,0.0,0.921087,0.97334,0.018043,0.745708,0.0,0.0,0.0,0.0,0.0,0.0,679.95166
MFG-S01453,WO0013,0,正常生产,0.5,30.0,0.03,0.0,1.0,1.006748,1.02003,0.021487,0.601134,0.0,0.0,0.0,0.0,0.0,0.0,874.678467
MFG-S01454,WO0014,1,关键参数越限且质量冻结发运,0.5,30.0,0.0,0.0,1.0,0.765706,0.909765,9.5e-05,1.215928,0.0,0.0,0.0,1.0,1.0,0.0,322.940765
MFG-S01455,WO0015,1,关键设备维护校准逾期并报警,0.5,200.0,0.02,0.0,1.0,0.775708,1.024067,0.066785,0.416921,37.428528,50.27441,1.0,0.0,0.0,0.0,709.593506
MFG-S01456,WO0016,1,关键参数越限且质量冻结发运,0.5,110.0,0.0,0.0,0.0,1.01872,0.930429,0.009622,1.734178,0.0,0.0,0.0,1.0,1.0,0.0,1272.660889
MFG-S01457,WO0017,0,正常生产,0.0,322.0,0.02,0.0,1.0,1.04876,0.925714,0.008145,0.456545,0.0,0.0,0.0,0.0,0.0,1.0,13.338167
MFG-S01458,WO0018,1,多维叠加高风险,1.0,-21.458084,0.0,1.0,1.0,1.575636,0.867964,0.001065,1.655666,9.780061,0.0,1.0,0.0,1.0,4.0,54463.996094
MFG-S01459,WO0019,0,正常生产,0.5,141.0,0.03,0.0,1.0,0.785232,0.965146,0.006578,0.277738,0.0,0.0,0.0,0.0,0.0,0.0,848.803833
MFG-S01460,WO0020,0,正常生产,0.0,172.0,0.0,0.0,0.0,1.018844,0.946327,0.008494,0.409759,0.0,1.0,0.0,0.0,0.0,0.0,338.483582
MFG-S01461,WO0021,0,正常生产,0.5,30.0,0.02,0.0,1.0,0.764574,0.941143,0.024987,0.057906,0.0,1.0,0.0,0.0,0.0,0.0,69.115158
MFG-S01462,WO0022,0,正常生产,0.5,30.0,0.0,0.0,1.0,0.930383,0.923706,0.000151,0.320126,0.0,0.0,0.0,0.0,0.0,1.0,322.886261
MFG-S01463,WO0023,0,正常生产,0.5,200.0,0.02,0.0,1.0,0.990691,0.965552,0.022435,0.619315,0.0,0.0,0.0,0.0,0.0,1.0,114.902794
MFG-S01464,WO0024,0,正常生产,0.5,110.0,0.0,0.0,0.0,1.031888,0.988653,0.007589,0.268853,0.0,0.0,0.0,0.0,0.0,0.0,1160.767944
MFG-S01465,WO0025,0,正常生产,0.0,322.0,0.02,0.0,1.0,0.774658,1.005497,0.018499,0.458643,0.0,0.0,0.0,0.0,0.0,0.0,1499.270752
MFG-S01466,WO0026,1,重复高额客户投诉,0.0,231.0,0.153833,0.0,1.0,1.006788,0.923442,0.0189,0.15894,0.0,0.0,0.0,0.0,0.0,8.0,74960.570312
MFG-S01467,WO0027,0,正常生产,0.5,141.0,0.02,0.0,1.0,0.89915,0.903452,0.019214,0.636904,1.0,0.0,0.0,0.0,0.0,0.0,740.660461
MFG-S01468,WO0028,1,关键设备维护校准逾期并报警,0.0,172.0,0.0,0.0,0.0,0.932945,1.014715,0.057435,0.706783,44.949692,19.928406,1.0,0.0,0.0,1.0,1121.469116
MFG-S01469,WO0029,0,正常生产,0.5,30.0,0.02,0.0,1.0,0.802562,0.912179,0.014815,0.325141,0.0,0.0,0.0,0.0,0.0,1.0,833.833679
MFG-S01470,WO0030,0,正常生产,0.5,30.0,0.0,0.0,1.0,0.756748,0.912376,0.024889,0.377349,0.0,0.0,0.0,0.0,0.0,0.0,879.12616
MFG-S01471,WO0031,1,未检关键物料领料并超BOM,0.5,200.0,0.02,1.0,1.0,1.730257,0.919761,0.079144,0.54632,0.0,0.0,0.0,0.0,0.0,0.0,1098.719971
MFG-S01472,WO0032,0,正常生产,0.5,110.0,0.0,0.0,0.0,1.043089,0.870084,0.001679,0.537648,0.0,1.0,0.0,0.0,0.0,0.0,1358.819824
MFG-S01473,WO0033,0,正常生产,0.0,322.0,0.02,0.0,1.0,0.750549,1.005641,0.007013,0.368256,0.0,1.0,0.0,0.0,0.0,1.0,8.982392
MFG-S01474,WO0034,0,正常生产,0.0,231.0,0.0,0.0,1.0,0.923017,0.955078,0.004405,0.682451,0.0,0.0,0.0,0.0,0.0,1.0,371.331879
MFG-S01475,WO0035,0,正常生产,0.5,141.0,0.02,0.0,1.0,1.033831,0.860699,0.001727,0.635033,0.0,0.0,0.0,0.0,0.0,1.0,1227.814209
MFG-S01476,WO0036,1,关键设备维护校准逾期并报警,0.0,172.0,0.0,0.0,0.0,0.81112,0.857287,0.105286,0.41225,29.961395,45.12793,1.0,0.0,0.0,1.0,596.955078
MFG-S01477,WO0037,0,正常生产,0.5,30.0,0.02,0.0,1.0,0.808564,0.958377,0.012144,0.041844,0.0,0.0,0.0,0.0,0.0,0.0,293.97876
MFG-S01478,WO0038,1,重复高额客户投诉,0.5,30.0,0.130925,0.0,1.0,0.826082,0.915093,0.022363,0.410507,0.0,0.0,0.0,0.0,0.0,4.0,33300.203125
MFG-S01479,WO0039,1,重复高额客户投诉,0.5,200.0,0.107996,0.0,1.0,0.858499,0.861279,0.00614,0.13524,1.0,0.0,0.0,0.0,0.0,4.0,49018.417969
MFG-S01480,WO0040,0,正常生产,0.5,110.0,0.0,0.0,0.0,0.865618,0.938712,0.018869,0.536415,0.0,0.0,0.0,0.0,0.0,0.0,673.078918
MFG-S01481,WO0041,0,正常生产,0.0,322.0,0.02,0.0,1.0,0.760509,0.929355,0.001224,0.191764,0.0,0.0,0.0,0.0,0.0,0.0,1065.959961
MFG-S01482,WO0042,0,正常生产,0.0,231.0,0.0,0.0,1.0,0.761443,0.979373,0.011549,0.697949,0.0,0.0,0.0,0.0,0.0,1.0,218.807312
MFG-S01483,WO0043,0,正常生产,0.5,141.0,0.02,0.0,1.0,0.813462,0.897578,0.003183,0.540361,0.0,0.0,0.0,0.0,0.0,1.0,703.027466
MFG-S01484,WO0044,0,正常生产,0.0,172.0,0.0,0.0,0.0,0.814734,0.861135,0.003742,0.231987,0.0,1.0,0.0,0.0,0.0,0.0,1107.184692
MFG-S01485,WO0045,1,供应商资质过期与来料质量恶化,1.0,-32.056469,0.245649,0.0,1.0,0.798759,0.875012,0.020758,0.540744,0.0,1.0,0.0,0.0,0.0,1.0,88.472618
MFG-S01486,WO0046,0,正常生产,0.5,30.0,0.0,0.0,1.0,0.915721,1.022135,0.013169,0.290344,0.0,0.0,0.0,0.0,0.0,1.0,816.756104
MFG-S01487,WO0047,1,供应商资质过期与来料质量恶化,1.0,-65.240669,0.231655,0.0,1.0,0.758243,0.890335,0.020982,0.322105,0.0,0.0,0.0,0.0,0.0,0.0,551.246826
MFG-S01488,WO0048,1,关键设备维护校准逾期并报警,0.5,110.0,0.0,0.0,0.0,0.799286,0.985911,0.118021,0.691173,24.028492,22.289911,1.0,0.0,0.0,1.0,930.763916
MFG-S01489,WO0049,1,重复高额客户投诉,0.0,322.0,0.139395,0.0,1.0,0.949144,0.889172,0.012771,0.728807,0.0,0.0,0.0,0.0,0.0,7.0,24418.75
MFG-S01490,WO0050,0,正常生产,0.0,231.0,0.0,0.0,1.0,0.788921,1.010397,0.007834,0.061433,0.0,0.0,0.0,0.0,0.0,0.0,1445.305908
MFG-S01491,WO0051,1,供应商资质过期与来料质量恶化,1.0,-75.499443,0.099765,0.0,1.0,0.87025,0.99626,0.002847,0.580033,1.0,0.0,0.0,0.0,0.0,0.0,221.680603
MFG-S01492,WO0052,1,未检关键物料领料并超BOM,0.0,172.0,0.03,1.0,1.0,1.292048,0.956495,0.074071,0.727245,0.0,0.0,0.0,0.0,0.0,0.0,1246.276978
MFG-S01493,WO0053,1,重复高额客户投诉,0.5,30.0,0.129977,0.0,1.0,0.79306,0.880956,0.010467,0.417194,0.0,0.0,0.0,0.0,0.0,8.0,73415.210938
MFG-S01494,WO0054,0,正常生产,0.5,30.0,0.0,0.0,1.0,0.797037,0.945474,0.01401,0.00912,0.0,0.0,0.0,0.0,0.0,1.0,603.637146
MFG-S01495,WO0055,0,正常生产,0.5,200.0,0.02,0.0,1.0,0.842723,0.896868,0.024879,0.467212,0.0,0.0,0.0,0.0,0.0,0.0,953.287109
MFG-S01496,WO0056,0,正常生产,0.5,110.0,0.0,0.0,0.0,1.038914,0.873237,0.005209,0.037979,0.0,1.0,0.0,0.0,0.0,1.0,878.868408
MFG-S01497,WO0057,0,正常生产,0.0,322.0,0.03,0.0,1.0,1.038585,0.892289,0.022404,0.119515,0.0,1.0,0.0,0.0,0.0,1.0,1217.020996
MFG-S01498,WO0058,0,正常生产,0.0,231.0,0.0,0.0,1.0,1.035572,0.918199,0.014246,0.17966,0.0,0.0,0.0,0.0,0.0,0.0,1350.748657
MFG-S01499,WO0059,1,关键参数越限且质量冻结发运,0.5,141.0,0.02,0.0,1.0,0.794332,0.958074,0.024704,1.111821,0.0,0.0,0.0,1.0,1.0,1.0,887.6698
MFG-S01500,WO0060,1,关键设备维护校准逾期并报警,0.0,172.0,0.0,0.0,0.0,0.951022,0.956157,0.068059,0.042455,22.691107,55.362637,1.0,0.0,0.0,0.0,717.640076
MFG-S01501,WO0061,0,正常生产,0.5,30.0,0.02,0.0,1.0,0.906219,0.935726,0.006983,0.587338,0.0,0.0,0.0,0.0,0.0,0.0,500.360718
MFG-S01502,WO0062,1,多维叠加高风险,1.0,-29.535872,0.0,1.0,1.0,1.542067,0.978537,0.005595,1.363529,20.045437,0.0,1.0,0.0,1.0,6.0,24550.789062
MFG-S01503,WO0063,0,正常生产,0.5,200.0,0.02,0.0,1.0,0.861118,0.901579,0.000872,0.177045,1.0,0.0,0.0,0.0,0.0,0.0,14.044876
MFG-S01504,WO0064,0,正常生产,0.5,110.0,0.0,0.0,0.0,0.926607,0.957818,0.016967,0.273788,0.0,0.0,0.0,0.0,0.0,0.0,1499.260376
MFG-S01505,WO0065,0,正常生产,0.0,322.0,0.03,0.0,1.0,0.842583,0.859402,0.015609,0.704481,0.0,0.0,0.0,0.0,0.0,0.0,839.419189
MFG-S01506,WO0066,0,正常生产,0.0,231.0,0.0,0.0,1.0,1.023321,0.856651,0.02028,0.623882,0.0,0.0,0.0,0.0,0.0,1.0,423.915039
MFG-S01507,WO0067,0,正常生产,0.5,141.0,0.02,0.0,1.0,0.754689,0.914372,0.008734,0.544174,0.0,0.0,0.0,0.0,0.0,1.0,42.183231
MFG-S01508,WO0068,0,正常生产,0.0,172.0,0.0,0.0,0.0,0.779014,0.896692,0.018404,0.698636,0.0,1.0,0.0,0.0,0.0,1.0,773.189453
MFG-S01509,WO0069,0,正常生产,0.5,30.0,0.02,0.0,1.0,0.753355,0.952783,0.000112,0.59457,0.0,1.0,0.0,0.0,0.0,0.0,689.824524
MFG-S01510,WO0070,0,正常生产,0.5,30.0,0.0,0.0,1.0,1.021157,0.897016,0.00336,0.442425,0.0,0.0,0.0,0.0,0.0,1.0,1452.031128
MFG-S01511,WO0071,0,正常生产,0.5,200.0,0.02,0.0,1.0,0.867822,0.867765,0.001594,0.042549,0.0,0.0,0.0,0.0,0.0,0.0,18.427935
MFG-S01512,WO0072,0,正常生产,0.5,110.0,0.0,0.0,0.0,0.85557,0.862933,0.012408,0.23267,0.0,0.0,0.0,0.0,0.0,0.0,32.397541
MFG-S01513,WO0073,0,正常生产,0.0,322.0,0.02,0.0,1.0,0.917374,0.951636,0.008093,0.111565,0.0,0.0,0.0,0.0,0.0,0.0,1044.534058
MFG-S01514,WO0074,1,未检关键物料领料并超BOM,0.0,231.0,0.0,1.0,1.0,1.715769,0.867646,0.070557,0.005578,0.0,0.0,0.0,0.0,0.0,0.0,585.403625
MFG-S01515,WO0075,1,多维叠加高风险,1.0,-18.777164,0.02,1.0,1.0,1.494068,0.976582,0.007953,1.290559,11.817138,0.0,1.0,0.0,1.0,5.0,49895.046875
MFG-S01516,WO0076,0,正常生产,0.0,172.0,0.03,0.0,0.0,1.014346,0.930483,0.016582,0.516921,0.0,0.0,0.0,0.0,0.0,0.0,835.06604
MFG-S01517,WO0077,1,供应商资质过期与来料质量恶化,1.0,-4.290645,0.295253,0.0,1.0,0.809761,0.90437,0.020959,0.302752,0.0,0.0,0.0,0.0,0.0,0.0,103.21917
MFG-S01518,WO0078,0,正常生产,0.5,30.0,0.03,0.0,1.0,0.796775,1.006314,0.010801,0.220817,0.0,0.0,0.0,0.0,0.0,1.0,600.220337
MFG-S01519,WO0079,0,正常生产,0.5,200.0,0.02,0.0,1.0,0.751075,0.870901,0.002519,0.738041,0.0,0.0,0.0,0.0,0.0,0.0,859.802979
MFG-S01520,WO0080,0,正常生产,0.5,110.0,0.0,0.0,0.0,0.900997,0.947278,0.015198,0.572359,0.0,1.0,0.0,0.0,0.0,1.0,1263.984863
MFG-S01521,WO0081,0,正常生产,0.0,322.0,0.02,0.0,1.0,1.020543,0.977328,0.016836,0.408398,0.0,1.0,0.0,0.0,0.0,1.0,1155.184082
MFG-S01522,WO0082,1,供应商资质过期与来料质量恶化,1.0,-69.031227,0.141814,0.0,1.0,1.017139,0.921949,0.005636,0.650933,0.0,0.0,0.0,0.0,0.0,1.0,661.649719
MFG-S01523,WO0083,0,正常生产,0.5,141.0,0.02,0.0,1.0,0.823977,0.85025,0.021839,0.408767,0.0,0.0,0.0,0.0,0.0,0.0,33.01009
MFG-S01524,WO0084,1,多维叠加高风险,1.0,-24.763899,0.0,1.0,0.0,1.251358,0.967219,0.008893,1.62745,15.056615,0.0,1.0,0.0,1.0,3.0,45403.175781
MFG-S01525,WO0085,1,关键参数越限且质量冻结发运,0.5,30.0,0.02,0.0,1.0,0.835742,0.986022,0.000459,1.453631,0.0,0.0,0.0,1.0,1.0,1.0,413.467865
MFG-S01526,WO0086,1,多维叠加高风险,1.0,-6.397908,0.0,1.0,1.0,1.515242,0.937125,0.009501,1.247615,2.424942,0.0,1.0,0.0,1.0,5.0,10157.519531
MFG-S01527,WO0087,0,正常生产,0.5,200.0,0.02,0.0,1.0,1.007237,0.983379,0.011528,0.127471,1.0,0.0,0.0,0.0,0.0,0.0,119.330925
MFG-S01528,WO0088,0,正常生产,0.5,110.0,0.0,0.0,0.0,1.004209,0.956745,0.024304,0.496423,0.0,0.0,0.0,0.0,0.0,0.0,90.8638
MFG-S01529,WO0089,0,正常生产,0.0,322.0,0.02,0.0,1.0,0.86354,0.967236,0.015402,0.664485,0.0,0.0,0.0,0.0,0.0,1.0,908.632141
MFG-S01530,WO0090,1,未检关键物料领料并超BOM,0.0,231.0,0.0,1.0,1.0,1.714959,0.860846,0.168203,0.167703,0.0,0.0,0.0,0.0,0.0,0.0,1302.299316
MFG-S01531,WO0091,1,关键参数越限且质量冻结发运,0.5,141.0,0.03,0.0,1.0,0.902734,0.993475,0.014195,1.064026,0.0,0.0,0.0,1.0,1.0,1.0,1127.866455
MFG-S01532,WO0092,0,正常生产,0.0,172.0,0.0,0.0,0.0,0.750134,0.933847,0.01269,0.102832,0.0,1.0,0.0,0.0,0.0,1.0,295.231232
MFG-S01533,WO0093,0,正常生产,0.5,30.0,0.02,0.0,1.0,0.952314,0.938986,0.016958,0.563074,0.0,1.0,0.0,0.0,0.0,0.0,1217.262329
MFG-S01534,WO0094,0,正常生产,0.5,30.0,0.0,0.0,1.0,0.864311,0.928301,0.022789,0.551748,0.0,0.0,0.0,0.0,0.0,0.0,1070.557373
MFG-S01535,WO0095,1,关键参数越限且质量冻结发运,0.5,200.0,0.03,0.0,1.0,0.82269,0.931557,0.003842,1.543522,0.0,0.0,0.0,1.0,1.0,1.0,602.68219
MFG-S01536,WO0096,0,正常生产,0.5,110.0,0.0,0.0,0.0,0.814387,0.955378,0.011849,0.630677,0.0,0.0,0.0,0.0,0.0,1.0,973.136597
MFG-S01537,WO0097,1,关键设备维护校准逾期并报警,0.0,322.0,0.02,0.0,1.0,0.868472,0.938483,0.108277,0.696353,39.629738,49.094917,1.0,0.0,0.0,0.0,577.832947
MFG-S01538,WO0098,0,正常生产,0.0,231.0,0.0,0.0,1.0,1.043196,0.948918,0.021285,0.066601,0.0,0.0,0.0,0.0,0.0,0.0,300.50882
MFG-S01539,WO0099,0,正常生产,0.5,141.0,0.02,0.0,1.0,0.952196,0.997383,0.017119,0.574809,1.0,0.0,0.0,0.0,0.0,0.0,91.141808
MFG-S01540,WO0100,1,未检关键物料领料并超BOM,0.0,172.0,0.0,1.0,1.0,1.687358,0.972857,0.065783,0.113866,0.0,0.0,0.0,0.0,0.0,1.0,1498.932983
MFG-S01541,WO0101,0,正常生产,0.5,30.0,0.02,0.0,1.0,0.774887,0.915434,0.019605,0.640042,0.0,0.0,0.0,0.0,0.0,1.0,1095.40332
MFG-S01542,WO0102,1,多维叠加高风险,1.0,-42.477573,0.0,1.0,1.0,1.497473,0.876466,0.018056,1.371562,21.542013,0.0,1.0,0.0,1.0,3.0,35669.953125
MFG-S01543,WO0103,0,正常生产,0.5,200.0,0.02,0.0,1.0,0.848391,0.991316,0.007061,0.160276,0.0,0.0,0.0,0.0,0.0,0.0,356.019958
MFG-S01544,WO0104,1,关键参数越限且质量冻结发运,0.5,110.0,0.03,0.0,0.0,0.842383,0.926594,0.007686,1.440292,0.0,1.0,0.0,1.0,1.0,0.0,704.129761
MFG-S01545,WO0105,0,正常生产,0.0,322.0,0.02,0.0,1.0,0.952519,0.99276,0.019007,0.633998,0.0,1.0,0.0,0.0,0.0,1.0,1198.47998
MFG-S01546,WO0106,0,正常生产,0.0,231.0,0.0,0.0,1.0,1.04242,1.005581,0.019535,0.350784,0.0,0.0,0.0,0.0,0.0,1.0,967.792053
MFG-S01547,WO0107,0,正常生产,0.5,141.0,0.02,0.0,1.0,0.958261,0.872737,0.021648,0.057436,0.0,0.0,0.0,0.0,0.0,0.0,1310.610352
MFG-S01548,WO0108,1,关键设备维护校准逾期并报警,0.0,172.0,0.0,0.0,0.0,0.929616,0.914433,0.0887,0.578505,20.790436,41.120346,1.0,0.0,0.0,1.0,640.73468
MFG-S01549,WO0109,0,正常生产,0.5,30.0,0.02,0.0,1.0,0.788687,0.954929,0.014537,0.536368,0.0,0.0,0.0,0.0,0.0,0.0,972.279114
MFG-S01550,WO0110,1,重复高额客户投诉,0.5,30.0,0.113355,0.0,1.0,0.791786,0.897423,0.008108,0.382531,0.0,0.0,0.0,0.0,0.0,5.0,20854.433594
MFG-S01551,WO0111,0,正常生产,0.5,200.0,0.02,0.0,1.0,0.770344,0.964104,0.018129,0.342533,1.0,0.0,0.0,0.0,0.0,1.0,55.640694
MFG-S01552,WO0112,1,关键设备维护校准逾期并报警,0.5,110.0,0.0,0.0,0.0,0.750492,0.938812,0.099127,0.207407,44.044334,16.135345,1.0,0.0,0.0,1.0,281.497528
MFG-S01553,WO0113,1,重复高额客户投诉,0.0,322.0,0.127118,0.0,1.0,0.773283,0.987451,0.011051,0.189867,0.0,0.0,0.0,0.0,0.0,5.0,79631.179688
MFG-S01554,WO0114,0,正常生产,0.0,231.0,0.03,0.0,1.0,0.964923,0.864059,0.023075,0.556674,0.0,0.0,0.0,0.0,0.0,1.0,480.954712
MFG-S01555,WO0115,0,正常生产,0.5,141.0,0.02,0.0,1.0,0.751818,0.892401,0.012789,0.498984,0.0,0.0,0.0,0.0,0.0,1.0,169.792023
MFG-S01556,WO0116,1,供应商资质过期与来料质量恶化,1.0,-21.60321,0.229762,0.0,0.0,0.966607,0.912886,0.001268,0.26441,0.0,1.0,0.0,0.0,0.0,1.0,949.065857
MFG-S01557,WO0117,1,多维叠加高风险,1.0,-54.52652,0.03,1.0,1.0,1.36852,0.986466,0.019005,1.55341,19.03266,1.0,1.0,0.0,1.0,3.0,51546.796875
MFG-S01558,WO0118,0,正常生产,0.5,30.0,0.0,0.0,1.0,0.795833,0.854608,0.013023,0.604211,0.0,0.0,0.0,0.0,0.0,0.0,793.087524
MFG-S01559,WO0119,0,正常生产,0.5,200.0,0.02,0.0,1.0,0.909133,0.912258,0.001085,0.404822,0.0,0.0,0.0,0.0,0.0,1.0,1331.747559
MFG-S01560,WO0120,1,多维叠加高风险,1.0,-33.906979,0.0,1.0,0.0,1.494435,0.969692,0.016137,1.45164,8.201659,0.0,1.0,0.0,1.0,3.0,56086.285156
MFG-S01561,WO0001,0,正常生产,0.0,322.0,0.02,0.0,1.0,0.841422,0.954678,0.015565,0.149921,0.0,0.0,0.0,0.0,0.0,0.0,1327.50708
MFG-S01562,WO0002,0,正常生产,0.0,231.0,0.0,0.0,1.0,0.798015,0.929038,0.003641,0.341411,0.0,0.0,0.0,0.0,0.0,0.0,643.906555
MFG-S01563,WO0003,0,正常生产,0.5,141.0,0.02,0.0,1.0,0.998395,0.974094,0.014372,0.338608,1.0,0.0,0.0,0.0,0.0,0.0,691.186401
MFG-S01564,WO0004,0,正常生产,0.0,172.0,0.0,0.0,0.0,0.861716,0.97689,0.005335,0.183708,0.0,0.0,0.0,0.0,0.0,0.0,731.409607
MFG-S01565,WO0005,0,正常生产,0.5,30.0,0.02,0.0,1.0,0.831526,0.863369,0.020403,0.389445,0.0,0.0,0.0,0.0,0.0,1.0,956.387268
MFG-S01566,WO0006,0,正常生产,0.5,30.0,0.0,0.0,1.0,1.03777,0.931681,0.009238,0.379445,0.0,0.0,0.0,0.0,0.0,1.0,664.229553
MFG-S01567,WO0007,0,正常生产,0.5,200.0,0.02,0.0,1.0,0.760551,0.926125,0.004414,0.602514,0.0,0.0,0.0,0.0,0.0,0.0,612.589966
MFG-S01568,WO0008,0,正常生产,0.5,110.0,0.0,0.0,0.0,0.831252,0.989164,0.014981,0.549167,0.0,1.0,0.0,0.0,0.0,0.0,895.79541
MFG-S01569,WO0009,0,正常生产,0.0,322.0,0.02,0.0,1.0,0.963693,1.001898,0.017663,0.458509,0.0,1.0,0.0,0.0,0.0,1.0,1423.467041
MFG-S01570,WO0010,1,供应商资质过期与来料质量恶化,1.0,-16.655014,0.259781,0.0,1.0,0.905252,0.865412,0.016567,0.018265,0.0,0.0,0.0,0.0,0.0,1.0,1237.305542
MFG-S01571,WO0011,0,正常生产,0.5,141.0,0.02,0.0,1.0,0.808747,0.912717,0.009229,0.220255,0.0,0.0,0.0,0.0,0.0,0.0,1065.036377
MFG-S01572,WO0012,0,正常生产,0.0,172.0,0.0,0.0,0.0,0.89901,0.976528,0.012937,0.658982,0.0,0.0,0.0,0.0,0.0,0.0,62.725304
MFG-S01573,WO0013,0,正常生产,0.5,30.0,0.03,0.0,1.0,0.984437,0.926719,0.009646,0.617362,0.0,0.0,0.0,0.0,0.0,0.0,253.574432
MFG-S01574,WO0014,0,正常生产,0.5,30.0,0.0,0.0,1.0,1.057119,0.964834,0.004243,0.078601,0.0,0.0,0.0,0.0,0.0,0.0,1191.375366
MFG-S01575,WO0015,0,正常生产,0.5,200.0,0.02,0.0,1.0,0.995886,1.003473,0.020164,0.148045,1.0,0.0,0.0,0.0,0.0,1.0,1419.968872
MFG-S01576,WO0016,0,正常生产,0.5,110.0,0.0,0.0,0.0,0.869508,0.879777,0.019263,0.684699,0.0,0.0,0.0,0.0,0.0,1.0,822.820923
MFG-S01577,WO0017,0,正常生产,0.0,322.0,0.02,0.0,1.0,0.998933,0.891864,0.022993,0.039111,0.0,0.0,0.0,0.0,0.0,1.0,32.653225
MFG-S01578,WO0018,0,正常生产,0.0,231.0,0.0,0.0,1.0,0.790103,0.954061,0.006535,0.037402,0.0,0.0,0.0,0.0,0.0,0.0,22.42774
MFG-S01579,WO0019,1,多维叠加高风险,1.0,-8.266587,0.03,1.0,1.0,1.265541,0.963693,0.023992,1.232336,13.448334,0.0,1.0,0.0,1.0,5.0,39962.597656
MFG-S01580,WO0020,1,未检关键物料领料并超BOM,0.0,172.0,0.0,1.0,1.0,1.432614,0.959705,0.119711,0.402366,0.0,1.0,0.0,0.0,0.0,0.0,397.421417
MFG-S01581,WO0021,0,正常生产,0.5,30.0,0.02,0.0,1.0,1.009251,0.954566,0.02232,0.629687,0.0,1.0,0.0,0.0,0.0,0.0,1176.537476
MFG-S01582,WO0022,0,正常生产,0.5,30.0,0.0,0.0,1.0,0.763569,0.981297,0.020343,0.72915,0.0,0.0,0.0,0.0,0.0,1.0,116.361061
MFG-S01583,WO0023,0,正常生产,0.5,200.0,0.02,0.0,1.0,0.952282,0.900515,0.010942,0.253262,0.0,0.0,0.0,0.0,0.0,0.0,1233.698486
MFG-S01584,WO0024,1,关键设备维护校准逾期并报警,0.5,110.0,0.0,0.0,0.0,0.911453,0.939151,0.061883,0.514177,24.775936,58.822067,1.0,0.0,0.0,1.0,507.680817
MFG-S01585,WO0025,0,正常生产,0.0,322.0,0.02,0.0,1.0,0.754114,0.974215,0.008355,0.367912,0.0,0.0,0.0,0.0,0.0,0.0,941.437439
MFG-S01586,WO0026,0,正常生产,0.0,231.0,0.03,0.0,1.0,0.894326,0.983047,0.003387,0.212162,0.0,0.0,0.0,0.0,0.0,0.0,1148.438477
MFG-S01587,WO0027,1,未检关键物料领料并超BOM,0.5,141.0,0.02,1.0,1.0,1.627419,1.000278,0.147603,0.238049,1.0,0.0,0.0,0.0,0.0,0.0,1432.097046
MFG-S01588,WO0028,0,正常生产,0.0,172.0,0.0,0.0,0.0,1.043761,0.958844,0.001442,0.705565,0.0,0.0,0.0,0.0,0.0,1.0,358.171875
MFG-S01589,WO0029,1,多维叠加高风险,1.0,-28.975504,0.02,1.0,1.0,1.206209,0.866161,0.004208,1.181858,4.354339,0.0,1.0,0.0,1.0,3.0,35224.328125
MFG-S01590,WO0030,1,供应商资质过期与来料质量恶化,1.0,-82.413116,0.213616,0.0,1.0,1.044581,0.942407,0.024744,0.385089,0.0,0.0,0.0,0.0,0.0,1.0,712.817566
MFG-S01591,WO0031,0,正常生产,0.5,200.0,0.02,0.0,1.0,0.998605,0.976227,0.016659,0.473491,0.0,0.0,0.0,0.0,0.0,0.0,1038.817261
MFG-S01592,WO0032,1,多维叠加高风险,1.0,-5.050736,0.0,1.0,0.0,1.455977,0.946376,0.016964,1.526656,6.413702,1.0,1.0,0.0,1.0,4.0,58243.710938
MFG-S01593,WO0033,1,供应商资质过期与来料质量恶化,1.0,-13.99585,0.163989,0.0,1.0,0.966013,0.962785,0.014353,0.172688,0.0,1.0,0.0,0.0,0.0,1.0,1377.635132
MFG-S01594,WO0034,0,正常生产,0.0,231.0,0.0,0.0,1.0,1.053692,0.918126,0.019505,0.063961,0.0,0.0,0.0,0.0,0.0,0.0,1270.283203
MFG-S01595,WO0035,0,正常生产,0.5,141.0,0.02,0.0,1.0,0.902457,1.023165,0.014612,0.573642,0.0,0.0,0.0,0.0,0.0,1.0,1416.852295
MFG-S01596,WO0036,1,关键参数越限且质量冻结发运,0.0,172.0,0.0,0.0,0.0,0.842569,0.98382,0.011995,1.208045,0.0,0.0,0.0,1.0,1.0,0.0,309.805237
MFG-S01597,WO0037,0,正常生产,0.5,30.0,0.02,0.0,1.0,0.751507,0.903021,0.02169,0.377769,0.0,0.0,0.0,0.0,0.0,0.0,126.048744
MFG-S01598,WO0038,0,正常生产,0.5,30.0,0.03,0.0,1.0,0.992623,0.929902,0.018746,0.377161,0.0,0.0,0.0,0.0,0.0,1.0,852.047668
MFG-S01599,WO0039,0,正常生产,0.5,200.0,0.03,0.0,1.0,1.051657,0.95101,0.021287,0.132467,1.0,0.0,0.0,0.0,0.0,1.0,150.667465
MFG-S01600,WO0040,0,正常生产,0.5,110.0,0.0,0.0,0.0,0.812029,0.912828,0.021856,0.536742,0.0,0.0,0.0,0.0,0.0,0.0,282.455811
