2026-08-12 10:07:38,493 INFO [uvicorn.access] 127.0.0.1:64440 - "GET /api/dashboard/stats?days=7 HTTP/1.1" 500
2026-08-12 10:07:38,496 ERROR [uvicorn.error] Exception in ASGI application
Traceback (most recent call last):
  File "E:\code\my_code\edu_risk\.venv\Lib\site-packages\sqlalchemy\engine\base.py", line 144, in __init__
    self._dbapi_connection = engine.raw_connection()
                             ^^^^^^^^^^^^^^^^^^^^^^^
  File "E:\code\my_code\edu_risk\.venv\Lib\site-packages\sqlalchemy\engine\base.py", line 3319, in raw_connection
    return self.pool.connect()
           ^^^^^^^^^^^^^^^^^^^
  File "E:\code\my_code\edu_risk\.venv\Lib\site-packages\sqlalchemy\pool\base.py", line 448, in connect
    return _ConnectionFairy._checkout(self)
           ^^^^^^^^^^^^^^^^^^^^^^^^^^^^^^^^
  File "E:\code\my_code\edu_risk\.venv\Lib\site-packages\sqlalchemy\pool\base.py", line 1272, in _checkout
    fairy = _ConnectionRecord.checkout(pool)
            ^^^^^^^^^^^^^^^^^^^^^^^^^^^^^^^^
  File "E:\code\my_code\edu_risk\.venv\Lib\site-packages\sqlalchemy\pool\base.py", line 712, in checkout
    rec = pool._do_get()
          ^^^^^^^^^^^^^^
  File "E:\code\my_code\edu_risk\.venv\Lib\site-packages\sqlalchemy\pool\impl.py", line 178, in _do_get
    with util.safe_reraise():
  File "E:\code\my_code\edu_risk\.venv\Lib\site-packages\sqlalchemy\util\langhelpers.py", line 122, in __exit__
    raise exc_value.with_traceback(exc_tb)
  File "E:\code\my_code\edu_risk\.venv\Lib\site-packages\sqlalchemy\pool\impl.py", line 176, in _do_get
    return self._create_connection()
           ^^^^^^^^^^^^^^^^^^^^^^^^^
  File "E:\code\my_code\edu_risk\.venv\Lib\site-packages\sqlalchemy\pool\base.py", line 389, in _create_connection
    return _ConnectionRecord(self)
           ^^^^^^^^^^^^^^^^^^^^^^^
  File "E:\code\my_code\edu_risk\.venv\Lib\site-packages\sqlalchemy\pool\base.py", line 674, in __init__
    self.__connect()
  File "E:\code\my_code\edu_risk\.venv\Lib\site-packages\sqlalchemy\pool\base.py", line 900, in __connect
    with util.safe_reraise():
  File "E:\code\my_code\edu_risk\.venv\Lib\site-packages\sqlalchemy\util\langhelpers.py", line 122, in __exit__
    raise exc_value.with_traceback(exc_tb)
  File "E:\code\my_code\edu_risk\.venv\Lib\site-packages\sqlalchemy\pool\base.py", line 896, in __connect
    self.dbapi_connection = connection = pool._invoke_creator(self)
                                         ^^^^^^^^^^^^^^^^^^^^^^^^^^
  File "E:\code\my_code\edu_risk\.venv\Lib\site-packages\sqlalchemy\engine\create.py", line 667, in connect
    return dialect.connect(*cargs_tup, **cparams)
           ^^^^^^^^^^^^^^^^^^^^^^^^^^^^^^^^^^^^^^
  File "E:\code\my_code\edu_risk\.venv\Lib\site-packages\sqlalchemy\engine\default.py", line 630, in connect
    return self.loaded_dbapi.connect(*cargs, **cparams)  # type: ignore[no-any-return]  # NOQA: E501
           ^^^^^^^^^^^^^^^^^^^^^^^^^^^^^^^^^^^^^^^^^^^^
  File "E:\code\my_code\edu_risk\.venv\Lib\site-packages\sqlalchemy\dialects\mysql\aiomysql.py", line 176, in connect
    await_only(creator_fn(*arg, **kw)),
    ^^^^^^^^^^^^^^^^^^^^^^^^^^^^^^^^^^
  File "E:\code\my_code\edu_risk\.venv\Lib\site-packages\sqlalchemy\util\_concurrency_py3k.py", line 132, in await_only
    return current.parent.switch(awaitable)  # type: ignore[no-any-return,attr-defined] # noqa: E501
           ^^^^^^^^^^^^^^^^^^^^^^^^^^^^^^^^
  File "E:\code\my_code\edu_risk\.venv\Lib\site-packages\sqlalchemy\util\_concurrency_py3k.py", line 196, in greenlet_spawn
    value = await result
            ^^^^^^^^^^^^
  File "E:\code\my_code\edu_risk\.venv\Lib\site-packages\aiomysql\connection.py", line 74, in _connect
    await conn._connect()
  File "E:\code\my_code\edu_risk\.venv\Lib\site-packages\aiomysql\connection.py", line 540, in _connect
    await self._request_authentication()
  File "E:\code\my_code\edu_risk\.venv\Lib\site-packages\aiomysql\connection.py", line 865, in _request_authentication
    await self.caching_sha2_password_auth(auth_packet)
  File "E:\code\my_code\edu_risk\.venv\Lib\site-packages\aiomysql\connection.py", line 952, in caching_sha2_password_auth
    pkt = await self._read_packet()
          ^^^^^^^^^^^^^^^^^^^^^^^^^
  File "E:\code\my_code\edu_risk\.venv\Lib\site-packages\aiomysql\connection.py", line 652, in _read_packet
    packet.raise_for_error()
  File "E:\code\my_code\edu_risk\.venv\Lib\site-packages\pymysql\protocol.py", line 219, in raise_for_error
    err.raise_mysql_exception(self._data)
  File "E:\code\my_code\edu_risk\.venv\Lib\site-packages\pymysql\err.py", line 154, in raise_mysql_exception
    raise errorclass(errno, errval, sqlstate=sqlstate)
pymysql.err.OperationalError: (1049, "Unknown database 'edu_risk'")

The above exception was the direct cause of the following exception:

Traceback (most recent call last):
  File "E:\code\my_code\edu_risk\.venv\Lib\site-packages\uvicorn\protocols\http\h11_impl.py", line 416, in run_asgi
    result = await app(  # type: ignore[func-returns-value]
             ^^^^^^^^^^^^^^^^^^^^^^^^^^^^^^^^^^^^^^^^^^^^^^
  File "E:\code\my_code\edu_risk\.venv\Lib\site-packages\uvicorn\middleware\proxy_headers.py", line 63, in __call__
    return await self.app(scope, receive, send)
           ^^^^^^^^^^^^^^^^^^^^^^^^^^^^^^^^^^^^
  File "E:\code\my_code\edu_risk\.venv\Lib\site-packages\fastapi\applications.py", line 1163, in __call__
    await super().__call__(scope, receive, send)
  File "E:\code\my_code\edu_risk\.venv\Lib\site-packages\starlette\applications.py", line 96, in __call__
    await self.middleware_stack(scope, receive, send)
  File "E:\code\my_code\edu_risk\.venv\Lib\site-packages\starlette\middleware\errors.py", line 186, in __call__
    raise exc
  File "E:\code\my_code\edu_risk\.venv\Lib\site-packages\starlette\middleware\errors.py", line 164, in __call__
    await self.app(scope, receive, _send)
  File "E:\code\my_code\edu_risk\.venv\Lib\site-packages\starlette\middleware\cors.py", line 96, in __call__
    await self.simple_response(scope, receive, send, request_headers=headers)
  File "E:\code\my_code\edu_risk\.venv\Lib\site-packages\starlette\middleware\cors.py", line 154, in simple_response
    await self.app(scope, receive, send)
  File "E:\code\my_code\edu_risk\.venv\Lib\site-packages\starlette\middleware\exceptions.py", line 63, in __call__
    await wrap_app_handling_exceptions(self.app, conn)(scope, receive, send)
  File "E:\code\my_code\edu_risk\.venv\Lib\site-packages\starlette\_exception_handler.py", line 53, in wrapped_app
    raise exc
  File "E:\code\my_code\edu_risk\.venv\Lib\site-packages\starlette\_exception_handler.py", line 42, in wrapped_app
    await app(scope, receive, sender)
  File "E:\code\my_code\edu_risk\.venv\Lib\site-packages\fastapi\middleware\asyncexitstack.py", line 18, in __call__
    await self.app(scope, receive, send)
  File "E:\code\my_code\edu_risk\.venv\Lib\site-packages\starlette\routing.py", line 670, in __call__
    await self.middleware_stack(scope, receive, send)
  File "E:\code\my_code\edu_risk\.venv\Lib\site-packages\fastapi\routing.py", line 2734, in app
    await route.handle(scope, receive, send)
  File "E:\code\my_code\edu_risk\.venv\Lib\site-packages\fastapi\routing.py", line 1780, in handle
    await self.original_router.handle(scope, receive, send)
  File "E:\code\my_code\edu_risk\.venv\Lib\site-packages\fastapi\routing.py", line 2789, in handle
    await included_router._handle_selected(scope, receive, send)
  File "E:\code\my_code\edu_risk\.venv\Lib\site-packages\fastapi\routing.py", line 1800, in _handle_selected
    await original_route.handle(scope, receive, send)
  File "E:\code\my_code\edu_risk\.venv\Lib\site-packages\fastapi\routing.py", line 1279, in handle
    await app(scope, receive, send)
  File "E:\code\my_code\edu_risk\.venv\Lib\site-packages\fastapi\routing.py", line 158, in app
    await wrap_app_handling_exceptions(app, request)(scope, receive, send)
  File "E:\code\my_code\edu_risk\.venv\Lib\site-packages\starlette\_exception_handler.py", line 53, in wrapped_app
    raise exc
  File "E:\code\my_code\edu_risk\.venv\Lib\site-packages\starlette\_exception_handler.py", line 42, in wrapped_app
    await app(scope, receive, sender)
  File "E:\code\my_code\edu_risk\.venv\Lib\site-packages\fastapi\routing.py", line 144, in app
    response = await f(request)
               ^^^^^^^^^^^^^^^^
  File "E:\code\my_code\edu_risk\.venv\Lib\site-packages\fastapi\routing.py", line 706, in app
    raw_response = await run_endpoint_function(
                   ^^^^^^^^^^^^^^^^^^^^^^^^^^^^
  File "E:\code\my_code\edu_risk\.venv\Lib\site-packages\fastapi\routing.py", line 352, in run_endpoint_function
    return await dependant.call(**values)
           ^^^^^^^^^^^^^^^^^^^^^^^^^^^^^^
  File "E:\code\my_code\edu_risk\app\routers\dashboard.py", line 21, in dashboard_stats
    total_checks = (await db.execute(select(func.count(RiskEvent.event_id)).where(
                    ^^^^^^^^^^^^^^^^^^^^^^^^^^^^^^^^^^^^^^^^^^^^^^^^^^^^^^^^^^^^^^
  File "E:\code\my_code\edu_risk\.venv\Lib\site-packages\sqlalchemy\ext\asyncio\session.py", line 448, in execute
    result = await greenlet_spawn(
             ^^^^^^^^^^^^^^^^^^^^^
  File "E:\code\my_code\edu_risk\.venv\Lib\site-packages\sqlalchemy\util\_concurrency_py3k.py", line 201, in greenlet_spawn
    result = context.throw(*sys.exc_info())
             ^^^^^^^^^^^^^^^^^^^^^^^^^^^^^^
  File "E:\code\my_code\edu_risk\.venv\Lib\site-packages\sqlalchemy\orm\session.py", line 2373, in execute
    return self._execute_internal(
           ^^^^^^^^^^^^^^^^^^^^^^^
  File "E:\code\my_code\edu_risk\.venv\Lib\site-packages\sqlalchemy\orm\session.py", line 2261, in _execute_internal
    conn = self._connection_for_bind(bind)
           ^^^^^^^^^^^^^^^^^^^^^^^^^^^^^^^
  File "E:\code\my_code\edu_risk\.venv\Lib\site-packages\sqlalchemy\orm\session.py", line 2113, in _connection_for_bind
    return trans._connection_for_bind(engine, execution_options)
           ^^^^^^^^^^^^^^^^^^^^^^^^^^^^^^^^^^^^^^^^^^^^^^^^^^^^^
  File "<string>", line 2, in _connection_for_bind
  File "E:\code\my_code\edu_risk\.venv\Lib\site-packages\sqlalchemy\orm\state_changes.py", line 137, in _go
    ret_value = fn(self, *arg, **kw)
                ^^^^^^^^^^^^^^^^^^^^
  File "E:\code\my_code\edu_risk\.venv\Lib\site-packages\sqlalchemy\orm\session.py", line 1191, in _connection_for_bind
    conn = bind.connect()
           ^^^^^^^^^^^^^^
  File "E:\code\my_code\edu_risk\.venv\Lib\site-packages\sqlalchemy\engine\base.py", line 3295, in connect
    return self._connection_cls(self)
           ^^^^^^^^^^^^^^^^^^^^^^^^^^
  File "E:\code\my_code\edu_risk\.venv\Lib\site-packages\sqlalchemy\engine\base.py", line 146, in __init__
    Connection._handle_dbapi_exception_noconnection(
  File "E:\code\my_code\edu_risk\.venv\Lib\site-packages\sqlalchemy\engine\base.py", line 2450, in _handle_dbapi_exception_noconnection
    raise sqlalchemy_exception.with_traceback(exc_info[2]) from e
  File "E:\code\my_code\edu_risk\.venv\Lib\site-packages\sqlalchemy\engine\base.py", line 144, in __init__
    self._dbapi_connection = engine.raw_connection()
                             ^^^^^^^^^^^^^^^^^^^^^^^
  File "E:\code\my_code\edu_risk\.venv\Lib\site-packages\sqlalchemy\engine\base.py", line 3319, in raw_connection
    return self.pool.connect()
           ^^^^^^^^^^^^^^^^^^^
  File "E:\code\my_code\edu_risk\.venv\Lib\site-packages\sqlalchemy\pool\base.py", line 448, in connect
    return _ConnectionFairy._checkout(self)
           ^^^^^^^^^^^^^^^^^^^^^^^^^^^^^^^^
  File "E:\code\my_code\edu_risk\.venv\Lib\site-packages\sqlalchemy\pool\base.py", line 1272, in _checkout
    fairy = _ConnectionRecord.checkout(pool)
            ^^^^^^^^^^^^^^^^^^^^^^^^^^^^^^^^
  File "E:\code\my_code\edu_risk\.venv\Lib\site-packages\sqlalchemy\pool\base.py", line 712, in checkout
    rec = pool._do_get()
          ^^^^^^^^^^^^^^
  File "E:\code\my_code\edu_risk\.venv\Lib\site-packages\sqlalchemy\pool\impl.py", line 178, in _do_get
    with util.safe_reraise():
  File "E:\code\my_code\edu_risk\.venv\Lib\site-packages\sqlalchemy\util\langhelpers.py", line 122, in __exit__
    raise exc_value.with_traceback(exc_tb)
  File "E:\code\my_code\edu_risk\.venv\Lib\site-packages\sqlalchemy\pool\impl.py", line 176, in _do_get
    return self._create_connection()
           ^^^^^^^^^^^^^^^^^^^^^^^^^
  File "E:\code\my_code\edu_risk\.venv\Lib\site-packages\sqlalchemy\pool\base.py", line 389, in _create_connection
    return _ConnectionRecord(self)
           ^^^^^^^^^^^^^^^^^^^^^^^
  File "E:\code\my_code\edu_risk\.venv\Lib\site-packages\sqlalchemy\pool\base.py", line 674, in __init__
    self.__connect()
  File "E:\code\my_code\edu_risk\.venv\Lib\site-packages\sqlalchemy\pool\base.py", line 900, in __connect
    with util.safe_reraise():
  File "E:\code\my_code\edu_risk\.venv\Lib\site-packages\sqlalchemy\util\langhelpers.py", line 122, in __exit__
    raise exc_value.with_traceback(exc_tb)
  File "E:\code\my_code\edu_risk\.venv\Lib\site-packages\sqlalchemy\pool\base.py", line 896, in __connect
    self.dbapi_connection = connection = pool._invoke_creator(self)
                                         ^^^^^^^^^^^^^^^^^^^^^^^^^^
  File "E:\code\my_code\edu_risk\.venv\Lib\site-packages\sqlalchemy\engine\create.py", line 667, in connect
    return dialect.connect(*cargs_tup, **cparams)
           ^^^^^^^^^^^^^^^^^^^^^^^^^^^^^^^^^^^^^^
  File "E:\code\my_code\edu_risk\.venv\Lib\site-packages\sqlalchemy\engine\default.py", line 630, in connect
    return self.loaded_dbapi.connect(*cargs, **cparams)  # type: ignore[no-any-return]  # NOQA: E501
           ^^^^^^^^^^^^^^^^^^^^^^^^^^^^^^^^^^^^^^^^^^^^
  File "E:\code\my_code\edu_risk\.venv\Lib\site-packages\sqlalchemy\dialects\mysql\aiomysql.py", line 176, in connect
    await_only(creator_fn(*arg, **kw)),
    ^^^^^^^^^^^^^^^^^^^^^^^^^^^^^^^^^^
  File "E:\code\my_code\edu_risk\.venv\Lib\site-packages\sqlalchemy\util\_concurrency_py3k.py", line 132, in await_only
    return current.parent.switch(awaitable)  # type: ignore[no-any-return,attr-defined] # noqa: E501
           ^^^^^^^^^^^^^^^^^^^^^^^^^^^^^^^^
  File "E:\code\my_code\edu_risk\.venv\Lib\site-packages\sqlalchemy\util\_concurrency_py3k.py", line 196, in greenlet_spawn
    value = await result
            ^^^^^^^^^^^^
  File "E:\code\my_code\edu_risk\.venv\Lib\site-packages\aiomysql\connection.py", line 74, in _connect
    await conn._connect()
  File "E:\code\my_code\edu_risk\.venv\Lib\site-packages\aiomysql\connection.py", line 540, in _connect
    await self._request_authentication()
  File "E:\code\my_code\edu_risk\.venv\Lib\site-packages\aiomysql\connection.py", line 865, in _request_authentication
    await self.caching_sha2_password_auth(auth_packet)
  File "E:\code\my_code\edu_risk\.venv\Lib\site-packages\aiomysql\connection.py", line 952, in caching_sha2_password_auth
    pkt = await self._read_packet()
          ^^^^^^^^^^^^^^^^^^^^^^^^^
  File "E:\code\my_code\edu_risk\.venv\Lib\site-packages\aiomysql\connection.py", line 652, in _read_packet
    packet.raise_for_error()
  File "E:\code\my_code\edu_risk\.venv\Lib\site-packages\pymysql\protocol.py", line 219, in raise_for_error
    err.raise_mysql_exception(self._data)
  File "E:\code\my_code\edu_risk\.venv\Lib\site-packages\pymysql\err.py", line 154, in raise_mysql_exception
    raise errorclass(errno, errval, sqlstate=sqlstate)
sqlalchemy.exc.OperationalError: (pymysql.err.OperationalError) (1049, "Unknown database 'edu_risk'")
(Background on this error at: https://sqlalche.me/e/20/e3q8)
2026-08-12 10:07:38,750 INFO [uvicorn.access] 127.0.0.1:53805 - "GET /api/dashboard/trend?days=7 HTTP/1.1" 500
2026-08-12 10:07:38,752 ERROR [uvicorn.error] Exception in ASGI application
Traceback (most recent call last):
  File "E:\code\my_code\edu_risk\.venv\Lib\site-packages\sqlalchemy\engine\base.py", line 144, in __init__
    self._dbapi_connection = engine.raw_connection()
                             ^^^^^^^^^^^^^^^^^^^^^^^
  File "E:\code\my_code\edu_risk\.venv\Lib\site-packages\sqlalchemy\engine\base.py", line 3319, in raw_connection
    return self.pool.connect()
           ^^^^^^^^^^^^^^^^^^^
  File "E:\code\my_code\edu_risk\.venv\Lib\site-packages\sqlalchemy\pool\base.py", line 448, in connect
    return _ConnectionFairy._checkout(self)
           ^^^^^^^^^^^^^^^^^^^^^^^^^^^^^^^^
  File "E:\code\my_code\edu_risk\.venv\Lib\site-packages\sqlalchemy\pool\base.py", line 1272, in _checkout
    fairy = _ConnectionRecord.checkout(pool)
            ^^^^^^^^^^^^^^^^^^^^^^^^^^^^^^^^
  File "E:\code\my_code\edu_risk\.venv\Lib\site-packages\sqlalchemy\pool\base.py", line 712, in checkout
    rec = pool._do_get()
          ^^^^^^^^^^^^^^
  File "E:\code\my_code\edu_risk\.venv\Lib\site-packages\sqlalchemy\pool\impl.py", line 178, in _do_get
    with util.safe_reraise():
  File "E:\code\my_code\edu_risk\.venv\Lib\site-packages\sqlalchemy\util\langhelpers.py", line 122, in __exit__
    raise exc_value.with_traceback(exc_tb)
  File "E:\code\my_code\edu_risk\.venv\Lib\site-packages\sqlalchemy\pool\impl.py", line 176, in _do_get
    return self._create_connection()
           ^^^^^^^^^^^^^^^^^^^^^^^^^
  File "E:\code\my_code\edu_risk\.venv\Lib\site-packages\sqlalchemy\pool\base.py", line 389, in _create_connection
    return _ConnectionRecord(self)
           ^^^^^^^^^^^^^^^^^^^^^^^
  File "E:\code\my_code\edu_risk\.venv\Lib\site-packages\sqlalchemy\pool\base.py", line 674, in __init__
    self.__connect()
  File "E:\code\my_code\edu_risk\.venv\Lib\site-packages\sqlalchemy\pool\base.py", line 900, in __connect
    with util.safe_reraise():
  File "E:\code\my_code\edu_risk\.venv\Lib\site-packages\sqlalchemy\util\langhelpers.py", line 122, in __exit__
    raise exc_value.with_traceback(exc_tb)
  File "E:\code\my_code\edu_risk\.venv\Lib\site-packages\sqlalchemy\pool\base.py", line 896, in __connect
    self.dbapi_connection = connection = pool._invoke_creator(self)
                                         ^^^^^^^^^^^^^^^^^^^^^^^^^^
  File "E:\code\my_code\edu_risk\.venv\Lib\site-packages\sqlalchemy\engine\create.py", line 667, in connect
    return dialect.connect(*cargs_tup, **cparams)
           ^^^^^^^^^^^^^^^^^^^^^^^^^^^^^^^^^^^^^^
  File "E:\code\my_code\edu_risk\.venv\Lib\site-packages\sqlalchemy\engine\default.py", line 630, in connect
    return self.loaded_dbapi.connect(*cargs, **cparams)  # type: ignore[no-any-return]  # NOQA: E501
           ^^^^^^^^^^^^^^^^^^^^^^^^^^^^^^^^^^^^^^^^^^^^
  File "E:\code\my_code\edu_risk\.venv\Lib\site-packages\sqlalchemy\dialects\mysql\aiomysql.py", line 176, in connect
    await_only(creator_fn(*arg, **kw)),
    ^^^^^^^^^^^^^^^^^^^^^^^^^^^^^^^^^^
  File "E:\code\my_code\edu_risk\.venv\Lib\site-packages\sqlalchemy\util\_concurrency_py3k.py", line 132, in await_only
    return current.parent.switch(awaitable)  # type: ignore[no-any-return,attr-defined] # noqa: E501
           ^^^^^^^^^^^^^^^^^^^^^^^^^^^^^^^^
  File "E:\code\my_code\edu_risk\.venv\Lib\site-packages\sqlalchemy\util\_concurrency_py3k.py", line 196, in greenlet_spawn
    value = await result
            ^^^^^^^^^^^^
  File "E:\code\my_code\edu_risk\.venv\Lib\site-packages\aiomysql\connection.py", line 74, in _connect
    await conn._connect()
  File "E:\code\my_code\edu_risk\.venv\Lib\site-packages\aiomysql\connection.py", line 540, in _connect
    await self._request_authentication()
  File "E:\code\my_code\edu_risk\.venv\Lib\site-packages\aiomysql\connection.py", line 865, in _request_authentication
    await self.caching_sha2_password_auth(auth_packet)
  File "E:\code\my_code\edu_risk\.venv\Lib\site-packages\aiomysql\connection.py", line 952, in caching_sha2_password_auth
    pkt = await self._read_packet()
          ^^^^^^^^^^^^^^^^^^^^^^^^^
  File "E:\code\my_code\edu_risk\.venv\Lib\site-packages\aiomysql\connection.py", line 652, in _read_packet
    packet.raise_for_error()
  File "E:\code\my_code\edu_risk\.venv\Lib\site-packages\pymysql\protocol.py", line 219, in raise_for_error
    err.raise_mysql_exception(self._data)
  File "E:\code\my_code\edu_risk\.venv\Lib\site-packages\pymysql\err.py", line 154, in raise_mysql_exception
    raise errorclass(errno, errval, sqlstate=sqlstate)
pymysql.err.OperationalError: (1049, "Unknown database 'edu_risk'")

The above exception was the direct cause of the following exception:

Traceback (most recent call last):
  File "E:\code\my_code\edu_risk\.venv\Lib\site-packages\uvicorn\protocols\http\h11_impl.py", line 416, in run_asgi
    result = await app(  # type: ignore[func-returns-value]
             ^^^^^^^^^^^^^^^^^^^^^^^^^^^^^^^^^^^^^^^^^^^^^^
  File "E:\code\my_code\edu_risk\.venv\Lib\site-packages\uvicorn\middleware\proxy_headers.py", line 63, in __call__
    return await self.app(scope, receive, send)
           ^^^^^^^^^^^^^^^^^^^^^^^^^^^^^^^^^^^^
  File "E:\code\my_code\edu_risk\.venv\Lib\site-packages\fastapi\applications.py", line 1163, in __call__
    await super().__call__(scope, receive, send)
  File "E:\code\my_code\edu_risk\.venv\Lib\site-packages\starlette\applications.py", line 96, in __call__
    await self.middleware_stack(scope, receive, send)
  File "E:\code\my_code\edu_risk\.venv\Lib\site-packages\starlette\middleware\errors.py", line 186, in __call__
    raise exc
  File "E:\code\my_code\edu_risk\.venv\Lib\site-packages\starlette\middleware\errors.py", line 164, in __call__
    await self.app(scope, receive, _send)
  File "E:\code\my_code\edu_risk\.venv\Lib\site-packages\starlette\middleware\cors.py", line 96, in __call__
    await self.simple_response(scope, receive, send, request_headers=headers)
  File "E:\code\my_code\edu_risk\.venv\Lib\site-packages\starlette\middleware\cors.py", line 154, in simple_response
    await self.app(scope, receive, send)
  File "E:\code\my_code\edu_risk\.venv\Lib\site-packages\starlette\middleware\exceptions.py", line 63, in __call__
    await wrap_app_handling_exceptions(self.app, conn)(scope, receive, send)
  File "E:\code\my_code\edu_risk\.venv\Lib\site-packages\starlette\_exception_handler.py", line 53, in wrapped_app
    raise exc
  File "E:\code\my_code\edu_risk\.venv\Lib\site-packages\starlette\_exception_handler.py", line 42, in wrapped_app
    await app(scope, receive, sender)
  File "E:\code\my_code\edu_risk\.venv\Lib\site-packages\fastapi\middleware\asyncexitstack.py", line 18, in __call__
    await self.app(scope, receive, send)
  File "E:\code\my_code\edu_risk\.venv\Lib\site-packages\starlette\routing.py", line 670, in __call__
    await self.middleware_stack(scope, receive, send)
  File "E:\code\my_code\edu_risk\.venv\Lib\site-packages\fastapi\routing.py", line 2734, in app
    await route.handle(scope, receive, send)
  File "E:\code\my_code\edu_risk\.venv\Lib\site-packages\fastapi\routing.py", line 1780, in handle
    await self.original_router.handle(scope, receive, send)
  File "E:\code\my_code\edu_risk\.venv\Lib\site-packages\fastapi\routing.py", line 2789, in handle
    await included_router._handle_selected(scope, receive, send)
  File "E:\code\my_code\edu_risk\.venv\Lib\site-packages\fastapi\routing.py", line 1800, in _handle_selected
    await original_route.handle(scope, receive, send)
  File "E:\code\my_code\edu_risk\.venv\Lib\site-packages\fastapi\routing.py", line 1279, in handle
    await app(scope, receive, send)
  File "E:\code\my_code\edu_risk\.venv\Lib\site-packages\fastapi\routing.py", line 158, in app
    await wrap_app_handling_exceptions(app, request)(scope, receive, send)
  File "E:\code\my_code\edu_risk\.venv\Lib\site-packages\starlette\_exception_handler.py", line 53, in wrapped_app
    raise exc
  File "E:\code\my_code\edu_risk\.venv\Lib\site-packages\starlette\_exception_handler.py", line 42, in wrapped_app
    await app(scope, receive, sender)
  File "E:\code\my_code\edu_risk\.venv\Lib\site-packages\fastapi\routing.py", line 144, in app
    response = await f(request)
               ^^^^^^^^^^^^^^^^
  File "E:\code\my_code\edu_risk\.venv\Lib\site-packages\fastapi\routing.py", line 706, in app
    raw_response = await run_endpoint_function(
                   ^^^^^^^^^^^^^^^^^^^^^^^^^^^^
  File "E:\code\my_code\edu_risk\.venv\Lib\site-packages\fastapi\routing.py", line 352, in run_endpoint_function
    return await dependant.call(**values)
           ^^^^^^^^^^^^^^^^^^^^^^^^^^^^^^
  File "E:\code\my_code\edu_risk\app\routers\dashboard.py", line 61, in risk_trend
    rows = (await db.execute(
            ^^^^^^^^^^^^^^^^^
  File "E:\code\my_code\edu_risk\.venv\Lib\site-packages\sqlalchemy\ext\asyncio\session.py", line 448, in execute
    result = await greenlet_spawn(
             ^^^^^^^^^^^^^^^^^^^^^
  File "E:\code\my_code\edu_risk\.venv\Lib\site-packages\sqlalchemy\util\_concurrency_py3k.py", line 201, in greenlet_spawn
    result = context.throw(*sys.exc_info())
             ^^^^^^^^^^^^^^^^^^^^^^^^^^^^^^
  File "E:\code\my_code\edu_risk\.venv\Lib\site-packages\sqlalchemy\orm\session.py", line 2373, in execute
    return self._execute_internal(
           ^^^^^^^^^^^^^^^^^^^^^^^
  File "E:\code\my_code\edu_risk\.venv\Lib\site-packages\sqlalchemy\orm\session.py", line 2261, in _execute_internal
    conn = self._connection_for_bind(bind)
           ^^^^^^^^^^^^^^^^^^^^^^^^^^^^^^^
  File "E:\code\my_code\edu_risk\.venv\Lib\site-packages\sqlalchemy\orm\session.py", line 2113, in _connection_for_bind
    return trans._connection_for_bind(engine, execution_options)
           ^^^^^^^^^^^^^^^^^^^^^^^^^^^^^^^^^^^^^^^^^^^^^^^^^^^^^
  File "<string>", line 2, in _connection_for_bind
  File "E:\code\my_code\edu_risk\.venv\Lib\site-packages\sqlalchemy\orm\state_changes.py", line 137, in _go
    ret_value = fn(self, *arg, **kw)
                ^^^^^^^^^^^^^^^^^^^^
  File "E:\code\my_code\edu_risk\.venv\Lib\site-packages\sqlalchemy\orm\session.py", line 1191, in _connection_for_bind
    conn = bind.connect()
           ^^^^^^^^^^^^^^
  File "E:\code\my_code\edu_risk\.venv\Lib\site-packages\sqlalchemy\engine\base.py", line 3295, in connect
    return self._connection_cls(self)
           ^^^^^^^^^^^^^^^^^^^^^^^^^^
  File "E:\code\my_code\edu_risk\.venv\Lib\site-packages\sqlalchemy\engine\base.py", line 146, in __init__
    Connection._handle_dbapi_exception_noconnection(
  File "E:\code\my_code\edu_risk\.venv\Lib\site-packages\sqlalchemy\engine\base.py", line 2450, in _handle_dbapi_exception_noconnection
    raise sqlalchemy_exception.with_traceback(exc_info[2]) from e
  File "E:\code\my_code\edu_risk\.venv\Lib\site-packages\sqlalchemy\engine\base.py", line 144, in __init__
    self._dbapi_connection = engine.raw_connection()
                             ^^^^^^^^^^^^^^^^^^^^^^^
  File "E:\code\my_code\edu_risk\.venv\Lib\site-packages\sqlalchemy\engine\base.py", line 3319, in raw_connection
    return self.pool.connect()
           ^^^^^^^^^^^^^^^^^^^
  File "E:\code\my_code\edu_risk\.venv\Lib\site-packages\sqlalchemy\pool\base.py", line 448, in connect
    return _ConnectionFairy._checkout(self)
           ^^^^^^^^^^^^^^^^^^^^^^^^^^^^^^^^
  File "E:\code\my_code\edu_risk\.venv\Lib\site-packages\sqlalchemy\pool\base.py", line 1272, in _checkout
    fairy = _ConnectionRecord.checkout(pool)
            ^^^^^^^^^^^^^^^^^^^^^^^^^^^^^^^^
  File "E:\code\my_code\edu_risk\.venv\Lib\site-packages\sqlalchemy\pool\base.py", line 712, in checkout
    rec = pool._do_get()
          ^^^^^^^^^^^^^^
  File "E:\code\my_code\edu_risk\.venv\Lib\site-packages\sqlalchemy\pool\impl.py", line 178, in _do_get
    with util.safe_reraise():
  File "E:\code\my_code\edu_risk\.venv\Lib\site-packages\sqlalchemy\util\langhelpers.py", line 122, in __exit__
    raise exc_value.with_traceback(exc_tb)
  File "E:\code\my_code\edu_risk\.venv\Lib\site-packages\sqlalchemy\pool\impl.py", line 176, in _do_get
    return self._create_connection()
           ^^^^^^^^^^^^^^^^^^^^^^^^^
  File "E:\code\my_code\edu_risk\.venv\Lib\site-packages\sqlalchemy\pool\base.py", line 389, in _create_connection
    return _ConnectionRecord(self)
           ^^^^^^^^^^^^^^^^^^^^^^^
  File "E:\code\my_code\edu_risk\.venv\Lib\site-packages\sqlalchemy\pool\base.py", line 674, in __init__
    self.__connect()
  File "E:\code\my_code\edu_risk\.venv\Lib\site-packages\sqlalchemy\pool\base.py", line 900, in __connect
    with util.safe_reraise():
  File "E:\code\my_code\edu_risk\.venv\Lib\site-packages\sqlalchemy\util\langhelpers.py", line 122, in __exit__
    raise exc_value.with_traceback(exc_tb)
  File "E:\code\my_code\edu_risk\.venv\Lib\site-packages\sqlalchemy\pool\base.py", line 896, in __connect
    self.dbapi_connection = connection = pool._invoke_creator(self)
                                         ^^^^^^^^^^^^^^^^^^^^^^^^^^
  File "E:\code\my_code\edu_risk\.venv\Lib\site-packages\sqlalchemy\engine\create.py", line 667, in connect
    return dialect.connect(*cargs_tup, **cparams)
           ^^^^^^^^^^^^^^^^^^^^^^^^^^^^^^^^^^^^^^
  File "E:\code\my_code\edu_risk\.venv\Lib\site-packages\sqlalchemy\engine\default.py", line 630, in connect
    return self.loaded_dbapi.connect(*cargs, **cparams)  # type: ignore[no-any-return]  # NOQA: E501
           ^^^^^^^^^^^^^^^^^^^^^^^^^^^^^^^^^^^^^^^^^^^^
  File "E:\code\my_code\edu_risk\.venv\Lib\site-packages\sqlalchemy\dialects\mysql\aiomysql.py", line 176, in connect
    await_only(creator_fn(*arg, **kw)),
    ^^^^^^^^^^^^^^^^^^^^^^^^^^^^^^^^^^
  File "E:\code\my_code\edu_risk\.venv\Lib\site-packages\sqlalchemy\util\_concurrency_py3k.py", line 132, in await_only
    return current.parent.switch(awaitable)  # type: ignore[no-any-return,attr-defined] # noqa: E501
           ^^^^^^^^^^^^^^^^^^^^^^^^^^^^^^^^
  File "E:\code\my_code\edu_risk\.venv\Lib\site-packages\sqlalchemy\util\_concurrency_py3k.py", line 196, in greenlet_spawn
    value = await result
            ^^^^^^^^^^^^
  File "E:\code\my_code\edu_risk\.venv\Lib\site-packages\aiomysql\connection.py", line 74, in _connect
    await conn._connect()
  File "E:\code\my_code\edu_risk\.venv\Lib\site-packages\aiomysql\connection.py", line 540, in _connect
    await self._request_authentication()
  File "E:\code\my_code\edu_risk\.venv\Lib\site-packages\aiomysql\connection.py", line 865, in _request_authentication
    await self.caching_sha2_password_auth(auth_packet)
  File "E:\code\my_code\edu_risk\.venv\Lib\site-packages\aiomysql\connection.py", line 952, in caching_sha2_password_auth
    pkt = await self._read_packet()
          ^^^^^^^^^^^^^^^^^^^^^^^^^
  File "E:\code\my_code\edu_risk\.venv\Lib\site-packages\aiomysql\connection.py", line 652, in _read_packet
    packet.raise_for_error()
  File "E:\code\my_code\edu_risk\.venv\Lib\site-packages\pymysql\protocol.py", line 219, in raise_for_error
    err.raise_mysql_exception(self._data)
  File "E:\code\my_code\edu_risk\.venv\Lib\site-packages\pymysql\err.py", line 154, in raise_mysql_exception
    raise errorclass(errno, errval, sqlstate=sqlstate)
sqlalchemy.exc.OperationalError: (pymysql.err.OperationalError) (1049, "Unknown database 'edu_risk'")
(Background on this error at: https://sqlalche.me/e/20/e3q8)
2026-08-12 10:07:38,823 INFO [uvicorn.access] 127.0.0.1:59921 - "GET /api/dashboard/rule-effectiveness HTTP/1.1" 500
2026-08-12 10:07:38,825 ERROR [uvicorn.error] Exception in ASGI application
Traceback (most recent call last):
  File "E:\code\my_code\edu_risk\.venv\Lib\site-packages\sqlalchemy\engine\base.py", line 144, in __init__
    self._dbapi_connection = engine.raw_connection()
                             ^^^^^^^^^^^^^^^^^^^^^^^
  File "E:\code\my_code\edu_risk\.venv\Lib\site-packages\sqlalchemy\engine\base.py", line 3319, in raw_connection
    return self.pool.connect()
           ^^^^^^^^^^^^^^^^^^^
  File "E:\code\my_code\edu_risk\.venv\Lib\site-packages\sqlalchemy\pool\base.py", line 448, in connect
    return _ConnectionFairy._checkout(self)
           ^^^^^^^^^^^^^^^^^^^^^^^^^^^^^^^^
  File "E:\code\my_code\edu_risk\.venv\Lib\site-packages\sqlalchemy\pool\base.py", line 1272, in _checkout
    fairy = _ConnectionRecord.checkout(pool)
            ^^^^^^^^^^^^^^^^^^^^^^^^^^^^^^^^
  File "E:\code\my_code\edu_risk\.venv\Lib\site-packages\sqlalchemy\pool\base.py", line 712, in checkout
    rec = pool._do_get()
          ^^^^^^^^^^^^^^
  File "E:\code\my_code\edu_risk\.venv\Lib\site-packages\sqlalchemy\pool\impl.py", line 178, in _do_get
    with util.safe_reraise():
  File "E:\code\my_code\edu_risk\.venv\Lib\site-packages\sqlalchemy\util\langhelpers.py", line 122, in __exit__
    raise exc_value.with_traceback(exc_tb)
  File "E:\code\my_code\edu_risk\.venv\Lib\site-packages\sqlalchemy\pool\impl.py", line 176, in _do_get
    return self._create_connection()
           ^^^^^^^^^^^^^^^^^^^^^^^^^
  File "E:\code\my_code\edu_risk\.venv\Lib\site-packages\sqlalchemy\pool\base.py", line 389, in _create_connection
    return _ConnectionRecord(self)
           ^^^^^^^^^^^^^^^^^^^^^^^
  File "E:\code\my_code\edu_risk\.venv\Lib\site-packages\sqlalchemy\pool\base.py", line 674, in __init__
    self.__connect()
  File "E:\code\my_code\edu_risk\.venv\Lib\site-packages\sqlalchemy\pool\base.py", line 900, in __connect
    with util.safe_reraise():
  File "E:\code\my_code\edu_risk\.venv\Lib\site-packages\sqlalchemy\util\langhelpers.py", line 122, in __exit__
    raise exc_value.with_traceback(exc_tb)
  File "E:\code\my_code\edu_risk\.venv\Lib\site-packages\sqlalchemy\pool\base.py", line 896, in __connect
    self.dbapi_connection = connection = pool._invoke_creator(self)
                                         ^^^^^^^^^^^^^^^^^^^^^^^^^^
  File "E:\code\my_code\edu_risk\.venv\Lib\site-packages\sqlalchemy\engine\create.py", line 667, in connect
    return dialect.connect(*cargs_tup, **cparams)
           ^^^^^^^^^^^^^^^^^^^^^^^^^^^^^^^^^^^^^^
  File "E:\code\my_code\edu_risk\.venv\Lib\site-packages\sqlalchemy\engine\default.py", line 630, in connect
    return self.loaded_dbapi.connect(*cargs, **cparams)  # type: ignore[no-any-return]  # NOQA: E501
           ^^^^^^^^^^^^^^^^^^^^^^^^^^^^^^^^^^^^^^^^^^^^
  File "E:\code\my_code\edu_risk\.venv\Lib\site-packages\sqlalchemy\dialects\mysql\aiomysql.py", line 176, in connect
    await_only(creator_fn(*arg, **kw)),
    ^^^^^^^^^^^^^^^^^^^^^^^^^^^^^^^^^^
  File "E:\code\my_code\edu_risk\.venv\Lib\site-packages\sqlalchemy\util\_concurrency_py3k.py", line 132, in await_only
    return current.parent.switch(awaitable)  # type: ignore[no-any-return,attr-defined] # noqa: E501
           ^^^^^^^^^^^^^^^^^^^^^^^^^^^^^^^^
  File "E:\code\my_code\edu_risk\.venv\Lib\site-packages\sqlalchemy\util\_concurrency_py3k.py", line 196, in greenlet_spawn
    value = await result
            ^^^^^^^^^^^^
  File "E:\code\my_code\edu_risk\.venv\Lib\site-packages\aiomysql\connection.py", line 74, in _connect
    await conn._connect()
  File "E:\code\my_code\edu_risk\.venv\Lib\site-packages\aiomysql\connection.py", line 540, in _connect
    await self._request_authentication()
  File "E:\code\my_code\edu_risk\.venv\Lib\site-packages\aiomysql\connection.py", line 865, in _request_authentication
    await self.caching_sha2_password_auth(auth_packet)
  File "E:\code\my_code\edu_risk\.venv\Lib\site-packages\aiomysql\connection.py", line 952, in caching_sha2_password_auth
    pkt = await self._read_packet()
          ^^^^^^^^^^^^^^^^^^^^^^^^^
  File "E:\code\my_code\edu_risk\.venv\Lib\site-packages\aiomysql\connection.py", line 652, in _read_packet
    packet.raise_for_error()
  File "E:\code\my_code\edu_risk\.venv\Lib\site-packages\pymysql\protocol.py", line 219, in raise_for_error
    err.raise_mysql_exception(self._data)
  File "E:\code\my_code\edu_risk\.venv\Lib\site-packages\pymysql\err.py", line 154, in raise_mysql_exception
    raise errorclass(errno, errval, sqlstate=sqlstate)
pymysql.err.OperationalError: (1049, "Unknown database 'edu_risk'")

The above exception was the direct cause of the following exception:

Traceback (most recent call last):
  File "E:\code\my_code\edu_risk\.venv\Lib\site-packages\uvicorn\protocols\http\h11_impl.py", line 416, in run_asgi
    result = await app(  # type: ignore[func-returns-value]
             ^^^^^^^^^^^^^^^^^^^^^^^^^^^^^^^^^^^^^^^^^^^^^^
  File "E:\code\my_code\edu_risk\.venv\Lib\site-packages\uvicorn\middleware\proxy_headers.py", line 63, in __call__
    return await self.app(scope, receive, send)
           ^^^^^^^^^^^^^^^^^^^^^^^^^^^^^^^^^^^^
  File "E:\code\my_code\edu_risk\.venv\Lib\site-packages\fastapi\applications.py", line 1163, in __call__
    await super().__call__(scope, receive, send)
  File "E:\code\my_code\edu_risk\.venv\Lib\site-packages\starlette\applications.py", line 96, in __call__
    await self.middleware_stack(scope, receive, send)
  File "E:\code\my_code\edu_risk\.venv\Lib\site-packages\starlette\middleware\errors.py", line 186, in __call__
    raise exc
  File "E:\code\my_code\edu_risk\.venv\Lib\site-packages\starlette\middleware\errors.py", line 164, in __call__
    await self.app(scope, receive, _send)
  File "E:\code\my_code\edu_risk\.venv\Lib\site-packages\starlette\middleware\cors.py", line 96, in __call__
    await self.simple_response(scope, receive, send, request_headers=headers)
  File "E:\code\my_code\edu_risk\.venv\Lib\site-packages\starlette\middleware\cors.py", line 154, in simple_response
    await self.app(scope, receive, send)
  File "E:\code\my_code\edu_risk\.venv\Lib\site-packages\starlette\middleware\exceptions.py", line 63, in __call__
    await wrap_app_handling_exceptions(self.app, conn)(scope, receive, send)
  File "E:\code\my_code\edu_risk\.venv\Lib\site-packages\starlette\_exception_handler.py", line 53, in wrapped_app
    raise exc
  File "E:\code\my_code\edu_risk\.venv\Lib\site-packages\starlette\_exception_handler.py", line 42, in wrapped_app
    await app(scope, receive, sender)
  File "E:\code\my_code\edu_risk\.venv\Lib\site-packages\fastapi\middleware\asyncexitstack.py", line 18, in __call__
    await self.app(scope, receive, send)
  File "E:\code\my_code\edu_risk\.venv\Lib\site-packages\starlette\routing.py", line 670, in __call__
    await self.middleware_stack(scope, receive, send)
  File "E:\code\my_code\edu_risk\.venv\Lib\site-packages\fastapi\routing.py", line 2734, in app
    await route.handle(scope, receive, send)
  File "E:\code\my_code\edu_risk\.venv\Lib\site-packages\fastapi\routing.py", line 1780, in handle
    await self.original_router.handle(scope, receive, send)
  File "E:\code\my_code\edu_risk\.venv\Lib\site-packages\fastapi\routing.py", line 2789, in handle
    await included_router._handle_selected(scope, receive, send)
  File "E:\code\my_code\edu_risk\.venv\Lib\site-packages\fastapi\routing.py", line 1800, in _handle_selected
    await original_route.handle(scope, receive, send)
  File "E:\code\my_code\edu_risk\.venv\Lib\site-packages\fastapi\routing.py", line 1279, in handle
    await app(scope, receive, send)
  File "E:\code\my_code\edu_risk\.venv\Lib\site-packages\fastapi\routing.py", line 158, in app
    await wrap_app_handling_exceptions(app, request)(scope, receive, send)
  File "E:\code\my_code\edu_risk\.venv\Lib\site-packages\starlette\_exception_handler.py", line 53, in wrapped_app
    raise exc
  File "E:\code\my_code\edu_risk\.venv\Lib\site-packages\starlette\_exception_handler.py", line 42, in wrapped_app
    await app(scope, receive, sender)
  File "E:\code\my_code\edu_risk\.venv\Lib\site-packages\fastapi\routing.py", line 144, in app
    response = await f(request)
               ^^^^^^^^^^^^^^^^
  File "E:\code\my_code\edu_risk\.venv\Lib\site-packages\fastapi\routing.py", line 706, in app
    raw_response = await run_endpoint_function(
                   ^^^^^^^^^^^^^^^^^^^^^^^^^^^^
  File "E:\code\my_code\edu_risk\.venv\Lib\site-packages\fastapi\routing.py", line 352, in run_endpoint_function
    return await dependant.call(**values)
           ^^^^^^^^^^^^^^^^^^^^^^^^^^^^^^
  File "E:\code\my_code\edu_risk\app\routers\dashboard.py", line 73, in rule_effectiveness
    assessments = (await db.execute(
                   ^^^^^^^^^^^^^^^^^
  File "E:\code\my_code\edu_risk\.venv\Lib\site-packages\sqlalchemy\ext\asyncio\session.py", line 448, in execute
    result = await greenlet_spawn(
             ^^^^^^^^^^^^^^^^^^^^^
  File "E:\code\my_code\edu_risk\.venv\Lib\site-packages\sqlalchemy\util\_concurrency_py3k.py", line 201, in greenlet_spawn
    result = context.throw(*sys.exc_info())
             ^^^^^^^^^^^^^^^^^^^^^^^^^^^^^^
  File "E:\code\my_code\edu_risk\.venv\Lib\site-packages\sqlalchemy\orm\session.py", line 2373, in execute
    return self._execute_internal(
           ^^^^^^^^^^^^^^^^^^^^^^^
  File "E:\code\my_code\edu_risk\.venv\Lib\site-packages\sqlalchemy\orm\session.py", line 2261, in _execute_internal
    conn = self._connection_for_bind(bind)
           ^^^^^^^^^^^^^^^^^^^^^^^^^^^^^^^
  File "E:\code\my_code\edu_risk\.venv\Lib\site-packages\sqlalchemy\orm\session.py", line 2113, in _connection_for_bind
    return trans._connection_for_bind(engine, execution_options)
           ^^^^^^^^^^^^^^^^^^^^^^^^^^^^^^^^^^^^^^^^^^^^^^^^^^^^^
  File "<string>", line 2, in _connection_for_bind
  File "E:\code\my_code\edu_risk\.venv\Lib\site-packages\sqlalchemy\orm\state_changes.py", line 137, in _go
    ret_value = fn(self, *arg, **kw)
                ^^^^^^^^^^^^^^^^^^^^
  File "E:\code\my_code\edu_risk\.venv\Lib\site-packages\sqlalchemy\orm\session.py", line 1191, in _connection_for_bind
    conn = bind.connect()
           ^^^^^^^^^^^^^^
  File "E:\code\my_code\edu_risk\.venv\Lib\site-packages\sqlalchemy\engine\base.py", line 3295, in connect
    return self._connection_cls(self)
           ^^^^^^^^^^^^^^^^^^^^^^^^^^
  File "E:\code\my_code\edu_risk\.venv\Lib\site-packages\sqlalchemy\engine\base.py", line 146, in __init__
    Connection._handle_dbapi_exception_noconnection(
  File "E:\code\my_code\edu_risk\.venv\Lib\site-packages\sqlalchemy\engine\base.py", line 2450, in _handle_dbapi_exception_noconnection
    raise sqlalchemy_exception.with_traceback(exc_info[2]) from e
  File "E:\code\my_code\edu_risk\.venv\Lib\site-packages\sqlalchemy\engine\base.py", line 144, in __init__
    self._dbapi_connection = engine.raw_connection()
                             ^^^^^^^^^^^^^^^^^^^^^^^
  File "E:\code\my_code\edu_risk\.venv\Lib\site-packages\sqlalchemy\engine\base.py", line 3319, in raw_connection
    return self.pool.connect()
           ^^^^^^^^^^^^^^^^^^^
  File "E:\code\my_code\edu_risk\.venv\Lib\site-packages\sqlalchemy\pool\base.py", line 448, in connect
    return _ConnectionFairy._checkout(self)
           ^^^^^^^^^^^^^^^^^^^^^^^^^^^^^^^^
  File "E:\code\my_code\edu_risk\.venv\Lib\site-packages\sqlalchemy\pool\base.py", line 1272, in _checkout
    fairy = _ConnectionRecord.checkout(pool)
            ^^^^^^^^^^^^^^^^^^^^^^^^^^^^^^^^
  File "E:\code\my_code\edu_risk\.venv\Lib\site-packages\sqlalchemy\pool\base.py", line 712, in checkout
    rec = pool._do_get()
          ^^^^^^^^^^^^^^
  File "E:\code\my_code\edu_risk\.venv\Lib\site-packages\sqlalchemy\pool\impl.py", line 178, in _do_get
    with util.safe_reraise():
  File "E:\code\my_code\edu_risk\.venv\Lib\site-packages\sqlalchemy\util\langhelpers.py", line 122, in __exit__
    raise exc_value.with_traceback(exc_tb)
  File "E:\code\my_code\edu_risk\.venv\Lib\site-packages\sqlalchemy\pool\impl.py", line 176, in _do_get
    return self._create_connection()
           ^^^^^^^^^^^^^^^^^^^^^^^^^
  File "E:\code\my_code\edu_risk\.venv\Lib\site-packages\sqlalchemy\pool\base.py", line 389, in _create_connection
    return _ConnectionRecord(self)
           ^^^^^^^^^^^^^^^^^^^^^^^
  File "E:\code\my_code\edu_risk\.venv\Lib\site-packages\sqlalchemy\pool\base.py", line 674, in __init__
    self.__connect()
  File "E:\code\my_code\edu_risk\.venv\Lib\site-packages\sqlalchemy\pool\base.py", line 900, in __connect
    with util.safe_reraise():
  File "E:\code\my_code\edu_risk\.venv\Lib\site-packages\sqlalchemy\util\langhelpers.py", line 122, in __exit__
    raise exc_value.with_traceback(exc_tb)
  File "E:\code\my_code\edu_risk\.venv\Lib\site-packages\sqlalchemy\pool\base.py", line 896, in __connect
    self.dbapi_connection = connection = pool._invoke_creator(self)
                                         ^^^^^^^^^^^^^^^^^^^^^^^^^^
  File "E:\code\my_code\edu_risk\.venv\Lib\site-packages\sqlalchemy\engine\create.py", line 667, in connect
    return dialect.connect(*cargs_tup, **cparams)
           ^^^^^^^^^^^^^^^^^^^^^^^^^^^^^^^^^^^^^^
  File "E:\code\my_code\edu_risk\.venv\Lib\site-packages\sqlalchemy\engine\default.py", line 630, in connect
    return self.loaded_dbapi.connect(*cargs, **cparams)  # type: ignore[no-any-return]  # NOQA: E501
           ^^^^^^^^^^^^^^^^^^^^^^^^^^^^^^^^^^^^^^^^^^^^
  File "E:\code\my_code\edu_risk\.venv\Lib\site-packages\sqlalchemy\dialects\mysql\aiomysql.py", line 176, in connect
    await_only(creator_fn(*arg, **kw)),
    ^^^^^^^^^^^^^^^^^^^^^^^^^^^^^^^^^^
  File "E:\code\my_code\edu_risk\.venv\Lib\site-packages\sqlalchemy\util\_concurrency_py3k.py", line 132, in await_only
    return current.parent.switch(awaitable)  # type: ignore[no-any-return,attr-defined] # noqa: E501
           ^^^^^^^^^^^^^^^^^^^^^^^^^^^^^^^^
  File "E:\code\my_code\edu_risk\.venv\Lib\site-packages\sqlalchemy\util\_concurrency_py3k.py", line 196, in greenlet_spawn
    value = await result
            ^^^^^^^^^^^^
  File "E:\code\my_code\edu_risk\.venv\Lib\site-packages\aiomysql\connection.py", line 74, in _connect
    await conn._connect()
  File "E:\code\my_code\edu_risk\.venv\Lib\site-packages\aiomysql\connection.py", line 540, in _connect
    await self._request_authentication()
  File "E:\code\my_code\edu_risk\.venv\Lib\site-packages\aiomysql\connection.py", line 865, in _request_authentication
    await self.caching_sha2_password_auth(auth_packet)
  File "E:\code\my_code\edu_risk\.venv\Lib\site-packages\aiomysql\connection.py", line 952, in caching_sha2_password_auth
    pkt = await self._read_packet()
          ^^^^^^^^^^^^^^^^^^^^^^^^^
  File "E:\code\my_code\edu_risk\.venv\Lib\site-packages\aiomysql\connection.py", line 652, in _read_packet
    packet.raise_for_error()
  File "E:\code\my_code\edu_risk\.venv\Lib\site-packages\pymysql\protocol.py", line 219, in raise_for_error
    err.raise_mysql_exception(self._data)
  File "E:\code\my_code\edu_risk\.venv\Lib\site-packages\pymysql\err.py", line 154, in raise_mysql_exception
    raise errorclass(errno, errval, sqlstate=sqlstate)
sqlalchemy.exc.OperationalError: (pymysql.err.OperationalError) (1049, "Unknown database 'edu_risk'")
(Background on this error at: https://sqlalche.me/e/20/e3q8)
2026-08-12 10:09:13,273 INFO [uvicorn.access] 127.0.0.1:64368 - "GET /api/health HTTP/1.1" 200
2026-08-12 10:09:13,278 INFO [uvicorn.access] 127.0.0.1:65036 - "GET /api/dashboard/stats?days=7 HTTP/1.1" 500
2026-08-12 10:09:13,280 ERROR [uvicorn.error] Exception in ASGI application
Traceback (most recent call last):
  File "E:\code\my_code\edu_risk\.venv\Lib\site-packages\sqlalchemy\engine\base.py", line 144, in __init__
    self._dbapi_connection = engine.raw_connection()
                             ^^^^^^^^^^^^^^^^^^^^^^^
  File "E:\code\my_code\edu_risk\.venv\Lib\site-packages\sqlalchemy\engine\base.py", line 3319, in raw_connection
    return self.pool.connect()
           ^^^^^^^^^^^^^^^^^^^
  File "E:\code\my_code\edu_risk\.venv\Lib\site-packages\sqlalchemy\pool\base.py", line 448, in connect
    return _ConnectionFairy._checkout(self)
           ^^^^^^^^^^^^^^^^^^^^^^^^^^^^^^^^
  File "E:\code\my_code\edu_risk\.venv\Lib\site-packages\sqlalchemy\pool\base.py", line 1272, in _checkout
    fairy = _ConnectionRecord.checkout(pool)
            ^^^^^^^^^^^^^^^^^^^^^^^^^^^^^^^^
  File "E:\code\my_code\edu_risk\.venv\Lib\site-packages\sqlalchemy\pool\base.py", line 712, in checkout
    rec = pool._do_get()
          ^^^^^^^^^^^^^^
  File "E:\code\my_code\edu_risk\.venv\Lib\site-packages\sqlalchemy\pool\impl.py", line 178, in _do_get
    with util.safe_reraise():
  File "E:\code\my_code\edu_risk\.venv\Lib\site-packages\sqlalchemy\util\langhelpers.py", line 122, in __exit__
    raise exc_value.with_traceback(exc_tb)
  File "E:\code\my_code\edu_risk\.venv\Lib\site-packages\sqlalchemy\pool\impl.py", line 176, in _do_get
    return self._create_connection()
           ^^^^^^^^^^^^^^^^^^^^^^^^^
  File "E:\code\my_code\edu_risk\.venv\Lib\site-packages\sqlalchemy\pool\base.py", line 389, in _create_connection
    return _ConnectionRecord(self)
           ^^^^^^^^^^^^^^^^^^^^^^^
  File "E:\code\my_code\edu_risk\.venv\Lib\site-packages\sqlalchemy\pool\base.py", line 674, in __init__
    self.__connect()
  File "E:\code\my_code\edu_risk\.venv\Lib\site-packages\sqlalchemy\pool\base.py", line 900, in __connect
    with util.safe_reraise():
  File "E:\code\my_code\edu_risk\.venv\Lib\site-packages\sqlalchemy\util\langhelpers.py", line 122, in __exit__
    raise exc_value.with_traceback(exc_tb)
  File "E:\code\my_code\edu_risk\.venv\Lib\site-packages\sqlalchemy\pool\base.py", line 896, in __connect
    self.dbapi_connection = connection = pool._invoke_creator(self)
                                         ^^^^^^^^^^^^^^^^^^^^^^^^^^
  File "E:\code\my_code\edu_risk\.venv\Lib\site-packages\sqlalchemy\engine\create.py", line 667, in connect
    return dialect.connect(*cargs_tup, **cparams)
           ^^^^^^^^^^^^^^^^^^^^^^^^^^^^^^^^^^^^^^
  File "E:\code\my_code\edu_risk\.venv\Lib\site-packages\sqlalchemy\engine\default.py", line 630, in connect
    return self.loaded_dbapi.connect(*cargs, **cparams)  # type: ignore[no-any-return]  # NOQA: E501
           ^^^^^^^^^^^^^^^^^^^^^^^^^^^^^^^^^^^^^^^^^^^^
  File "E:\code\my_code\edu_risk\.venv\Lib\site-packages\sqlalchemy\dialects\mysql\aiomysql.py", line 176, in connect
    await_only(creator_fn(*arg, **kw)),
    ^^^^^^^^^^^^^^^^^^^^^^^^^^^^^^^^^^
  File "E:\code\my_code\edu_risk\.venv\Lib\site-packages\sqlalchemy\util\_concurrency_py3k.py", line 132, in await_only
    return current.parent.switch(awaitable)  # type: ignore[no-any-return,attr-defined] # noqa: E501
           ^^^^^^^^^^^^^^^^^^^^^^^^^^^^^^^^
  File "E:\code\my_code\edu_risk\.venv\Lib\site-packages\sqlalchemy\util\_concurrency_py3k.py", line 196, in greenlet_spawn
    value = await result
            ^^^^^^^^^^^^
  File "E:\code\my_code\edu_risk\.venv\Lib\site-packages\aiomysql\connection.py", line 74, in _connect
    await conn._connect()
  File "E:\code\my_code\edu_risk\.venv\Lib\site-packages\aiomysql\connection.py", line 540, in _connect
    await self._request_authentication()
  File "E:\code\my_code\edu_risk\.venv\Lib\site-packages\aiomysql\connection.py", line 865, in _request_authentication
    await self.caching_sha2_password_auth(auth_packet)
  File "E:\code\my_code\edu_risk\.venv\Lib\site-packages\aiomysql\connection.py", line 952, in caching_sha2_password_auth
    pkt = await self._read_packet()
          ^^^^^^^^^^^^^^^^^^^^^^^^^
  File "E:\code\my_code\edu_risk\.venv\Lib\site-packages\aiomysql\connection.py", line 652, in _read_packet
    packet.raise_for_error()
  File "E:\code\my_code\edu_risk\.venv\Lib\site-packages\pymysql\protocol.py", line 219, in raise_for_error
    err.raise_mysql_exception(self._data)
  File "E:\code\my_code\edu_risk\.venv\Lib\site-packages\pymysql\err.py", line 154, in raise_mysql_exception
    raise errorclass(errno, errval, sqlstate=sqlstate)
pymysql.err.OperationalError: (1049, "Unknown database 'edu_risk'")

The above exception was the direct cause of the following exception:

Traceback (most recent call last):
  File "E:\code\my_code\edu_risk\.venv\Lib\site-packages\uvicorn\protocols\http\h11_impl.py", line 416, in run_asgi
    result = await app(  # type: ignore[func-returns-value]
             ^^^^^^^^^^^^^^^^^^^^^^^^^^^^^^^^^^^^^^^^^^^^^^
  File "E:\code\my_code\edu_risk\.venv\Lib\site-packages\uvicorn\middleware\proxy_headers.py", line 63, in __call__
    return await self.app(scope, receive, send)
           ^^^^^^^^^^^^^^^^^^^^^^^^^^^^^^^^^^^^
  File "E:\code\my_code\edu_risk\.venv\Lib\site-packages\fastapi\applications.py", line 1163, in __call__
    await super().__call__(scope, receive, send)
  File "E:\code\my_code\edu_risk\.venv\Lib\site-packages\starlette\applications.py", line 96, in __call__
    await self.middleware_stack(scope, receive, send)
  File "E:\code\my_code\edu_risk\.venv\Lib\site-packages\starlette\middleware\errors.py", line 186, in __call__
    raise exc
  File "E:\code\my_code\edu_risk\.venv\Lib\site-packages\starlette\middleware\errors.py", line 164, in __call__
    await self.app(scope, receive, _send)
  File "E:\code\my_code\edu_risk\.venv\Lib\site-packages\starlette\middleware\cors.py", line 96, in __call__
    await self.simple_response(scope, receive, send, request_headers=headers)
  File "E:\code\my_code\edu_risk\.venv\Lib\site-packages\starlette\middleware\cors.py", line 154, in simple_response
    await self.app(scope, receive, send)
  File "E:\code\my_code\edu_risk\.venv\Lib\site-packages\starlette\middleware\exceptions.py", line 63, in __call__
    await wrap_app_handling_exceptions(self.app, conn)(scope, receive, send)
  File "E:\code\my_code\edu_risk\.venv\Lib\site-packages\starlette\_exception_handler.py", line 53, in wrapped_app
    raise exc
  File "E:\code\my_code\edu_risk\.venv\Lib\site-packages\starlette\_exception_handler.py", line 42, in wrapped_app
    await app(scope, receive, sender)
  File "E:\code\my_code\edu_risk\.venv\Lib\site-packages\fastapi\middleware\asyncexitstack.py", line 18, in __call__
    await self.app(scope, receive, send)
  File "E:\code\my_code\edu_risk\.venv\Lib\site-packages\starlette\routing.py", line 670, in __call__
    await self.middleware_stack(scope, receive, send)
  File "E:\code\my_code\edu_risk\.venv\Lib\site-packages\fastapi\routing.py", line 2734, in app
    await route.handle(scope, receive, send)
  File "E:\code\my_code\edu_risk\.venv\Lib\site-packages\fastapi\routing.py", line 1780, in handle
    await self.original_router.handle(scope, receive, send)
  File "E:\code\my_code\edu_risk\.venv\Lib\site-packages\fastapi\routing.py", line 2789, in handle
    await included_router._handle_selected(scope, receive, send)
  File "E:\code\my_code\edu_risk\.venv\Lib\site-packages\fastapi\routing.py", line 1800, in _handle_selected
    await original_route.handle(scope, receive, send)
  File "E:\code\my_code\edu_risk\.venv\Lib\site-packages\fastapi\routing.py", line 1279, in handle
    await app(scope, receive, send)
  File "E:\code\my_code\edu_risk\.venv\Lib\site-packages\fastapi\routing.py", line 158, in app
    await wrap_app_handling_exceptions(app, request)(scope, receive, send)
  File "E:\code\my_code\edu_risk\.venv\Lib\site-packages\starlette\_exception_handler.py", line 53, in wrapped_app
    raise exc
  File "E:\code\my_code\edu_risk\.venv\Lib\site-packages\starlette\_exception_handler.py", line 42, in wrapped_app
    await app(scope, receive, sender)
  File "E:\code\my_code\edu_risk\.venv\Lib\site-packages\fastapi\routing.py", line 144, in app
    response = await f(request)
               ^^^^^^^^^^^^^^^^
  File "E:\code\my_code\edu_risk\.venv\Lib\site-packages\fastapi\routing.py", line 706, in app
    raw_response = await run_endpoint_function(
                   ^^^^^^^^^^^^^^^^^^^^^^^^^^^^
  File "E:\code\my_code\edu_risk\.venv\Lib\site-packages\fastapi\routing.py", line 352, in run_endpoint_function
    return await dependant.call(**values)
           ^^^^^^^^^^^^^^^^^^^^^^^^^^^^^^
  File "E:\code\my_code\edu_risk\app\routers\dashboard.py", line 21, in dashboard_stats
    total_checks = (await db.execute(select(func.count(RiskEvent.event_id)).where(
                    ^^^^^^^^^^^^^^^^^^^^^^^^^^^^^^^^^^^^^^^^^^^^^^^^^^^^^^^^^^^^^^
  File "E:\code\my_code\edu_risk\.venv\Lib\site-packages\sqlalchemy\ext\asyncio\session.py", line 448, in execute
    result = await greenlet_spawn(
             ^^^^^^^^^^^^^^^^^^^^^
  File "E:\code\my_code\edu_risk\.venv\Lib\site-packages\sqlalchemy\util\_concurrency_py3k.py", line 201, in greenlet_spawn
    result = context.throw(*sys.exc_info())
             ^^^^^^^^^^^^^^^^^^^^^^^^^^^^^^
  File "E:\code\my_code\edu_risk\.venv\Lib\site-packages\sqlalchemy\orm\session.py", line 2373, in execute
    return self._execute_internal(
           ^^^^^^^^^^^^^^^^^^^^^^^
  File "E:\code\my_code\edu_risk\.venv\Lib\site-packages\sqlalchemy\orm\session.py", line 2261, in _execute_internal
    conn = self._connection_for_bind(bind)
           ^^^^^^^^^^^^^^^^^^^^^^^^^^^^^^^
  File "E:\code\my_code\edu_risk\.venv\Lib\site-packages\sqlalchemy\orm\session.py", line 2113, in _connection_for_bind
    return trans._connection_for_bind(engine, execution_options)
           ^^^^^^^^^^^^^^^^^^^^^^^^^^^^^^^^^^^^^^^^^^^^^^^^^^^^^
  File "<string>", line 2, in _connection_for_bind
  File "E:\code\my_code\edu_risk\.venv\Lib\site-packages\sqlalchemy\orm\state_changes.py", line 137, in _go
    ret_value = fn(self, *arg, **kw)
                ^^^^^^^^^^^^^^^^^^^^
  File "E:\code\my_code\edu_risk\.venv\Lib\site-packages\sqlalchemy\orm\session.py", line 1191, in _connection_for_bind
    conn = bind.connect()
           ^^^^^^^^^^^^^^
  File "E:\code\my_code\edu_risk\.venv\Lib\site-packages\sqlalchemy\engine\base.py", line 3295, in connect
    return self._connection_cls(self)
           ^^^^^^^^^^^^^^^^^^^^^^^^^^
  File "E:\code\my_code\edu_risk\.venv\Lib\site-packages\sqlalchemy\engine\base.py", line 146, in __init__
    Connection._handle_dbapi_exception_noconnection(
  File "E:\code\my_code\edu_risk\.venv\Lib\site-packages\sqlalchemy\engine\base.py", line 2450, in _handle_dbapi_exception_noconnection
    raise sqlalchemy_exception.with_traceback(exc_info[2]) from e
  File "E:\code\my_code\edu_risk\.venv\Lib\site-packages\sqlalchemy\engine\base.py", line 144, in __init__
    self._dbapi_connection = engine.raw_connection()
                             ^^^^^^^^^^^^^^^^^^^^^^^
  File "E:\code\my_code\edu_risk\.venv\Lib\site-packages\sqlalchemy\engine\base.py", line 3319, in raw_connection
    return self.pool.connect()
           ^^^^^^^^^^^^^^^^^^^
  File "E:\code\my_code\edu_risk\.venv\Lib\site-packages\sqlalchemy\pool\base.py", line 448, in connect
    return _ConnectionFairy._checkout(self)
           ^^^^^^^^^^^^^^^^^^^^^^^^^^^^^^^^
  File "E:\code\my_code\edu_risk\.venv\Lib\site-packages\sqlalchemy\pool\base.py", line 1272, in _checkout
    fairy = _ConnectionRecord.checkout(pool)
            ^^^^^^^^^^^^^^^^^^^^^^^^^^^^^^^^
  File "E:\code\my_code\edu_risk\.venv\Lib\site-packages\sqlalchemy\pool\base.py", line 712, in checkout
    rec = pool._do_get()
          ^^^^^^^^^^^^^^
  File "E:\code\my_code\edu_risk\.venv\Lib\site-packages\sqlalchemy\pool\impl.py", line 178, in _do_get
    with util.safe_reraise():
  File "E:\code\my_code\edu_risk\.venv\Lib\site-packages\sqlalchemy\util\langhelpers.py", line 122, in __exit__
    raise exc_value.with_traceback(exc_tb)
  File "E:\code\my_code\edu_risk\.venv\Lib\site-packages\sqlalchemy\pool\impl.py", line 176, in _do_get
    return self._create_connection()
           ^^^^^^^^^^^^^^^^^^^^^^^^^
  File "E:\code\my_code\edu_risk\.venv\Lib\site-packages\sqlalchemy\pool\base.py", line 389, in _create_connection
    return _ConnectionRecord(self)
           ^^^^^^^^^^^^^^^^^^^^^^^
  File "E:\code\my_code\edu_risk\.venv\Lib\site-packages\sqlalchemy\pool\base.py", line 674, in __init__
    self.__connect()
  File "E:\code\my_code\edu_risk\.venv\Lib\site-packages\sqlalchemy\pool\base.py", line 900, in __connect
    with util.safe_reraise():
  File "E:\code\my_code\edu_risk\.venv\Lib\site-packages\sqlalchemy\util\langhelpers.py", line 122, in __exit__
    raise exc_value.with_traceback(exc_tb)
  File "E:\code\my_code\edu_risk\.venv\Lib\site-packages\sqlalchemy\pool\base.py", line 896, in __connect
    self.dbapi_connection = connection = pool._invoke_creator(self)
                                         ^^^^^^^^^^^^^^^^^^^^^^^^^^
  File "E:\code\my_code\edu_risk\.venv\Lib\site-packages\sqlalchemy\engine\create.py", line 667, in connect
    return dialect.connect(*cargs_tup, **cparams)
           ^^^^^^^^^^^^^^^^^^^^^^^^^^^^^^^^^^^^^^
  File "E:\code\my_code\edu_risk\.venv\Lib\site-packages\sqlalchemy\engine\default.py", line 630, in connect
    return self.loaded_dbapi.connect(*cargs, **cparams)  # type: ignore[no-any-return]  # NOQA: E501
           ^^^^^^^^^^^^^^^^^^^^^^^^^^^^^^^^^^^^^^^^^^^^
  File "E:\code\my_code\edu_risk\.venv\Lib\site-packages\sqlalchemy\dialects\mysql\aiomysql.py", line 176, in connect
    await_only(creator_fn(*arg, **kw)),
    ^^^^^^^^^^^^^^^^^^^^^^^^^^^^^^^^^^
  File "E:\code\my_code\edu_risk\.venv\Lib\site-packages\sqlalchemy\util\_concurrency_py3k.py", line 132, in await_only
    return current.parent.switch(awaitable)  # type: ignore[no-any-return,attr-defined] # noqa: E501
           ^^^^^^^^^^^^^^^^^^^^^^^^^^^^^^^^
  File "E:\code\my_code\edu_risk\.venv\Lib\site-packages\sqlalchemy\util\_concurrency_py3k.py", line 196, in greenlet_spawn
    value = await result
            ^^^^^^^^^^^^
  File "E:\code\my_code\edu_risk\.venv\Lib\site-packages\aiomysql\connection.py", line 74, in _connect
    await conn._connect()
  File "E:\code\my_code\edu_risk\.venv\Lib\site-packages\aiomysql\connection.py", line 540, in _connect
    await self._request_authentication()
  File "E:\code\my_code\edu_risk\.venv\Lib\site-packages\aiomysql\connection.py", line 865, in _request_authentication
    await self.caching_sha2_password_auth(auth_packet)
  File "E:\code\my_code\edu_risk\.venv\Lib\site-packages\aiomysql\connection.py", line 952, in caching_sha2_password_auth
    pkt = await self._read_packet()
          ^^^^^^^^^^^^^^^^^^^^^^^^^
  File "E:\code\my_code\edu_risk\.venv\Lib\site-packages\aiomysql\connection.py", line 652, in _read_packet
    packet.raise_for_error()
  File "E:\code\my_code\edu_risk\.venv\Lib\site-packages\pymysql\protocol.py", line 219, in raise_for_error
    err.raise_mysql_exception(self._data)
  File "E:\code\my_code\edu_risk\.venv\Lib\site-packages\pymysql\err.py", line 154, in raise_mysql_exception
    raise errorclass(errno, errval, sqlstate=sqlstate)
sqlalchemy.exc.OperationalError: (pymysql.err.OperationalError) (1049, "Unknown database 'edu_risk'")
(Background on this error at: https://sqlalche.me/e/20/e3q8)
2026-08-12 10:09:13,321 INFO [uvicorn.access] 127.0.0.1:64368 - "GET /api/dashboard/trend?days=7 HTTP/1.1" 500
2026-08-12 10:09:13,323 ERROR [uvicorn.error] Exception in ASGI application
Traceback (most recent call last):
  File "E:\code\my_code\edu_risk\.venv\Lib\site-packages\sqlalchemy\engine\base.py", line 144, in __init__
    self._dbapi_connection = engine.raw_connection()
                             ^^^^^^^^^^^^^^^^^^^^^^^
  File "E:\code\my_code\edu_risk\.venv\Lib\site-packages\sqlalchemy\engine\base.py", line 3319, in raw_connection
    return self.pool.connect()
           ^^^^^^^^^^^^^^^^^^^
  File "E:\code\my_code\edu_risk\.venv\Lib\site-packages\sqlalchemy\pool\base.py", line 448, in connect
    return _ConnectionFairy._checkout(self)
           ^^^^^^^^^^^^^^^^^^^^^^^^^^^^^^^^
  File "E:\code\my_code\edu_risk\.venv\Lib\site-packages\sqlalchemy\pool\base.py", line 1272, in _checkout
    fairy = _ConnectionRecord.checkout(pool)
            ^^^^^^^^^^^^^^^^^^^^^^^^^^^^^^^^
  File "E:\code\my_code\edu_risk\.venv\Lib\site-packages\sqlalchemy\pool\base.py", line 712, in checkout
    rec = pool._do_get()
          ^^^^^^^^^^^^^^
  File "E:\code\my_code\edu_risk\.venv\Lib\site-packages\sqlalchemy\pool\impl.py", line 178, in _do_get
    with util.safe_reraise():
  File "E:\code\my_code\edu_risk\.venv\Lib\site-packages\sqlalchemy\util\langhelpers.py", line 122, in __exit__
    raise exc_value.with_traceback(exc_tb)
  File "E:\code\my_code\edu_risk\.venv\Lib\site-packages\sqlalchemy\pool\impl.py", line 176, in _do_get
    return self._create_connection()
           ^^^^^^^^^^^^^^^^^^^^^^^^^
  File "E:\code\my_code\edu_risk\.venv\Lib\site-packages\sqlalchemy\pool\base.py", line 389, in _create_connection
    return _ConnectionRecord(self)
           ^^^^^^^^^^^^^^^^^^^^^^^
  File "E:\code\my_code\edu_risk\.venv\Lib\site-packages\sqlalchemy\pool\base.py", line 674, in __init__
    self.__connect()
  File "E:\code\my_code\edu_risk\.venv\Lib\site-packages\sqlalchemy\pool\base.py", line 900, in __connect
    with util.safe_reraise():
  File "E:\code\my_code\edu_risk\.venv\Lib\site-packages\sqlalchemy\util\langhelpers.py", line 122, in __exit__
    raise exc_value.with_traceback(exc_tb)
  File "E:\code\my_code\edu_risk\.venv\Lib\site-packages\sqlalchemy\pool\base.py", line 896, in __connect
    self.dbapi_connection = connection = pool._invoke_creator(self)
                                         ^^^^^^^^^^^^^^^^^^^^^^^^^^
  File "E:\code\my_code\edu_risk\.venv\Lib\site-packages\sqlalchemy\engine\create.py", line 667, in connect
    return dialect.connect(*cargs_tup, **cparams)
           ^^^^^^^^^^^^^^^^^^^^^^^^^^^^^^^^^^^^^^
  File "E:\code\my_code\edu_risk\.venv\Lib\site-packages\sqlalchemy\engine\default.py", line 630, in connect
    return self.loaded_dbapi.connect(*cargs, **cparams)  # type: ignore[no-any-return]  # NOQA: E501
           ^^^^^^^^^^^^^^^^^^^^^^^^^^^^^^^^^^^^^^^^^^^^
  File "E:\code\my_code\edu_risk\.venv\Lib\site-packages\sqlalchemy\dialects\mysql\aiomysql.py", line 176, in connect
    await_only(creator_fn(*arg, **kw)),
    ^^^^^^^^^^^^^^^^^^^^^^^^^^^^^^^^^^
  File "E:\code\my_code\edu_risk\.venv\Lib\site-packages\sqlalchemy\util\_concurrency_py3k.py", line 132, in await_only
    return current.parent.switch(awaitable)  # type: ignore[no-any-return,attr-defined] # noqa: E501
           ^^^^^^^^^^^^^^^^^^^^^^^^^^^^^^^^
  File "E:\code\my_code\edu_risk\.venv\Lib\site-packages\sqlalchemy\util\_concurrency_py3k.py", line 196, in greenlet_spawn
    value = await result
            ^^^^^^^^^^^^
  File "E:\code\my_code\edu_risk\.venv\Lib\site-packages\aiomysql\connection.py", line 74, in _connect
    await conn._connect()
  File "E:\code\my_code\edu_risk\.venv\Lib\site-packages\aiomysql\connection.py", line 540, in _connect
    await self._request_authentication()
  File "E:\code\my_code\edu_risk\.venv\Lib\site-packages\aiomysql\connection.py", line 865, in _request_authentication
    await self.caching_sha2_password_auth(auth_packet)
  File "E:\code\my_code\edu_risk\.venv\Lib\site-packages\aiomysql\connection.py", line 952, in caching_sha2_password_auth
    pkt = await self._read_packet()
          ^^^^^^^^^^^^^^^^^^^^^^^^^
  File "E:\code\my_code\edu_risk\.venv\Lib\site-packages\aiomysql\connection.py", line 652, in _read_packet
    packet.raise_for_error()
  File "E:\code\my_code\edu_risk\.venv\Lib\site-packages\pymysql\protocol.py", line 219, in raise_for_error
    err.raise_mysql_exception(self._data)
  File "E:\code\my_code\edu_risk\.venv\Lib\site-packages\pymysql\err.py", line 154, in raise_mysql_exception
    raise errorclass(errno, errval, sqlstate=sqlstate)
pymysql.err.OperationalError: (1049, "Unknown database 'edu_risk'")

The above exception was the direct cause of the following exception:

Traceback (most recent call last):
  File "E:\code\my_code\edu_risk\.venv\Lib\site-packages\uvicorn\protocols\http\h11_impl.py", line 416, in run_asgi
    result = await app(  # type: ignore[func-returns-value]
             ^^^^^^^^^^^^^^^^^^^^^^^^^^^^^^^^^^^^^^^^^^^^^^
  File "E:\code\my_code\edu_risk\.venv\Lib\site-packages\uvicorn\middleware\proxy_headers.py", line 63, in __call__
    return await self.app(scope, receive, send)
           ^^^^^^^^^^^^^^^^^^^^^^^^^^^^^^^^^^^^
  File "E:\code\my_code\edu_risk\.venv\Lib\site-packages\fastapi\applications.py", line 1163, in __call__
    await super().__call__(scope, receive, send)
  File "E:\code\my_code\edu_risk\.venv\Lib\site-packages\starlette\applications.py", line 96, in __call__
    await self.middleware_stack(scope, receive, send)
  File "E:\code\my_code\edu_risk\.venv\Lib\site-packages\starlette\middleware\errors.py", line 186, in __call__
    raise exc
  File "E:\code\my_code\edu_risk\.venv\Lib\site-packages\starlette\middleware\errors.py", line 164, in __call__
    await self.app(scope, receive, _send)
  File "E:\code\my_code\edu_risk\.venv\Lib\site-packages\starlette\middleware\cors.py", line 96, in __call__
    await self.simple_response(scope, receive, send, request_headers=headers)
  File "E:\code\my_code\edu_risk\.venv\Lib\site-packages\starlette\middleware\cors.py", line 154, in simple_response
    await self.app(scope, receive, send)
  File "E:\code\my_code\edu_risk\.venv\Lib\site-packages\starlette\middleware\exceptions.py", line 63, in __call__
    await wrap_app_handling_exceptions(self.app, conn)(scope, receive, send)
  File "E:\code\my_code\edu_risk\.venv\Lib\site-packages\starlette\_exception_handler.py", line 53, in wrapped_app
    raise exc
  File "E:\code\my_code\edu_risk\.venv\Lib\site-packages\starlette\_exception_handler.py", line 42, in wrapped_app
    await app(scope, receive, sender)
  File "E:\code\my_code\edu_risk\.venv\Lib\site-packages\fastapi\middleware\asyncexitstack.py", line 18, in __call__
    await self.app(scope, receive, send)
  File "E:\code\my_code\edu_risk\.venv\Lib\site-packages\starlette\routing.py", line 670, in __call__
    await self.middleware_stack(scope, receive, send)
  File "E:\code\my_code\edu_risk\.venv\Lib\site-packages\fastapi\routing.py", line 2734, in app
    await route.handle(scope, receive, send)
  File "E:\code\my_code\edu_risk\.venv\Lib\site-packages\fastapi\routing.py", line 1780, in handle
    await self.original_router.handle(scope, receive, send)
  File "E:\code\my_code\edu_risk\.venv\Lib\site-packages\fastapi\routing.py", line 2789, in handle
    await included_router._handle_selected(scope, receive, send)
  File "E:\code\my_code\edu_risk\.venv\Lib\site-packages\fastapi\routing.py", line 1800, in _handle_selected
    await original_route.handle(scope, receive, send)
  File "E:\code\my_code\edu_risk\.venv\Lib\site-packages\fastapi\routing.py", line 1279, in handle
    await app(scope, receive, send)
  File "E:\code\my_code\edu_risk\.venv\Lib\site-packages\fastapi\routing.py", line 158, in app
    await wrap_app_handling_exceptions(app, request)(scope, receive, send)
  File "E:\code\my_code\edu_risk\.venv\Lib\site-packages\starlette\_exception_handler.py", line 53, in wrapped_app
    raise exc
  File "E:\code\my_code\edu_risk\.venv\Lib\site-packages\starlette\_exception_handler.py", line 42, in wrapped_app
    await app(scope, receive, sender)
  File "E:\code\my_code\edu_risk\.venv\Lib\site-packages\fastapi\routing.py", line 144, in app
    response = await f(request)
               ^^^^^^^^^^^^^^^^
  File "E:\code\my_code\edu_risk\.venv\Lib\site-packages\fastapi\routing.py", line 706, in app
    raw_response = await run_endpoint_function(
                   ^^^^^^^^^^^^^^^^^^^^^^^^^^^^
  File "E:\code\my_code\edu_risk\.venv\Lib\site-packages\fastapi\routing.py", line 352, in run_endpoint_function
    return await dependant.call(**values)
           ^^^^^^^^^^^^^^^^^^^^^^^^^^^^^^
  File "E:\code\my_code\edu_risk\app\routers\dashboard.py", line 61, in risk_trend
    rows = (await db.execute(
            ^^^^^^^^^^^^^^^^^
  File "E:\code\my_code\edu_risk\.venv\Lib\site-packages\sqlalchemy\ext\asyncio\session.py", line 448, in execute
    result = await greenlet_spawn(
             ^^^^^^^^^^^^^^^^^^^^^
  File "E:\code\my_code\edu_risk\.venv\Lib\site-packages\sqlalchemy\util\_concurrency_py3k.py", line 201, in greenlet_spawn
    result = context.throw(*sys.exc_info())
             ^^^^^^^^^^^^^^^^^^^^^^^^^^^^^^
  File "E:\code\my_code\edu_risk\.venv\Lib\site-packages\sqlalchemy\orm\session.py", line 2373, in execute
    return self._execute_internal(
           ^^^^^^^^^^^^^^^^^^^^^^^
  File "E:\code\my_code\edu_risk\.venv\Lib\site-packages\sqlalchemy\orm\session.py", line 2261, in _execute_internal
    conn = self._connection_for_bind(bind)
           ^^^^^^^^^^^^^^^^^^^^^^^^^^^^^^^
  File "E:\code\my_code\edu_risk\.venv\Lib\site-packages\sqlalchemy\orm\session.py", line 2113, in _connection_for_bind
    return trans._connection_for_bind(engine, execution_options)
           ^^^^^^^^^^^^^^^^^^^^^^^^^^^^^^^^^^^^^^^^^^^^^^^^^^^^^
  File "<string>", line 2, in _connection_for_bind
  File "E:\code\my_code\edu_risk\.venv\Lib\site-packages\sqlalchemy\orm\state_changes.py", line 137, in _go
    ret_value = fn(self, *arg, **kw)
                ^^^^^^^^^^^^^^^^^^^^
  File "E:\code\my_code\edu_risk\.venv\Lib\site-packages\sqlalchemy\orm\session.py", line 1191, in _connection_for_bind
    conn = bind.connect()
           ^^^^^^^^^^^^^^
  File "E:\code\my_code\edu_risk\.venv\Lib\site-packages\sqlalchemy\engine\base.py", line 3295, in connect
    return self._connection_cls(self)
           ^^^^^^^^^^^^^^^^^^^^^^^^^^
  File "E:\code\my_code\edu_risk\.venv\Lib\site-packages\sqlalchemy\engine\base.py", line 146, in __init__
    Connection._handle_dbapi_exception_noconnection(
  File "E:\code\my_code\edu_risk\.venv\Lib\site-packages\sqlalchemy\engine\base.py", line 2450, in _handle_dbapi_exception_noconnection
    raise sqlalchemy_exception.with_traceback(exc_info[2]) from e
  File "E:\code\my_code\edu_risk\.venv\Lib\site-packages\sqlalchemy\engine\base.py", line 144, in __init__
    self._dbapi_connection = engine.raw_connection()
                             ^^^^^^^^^^^^^^^^^^^^^^^
  File "E:\code\my_code\edu_risk\.venv\Lib\site-packages\sqlalchemy\engine\base.py", line 3319, in raw_connection
    return self.pool.connect()
           ^^^^^^^^^^^^^^^^^^^
  File "E:\code\my_code\edu_risk\.venv\Lib\site-packages\sqlalchemy\pool\base.py", line 448, in connect
    return _ConnectionFairy._checkout(self)
           ^^^^^^^^^^^^^^^^^^^^^^^^^^^^^^^^
  File "E:\code\my_code\edu_risk\.venv\Lib\site-packages\sqlalchemy\pool\base.py", line 1272, in _checkout
    fairy = _ConnectionRecord.checkout(pool)
            ^^^^^^^^^^^^^^^^^^^^^^^^^^^^^^^^
  File "E:\code\my_code\edu_risk\.venv\Lib\site-packages\sqlalchemy\pool\base.py", line 712, in checkout
    rec = pool._do_get()
          ^^^^^^^^^^^^^^
  File "E:\code\my_code\edu_risk\.venv\Lib\site-packages\sqlalchemy\pool\impl.py", line 178, in _do_get
    with util.safe_reraise():
  File "E:\code\my_code\edu_risk\.venv\Lib\site-packages\sqlalchemy\util\langhelpers.py", line 122, in __exit__
    raise exc_value.with_traceback(exc_tb)
  File "E:\code\my_code\edu_risk\.venv\Lib\site-packages\sqlalchemy\pool\impl.py", line 176, in _do_get
    return self._create_connection()
           ^^^^^^^^^^^^^^^^^^^^^^^^^
  File "E:\code\my_code\edu_risk\.venv\Lib\site-packages\sqlalchemy\pool\base.py", line 389, in _create_connection
    return _ConnectionRecord(self)
           ^^^^^^^^^^^^^^^^^^^^^^^
  File "E:\code\my_code\edu_risk\.venv\Lib\site-packages\sqlalchemy\pool\base.py", line 674, in __init__
    self.__connect()
  File "E:\code\my_code\edu_risk\.venv\Lib\site-packages\sqlalchemy\pool\base.py", line 900, in __connect
    with util.safe_reraise():
  File "E:\code\my_code\edu_risk\.venv\Lib\site-packages\sqlalchemy\util\langhelpers.py", line 122, in __exit__
    raise exc_value.with_traceback(exc_tb)
  File "E:\code\my_code\edu_risk\.venv\Lib\site-packages\sqlalchemy\pool\base.py", line 896, in __connect
    self.dbapi_connection = connection = pool._invoke_creator(self)
                                         ^^^^^^^^^^^^^^^^^^^^^^^^^^
  File "E:\code\my_code\edu_risk\.venv\Lib\site-packages\sqlalchemy\engine\create.py", line 667, in connect
    return dialect.connect(*cargs_tup, **cparams)
           ^^^^^^^^^^^^^^^^^^^^^^^^^^^^^^^^^^^^^^
  File "E:\code\my_code\edu_risk\.venv\Lib\site-packages\sqlalchemy\engine\default.py", line 630, in connect
    return self.loaded_dbapi.connect(*cargs, **cparams)  # type: ignore[no-any-return]  # NOQA: E501
           ^^^^^^^^^^^^^^^^^^^^^^^^^^^^^^^^^^^^^^^^^^^^
  File "E:\code\my_code\edu_risk\.venv\Lib\site-packages\sqlalchemy\dialects\mysql\aiomysql.py", line 176, in connect
    await_only(creator_fn(*arg, **kw)),
    ^^^^^^^^^^^^^^^^^^^^^^^^^^^^^^^^^^
  File "E:\code\my_code\edu_risk\.venv\Lib\site-packages\sqlalchemy\util\_concurrency_py3k.py", line 132, in await_only
    return current.parent.switch(awaitable)  # type: ignore[no-any-return,attr-defined] # noqa: E501
           ^^^^^^^^^^^^^^^^^^^^^^^^^^^^^^^^
  File "E:\code\my_code\edu_risk\.venv\Lib\site-packages\sqlalchemy\util\_concurrency_py3k.py", line 196, in greenlet_spawn
    value = await result
            ^^^^^^^^^^^^
  File "E:\code\my_code\edu_risk\.venv\Lib\site-packages\aiomysql\connection.py", line 74, in _connect
    await conn._connect()
  File "E:\code\my_code\edu_risk\.venv\Lib\site-packages\aiomysql\connection.py", line 540, in _connect
    await self._request_authentication()
  File "E:\code\my_code\edu_risk\.venv\Lib\site-packages\aiomysql\connection.py", line 865, in _request_authentication
    await self.caching_sha2_password_auth(auth_packet)
  File "E:\code\my_code\edu_risk\.venv\Lib\site-packages\aiomysql\connection.py", line 952, in caching_sha2_password_auth
    pkt = await self._read_packet()
          ^^^^^^^^^^^^^^^^^^^^^^^^^
  File "E:\code\my_code\edu_risk\.venv\Lib\site-packages\aiomysql\connection.py", line 652, in _read_packet
    packet.raise_for_error()
  File "E:\code\my_code\edu_risk\.venv\Lib\site-packages\pymysql\protocol.py", line 219, in raise_for_error
    err.raise_mysql_exception(self._data)
  File "E:\code\my_code\edu_risk\.venv\Lib\site-packages\pymysql\err.py", line 154, in raise_mysql_exception
    raise errorclass(errno, errval, sqlstate=sqlstate)
sqlalchemy.exc.OperationalError: (pymysql.err.OperationalError) (1049, "Unknown database 'edu_risk'")
(Background on this error at: https://sqlalche.me/e/20/e3q8)
2026-08-12 10:09:13,519 INFO [uvicorn.access] 127.0.0.1:58919 - "GET /api/dashboard/rule-effectiveness HTTP/1.1" 500
2026-08-12 10:09:13,520 ERROR [uvicorn.error] Exception in ASGI application
Traceback (most recent call last):
  File "E:\code\my_code\edu_risk\.venv\Lib\site-packages\sqlalchemy\engine\base.py", line 144, in __init__
    self._dbapi_connection = engine.raw_connection()
                             ^^^^^^^^^^^^^^^^^^^^^^^
  File "E:\code\my_code\edu_risk\.venv\Lib\site-packages\sqlalchemy\engine\base.py", line 3319, in raw_connection
    return self.pool.connect()
           ^^^^^^^^^^^^^^^^^^^
  File "E:\code\my_code\edu_risk\.venv\Lib\site-packages\sqlalchemy\pool\base.py", line 448, in connect
    return _ConnectionFairy._checkout(self)
           ^^^^^^^^^^^^^^^^^^^^^^^^^^^^^^^^
  File "E:\code\my_code\edu_risk\.venv\Lib\site-packages\sqlalchemy\pool\base.py", line 1272, in _checkout
    fairy = _ConnectionRecord.checkout(pool)
            ^^^^^^^^^^^^^^^^^^^^^^^^^^^^^^^^
  File "E:\code\my_code\edu_risk\.venv\Lib\site-packages\sqlalchemy\pool\base.py", line 712, in checkout
    rec = pool._do_get()
          ^^^^^^^^^^^^^^
  File "E:\code\my_code\edu_risk\.venv\Lib\site-packages\sqlalchemy\pool\impl.py", line 178, in _do_get
    with util.safe_reraise():
  File "E:\code\my_code\edu_risk\.venv\Lib\site-packages\sqlalchemy\util\langhelpers.py", line 122, in __exit__
    raise exc_value.with_traceback(exc_tb)
  File "E:\code\my_code\edu_risk\.venv\Lib\site-packages\sqlalchemy\pool\impl.py", line 176, in _do_get
    return self._create_connection()
           ^^^^^^^^^^^^^^^^^^^^^^^^^
  File "E:\code\my_code\edu_risk\.venv\Lib\site-packages\sqlalchemy\pool\base.py", line 389, in _create_connection
    return _ConnectionRecord(self)
           ^^^^^^^^^^^^^^^^^^^^^^^
  File "E:\code\my_code\edu_risk\.venv\Lib\site-packages\sqlalchemy\pool\base.py", line 674, in __init__
    self.__connect()
  File "E:\code\my_code\edu_risk\.venv\Lib\site-packages\sqlalchemy\pool\base.py", line 900, in __connect
    with util.safe_reraise():
  File "E:\code\my_code\edu_risk\.venv\Lib\site-packages\sqlalchemy\util\langhelpers.py", line 122, in __exit__
    raise exc_value.with_traceback(exc_tb)
  File "E:\code\my_code\edu_risk\.venv\Lib\site-packages\sqlalchemy\pool\base.py", line 896, in __connect
    self.dbapi_connection = connection = pool._invoke_creator(self)
                                         ^^^^^^^^^^^^^^^^^^^^^^^^^^
  File "E:\code\my_code\edu_risk\.venv\Lib\site-packages\sqlalchemy\engine\create.py", line 667, in connect
    return dialect.connect(*cargs_tup, **cparams)
           ^^^^^^^^^^^^^^^^^^^^^^^^^^^^^^^^^^^^^^
  File "E:\code\my_code\edu_risk\.venv\Lib\site-packages\sqlalchemy\engine\default.py", line 630, in connect
    return self.loaded_dbapi.connect(*cargs, **cparams)  # type: ignore[no-any-return]  # NOQA: E501
           ^^^^^^^^^^^^^^^^^^^^^^^^^^^^^^^^^^^^^^^^^^^^
  File "E:\code\my_code\edu_risk\.venv\Lib\site-packages\sqlalchemy\dialects\mysql\aiomysql.py", line 176, in connect
    await_only(creator_fn(*arg, **kw)),
    ^^^^^^^^^^^^^^^^^^^^^^^^^^^^^^^^^^
  File "E:\code\my_code\edu_risk\.venv\Lib\site-packages\sqlalchemy\util\_concurrency_py3k.py", line 132, in await_only
    return current.parent.switch(awaitable)  # type: ignore[no-any-return,attr-defined] # noqa: E501
           ^^^^^^^^^^^^^^^^^^^^^^^^^^^^^^^^
  File "E:\code\my_code\edu_risk\.venv\Lib\site-packages\sqlalchemy\util\_concurrency_py3k.py", line 196, in greenlet_spawn
    value = await result
            ^^^^^^^^^^^^
  File "E:\code\my_code\edu_risk\.venv\Lib\site-packages\aiomysql\connection.py", line 74, in _connect
    await conn._connect()
  File "E:\code\my_code\edu_risk\.venv\Lib\site-packages\aiomysql\connection.py", line 540, in _connect
    await self._request_authentication()
  File "E:\code\my_code\edu_risk\.venv\Lib\site-packages\aiomysql\connection.py", line 865, in _request_authentication
    await self.caching_sha2_password_auth(auth_packet)
  File "E:\code\my_code\edu_risk\.venv\Lib\site-packages\aiomysql\connection.py", line 952, in caching_sha2_password_auth
    pkt = await self._read_packet()
          ^^^^^^^^^^^^^^^^^^^^^^^^^
  File "E:\code\my_code\edu_risk\.venv\Lib\site-packages\aiomysql\connection.py", line 652, in _read_packet
    packet.raise_for_error()
  File "E:\code\my_code\edu_risk\.venv\Lib\site-packages\pymysql\protocol.py", line 219, in raise_for_error
    err.raise_mysql_exception(self._data)
  File "E:\code\my_code\edu_risk\.venv\Lib\site-packages\pymysql\err.py", line 154, in raise_mysql_exception
    raise errorclass(errno, errval, sqlstate=sqlstate)
pymysql.err.OperationalError: (1049, "Unknown database 'edu_risk'")

The above exception was the direct cause of the following exception:

Traceback (most recent call last):
  File "E:\code\my_code\edu_risk\.venv\Lib\site-packages\uvicorn\protocols\http\h11_impl.py", line 416, in run_asgi
    result = await app(  # type: ignore[func-returns-value]
             ^^^^^^^^^^^^^^^^^^^^^^^^^^^^^^^^^^^^^^^^^^^^^^
  File "E:\code\my_code\edu_risk\.venv\Lib\site-packages\uvicorn\middleware\proxy_headers.py", line 63, in __call__
    return await self.app(scope, receive, send)
           ^^^^^^^^^^^^^^^^^^^^^^^^^^^^^^^^^^^^
  File "E:\code\my_code\edu_risk\.venv\Lib\site-packages\fastapi\applications.py", line 1163, in __call__
    await super().__call__(scope, receive, send)
  File "E:\code\my_code\edu_risk\.venv\Lib\site-packages\starlette\applications.py", line 96, in __call__
    await self.middleware_stack(scope, receive, send)
  File "E:\code\my_code\edu_risk\.venv\Lib\site-packages\starlette\middleware\errors.py", line 186, in __call__
    raise exc
  File "E:\code\my_code\edu_risk\.venv\Lib\site-packages\starlette\middleware\errors.py", line 164, in __call__
    await self.app(scope, receive, _send)
  File "E:\code\my_code\edu_risk\.venv\Lib\site-packages\starlette\middleware\cors.py", line 96, in __call__
    await self.simple_response(scope, receive, send, request_headers=headers)
  File "E:\code\my_code\edu_risk\.venv\Lib\site-packages\starlette\middleware\cors.py", line 154, in simple_response
    await self.app(scope, receive, send)
  File "E:\code\my_code\edu_risk\.venv\Lib\site-packages\starlette\middleware\exceptions.py", line 63, in __call__
    await wrap_app_handling_exceptions(self.app, conn)(scope, receive, send)
  File "E:\code\my_code\edu_risk\.venv\Lib\site-packages\starlette\_exception_handler.py", line 53, in wrapped_app
    raise exc
  File "E:\code\my_code\edu_risk\.venv\Lib\site-packages\starlette\_exception_handler.py", line 42, in wrapped_app
    await app(scope, receive, sender)
  File "E:\code\my_code\edu_risk\.venv\Lib\site-packages\fastapi\middleware\asyncexitstack.py", line 18, in __call__
    await self.app(scope, receive, send)
  File "E:\code\my_code\edu_risk\.venv\Lib\site-packages\starlette\routing.py", line 670, in __call__
    await self.middleware_stack(scope, receive, send)
  File "E:\code\my_code\edu_risk\.venv\Lib\site-packages\fastapi\routing.py", line 2734, in app
    await route.handle(scope, receive, send)
  File "E:\code\my_code\edu_risk\.venv\Lib\site-packages\fastapi\routing.py", line 1780, in handle
    await self.original_router.handle(scope, receive, send)
  File "E:\code\my_code\edu_risk\.venv\Lib\site-packages\fastapi\routing.py", line 2789, in handle
    await included_router._handle_selected(scope, receive, send)
  File "E:\code\my_code\edu_risk\.venv\Lib\site-packages\fastapi\routing.py", line 1800, in _handle_selected
    await original_route.handle(scope, receive, send)
  File "E:\code\my_code\edu_risk\.venv\Lib\site-packages\fastapi\routing.py", line 1279, in handle
    await app(scope, receive, send)
  File "E:\code\my_code\edu_risk\.venv\Lib\site-packages\fastapi\routing.py", line 158, in app
    await wrap_app_handling_exceptions(app, request)(scope, receive, send)
  File "E:\code\my_code\edu_risk\.venv\Lib\site-packages\starlette\_exception_handler.py", line 53, in wrapped_app
    raise exc
  File "E:\code\my_code\edu_risk\.venv\Lib\site-packages\starlette\_exception_handler.py", line 42, in wrapped_app
    await app(scope, receive, sender)
  File "E:\code\my_code\edu_risk\.venv\Lib\site-packages\fastapi\routing.py", line 144, in app
    response = await f(request)
               ^^^^^^^^^^^^^^^^
  File "E:\code\my_code\edu_risk\.venv\Lib\site-packages\fastapi\routing.py", line 706, in app
    raw_response = await run_endpoint_function(
                   ^^^^^^^^^^^^^^^^^^^^^^^^^^^^
  File "E:\code\my_code\edu_risk\.venv\Lib\site-packages\fastapi\routing.py", line 352, in run_endpoint_function
    return await dependant.call(**values)
           ^^^^^^^^^^^^^^^^^^^^^^^^^^^^^^
  File "E:\code\my_code\edu_risk\app\routers\dashboard.py", line 73, in rule_effectiveness
    assessments = (await db.execute(
                   ^^^^^^^^^^^^^^^^^
  File "E:\code\my_code\edu_risk\.venv\Lib\site-packages\sqlalchemy\ext\asyncio\session.py", line 448, in execute
    result = await greenlet_spawn(
             ^^^^^^^^^^^^^^^^^^^^^
  File "E:\code\my_code\edu_risk\.venv\Lib\site-packages\sqlalchemy\util\_concurrency_py3k.py", line 201, in greenlet_spawn
    result = context.throw(*sys.exc_info())
             ^^^^^^^^^^^^^^^^^^^^^^^^^^^^^^
  File "E:\code\my_code\edu_risk\.venv\Lib\site-packages\sqlalchemy\orm\session.py", line 2373, in execute
    return self._execute_internal(
           ^^^^^^^^^^^^^^^^^^^^^^^
  File "E:\code\my_code\edu_risk\.venv\Lib\site-packages\sqlalchemy\orm\session.py", line 2261, in _execute_internal
    conn = self._connection_for_bind(bind)
           ^^^^^^^^^^^^^^^^^^^^^^^^^^^^^^^
  File "E:\code\my_code\edu_risk\.venv\Lib\site-packages\sqlalchemy\orm\session.py", line 2113, in _connection_for_bind
    return trans._connection_for_bind(engine, execution_options)
           ^^^^^^^^^^^^^^^^^^^^^^^^^^^^^^^^^^^^^^^^^^^^^^^^^^^^^
  File "<string>", line 2, in _connection_for_bind
  File "E:\code\my_code\edu_risk\.venv\Lib\site-packages\sqlalchemy\orm\state_changes.py", line 137, in _go
    ret_value = fn(self, *arg, **kw)
                ^^^^^^^^^^^^^^^^^^^^
  File "E:\code\my_code\edu_risk\.venv\Lib\site-packages\sqlalchemy\orm\session.py", line 1191, in _connection_for_bind
    conn = bind.connect()
           ^^^^^^^^^^^^^^
  File "E:\code\my_code\edu_risk\.venv\Lib\site-packages\sqlalchemy\engine\base.py", line 3295, in connect
    return self._connection_cls(self)
           ^^^^^^^^^^^^^^^^^^^^^^^^^^
  File "E:\code\my_code\edu_risk\.venv\Lib\site-packages\sqlalchemy\engine\base.py", line 146, in __init__
    Connection._handle_dbapi_exception_noconnection(
  File "E:\code\my_code\edu_risk\.venv\Lib\site-packages\sqlalchemy\engine\base.py", line 2450, in _handle_dbapi_exception_noconnection
    raise sqlalchemy_exception.with_traceback(exc_info[2]) from e
  File "E:\code\my_code\edu_risk\.venv\Lib\site-packages\sqlalchemy\engine\base.py", line 144, in __init__
    self._dbapi_connection = engine.raw_connection()
                             ^^^^^^^^^^^^^^^^^^^^^^^
  File "E:\code\my_code\edu_risk\.venv\Lib\site-packages\sqlalchemy\engine\base.py", line 3319, in raw_connection
    return self.pool.connect()
           ^^^^^^^^^^^^^^^^^^^
  File "E:\code\my_code\edu_risk\.venv\Lib\site-packages\sqlalchemy\pool\base.py", line 448, in connect
    return _ConnectionFairy._checkout(self)
           ^^^^^^^^^^^^^^^^^^^^^^^^^^^^^^^^
  File "E:\code\my_code\edu_risk\.venv\Lib\site-packages\sqlalchemy\pool\base.py", line 1272, in _checkout
    fairy = _ConnectionRecord.checkout(pool)
            ^^^^^^^^^^^^^^^^^^^^^^^^^^^^^^^^
  File "E:\code\my_code\edu_risk\.venv\Lib\site-packages\sqlalchemy\pool\base.py", line 712, in checkout
    rec = pool._do_get()
          ^^^^^^^^^^^^^^
  File "E:\code\my_code\edu_risk\.venv\Lib\site-packages\sqlalchemy\pool\impl.py", line 178, in _do_get
    with util.safe_reraise():
  File "E:\code\my_code\edu_risk\.venv\Lib\site-packages\sqlalchemy\util\langhelpers.py", line 122, in __exit__
    raise exc_value.with_traceback(exc_tb)
  File "E:\code\my_code\edu_risk\.venv\Lib\site-packages\sqlalchemy\pool\impl.py", line 176, in _do_get
    return self._create_connection()
           ^^^^^^^^^^^^^^^^^^^^^^^^^
  File "E:\code\my_code\edu_risk\.venv\Lib\site-packages\sqlalchemy\pool\base.py", line 389, in _create_connection
    return _ConnectionRecord(self)
           ^^^^^^^^^^^^^^^^^^^^^^^
  File "E:\code\my_code\edu_risk\.venv\Lib\site-packages\sqlalchemy\pool\base.py", line 674, in __init__
    self.__connect()
  File "E:\code\my_code\edu_risk\.venv\Lib\site-packages\sqlalchemy\pool\base.py", line 900, in __connect
    with util.safe_reraise():
  File "E:\code\my_code\edu_risk\.venv\Lib\site-packages\sqlalchemy\util\langhelpers.py", line 122, in __exit__
    raise exc_value.with_traceback(exc_tb)
  File "E:\code\my_code\edu_risk\.venv\Lib\site-packages\sqlalchemy\pool\base.py", line 896, in __connect
    self.dbapi_connection = connection = pool._invoke_creator(self)
                                         ^^^^^^^^^^^^^^^^^^^^^^^^^^
  File "E:\code\my_code\edu_risk\.venv\Lib\site-packages\sqlalchemy\engine\create.py", line 667, in connect
    return dialect.connect(*cargs_tup, **cparams)
           ^^^^^^^^^^^^^^^^^^^^^^^^^^^^^^^^^^^^^^
  File "E:\code\my_code\edu_risk\.venv\Lib\site-packages\sqlalchemy\engine\default.py", line 630, in connect
    return self.loaded_dbapi.connect(*cargs, **cparams)  # type: ignore[no-any-return]  # NOQA: E501
           ^^^^^^^^^^^^^^^^^^^^^^^^^^^^^^^^^^^^^^^^^^^^
  File "E:\code\my_code\edu_risk\.venv\Lib\site-packages\sqlalchemy\dialects\mysql\aiomysql.py", line 176, in connect
    await_only(creator_fn(*arg, **kw)),
    ^^^^^^^^^^^^^^^^^^^^^^^^^^^^^^^^^^
  File "E:\code\my_code\edu_risk\.venv\Lib\site-packages\sqlalchemy\util\_concurrency_py3k.py", line 132, in await_only
    return current.parent.switch(awaitable)  # type: ignore[no-any-return,attr-defined] # noqa: E501
           ^^^^^^^^^^^^^^^^^^^^^^^^^^^^^^^^
  File "E:\code\my_code\edu_risk\.venv\Lib\site-packages\sqlalchemy\util\_concurrency_py3k.py", line 196, in greenlet_spawn
    value = await result
            ^^^^^^^^^^^^
  File "E:\code\my_code\edu_risk\.venv\Lib\site-packages\aiomysql\connection.py", line 74, in _connect
    await conn._connect()
  File "E:\code\my_code\edu_risk\.venv\Lib\site-packages\aiomysql\connection.py", line 540, in _connect
    await self._request_authentication()
  File "E:\code\my_code\edu_risk\.venv\Lib\site-packages\aiomysql\connection.py", line 865, in _request_authentication
    await self.caching_sha2_password_auth(auth_packet)
  File "E:\code\my_code\edu_risk\.venv\Lib\site-packages\aiomysql\connection.py", line 952, in caching_sha2_password_auth
    pkt = await self._read_packet()
          ^^^^^^^^^^^^^^^^^^^^^^^^^
  File "E:\code\my_code\edu_risk\.venv\Lib\site-packages\aiomysql\connection.py", line 652, in _read_packet
    packet.raise_for_error()
  File "E:\code\my_code\edu_risk\.venv\Lib\site-packages\pymysql\protocol.py", line 219, in raise_for_error
    err.raise_mysql_exception(self._data)
  File "E:\code\my_code\edu_risk\.venv\Lib\site-packages\pymysql\err.py", line 154, in raise_mysql_exception
    raise errorclass(errno, errval, sqlstate=sqlstate)
sqlalchemy.exc.OperationalError: (pymysql.err.OperationalError) (1049, "Unknown database 'edu_risk'")
(Background on this error at: https://sqlalche.me/e/20/e3q8)
2026-08-12 10:12:51,155 INFO [uvicorn.access] 127.0.0.1:58529 - "GET /api/health HTTP/1.1" 200
2026-08-12 10:12:51,160 INFO [uvicorn.access] 127.0.0.1:55436 - "GET /api/dashboard/stats?days=7 HTTP/1.1" 500
2026-08-12 10:12:51,162 ERROR [uvicorn.error] Exception in ASGI application
Traceback (most recent call last):
  File "E:\code\my_code\edu_risk\.venv\Lib\site-packages\sqlalchemy\engine\base.py", line 144, in __init__
    self._dbapi_connection = engine.raw_connection()
                             ^^^^^^^^^^^^^^^^^^^^^^^
  File "E:\code\my_code\edu_risk\.venv\Lib\site-packages\sqlalchemy\engine\base.py", line 3319, in raw_connection
    return self.pool.connect()
           ^^^^^^^^^^^^^^^^^^^
  File "E:\code\my_code\edu_risk\.venv\Lib\site-packages\sqlalchemy\pool\base.py", line 448, in connect
    return _ConnectionFairy._checkout(self)
           ^^^^^^^^^^^^^^^^^^^^^^^^^^^^^^^^
  File "E:\code\my_code\edu_risk\.venv\Lib\site-packages\sqlalchemy\pool\base.py", line 1272, in _checkout
    fairy = _ConnectionRecord.checkout(pool)
            ^^^^^^^^^^^^^^^^^^^^^^^^^^^^^^^^
  File "E:\code\my_code\edu_risk\.venv\Lib\site-packages\sqlalchemy\pool\base.py", line 712, in checkout
    rec = pool._do_get()
          ^^^^^^^^^^^^^^
  File "E:\code\my_code\edu_risk\.venv\Lib\site-packages\sqlalchemy\pool\impl.py", line 178, in _do_get
    with util.safe_reraise():
  File "E:\code\my_code\edu_risk\.venv\Lib\site-packages\sqlalchemy\util\langhelpers.py", line 122, in __exit__
    raise exc_value.with_traceback(exc_tb)
  File "E:\code\my_code\edu_risk\.venv\Lib\site-packages\sqlalchemy\pool\impl.py", line 176, in _do_get
    return self._create_connection()
           ^^^^^^^^^^^^^^^^^^^^^^^^^
  File "E:\code\my_code\edu_risk\.venv\Lib\site-packages\sqlalchemy\pool\base.py", line 389, in _create_connection
    return _ConnectionRecord(self)
           ^^^^^^^^^^^^^^^^^^^^^^^
  File "E:\code\my_code\edu_risk\.venv\Lib\site-packages\sqlalchemy\pool\base.py", line 674, in __init__
    self.__connect()
  File "E:\code\my_code\edu_risk\.venv\Lib\site-packages\sqlalchemy\pool\base.py", line 900, in __connect
    with util.safe_reraise():
  File "E:\code\my_code\edu_risk\.venv\Lib\site-packages\sqlalchemy\util\langhelpers.py", line 122, in __exit__
    raise exc_value.with_traceback(exc_tb)
  File "E:\code\my_code\edu_risk\.venv\Lib\site-packages\sqlalchemy\pool\base.py", line 896, in __connect
    self.dbapi_connection = connection = pool._invoke_creator(self)
                                         ^^^^^^^^^^^^^^^^^^^^^^^^^^
  File "E:\code\my_code\edu_risk\.venv\Lib\site-packages\sqlalchemy\engine\create.py", line 667, in connect
    return dialect.connect(*cargs_tup, **cparams)
           ^^^^^^^^^^^^^^^^^^^^^^^^^^^^^^^^^^^^^^
  File "E:\code\my_code\edu_risk\.venv\Lib\site-packages\sqlalchemy\engine\default.py", line 630, in connect
    return self.loaded_dbapi.connect(*cargs, **cparams)  # type: ignore[no-any-return]  # NOQA: E501
           ^^^^^^^^^^^^^^^^^^^^^^^^^^^^^^^^^^^^^^^^^^^^
  File "E:\code\my_code\edu_risk\.venv\Lib\site-packages\sqlalchemy\dialects\mysql\aiomysql.py", line 176, in connect
    await_only(creator_fn(*arg, **kw)),
    ^^^^^^^^^^^^^^^^^^^^^^^^^^^^^^^^^^
  File "E:\code\my_code\edu_risk\.venv\Lib\site-packages\sqlalchemy\util\_concurrency_py3k.py", line 132, in await_only
    return current.parent.switch(awaitable)  # type: ignore[no-any-return,attr-defined] # noqa: E501
           ^^^^^^^^^^^^^^^^^^^^^^^^^^^^^^^^
  File "E:\code\my_code\edu_risk\.venv\Lib\site-packages\sqlalchemy\util\_concurrency_py3k.py", line 196, in greenlet_spawn
    value = await result
            ^^^^^^^^^^^^
  File "E:\code\my_code\edu_risk\.venv\Lib\site-packages\aiomysql\connection.py", line 74, in _connect
    await conn._connect()
  File "E:\code\my_code\edu_risk\.venv\Lib\site-packages\aiomysql\connection.py", line 540, in _connect
    await self._request_authentication()
  File "E:\code\my_code\edu_risk\.venv\Lib\site-packages\aiomysql\connection.py", line 865, in _request_authentication
    await self.caching_sha2_password_auth(auth_packet)
  File "E:\code\my_code\edu_risk\.venv\Lib\site-packages\aiomysql\connection.py", line 952, in caching_sha2_password_auth
    pkt = await self._read_packet()
          ^^^^^^^^^^^^^^^^^^^^^^^^^
  File "E:\code\my_code\edu_risk\.venv\Lib\site-packages\aiomysql\connection.py", line 652, in _read_packet
    packet.raise_for_error()
  File "E:\code\my_code\edu_risk\.venv\Lib\site-packages\pymysql\protocol.py", line 219, in raise_for_error
    err.raise_mysql_exception(self._data)
  File "E:\code\my_code\edu_risk\.venv\Lib\site-packages\pymysql\err.py", line 154, in raise_mysql_exception
    raise errorclass(errno, errval, sqlstate=sqlstate)
pymysql.err.OperationalError: (1049, "Unknown database 'edu_risk'")

The above exception was the direct cause of the following exception:

Traceback (most recent call last):
  File "E:\code\my_code\edu_risk\.venv\Lib\site-packages\uvicorn\protocols\http\h11_impl.py", line 416, in run_asgi
    result = await app(  # type: ignore[func-returns-value]
             ^^^^^^^^^^^^^^^^^^^^^^^^^^^^^^^^^^^^^^^^^^^^^^
  File "E:\code\my_code\edu_risk\.venv\Lib\site-packages\uvicorn\middleware\proxy_headers.py", line 63, in __call__
    return await self.app(scope, receive, send)
           ^^^^^^^^^^^^^^^^^^^^^^^^^^^^^^^^^^^^
  File "E:\code\my_code\edu_risk\.venv\Lib\site-packages\fastapi\applications.py", line 1163, in __call__
    await super().__call__(scope, receive, send)
  File "E:\code\my_code\edu_risk\.venv\Lib\site-packages\starlette\applications.py", line 96, in __call__
    await self.middleware_stack(scope, receive, send)
  File "E:\code\my_code\edu_risk\.venv\Lib\site-packages\starlette\middleware\errors.py", line 186, in __call__
    raise exc
  File "E:\code\my_code\edu_risk\.venv\Lib\site-packages\starlette\middleware\errors.py", line 164, in __call__
    await self.app(scope, receive, _send)
  File "E:\code\my_code\edu_risk\.venv\Lib\site-packages\starlette\middleware\cors.py", line 96, in __call__
    await self.simple_response(scope, receive, send, request_headers=headers)
  File "E:\code\my_code\edu_risk\.venv\Lib\site-packages\starlette\middleware\cors.py", line 154, in simple_response
    await self.app(scope, receive, send)
  File "E:\code\my_code\edu_risk\.venv\Lib\site-packages\starlette\middleware\exceptions.py", line 63, in __call__
    await wrap_app_handling_exceptions(self.app, conn)(scope, receive, send)
  File "E:\code\my_code\edu_risk\.venv\Lib\site-packages\starlette\_exception_handler.py", line 53, in wrapped_app
    raise exc
  File "E:\code\my_code\edu_risk\.venv\Lib\site-packages\starlette\_exception_handler.py", line 42, in wrapped_app
    await app(scope, receive, sender)
  File "E:\code\my_code\edu_risk\.venv\Lib\site-packages\fastapi\middleware\asyncexitstack.py", line 18, in __call__
    await self.app(scope, receive, send)
  File "E:\code\my_code\edu_risk\.venv\Lib\site-packages\starlette\routing.py", line 670, in __call__
    await self.middleware_stack(scope, receive, send)
  File "E:\code\my_code\edu_risk\.venv\Lib\site-packages\fastapi\routing.py", line 2734, in app
    await route.handle(scope, receive, send)
  File "E:\code\my_code\edu_risk\.venv\Lib\site-packages\fastapi\routing.py", line 1780, in handle
    await self.original_router.handle(scope, receive, send)
  File "E:\code\my_code\edu_risk\.venv\Lib\site-packages\fastapi\routing.py", line 2789, in handle
    await included_router._handle_selected(scope, receive, send)
  File "E:\code\my_code\edu_risk\.venv\Lib\site-packages\fastapi\routing.py", line 1800, in _handle_selected
    await original_route.handle(scope, receive, send)
  File "E:\code\my_code\edu_risk\.venv\Lib\site-packages\fastapi\routing.py", line 1279, in handle
    await app(scope, receive, send)
  File "E:\code\my_code\edu_risk\.venv\Lib\site-packages\fastapi\routing.py", line 158, in app
    await wrap_app_handling_exceptions(app, request)(scope, receive, send)
  File "E:\code\my_code\edu_risk\.venv\Lib\site-packages\starlette\_exception_handler.py", line 53, in wrapped_app
    raise exc
  File "E:\code\my_code\edu_risk\.venv\Lib\site-packages\starlette\_exception_handler.py", line 42, in wrapped_app
    await app(scope, receive, sender)
  File "E:\code\my_code\edu_risk\.venv\Lib\site-packages\fastapi\routing.py", line 144, in app
    response = await f(request)
               ^^^^^^^^^^^^^^^^
  File "E:\code\my_code\edu_risk\.venv\Lib\site-packages\fastapi\routing.py", line 706, in app
    raw_response = await run_endpoint_function(
                   ^^^^^^^^^^^^^^^^^^^^^^^^^^^^
  File "E:\code\my_code\edu_risk\.venv\Lib\site-packages\fastapi\routing.py", line 352, in run_endpoint_function
    return await dependant.call(**values)
           ^^^^^^^^^^^^^^^^^^^^^^^^^^^^^^
  File "E:\code\my_code\edu_risk\app\routers\dashboard.py", line 21, in dashboard_stats
    total_checks = (await db.execute(select(func.count(RiskEvent.event_id)).where(
                    ^^^^^^^^^^^^^^^^^^^^^^^^^^^^^^^^^^^^^^^^^^^^^^^^^^^^^^^^^^^^^^
  File "E:\code\my_code\edu_risk\.venv\Lib\site-packages\sqlalchemy\ext\asyncio\session.py", line 448, in execute
    result = await greenlet_spawn(
             ^^^^^^^^^^^^^^^^^^^^^
  File "E:\code\my_code\edu_risk\.venv\Lib\site-packages\sqlalchemy\util\_concurrency_py3k.py", line 201, in greenlet_spawn
    result = context.throw(*sys.exc_info())
             ^^^^^^^^^^^^^^^^^^^^^^^^^^^^^^
  File "E:\code\my_code\edu_risk\.venv\Lib\site-packages\sqlalchemy\orm\session.py", line 2373, in execute
    return self._execute_internal(
           ^^^^^^^^^^^^^^^^^^^^^^^
  File "E:\code\my_code\edu_risk\.venv\Lib\site-packages\sqlalchemy\orm\session.py", line 2261, in _execute_internal
    conn = self._connection_for_bind(bind)
           ^^^^^^^^^^^^^^^^^^^^^^^^^^^^^^^
  File "E:\code\my_code\edu_risk\.venv\Lib\site-packages\sqlalchemy\orm\session.py", line 2113, in _connection_for_bind
    return trans._connection_for_bind(engine, execution_options)
           ^^^^^^^^^^^^^^^^^^^^^^^^^^^^^^^^^^^^^^^^^^^^^^^^^^^^^
  File "<string>", line 2, in _connection_for_bind
  File "E:\code\my_code\edu_risk\.venv\Lib\site-packages\sqlalchemy\orm\state_changes.py", line 137, in _go
    ret_value = fn(self, *arg, **kw)
                ^^^^^^^^^^^^^^^^^^^^
  File "E:\code\my_code\edu_risk\.venv\Lib\site-packages\sqlalchemy\orm\session.py", line 1191, in _connection_for_bind
    conn = bind.connect()
           ^^^^^^^^^^^^^^
  File "E:\code\my_code\edu_risk\.venv\Lib\site-packages\sqlalchemy\engine\base.py", line 3295, in connect
    return self._connection_cls(self)
           ^^^^^^^^^^^^^^^^^^^^^^^^^^
  File "E:\code\my_code\edu_risk\.venv\Lib\site-packages\sqlalchemy\engine\base.py", line 146, in __init__
    Connection._handle_dbapi_exception_noconnection(
  File "E:\code\my_code\edu_risk\.venv\Lib\site-packages\sqlalchemy\engine\base.py", line 2450, in _handle_dbapi_exception_noconnection
    raise sqlalchemy_exception.with_traceback(exc_info[2]) from e
  File "E:\code\my_code\edu_risk\.venv\Lib\site-packages\sqlalchemy\engine\base.py", line 144, in __init__
    self._dbapi_connection = engine.raw_connection()
                             ^^^^^^^^^^^^^^^^^^^^^^^
  File "E:\code\my_code\edu_risk\.venv\Lib\site-packages\sqlalchemy\engine\base.py", line 3319, in raw_connection
    return self.pool.connect()
           ^^^^^^^^^^^^^^^^^^^
  File "E:\code\my_code\edu_risk\.venv\Lib\site-packages\sqlalchemy\pool\base.py", line 448, in connect
    return _ConnectionFairy._checkout(self)
           ^^^^^^^^^^^^^^^^^^^^^^^^^^^^^^^^
  File "E:\code\my_code\edu_risk\.venv\Lib\site-packages\sqlalchemy\pool\base.py", line 1272, in _checkout
    fairy = _ConnectionRecord.checkout(pool)
            ^^^^^^^^^^^^^^^^^^^^^^^^^^^^^^^^
  File "E:\code\my_code\edu_risk\.venv\Lib\site-packages\sqlalchemy\pool\base.py", line 712, in checkout
    rec = pool._do_get()
          ^^^^^^^^^^^^^^
  File "E:\code\my_code\edu_risk\.venv\Lib\site-packages\sqlalchemy\pool\impl.py", line 178, in _do_get
    with util.safe_reraise():
  File "E:\code\my_code\edu_risk\.venv\Lib\site-packages\sqlalchemy\util\langhelpers.py", line 122, in __exit__
    raise exc_value.with_traceback(exc_tb)
  File "E:\code\my_code\edu_risk\.venv\Lib\site-packages\sqlalchemy\pool\impl.py", line 176, in _do_get
    return self._create_connection()
           ^^^^^^^^^^^^^^^^^^^^^^^^^
  File "E:\code\my_code\edu_risk\.venv\Lib\site-packages\sqlalchemy\pool\base.py", line 389, in _create_connection
    return _ConnectionRecord(self)
           ^^^^^^^^^^^^^^^^^^^^^^^
  File "E:\code\my_code\edu_risk\.venv\Lib\site-packages\sqlalchemy\pool\base.py", line 674, in __init__
    self.__connect()
  File "E:\code\my_code\edu_risk\.venv\Lib\site-packages\sqlalchemy\pool\base.py", line 900, in __connect
    with util.safe_reraise():
  File "E:\code\my_code\edu_risk\.venv\Lib\site-packages\sqlalchemy\util\langhelpers.py", line 122, in __exit__
    raise exc_value.with_traceback(exc_tb)
  File "E:\code\my_code\edu_risk\.venv\Lib\site-packages\sqlalchemy\pool\base.py", line 896, in __connect
    self.dbapi_connection = connection = pool._invoke_creator(self)
                                         ^^^^^^^^^^^^^^^^^^^^^^^^^^
  File "E:\code\my_code\edu_risk\.venv\Lib\site-packages\sqlalchemy\engine\create.py", line 667, in connect
    return dialect.connect(*cargs_tup, **cparams)
           ^^^^^^^^^^^^^^^^^^^^^^^^^^^^^^^^^^^^^^
  File "E:\code\my_code\edu_risk\.venv\Lib\site-packages\sqlalchemy\engine\default.py", line 630, in connect
    return self.loaded_dbapi.connect(*cargs, **cparams)  # type: ignore[no-any-return]  # NOQA: E501
           ^^^^^^^^^^^^^^^^^^^^^^^^^^^^^^^^^^^^^^^^^^^^
  File "E:\code\my_code\edu_risk\.venv\Lib\site-packages\sqlalchemy\dialects\mysql\aiomysql.py", line 176, in connect
    await_only(creator_fn(*arg, **kw)),
    ^^^^^^^^^^^^^^^^^^^^^^^^^^^^^^^^^^
  File "E:\code\my_code\edu_risk\.venv\Lib\site-packages\sqlalchemy\util\_concurrency_py3k.py", line 132, in await_only
    return current.parent.switch(awaitable)  # type: ignore[no-any-return,attr-defined] # noqa: E501
           ^^^^^^^^^^^^^^^^^^^^^^^^^^^^^^^^
  File "E:\code\my_code\edu_risk\.venv\Lib\site-packages\sqlalchemy\util\_concurrency_py3k.py", line 196, in greenlet_spawn
    value = await result
            ^^^^^^^^^^^^
  File "E:\code\my_code\edu_risk\.venv\Lib\site-packages\aiomysql\connection.py", line 74, in _connect
    await conn._connect()
  File "E:\code\my_code\edu_risk\.venv\Lib\site-packages\aiomysql\connection.py", line 540, in _connect
    await self._request_authentication()
  File "E:\code\my_code\edu_risk\.venv\Lib\site-packages\aiomysql\connection.py", line 865, in _request_authentication
    await self.caching_sha2_password_auth(auth_packet)
  File "E:\code\my_code\edu_risk\.venv\Lib\site-packages\aiomysql\connection.py", line 952, in caching_sha2_password_auth
    pkt = await self._read_packet()
          ^^^^^^^^^^^^^^^^^^^^^^^^^
  File "E:\code\my_code\edu_risk\.venv\Lib\site-packages\aiomysql\connection.py", line 652, in _read_packet
    packet.raise_for_error()
  File "E:\code\my_code\edu_risk\.venv\Lib\site-packages\pymysql\protocol.py", line 219, in raise_for_error
    err.raise_mysql_exception(self._data)
  File "E:\code\my_code\edu_risk\.venv\Lib\site-packages\pymysql\err.py", line 154, in raise_mysql_exception
    raise errorclass(errno, errval, sqlstate=sqlstate)
sqlalchemy.exc.OperationalError: (pymysql.err.OperationalError) (1049, "Unknown database 'edu_risk'")
(Background on this error at: https://sqlalche.me/e/20/e3q8)
2026-08-12 10:12:51,188 INFO [uvicorn.access] 127.0.0.1:58529 - "GET /api/dashboard/trend?days=7 HTTP/1.1" 500
2026-08-12 10:12:51,191 ERROR [uvicorn.error] Exception in ASGI application
Traceback (most recent call last):
  File "E:\code\my_code\edu_risk\.venv\Lib\site-packages\sqlalchemy\engine\base.py", line 144, in __init__
    self._dbapi_connection = engine.raw_connection()
                             ^^^^^^^^^^^^^^^^^^^^^^^
  File "E:\code\my_code\edu_risk\.venv\Lib\site-packages\sqlalchemy\engine\base.py", line 3319, in raw_connection
    return self.pool.connect()
           ^^^^^^^^^^^^^^^^^^^
  File "E:\code\my_code\edu_risk\.venv\Lib\site-packages\sqlalchemy\pool\base.py", line 448, in connect
    return _ConnectionFairy._checkout(self)
           ^^^^^^^^^^^^^^^^^^^^^^^^^^^^^^^^
  File "E:\code\my_code\edu_risk\.venv\Lib\site-packages\sqlalchemy\pool\base.py", line 1272, in _checkout
    fairy = _ConnectionRecord.checkout(pool)
            ^^^^^^^^^^^^^^^^^^^^^^^^^^^^^^^^
  File "E:\code\my_code\edu_risk\.venv\Lib\site-packages\sqlalchemy\pool\base.py", line 712, in checkout
    rec = pool._do_get()
          ^^^^^^^^^^^^^^
  File "E:\code\my_code\edu_risk\.venv\Lib\site-packages\sqlalchemy\pool\impl.py", line 178, in _do_get
    with util.safe_reraise():
  File "E:\code\my_code\edu_risk\.venv\Lib\site-packages\sqlalchemy\util\langhelpers.py", line 122, in __exit__
    raise exc_value.with_traceback(exc_tb)
  File "E:\code\my_code\edu_risk\.venv\Lib\site-packages\sqlalchemy\pool\impl.py", line 176, in _do_get
    return self._create_connection()
           ^^^^^^^^^^^^^^^^^^^^^^^^^
  File "E:\code\my_code\edu_risk\.venv\Lib\site-packages\sqlalchemy\pool\base.py", line 389, in _create_connection
    return _ConnectionRecord(self)
           ^^^^^^^^^^^^^^^^^^^^^^^
  File "E:\code\my_code\edu_risk\.venv\Lib\site-packages\sqlalchemy\pool\base.py", line 674, in __init__
    self.__connect()
  File "E:\code\my_code\edu_risk\.venv\Lib\site-packages\sqlalchemy\pool\base.py", line 900, in __connect
    with util.safe_reraise():
  File "E:\code\my_code\edu_risk\.venv\Lib\site-packages\sqlalchemy\util\langhelpers.py", line 122, in __exit__
    raise exc_value.with_traceback(exc_tb)
  File "E:\code\my_code\edu_risk\.venv\Lib\site-packages\sqlalchemy\pool\base.py", line 896, in __connect
    self.dbapi_connection = connection = pool._invoke_creator(self)
                                         ^^^^^^^^^^^^^^^^^^^^^^^^^^
  File "E:\code\my_code\edu_risk\.venv\Lib\site-packages\sqlalchemy\engine\create.py", line 667, in connect
    return dialect.connect(*cargs_tup, **cparams)
           ^^^^^^^^^^^^^^^^^^^^^^^^^^^^^^^^^^^^^^
  File "E:\code\my_code\edu_risk\.venv\Lib\site-packages\sqlalchemy\engine\default.py", line 630, in connect
    return self.loaded_dbapi.connect(*cargs, **cparams)  # type: ignore[no-any-return]  # NOQA: E501
           ^^^^^^^^^^^^^^^^^^^^^^^^^^^^^^^^^^^^^^^^^^^^
  File "E:\code\my_code\edu_risk\.venv\Lib\site-packages\sqlalchemy\dialects\mysql\aiomysql.py", line 176, in connect
    await_only(creator_fn(*arg, **kw)),
    ^^^^^^^^^^^^^^^^^^^^^^^^^^^^^^^^^^
  File "E:\code\my_code\edu_risk\.venv\Lib\site-packages\sqlalchemy\util\_concurrency_py3k.py", line 132, in await_only
    return current.parent.switch(awaitable)  # type: ignore[no-any-return,attr-defined] # noqa: E501
           ^^^^^^^^^^^^^^^^^^^^^^^^^^^^^^^^
  File "E:\code\my_code\edu_risk\.venv\Lib\site-packages\sqlalchemy\util\_concurrency_py3k.py", line 196, in greenlet_spawn
    value = await result
            ^^^^^^^^^^^^
  File "E:\code\my_code\edu_risk\.venv\Lib\site-packages\aiomysql\connection.py", line 74, in _connect
    await conn._connect()
  File "E:\code\my_code\edu_risk\.venv\Lib\site-packages\aiomysql\connection.py", line 540, in _connect
    await self._request_authentication()
  File "E:\code\my_code\edu_risk\.venv\Lib\site-packages\aiomysql\connection.py", line 865, in _request_authentication
    await self.caching_sha2_password_auth(auth_packet)
  File "E:\code\my_code\edu_risk\.venv\Lib\site-packages\aiomysql\connection.py", line 952, in caching_sha2_password_auth
    pkt = await self._read_packet()
          ^^^^^^^^^^^^^^^^^^^^^^^^^
  File "E:\code\my_code\edu_risk\.venv\Lib\site-packages\aiomysql\connection.py", line 652, in _read_packet
    packet.raise_for_error()
  File "E:\code\my_code\edu_risk\.venv\Lib\site-packages\pymysql\protocol.py", line 219, in raise_for_error
    err.raise_mysql_exception(self._data)
  File "E:\code\my_code\edu_risk\.venv\Lib\site-packages\pymysql\err.py", line 154, in raise_mysql_exception
    raise errorclass(errno, errval, sqlstate=sqlstate)
pymysql.err.OperationalError: (1049, "Unknown database 'edu_risk'")

The above exception was the direct cause of the following exception:

Traceback (most recent call last):
  File "E:\code\my_code\edu_risk\.venv\Lib\site-packages\uvicorn\protocols\http\h11_impl.py", line 416, in run_asgi
    result = await app(  # type: ignore[func-returns-value]
             ^^^^^^^^^^^^^^^^^^^^^^^^^^^^^^^^^^^^^^^^^^^^^^
  File "E:\code\my_code\edu_risk\.venv\Lib\site-packages\uvicorn\middleware\proxy_headers.py", line 63, in __call__
    return await self.app(scope, receive, send)
           ^^^^^^^^^^^^^^^^^^^^^^^^^^^^^^^^^^^^
  File "E:\code\my_code\edu_risk\.venv\Lib\site-packages\fastapi\applications.py", line 1163, in __call__
    await super().__call__(scope, receive, send)
  File "E:\code\my_code\edu_risk\.venv\Lib\site-packages\starlette\applications.py", line 96, in __call__
    await self.middleware_stack(scope, receive, send)
  File "E:\code\my_code\edu_risk\.venv\Lib\site-packages\starlette\middleware\errors.py", line 186, in __call__
    raise exc
  File "E:\code\my_code\edu_risk\.venv\Lib\site-packages\starlette\middleware\errors.py", line 164, in __call__
    await self.app(scope, receive, _send)
  File "E:\code\my_code\edu_risk\.venv\Lib\site-packages\starlette\middleware\cors.py", line 96, in __call__
    await self.simple_response(scope, receive, send, request_headers=headers)
  File "E:\code\my_code\edu_risk\.venv\Lib\site-packages\starlette\middleware\cors.py", line 154, in simple_response
    await self.app(scope, receive, send)
  File "E:\code\my_code\edu_risk\.venv\Lib\site-packages\starlette\middleware\exceptions.py", line 63, in __call__
    await wrap_app_handling_exceptions(self.app, conn)(scope, receive, send)
  File "E:\code\my_code\edu_risk\.venv\Lib\site-packages\starlette\_exception_handler.py", line 53, in wrapped_app
    raise exc
  File "E:\code\my_code\edu_risk\.venv\Lib\site-packages\starlette\_exception_handler.py", line 42, in wrapped_app
    await app(scope, receive, sender)
  File "E:\code\my_code\edu_risk\.venv\Lib\site-packages\fastapi\middleware\asyncexitstack.py", line 18, in __call__
    await self.app(scope, receive, send)
  File "E:\code\my_code\edu_risk\.venv\Lib\site-packages\starlette\routing.py", line 670, in __call__
    await self.middleware_stack(scope, receive, send)
  File "E:\code\my_code\edu_risk\.venv\Lib\site-packages\fastapi\routing.py", line 2734, in app
    await route.handle(scope, receive, send)
  File "E:\code\my_code\edu_risk\.venv\Lib\site-packages\fastapi\routing.py", line 1780, in handle
    await self.original_router.handle(scope, receive, send)
  File "E:\code\my_code\edu_risk\.venv\Lib\site-packages\fastapi\routing.py", line 2789, in handle
    await included_router._handle_selected(scope, receive, send)
  File "E:\code\my_code\edu_risk\.venv\Lib\site-packages\fastapi\routing.py", line 1800, in _handle_selected
    await original_route.handle(scope, receive, send)
  File "E:\code\my_code\edu_risk\.venv\Lib\site-packages\fastapi\routing.py", line 1279, in handle
    await app(scope, receive, send)
  File "E:\code\my_code\edu_risk\.venv\Lib\site-packages\fastapi\routing.py", line 158, in app
    await wrap_app_handling_exceptions(app, request)(scope, receive, send)
  File "E:\code\my_code\edu_risk\.venv\Lib\site-packages\starlette\_exception_handler.py", line 53, in wrapped_app
    raise exc
  File "E:\code\my_code\edu_risk\.venv\Lib\site-packages\starlette\_exception_handler.py", line 42, in wrapped_app
    await app(scope, receive, sender)
  File "E:\code\my_code\edu_risk\.venv\Lib\site-packages\fastapi\routing.py", line 144, in app
    response = await f(request)
               ^^^^^^^^^^^^^^^^
  File "E:\code\my_code\edu_risk\.venv\Lib\site-packages\fastapi\routing.py", line 706, in app
    raw_response = await run_endpoint_function(
                   ^^^^^^^^^^^^^^^^^^^^^^^^^^^^
  File "E:\code\my_code\edu_risk\.venv\Lib\site-packages\fastapi\routing.py", line 352, in run_endpoint_function
    return await dependant.call(**values)
           ^^^^^^^^^^^^^^^^^^^^^^^^^^^^^^
  File "E:\code\my_code\edu_risk\app\routers\dashboard.py", line 61, in risk_trend
    rows = (await db.execute(
            ^^^^^^^^^^^^^^^^^
  File "E:\code\my_code\edu_risk\.venv\Lib\site-packages\sqlalchemy\ext\asyncio\session.py", line 448, in execute
    result = await greenlet_spawn(
             ^^^^^^^^^^^^^^^^^^^^^
  File "E:\code\my_code\edu_risk\.venv\Lib\site-packages\sqlalchemy\util\_concurrency_py3k.py", line 201, in greenlet_spawn
    result = context.throw(*sys.exc_info())
             ^^^^^^^^^^^^^^^^^^^^^^^^^^^^^^
  File "E:\code\my_code\edu_risk\.venv\Lib\site-packages\sqlalchemy\orm\session.py", line 2373, in execute
    return self._execute_internal(
           ^^^^^^^^^^^^^^^^^^^^^^^
  File "E:\code\my_code\edu_risk\.venv\Lib\site-packages\sqlalchemy\orm\session.py", line 2261, in _execute_internal
    conn = self._connection_for_bind(bind)
           ^^^^^^^^^^^^^^^^^^^^^^^^^^^^^^^
  File "E:\code\my_code\edu_risk\.venv\Lib\site-packages\sqlalchemy\orm\session.py", line 2113, in _connection_for_bind
    return trans._connection_for_bind(engine, execution_options)
           ^^^^^^^^^^^^^^^^^^^^^^^^^^^^^^^^^^^^^^^^^^^^^^^^^^^^^
  File "<string>", line 2, in _connection_for_bind
  File "E:\code\my_code\edu_risk\.venv\Lib\site-packages\sqlalchemy\orm\state_changes.py", line 137, in _go
    ret_value = fn(self, *arg, **kw)
                ^^^^^^^^^^^^^^^^^^^^
  File "E:\code\my_code\edu_risk\.venv\Lib\site-packages\sqlalchemy\orm\session.py", line 1191, in _connection_for_bind
    conn = bind.connect()
           ^^^^^^^^^^^^^^
  File "E:\code\my_code\edu_risk\.venv\Lib\site-packages\sqlalchemy\engine\base.py", line 3295, in connect
    return self._connection_cls(self)
           ^^^^^^^^^^^^^^^^^^^^^^^^^^
  File "E:\code\my_code\edu_risk\.venv\Lib\site-packages\sqlalchemy\engine\base.py", line 146, in __init__
    Connection._handle_dbapi_exception_noconnection(
  File "E:\code\my_code\edu_risk\.venv\Lib\site-packages\sqlalchemy\engine\base.py", line 2450, in _handle_dbapi_exception_noconnection
    raise sqlalchemy_exception.with_traceback(exc_info[2]) from e
  File "E:\code\my_code\edu_risk\.venv\Lib\site-packages\sqlalchemy\engine\base.py", line 144, in __init__
    self._dbapi_connection = engine.raw_connection()
                             ^^^^^^^^^^^^^^^^^^^^^^^
  File "E:\code\my_code\edu_risk\.venv\Lib\site-packages\sqlalchemy\engine\base.py", line 3319, in raw_connection
    return self.pool.connect()
           ^^^^^^^^^^^^^^^^^^^
  File "E:\code\my_code\edu_risk\.venv\Lib\site-packages\sqlalchemy\pool\base.py", line 448, in connect
    return _ConnectionFairy._checkout(self)
           ^^^^^^^^^^^^^^^^^^^^^^^^^^^^^^^^
  File "E:\code\my_code\edu_risk\.venv\Lib\site-packages\sqlalchemy\pool\base.py", line 1272, in _checkout
    fairy = _ConnectionRecord.checkout(pool)
            ^^^^^^^^^^^^^^^^^^^^^^^^^^^^^^^^
  File "E:\code\my_code\edu_risk\.venv\Lib\site-packages\sqlalchemy\pool\base.py", line 712, in checkout
    rec = pool._do_get()
          ^^^^^^^^^^^^^^
  File "E:\code\my_code\edu_risk\.venv\Lib\site-packages\sqlalchemy\pool\impl.py", line 178, in _do_get
    with util.safe_reraise():
  File "E:\code\my_code\edu_risk\.venv\Lib\site-packages\sqlalchemy\util\langhelpers.py", line 122, in __exit__
    raise exc_value.with_traceback(exc_tb)
  File "E:\code\my_code\edu_risk\.venv\Lib\site-packages\sqlalchemy\pool\impl.py", line 176, in _do_get
    return self._create_connection()
           ^^^^^^^^^^^^^^^^^^^^^^^^^
  File "E:\code\my_code\edu_risk\.venv\Lib\site-packages\sqlalchemy\pool\base.py", line 389, in _create_connection
    return _ConnectionRecord(self)
           ^^^^^^^^^^^^^^^^^^^^^^^
  File "E:\code\my_code\edu_risk\.venv\Lib\site-packages\sqlalchemy\pool\base.py", line 674, in __init__
    self.__connect()
  File "E:\code\my_code\edu_risk\.venv\Lib\site-packages\sqlalchemy\pool\base.py", line 900, in __connect
    with util.safe_reraise():
  File "E:\code\my_code\edu_risk\.venv\Lib\site-packages\sqlalchemy\util\langhelpers.py", line 122, in __exit__
    raise exc_value.with_traceback(exc_tb)
  File "E:\code\my_code\edu_risk\.venv\Lib\site-packages\sqlalchemy\pool\base.py", line 896, in __connect
    self.dbapi_connection = connection = pool._invoke_creator(self)
                                         ^^^^^^^^^^^^^^^^^^^^^^^^^^
  File "E:\code\my_code\edu_risk\.venv\Lib\site-packages\sqlalchemy\engine\create.py", line 667, in connect
    return dialect.connect(*cargs_tup, **cparams)
           ^^^^^^^^^^^^^^^^^^^^^^^^^^^^^^^^^^^^^^
  File "E:\code\my_code\edu_risk\.venv\Lib\site-packages\sqlalchemy\engine\default.py", line 630, in connect
    return self.loaded_dbapi.connect(*cargs, **cparams)  # type: ignore[no-any-return]  # NOQA: E501
           ^^^^^^^^^^^^^^^^^^^^^^^^^^^^^^^^^^^^^^^^^^^^
  File "E:\code\my_code\edu_risk\.venv\Lib\site-packages\sqlalchemy\dialects\mysql\aiomysql.py", line 176, in connect
    await_only(creator_fn(*arg, **kw)),
    ^^^^^^^^^^^^^^^^^^^^^^^^^^^^^^^^^^
  File "E:\code\my_code\edu_risk\.venv\Lib\site-packages\sqlalchemy\util\_concurrency_py3k.py", line 132, in await_only
    return current.parent.switch(awaitable)  # type: ignore[no-any-return,attr-defined] # noqa: E501
           ^^^^^^^^^^^^^^^^^^^^^^^^^^^^^^^^
  File "E:\code\my_code\edu_risk\.venv\Lib\site-packages\sqlalchemy\util\_concurrency_py3k.py", line 196, in greenlet_spawn
    value = await result
            ^^^^^^^^^^^^
  File "E:\code\my_code\edu_risk\.venv\Lib\site-packages\aiomysql\connection.py", line 74, in _connect
    await conn._connect()
  File "E:\code\my_code\edu_risk\.venv\Lib\site-packages\aiomysql\connection.py", line 540, in _connect
    await self._request_authentication()
  File "E:\code\my_code\edu_risk\.venv\Lib\site-packages\aiomysql\connection.py", line 865, in _request_authentication
    await self.caching_sha2_password_auth(auth_packet)
  File "E:\code\my_code\edu_risk\.venv\Lib\site-packages\aiomysql\connection.py", line 952, in caching_sha2_password_auth
    pkt = await self._read_packet()
          ^^^^^^^^^^^^^^^^^^^^^^^^^
  File "E:\code\my_code\edu_risk\.venv\Lib\site-packages\aiomysql\connection.py", line 652, in _read_packet
    packet.raise_for_error()
  File "E:\code\my_code\edu_risk\.venv\Lib\site-packages\pymysql\protocol.py", line 219, in raise_for_error
    err.raise_mysql_exception(self._data)
  File "E:\code\my_code\edu_risk\.venv\Lib\site-packages\pymysql\err.py", line 154, in raise_mysql_exception
    raise errorclass(errno, errval, sqlstate=sqlstate)
sqlalchemy.exc.OperationalError: (pymysql.err.OperationalError) (1049, "Unknown database 'edu_risk'")
(Background on this error at: https://sqlalche.me/e/20/e3q8)
2026-08-12 10:12:51,410 INFO [uvicorn.access] 127.0.0.1:57730 - "GET /api/dashboard/rule-effectiveness HTTP/1.1" 500
2026-08-12 10:12:51,412 ERROR [uvicorn.error] Exception in ASGI application
Traceback (most recent call last):
  File "E:\code\my_code\edu_risk\.venv\Lib\site-packages\sqlalchemy\engine\base.py", line 144, in __init__
    self._dbapi_connection = engine.raw_connection()
                             ^^^^^^^^^^^^^^^^^^^^^^^
  File "E:\code\my_code\edu_risk\.venv\Lib\site-packages\sqlalchemy\engine\base.py", line 3319, in raw_connection
    return self.pool.connect()
           ^^^^^^^^^^^^^^^^^^^
  File "E:\code\my_code\edu_risk\.venv\Lib\site-packages\sqlalchemy\pool\base.py", line 448, in connect
    return _ConnectionFairy._checkout(self)
           ^^^^^^^^^^^^^^^^^^^^^^^^^^^^^^^^
  File "E:\code\my_code\edu_risk\.venv\Lib\site-packages\sqlalchemy\pool\base.py", line 1272, in _checkout
    fairy = _ConnectionRecord.checkout(pool)
            ^^^^^^^^^^^^^^^^^^^^^^^^^^^^^^^^
  File "E:\code\my_code\edu_risk\.venv\Lib\site-packages\sqlalchemy\pool\base.py", line 712, in checkout
    rec = pool._do_get()
          ^^^^^^^^^^^^^^
  File "E:\code\my_code\edu_risk\.venv\Lib\site-packages\sqlalchemy\pool\impl.py", line 178, in _do_get
    with util.safe_reraise():
  File "E:\code\my_code\edu_risk\.venv\Lib\site-packages\sqlalchemy\util\langhelpers.py", line 122, in __exit__
    raise exc_value.with_traceback(exc_tb)
  File "E:\code\my_code\edu_risk\.venv\Lib\site-packages\sqlalchemy\pool\impl.py", line 176, in _do_get
    return self._create_connection()
           ^^^^^^^^^^^^^^^^^^^^^^^^^
  File "E:\code\my_code\edu_risk\.venv\Lib\site-packages\sqlalchemy\pool\base.py", line 389, in _create_connection
    return _ConnectionRecord(self)
           ^^^^^^^^^^^^^^^^^^^^^^^
  File "E:\code\my_code\edu_risk\.venv\Lib\site-packages\sqlalchemy\pool\base.py", line 674, in __init__
    self.__connect()
  File "E:\code\my_code\edu_risk\.venv\Lib\site-packages\sqlalchemy\pool\base.py", line 900, in __connect
    with util.safe_reraise():
  File "E:\code\my_code\edu_risk\.venv\Lib\site-packages\sqlalchemy\util\langhelpers.py", line 122, in __exit__
    raise exc_value.with_traceback(exc_tb)
  File "E:\code\my_code\edu_risk\.venv\Lib\site-packages\sqlalchemy\pool\base.py", line 896, in __connect
    self.dbapi_connection = connection = pool._invoke_creator(self)
                                         ^^^^^^^^^^^^^^^^^^^^^^^^^^
  File "E:\code\my_code\edu_risk\.venv\Lib\site-packages\sqlalchemy\engine\create.py", line 667, in connect
    return dialect.connect(*cargs_tup, **cparams)
           ^^^^^^^^^^^^^^^^^^^^^^^^^^^^^^^^^^^^^^
  File "E:\code\my_code\edu_risk\.venv\Lib\site-packages\sqlalchemy\engine\default.py", line 630, in connect
    return self.loaded_dbapi.connect(*cargs, **cparams)  # type: ignore[no-any-return]  # NOQA: E501
           ^^^^^^^^^^^^^^^^^^^^^^^^^^^^^^^^^^^^^^^^^^^^
  File "E:\code\my_code\edu_risk\.venv\Lib\site-packages\sqlalchemy\dialects\mysql\aiomysql.py", line 176, in connect
    await_only(creator_fn(*arg, **kw)),
    ^^^^^^^^^^^^^^^^^^^^^^^^^^^^^^^^^^
  File "E:\code\my_code\edu_risk\.venv\Lib\site-packages\sqlalchemy\util\_concurrency_py3k.py", line 132, in await_only
    return current.parent.switch(awaitable)  # type: ignore[no-any-return,attr-defined] # noqa: E501
           ^^^^^^^^^^^^^^^^^^^^^^^^^^^^^^^^
  File "E:\code\my_code\edu_risk\.venv\Lib\site-packages\sqlalchemy\util\_concurrency_py3k.py", line 196, in greenlet_spawn
    value = await result
            ^^^^^^^^^^^^
  File "E:\code\my_code\edu_risk\.venv\Lib\site-packages\aiomysql\connection.py", line 74, in _connect
    await conn._connect()
  File "E:\code\my_code\edu_risk\.venv\Lib\site-packages\aiomysql\connection.py", line 540, in _connect
    await self._request_authentication()
  File "E:\code\my_code\edu_risk\.venv\Lib\site-packages\aiomysql\connection.py", line 865, in _request_authentication
    await self.caching_sha2_password_auth(auth_packet)
  File "E:\code\my_code\edu_risk\.venv\Lib\site-packages\aiomysql\connection.py", line 952, in caching_sha2_password_auth
    pkt = await self._read_packet()
          ^^^^^^^^^^^^^^^^^^^^^^^^^
  File "E:\code\my_code\edu_risk\.venv\Lib\site-packages\aiomysql\connection.py", line 652, in _read_packet
    packet.raise_for_error()
  File "E:\code\my_code\edu_risk\.venv\Lib\site-packages\pymysql\protocol.py", line 219, in raise_for_error
    err.raise_mysql_exception(self._data)
  File "E:\code\my_code\edu_risk\.venv\Lib\site-packages\pymysql\err.py", line 154, in raise_mysql_exception
    raise errorclass(errno, errval, sqlstate=sqlstate)
pymysql.err.OperationalError: (1049, "Unknown database 'edu_risk'")

The above exception was the direct cause of the following exception:

Traceback (most recent call last):
  File "E:\code\my_code\edu_risk\.venv\Lib\site-packages\uvicorn\protocols\http\h11_impl.py", line 416, in run_asgi
    result = await app(  # type: ignore[func-returns-value]
             ^^^^^^^^^^^^^^^^^^^^^^^^^^^^^^^^^^^^^^^^^^^^^^
  File "E:\code\my_code\edu_risk\.venv\Lib\site-packages\uvicorn\middleware\proxy_headers.py", line 63, in __call__
    return await self.app(scope, receive, send)
           ^^^^^^^^^^^^^^^^^^^^^^^^^^^^^^^^^^^^
  File "E:\code\my_code\edu_risk\.venv\Lib\site-packages\fastapi\applications.py", line 1163, in __call__
    await super().__call__(scope, receive, send)
  File "E:\code\my_code\edu_risk\.venv\Lib\site-packages\starlette\applications.py", line 96, in __call__
    await self.middleware_stack(scope, receive, send)
  File "E:\code\my_code\edu_risk\.venv\Lib\site-packages\starlette\middleware\errors.py", line 186, in __call__
    raise exc
  File "E:\code\my_code\edu_risk\.venv\Lib\site-packages\starlette\middleware\errors.py", line 164, in __call__
    await self.app(scope, receive, _send)
  File "E:\code\my_code\edu_risk\.venv\Lib\site-packages\starlette\middleware\cors.py", line 96, in __call__
    await self.simple_response(scope, receive, send, request_headers=headers)
  File "E:\code\my_code\edu_risk\.venv\Lib\site-packages\starlette\middleware\cors.py", line 154, in simple_response
    await self.app(scope, receive, send)
  File "E:\code\my_code\edu_risk\.venv\Lib\site-packages\starlette\middleware\exceptions.py", line 63, in __call__
    await wrap_app_handling_exceptions(self.app, conn)(scope, receive, send)
  File "E:\code\my_code\edu_risk\.venv\Lib\site-packages\starlette\_exception_handler.py", line 53, in wrapped_app
    raise exc
  File "E:\code\my_code\edu_risk\.venv\Lib\site-packages\starlette\_exception_handler.py", line 42, in wrapped_app
    await app(scope, receive, sender)
  File "E:\code\my_code\edu_risk\.venv\Lib\site-packages\fastapi\middleware\asyncexitstack.py", line 18, in __call__
    await self.app(scope, receive, send)
  File "E:\code\my_code\edu_risk\.venv\Lib\site-packages\starlette\routing.py", line 670, in __call__
    await self.middleware_stack(scope, receive, send)
  File "E:\code\my_code\edu_risk\.venv\Lib\site-packages\fastapi\routing.py", line 2734, in app
    await route.handle(scope, receive, send)
  File "E:\code\my_code\edu_risk\.venv\Lib\site-packages\fastapi\routing.py", line 1780, in handle
    await self.original_router.handle(scope, receive, send)
  File "E:\code\my_code\edu_risk\.venv\Lib\site-packages\fastapi\routing.py", line 2789, in handle
    await included_router._handle_selected(scope, receive, send)
  File "E:\code\my_code\edu_risk\.venv\Lib\site-packages\fastapi\routing.py", line 1800, in _handle_selected
    await original_route.handle(scope, receive, send)
  File "E:\code\my_code\edu_risk\.venv\Lib\site-packages\fastapi\routing.py", line 1279, in handle
    await app(scope, receive, send)
  File "E:\code\my_code\edu_risk\.venv\Lib\site-packages\fastapi\routing.py", line 158, in app
    await wrap_app_handling_exceptions(app, request)(scope, receive, send)
  File "E:\code\my_code\edu_risk\.venv\Lib\site-packages\starlette\_exception_handler.py", line 53, in wrapped_app
    raise exc
  File "E:\code\my_code\edu_risk\.venv\Lib\site-packages\starlette\_exception_handler.py", line 42, in wrapped_app
    await app(scope, receive, sender)
  File "E:\code\my_code\edu_risk\.venv\Lib\site-packages\fastapi\routing.py", line 144, in app
    response = await f(request)
               ^^^^^^^^^^^^^^^^
  File "E:\code\my_code\edu_risk\.venv\Lib\site-packages\fastapi\routing.py", line 706, in app
    raw_response = await run_endpoint_function(
                   ^^^^^^^^^^^^^^^^^^^^^^^^^^^^
  File "E:\code\my_code\edu_risk\.venv\Lib\site-packages\fastapi\routing.py", line 352, in run_endpoint_function
    return await dependant.call(**values)
           ^^^^^^^^^^^^^^^^^^^^^^^^^^^^^^
  File "E:\code\my_code\edu_risk\app\routers\dashboard.py", line 73, in rule_effectiveness
    assessments = (await db.execute(
                   ^^^^^^^^^^^^^^^^^
  File "E:\code\my_code\edu_risk\.venv\Lib\site-packages\sqlalchemy\ext\asyncio\session.py", line 448, in execute
    result = await greenlet_spawn(
             ^^^^^^^^^^^^^^^^^^^^^
  File "E:\code\my_code\edu_risk\.venv\Lib\site-packages\sqlalchemy\util\_concurrency_py3k.py", line 201, in greenlet_spawn
    result = context.throw(*sys.exc_info())
             ^^^^^^^^^^^^^^^^^^^^^^^^^^^^^^
  File "E:\code\my_code\edu_risk\.venv\Lib\site-packages\sqlalchemy\orm\session.py", line 2373, in execute
    return self._execute_internal(
           ^^^^^^^^^^^^^^^^^^^^^^^
  File "E:\code\my_code\edu_risk\.venv\Lib\site-packages\sqlalchemy\orm\session.py", line 2261, in _execute_internal
    conn = self._connection_for_bind(bind)
           ^^^^^^^^^^^^^^^^^^^^^^^^^^^^^^^
  File "E:\code\my_code\edu_risk\.venv\Lib\site-packages\sqlalchemy\orm\session.py", line 2113, in _connection_for_bind
    return trans._connection_for_bind(engine, execution_options)
           ^^^^^^^^^^^^^^^^^^^^^^^^^^^^^^^^^^^^^^^^^^^^^^^^^^^^^
  File "<string>", line 2, in _connection_for_bind
  File "E:\code\my_code\edu_risk\.venv\Lib\site-packages\sqlalchemy\orm\state_changes.py", line 137, in _go
    ret_value = fn(self, *arg, **kw)
                ^^^^^^^^^^^^^^^^^^^^
  File "E:\code\my_code\edu_risk\.venv\Lib\site-packages\sqlalchemy\orm\session.py", line 1191, in _connection_for_bind
    conn = bind.connect()
           ^^^^^^^^^^^^^^
  File "E:\code\my_code\edu_risk\.venv\Lib\site-packages\sqlalchemy\engine\base.py", line 3295, in connect
    return self._connection_cls(self)
           ^^^^^^^^^^^^^^^^^^^^^^^^^^
  File "E:\code\my_code\edu_risk\.venv\Lib\site-packages\sqlalchemy\engine\base.py", line 146, in __init__
    Connection._handle_dbapi_exception_noconnection(
  File "E:\code\my_code\edu_risk\.venv\Lib\site-packages\sqlalchemy\engine\base.py", line 2450, in _handle_dbapi_exception_noconnection
    raise sqlalchemy_exception.with_traceback(exc_info[2]) from e
  File "E:\code\my_code\edu_risk\.venv\Lib\site-packages\sqlalchemy\engine\base.py", line 144, in __init__
    self._dbapi_connection = engine.raw_connection()
                             ^^^^^^^^^^^^^^^^^^^^^^^
  File "E:\code\my_code\edu_risk\.venv\Lib\site-packages\sqlalchemy\engine\base.py", line 3319, in raw_connection
    return self.pool.connect()
           ^^^^^^^^^^^^^^^^^^^
  File "E:\code\my_code\edu_risk\.venv\Lib\site-packages\sqlalchemy\pool\base.py", line 448, in connect
    return _ConnectionFairy._checkout(self)
           ^^^^^^^^^^^^^^^^^^^^^^^^^^^^^^^^
  File "E:\code\my_code\edu_risk\.venv\Lib\site-packages\sqlalchemy\pool\base.py", line 1272, in _checkout
    fairy = _ConnectionRecord.checkout(pool)
            ^^^^^^^^^^^^^^^^^^^^^^^^^^^^^^^^
  File "E:\code\my_code\edu_risk\.venv\Lib\site-packages\sqlalchemy\pool\base.py", line 712, in checkout
    rec = pool._do_get()
          ^^^^^^^^^^^^^^
  File "E:\code\my_code\edu_risk\.venv\Lib\site-packages\sqlalchemy\pool\impl.py", line 178, in _do_get
    with util.safe_reraise():
  File "E:\code\my_code\edu_risk\.venv\Lib\site-packages\sqlalchemy\util\langhelpers.py", line 122, in __exit__
    raise exc_value.with_traceback(exc_tb)
  File "E:\code\my_code\edu_risk\.venv\Lib\site-packages\sqlalchemy\pool\impl.py", line 176, in _do_get
    return self._create_connection()
           ^^^^^^^^^^^^^^^^^^^^^^^^^
  File "E:\code\my_code\edu_risk\.venv\Lib\site-packages\sqlalchemy\pool\base.py", line 389, in _create_connection
    return _ConnectionRecord(self)
           ^^^^^^^^^^^^^^^^^^^^^^^
  File "E:\code\my_code\edu_risk\.venv\Lib\site-packages\sqlalchemy\pool\base.py", line 674, in __init__
    self.__connect()
  File "E:\code\my_code\edu_risk\.venv\Lib\site-packages\sqlalchemy\pool\base.py", line 900, in __connect
    with util.safe_reraise():
  File "E:\code\my_code\edu_risk\.venv\Lib\site-packages\sqlalchemy\util\langhelpers.py", line 122, in __exit__
    raise exc_value.with_traceback(exc_tb)
  File "E:\code\my_code\edu_risk\.venv\Lib\site-packages\sqlalchemy\pool\base.py", line 896, in __connect
    self.dbapi_connection = connection = pool._invoke_creator(self)
                                         ^^^^^^^^^^^^^^^^^^^^^^^^^^
  File "E:\code\my_code\edu_risk\.venv\Lib\site-packages\sqlalchemy\engine\create.py", line 667, in connect
    return dialect.connect(*cargs_tup, **cparams)
           ^^^^^^^^^^^^^^^^^^^^^^^^^^^^^^^^^^^^^^
  File "E:\code\my_code\edu_risk\.venv\Lib\site-packages\sqlalchemy\engine\default.py", line 630, in connect
    return self.loaded_dbapi.connect(*cargs, **cparams)  # type: ignore[no-any-return]  # NOQA: E501
           ^^^^^^^^^^^^^^^^^^^^^^^^^^^^^^^^^^^^^^^^^^^^
  File "E:\code\my_code\edu_risk\.venv\Lib\site-packages\sqlalchemy\dialects\mysql\aiomysql.py", line 176, in connect
    await_only(creator_fn(*arg, **kw)),
    ^^^^^^^^^^^^^^^^^^^^^^^^^^^^^^^^^^
  File "E:\code\my_code\edu_risk\.venv\Lib\site-packages\sqlalchemy\util\_concurrency_py3k.py", line 132, in await_only
    return current.parent.switch(awaitable)  # type: ignore[no-any-return,attr-defined] # noqa: E501
           ^^^^^^^^^^^^^^^^^^^^^^^^^^^^^^^^
  File "E:\code\my_code\edu_risk\.venv\Lib\site-packages\sqlalchemy\util\_concurrency_py3k.py", line 196, in greenlet_spawn
    value = await result
            ^^^^^^^^^^^^
  File "E:\code\my_code\edu_risk\.venv\Lib\site-packages\aiomysql\connection.py", line 74, in _connect
    await conn._connect()
  File "E:\code\my_code\edu_risk\.venv\Lib\site-packages\aiomysql\connection.py", line 540, in _connect
    await self._request_authentication()
  File "E:\code\my_code\edu_risk\.venv\Lib\site-packages\aiomysql\connection.py", line 865, in _request_authentication
    await self.caching_sha2_password_auth(auth_packet)
  File "E:\code\my_code\edu_risk\.venv\Lib\site-packages\aiomysql\connection.py", line 952, in caching_sha2_password_auth
    pkt = await self._read_packet()
          ^^^^^^^^^^^^^^^^^^^^^^^^^
  File "E:\code\my_code\edu_risk\.venv\Lib\site-packages\aiomysql\connection.py", line 652, in _read_packet
    packet.raise_for_error()
  File "E:\code\my_code\edu_risk\.venv\Lib\site-packages\pymysql\protocol.py", line 219, in raise_for_error
    err.raise_mysql_exception(self._data)
  File "E:\code\my_code\edu_risk\.venv\Lib\site-packages\pymysql\err.py", line 154, in raise_mysql_exception
    raise errorclass(errno, errval, sqlstate=sqlstate)
sqlalchemy.exc.OperationalError: (pymysql.err.OperationalError) (1049, "Unknown database 'edu_risk'")
(Background on this error at: https://sqlalche.me/e/20/e3q8)
2026-08-12 10:12:54,246 INFO [uvicorn.access] 127.0.0.1:58234 - "GET /api/health HTTP/1.1" 200
2026-08-12 10:12:54,249 INFO [uvicorn.access] 127.0.0.1:58029 - "GET /api/dashboard/stats?days=7 HTTP/1.1" 500
2026-08-12 10:12:54,250 ERROR [uvicorn.error] Exception in ASGI application
Traceback (most recent call last):
  File "E:\code\my_code\edu_risk\.venv\Lib\site-packages\sqlalchemy\engine\base.py", line 144, in __init__
    self._dbapi_connection = engine.raw_connection()
                             ^^^^^^^^^^^^^^^^^^^^^^^
  File "E:\code\my_code\edu_risk\.venv\Lib\site-packages\sqlalchemy\engine\base.py", line 3319, in raw_connection
    return self.pool.connect()
           ^^^^^^^^^^^^^^^^^^^
  File "E:\code\my_code\edu_risk\.venv\Lib\site-packages\sqlalchemy\pool\base.py", line 448, in connect
    return _ConnectionFairy._checkout(self)
           ^^^^^^^^^^^^^^^^^^^^^^^^^^^^^^^^
  File "E:\code\my_code\edu_risk\.venv\Lib\site-packages\sqlalchemy\pool\base.py", line 1272, in _checkout
    fairy = _ConnectionRecord.checkout(pool)
            ^^^^^^^^^^^^^^^^^^^^^^^^^^^^^^^^
  File "E:\code\my_code\edu_risk\.venv\Lib\site-packages\sqlalchemy\pool\base.py", line 712, in checkout
    rec = pool._do_get()
          ^^^^^^^^^^^^^^
  File "E:\code\my_code\edu_risk\.venv\Lib\site-packages\sqlalchemy\pool\impl.py", line 178, in _do_get
    with util.safe_reraise():
  File "E:\code\my_code\edu_risk\.venv\Lib\site-packages\sqlalchemy\util\langhelpers.py", line 122, in __exit__
    raise exc_value.with_traceback(exc_tb)
  File "E:\code\my_code\edu_risk\.venv\Lib\site-packages\sqlalchemy\pool\impl.py", line 176, in _do_get
    return self._create_connection()
           ^^^^^^^^^^^^^^^^^^^^^^^^^
  File "E:\code\my_code\edu_risk\.venv\Lib\site-packages\sqlalchemy\pool\base.py", line 389, in _create_connection
    return _ConnectionRecord(self)
           ^^^^^^^^^^^^^^^^^^^^^^^
  File "E:\code\my_code\edu_risk\.venv\Lib\site-packages\sqlalchemy\pool\base.py", line 674, in __init__
    self.__connect()
  File "E:\code\my_code\edu_risk\.venv\Lib\site-packages\sqlalchemy\pool\base.py", line 900, in __connect
    with util.safe_reraise():
  File "E:\code\my_code\edu_risk\.venv\Lib\site-packages\sqlalchemy\util\langhelpers.py", line 122, in __exit__
    raise exc_value.with_traceback(exc_tb)
  File "E:\code\my_code\edu_risk\.venv\Lib\site-packages\sqlalchemy\pool\base.py", line 896, in __connect
    self.dbapi_connection = connection = pool._invoke_creator(self)
                                         ^^^^^^^^^^^^^^^^^^^^^^^^^^
  File "E:\code\my_code\edu_risk\.venv\Lib\site-packages\sqlalchemy\engine\create.py", line 667, in connect
    return dialect.connect(*cargs_tup, **cparams)
           ^^^^^^^^^^^^^^^^^^^^^^^^^^^^^^^^^^^^^^
  File "E:\code\my_code\edu_risk\.venv\Lib\site-packages\sqlalchemy\engine\default.py", line 630, in connect
    return self.loaded_dbapi.connect(*cargs, **cparams)  # type: ignore[no-any-return]  # NOQA: E501
           ^^^^^^^^^^^^^^^^^^^^^^^^^^^^^^^^^^^^^^^^^^^^
  File "E:\code\my_code\edu_risk\.venv\Lib\site-packages\sqlalchemy\dialects\mysql\aiomysql.py", line 176, in connect
    await_only(creator_fn(*arg, **kw)),
    ^^^^^^^^^^^^^^^^^^^^^^^^^^^^^^^^^^
  File "E:\code\my_code\edu_risk\.venv\Lib\site-packages\sqlalchemy\util\_concurrency_py3k.py", line 132, in await_only
    return current.parent.switch(awaitable)  # type: ignore[no-any-return,attr-defined] # noqa: E501
           ^^^^^^^^^^^^^^^^^^^^^^^^^^^^^^^^
  File "E:\code\my_code\edu_risk\.venv\Lib\site-packages\sqlalchemy\util\_concurrency_py3k.py", line 196, in greenlet_spawn
    value = await result
            ^^^^^^^^^^^^
  File "E:\code\my_code\edu_risk\.venv\Lib\site-packages\aiomysql\connection.py", line 74, in _connect
    await conn._connect()
  File "E:\code\my_code\edu_risk\.venv\Lib\site-packages\aiomysql\connection.py", line 540, in _connect
    await self._request_authentication()
  File "E:\code\my_code\edu_risk\.venv\Lib\site-packages\aiomysql\connection.py", line 865, in _request_authentication
    await self.caching_sha2_password_auth(auth_packet)
  File "E:\code\my_code\edu_risk\.venv\Lib\site-packages\aiomysql\connection.py", line 952, in caching_sha2_password_auth
    pkt = await self._read_packet()
          ^^^^^^^^^^^^^^^^^^^^^^^^^
  File "E:\code\my_code\edu_risk\.venv\Lib\site-packages\aiomysql\connection.py", line 652, in _read_packet
    packet.raise_for_error()
  File "E:\code\my_code\edu_risk\.venv\Lib\site-packages\pymysql\protocol.py", line 219, in raise_for_error
    err.raise_mysql_exception(self._data)
  File "E:\code\my_code\edu_risk\.venv\Lib\site-packages\pymysql\err.py", line 154, in raise_mysql_exception
    raise errorclass(errno, errval, sqlstate=sqlstate)
pymysql.err.OperationalError: (1049, "Unknown database 'edu_risk'")

The above exception was the direct cause of the following exception:

Traceback (most recent call last):
  File "E:\code\my_code\edu_risk\.venv\Lib\site-packages\uvicorn\protocols\http\h11_impl.py", line 416, in run_asgi
    result = await app(  # type: ignore[func-returns-value]
             ^^^^^^^^^^^^^^^^^^^^^^^^^^^^^^^^^^^^^^^^^^^^^^
  File "E:\code\my_code\edu_risk\.venv\Lib\site-packages\uvicorn\middleware\proxy_headers.py", line 63, in __call__
    return await self.app(scope, receive, send)
           ^^^^^^^^^^^^^^^^^^^^^^^^^^^^^^^^^^^^
  File "E:\code\my_code\edu_risk\.venv\Lib\site-packages\fastapi\applications.py", line 1163, in __call__
    await super().__call__(scope, receive, send)
  File "E:\code\my_code\edu_risk\.venv\Lib\site-packages\starlette\applications.py", line 96, in __call__
    await self.middleware_stack(scope, receive, send)
  File "E:\code\my_code\edu_risk\.venv\Lib\site-packages\starlette\middleware\errors.py", line 186, in __call__
    raise exc
  File "E:\code\my_code\edu_risk\.venv\Lib\site-packages\starlette\middleware\errors.py", line 164, in __call__
    await self.app(scope, receive, _send)
  File "E:\code\my_code\edu_risk\.venv\Lib\site-packages\starlette\middleware\cors.py", line 96, in __call__
    await self.simple_response(scope, receive, send, request_headers=headers)
  File "E:\code\my_code\edu_risk\.venv\Lib\site-packages\starlette\middleware\cors.py", line 154, in simple_response
    await self.app(scope, receive, send)
  File "E:\code\my_code\edu_risk\.venv\Lib\site-packages\starlette\middleware\exceptions.py", line 63, in __call__
    await wrap_app_handling_exceptions(self.app, conn)(scope, receive, send)
  File "E:\code\my_code\edu_risk\.venv\Lib\site-packages\starlette\_exception_handler.py", line 53, in wrapped_app
    raise exc
  File "E:\code\my_code\edu_risk\.venv\Lib\site-packages\starlette\_exception_handler.py", line 42, in wrapped_app
    await app(scope, receive, sender)
  File "E:\code\my_code\edu_risk\.venv\Lib\site-packages\fastapi\middleware\asyncexitstack.py", line 18, in __call__
    await self.app(scope, receive, send)
  File "E:\code\my_code\edu_risk\.venv\Lib\site-packages\starlette\routing.py", line 670, in __call__
    await self.middleware_stack(scope, receive, send)
  File "E:\code\my_code\edu_risk\.venv\Lib\site-packages\fastapi\routing.py", line 2734, in app
    await route.handle(scope, receive, send)
  File "E:\code\my_code\edu_risk\.venv\Lib\site-packages\fastapi\routing.py", line 1780, in handle
    await self.original_router.handle(scope, receive, send)
  File "E:\code\my_code\edu_risk\.venv\Lib\site-packages\fastapi\routing.py", line 2789, in handle
    await included_router._handle_selected(scope, receive, send)
  File "E:\code\my_code\edu_risk\.venv\Lib\site-packages\fastapi\routing.py", line 1800, in _handle_selected
    await original_route.handle(scope, receive, send)
  File "E:\code\my_code\edu_risk\.venv\Lib\site-packages\fastapi\routing.py", line 1279, in handle
    await app(scope, receive, send)
  File "E:\code\my_code\edu_risk\.venv\Lib\site-packages\fastapi\routing.py", line 158, in app
    await wrap_app_handling_exceptions(app, request)(scope, receive, send)
  File "E:\code\my_code\edu_risk\.venv\Lib\site-packages\starlette\_exception_handler.py", line 53, in wrapped_app
    raise exc
  File "E:\code\my_code\edu_risk\.venv\Lib\site-packages\starlette\_exception_handler.py", line 42, in wrapped_app
    await app(scope, receive, sender)
  File "E:\code\my_code\edu_risk\.venv\Lib\site-packages\fastapi\routing.py", line 144, in app
    response = await f(request)
               ^^^^^^^^^^^^^^^^
  File "E:\code\my_code\edu_risk\.venv\Lib\site-packages\fastapi\routing.py", line 706, in app
    raw_response = await run_endpoint_function(
                   ^^^^^^^^^^^^^^^^^^^^^^^^^^^^
  File "E:\code\my_code\edu_risk\.venv\Lib\site-packages\fastapi\routing.py", line 352, in run_endpoint_function
    return await dependant.call(**values)
           ^^^^^^^^^^^^^^^^^^^^^^^^^^^^^^
  File "E:\code\my_code\edu_risk\app\routers\dashboard.py", line 21, in dashboard_stats
    total_checks = (await db.execute(select(func.count(RiskEvent.event_id)).where(
                    ^^^^^^^^^^^^^^^^^^^^^^^^^^^^^^^^^^^^^^^^^^^^^^^^^^^^^^^^^^^^^^
  File "E:\code\my_code\edu_risk\.venv\Lib\site-packages\sqlalchemy\ext\asyncio\session.py", line 448, in execute
    result = await greenlet_spawn(
             ^^^^^^^^^^^^^^^^^^^^^
  File "E:\code\my_code\edu_risk\.venv\Lib\site-packages\sqlalchemy\util\_concurrency_py3k.py", line 201, in greenlet_spawn
    result = context.throw(*sys.exc_info())
             ^^^^^^^^^^^^^^^^^^^^^^^^^^^^^^
  File "E:\code\my_code\edu_risk\.venv\Lib\site-packages\sqlalchemy\orm\session.py", line 2373, in execute
    return self._execute_internal(
           ^^^^^^^^^^^^^^^^^^^^^^^
  File "E:\code\my_code\edu_risk\.venv\Lib\site-packages\sqlalchemy\orm\session.py", line 2261, in _execute_internal
    conn = self._connection_for_bind(bind)
           ^^^^^^^^^^^^^^^^^^^^^^^^^^^^^^^
  File "E:\code\my_code\edu_risk\.venv\Lib\site-packages\sqlalchemy\orm\session.py", line 2113, in _connection_for_bind
    return trans._connection_for_bind(engine, execution_options)
           ^^^^^^^^^^^^^^^^^^^^^^^^^^^^^^^^^^^^^^^^^^^^^^^^^^^^^
  File "<string>", line 2, in _connection_for_bind
  File "E:\code\my_code\edu_risk\.venv\Lib\site-packages\sqlalchemy\orm\state_changes.py", line 137, in _go
    ret_value = fn(self, *arg, **kw)
                ^^^^^^^^^^^^^^^^^^^^
  File "E:\code\my_code\edu_risk\.venv\Lib\site-packages\sqlalchemy\orm\session.py", line 1191, in _connection_for_bind
    conn = bind.connect()
           ^^^^^^^^^^^^^^
  File "E:\code\my_code\edu_risk\.venv\Lib\site-packages\sqlalchemy\engine\base.py", line 3295, in connect
    return self._connection_cls(self)
           ^^^^^^^^^^^^^^^^^^^^^^^^^^
  File "E:\code\my_code\edu_risk\.venv\Lib\site-packages\sqlalchemy\engine\base.py", line 146, in __init__
    Connection._handle_dbapi_exception_noconnection(
  File "E:\code\my_code\edu_risk\.venv\Lib\site-packages\sqlalchemy\engine\base.py", line 2450, in _handle_dbapi_exception_noconnection
    raise sqlalchemy_exception.with_traceback(exc_info[2]) from e
  File "E:\code\my_code\edu_risk\.venv\Lib\site-packages\sqlalchemy\engine\base.py", line 144, in __init__
    self._dbapi_connection = engine.raw_connection()
                             ^^^^^^^^^^^^^^^^^^^^^^^
  File "E:\code\my_code\edu_risk\.venv\Lib\site-packages\sqlalchemy\engine\base.py", line 3319, in raw_connection
    return self.pool.connect()
           ^^^^^^^^^^^^^^^^^^^
  File "E:\code\my_code\edu_risk\.venv\Lib\site-packages\sqlalchemy\pool\base.py", line 448, in connect
    return _ConnectionFairy._checkout(self)
           ^^^^^^^^^^^^^^^^^^^^^^^^^^^^^^^^
  File "E:\code\my_code\edu_risk\.venv\Lib\site-packages\sqlalchemy\pool\base.py", line 1272, in _checkout
    fairy = _ConnectionRecord.checkout(pool)
            ^^^^^^^^^^^^^^^^^^^^^^^^^^^^^^^^
  File "E:\code\my_code\edu_risk\.venv\Lib\site-packages\sqlalchemy\pool\base.py", line 712, in checkout
    rec = pool._do_get()
          ^^^^^^^^^^^^^^
  File "E:\code\my_code\edu_risk\.venv\Lib\site-packages\sqlalchemy\pool\impl.py", line 178, in _do_get
    with util.safe_reraise():
  File "E:\code\my_code\edu_risk\.venv\Lib\site-packages\sqlalchemy\util\langhelpers.py", line 122, in __exit__
    raise exc_value.with_traceback(exc_tb)
  File "E:\code\my_code\edu_risk\.venv\Lib\site-packages\sqlalchemy\pool\impl.py", line 176, in _do_get
    return self._create_connection()
           ^^^^^^^^^^^^^^^^^^^^^^^^^
  File "E:\code\my_code\edu_risk\.venv\Lib\site-packages\sqlalchemy\pool\base.py", line 389, in _create_connection
    return _ConnectionRecord(self)
           ^^^^^^^^^^^^^^^^^^^^^^^
  File "E:\code\my_code\edu_risk\.venv\Lib\site-packages\sqlalchemy\pool\base.py", line 674, in __init__
    self.__connect()
  File "E:\code\my_code\edu_risk\.venv\Lib\site-packages\sqlalchemy\pool\base.py", line 900, in __connect
    with util.safe_reraise():
  File "E:\code\my_code\edu_risk\.venv\Lib\site-packages\sqlalchemy\util\langhelpers.py", line 122, in __exit__
    raise exc_value.with_traceback(exc_tb)
  File "E:\code\my_code\edu_risk\.venv\Lib\site-packages\sqlalchemy\pool\base.py", line 896, in __connect
    self.dbapi_connection = connection = pool._invoke_creator(self)
                                         ^^^^^^^^^^^^^^^^^^^^^^^^^^
  File "E:\code\my_code\edu_risk\.venv\Lib\site-packages\sqlalchemy\engine\create.py", line 667, in connect
    return dialect.connect(*cargs_tup, **cparams)
           ^^^^^^^^^^^^^^^^^^^^^^^^^^^^^^^^^^^^^^
  File "E:\code\my_code\edu_risk\.venv\Lib\site-packages\sqlalchemy\engine\default.py", line 630, in connect
    return self.loaded_dbapi.connect(*cargs, **cparams)  # type: ignore[no-any-return]  # NOQA: E501
           ^^^^^^^^^^^^^^^^^^^^^^^^^^^^^^^^^^^^^^^^^^^^
  File "E:\code\my_code\edu_risk\.venv\Lib\site-packages\sqlalchemy\dialects\mysql\aiomysql.py", line 176, in connect
    await_only(creator_fn(*arg, **kw)),
    ^^^^^^^^^^^^^^^^^^^^^^^^^^^^^^^^^^
  File "E:\code\my_code\edu_risk\.venv\Lib\site-packages\sqlalchemy\util\_concurrency_py3k.py", line 132, in await_only
    return current.parent.switch(awaitable)  # type: ignore[no-any-return,attr-defined] # noqa: E501
           ^^^^^^^^^^^^^^^^^^^^^^^^^^^^^^^^
  File "E:\code\my_code\edu_risk\.venv\Lib\site-packages\sqlalchemy\util\_concurrency_py3k.py", line 196, in greenlet_spawn
    value = await result
            ^^^^^^^^^^^^
  File "E:\code\my_code\edu_risk\.venv\Lib\site-packages\aiomysql\connection.py", line 74, in _connect
    await conn._connect()
  File "E:\code\my_code\edu_risk\.venv\Lib\site-packages\aiomysql\connection.py", line 540, in _connect
    await self._request_authentication()
  File "E:\code\my_code\edu_risk\.venv\Lib\site-packages\aiomysql\connection.py", line 865, in _request_authentication
    await self.caching_sha2_password_auth(auth_packet)
  File "E:\code\my_code\edu_risk\.venv\Lib\site-packages\aiomysql\connection.py", line 952, in caching_sha2_password_auth
    pkt = await self._read_packet()
          ^^^^^^^^^^^^^^^^^^^^^^^^^
  File "E:\code\my_code\edu_risk\.venv\Lib\site-packages\aiomysql\connection.py", line 652, in _read_packet
    packet.raise_for_error()
  File "E:\code\my_code\edu_risk\.venv\Lib\site-packages\pymysql\protocol.py", line 219, in raise_for_error
    err.raise_mysql_exception(self._data)
  File "E:\code\my_code\edu_risk\.venv\Lib\site-packages\pymysql\err.py", line 154, in raise_mysql_exception
    raise errorclass(errno, errval, sqlstate=sqlstate)
sqlalchemy.exc.OperationalError: (pymysql.err.OperationalError) (1049, "Unknown database 'edu_risk'")
(Background on this error at: https://sqlalche.me/e/20/e3q8)
2026-08-12 10:12:54,268 INFO [uvicorn.access] 127.0.0.1:58234 - "GET /api/dashboard/trend?days=7 HTTP/1.1" 500
2026-08-12 10:12:54,269 ERROR [uvicorn.error] Exception in ASGI application
Traceback (most recent call last):
  File "E:\code\my_code\edu_risk\.venv\Lib\site-packages\sqlalchemy\engine\base.py", line 144, in __init__
    self._dbapi_connection = engine.raw_connection()
                             ^^^^^^^^^^^^^^^^^^^^^^^
  File "E:\code\my_code\edu_risk\.venv\Lib\site-packages\sqlalchemy\engine\base.py", line 3319, in raw_connection
    return self.pool.connect()
           ^^^^^^^^^^^^^^^^^^^
  File "E:\code\my_code\edu_risk\.venv\Lib\site-packages\sqlalchemy\pool\base.py", line 448, in connect
    return _ConnectionFairy._checkout(self)
           ^^^^^^^^^^^^^^^^^^^^^^^^^^^^^^^^
  File "E:\code\my_code\edu_risk\.venv\Lib\site-packages\sqlalchemy\pool\base.py", line 1272, in _checkout
    fairy = _ConnectionRecord.checkout(pool)
            ^^^^^^^^^^^^^^^^^^^^^^^^^^^^^^^^
  File "E:\code\my_code\edu_risk\.venv\Lib\site-packages\sqlalchemy\pool\base.py", line 712, in checkout
    rec = pool._do_get()
          ^^^^^^^^^^^^^^
  File "E:\code\my_code\edu_risk\.venv\Lib\site-packages\sqlalchemy\pool\impl.py", line 178, in _do_get
    with util.safe_reraise():
  File "E:\code\my_code\edu_risk\.venv\Lib\site-packages\sqlalchemy\util\langhelpers.py", line 122, in __exit__
    raise exc_value.with_traceback(exc_tb)
  File "E:\code\my_code\edu_risk\.venv\Lib\site-packages\sqlalchemy\pool\impl.py", line 176, in _do_get
    return self._create_connection()
           ^^^^^^^^^^^^^^^^^^^^^^^^^
  File "E:\code\my_code\edu_risk\.venv\Lib\site-packages\sqlalchemy\pool\base.py", line 389, in _create_connection
    return _ConnectionRecord(self)
           ^^^^^^^^^^^^^^^^^^^^^^^
  File "E:\code\my_code\edu_risk\.venv\Lib\site-packages\sqlalchemy\pool\base.py", line 674, in __init__
    self.__connect()
  File "E:\code\my_code\edu_risk\.venv\Lib\site-packages\sqlalchemy\pool\base.py", line 900, in __connect
    with util.safe_reraise():
  File "E:\code\my_code\edu_risk\.venv\Lib\site-packages\sqlalchemy\util\langhelpers.py", line 122, in __exit__
    raise exc_value.with_traceback(exc_tb)
  File "E:\code\my_code\edu_risk\.venv\Lib\site-packages\sqlalchemy\pool\base.py", line 896, in __connect
    self.dbapi_connection = connection = pool._invoke_creator(self)
                                         ^^^^^^^^^^^^^^^^^^^^^^^^^^
  File "E:\code\my_code\edu_risk\.venv\Lib\site-packages\sqlalchemy\engine\create.py", line 667, in connect
    return dialect.connect(*cargs_tup, **cparams)
           ^^^^^^^^^^^^^^^^^^^^^^^^^^^^^^^^^^^^^^
  File "E:\code\my_code\edu_risk\.venv\Lib\site-packages\sqlalchemy\engine\default.py", line 630, in connect
    return self.loaded_dbapi.connect(*cargs, **cparams)  # type: ignore[no-any-return]  # NOQA: E501
           ^^^^^^^^^^^^^^^^^^^^^^^^^^^^^^^^^^^^^^^^^^^^
  File "E:\code\my_code\edu_risk\.venv\Lib\site-packages\sqlalchemy\dialects\mysql\aiomysql.py", line 176, in connect
    await_only(creator_fn(*arg, **kw)),
    ^^^^^^^^^^^^^^^^^^^^^^^^^^^^^^^^^^
  File "E:\code\my_code\edu_risk\.venv\Lib\site-packages\sqlalchemy\util\_concurrency_py3k.py", line 132, in await_only
    return current.parent.switch(awaitable)  # type: ignore[no-any-return,attr-defined] # noqa: E501
           ^^^^^^^^^^^^^^^^^^^^^^^^^^^^^^^^
  File "E:\code\my_code\edu_risk\.venv\Lib\site-packages\sqlalchemy\util\_concurrency_py3k.py", line 196, in greenlet_spawn
    value = await result
            ^^^^^^^^^^^^
  File "E:\code\my_code\edu_risk\.venv\Lib\site-packages\aiomysql\connection.py", line 74, in _connect
    await conn._connect()
  File "E:\code\my_code\edu_risk\.venv\Lib\site-packages\aiomysql\connection.py", line 540, in _connect
    await self._request_authentication()
  File "E:\code\my_code\edu_risk\.venv\Lib\site-packages\aiomysql\connection.py", line 865, in _request_authentication
    await self.caching_sha2_password_auth(auth_packet)
  File "E:\code\my_code\edu_risk\.venv\Lib\site-packages\aiomysql\connection.py", line 952, in caching_sha2_password_auth
    pkt = await self._read_packet()
          ^^^^^^^^^^^^^^^^^^^^^^^^^
  File "E:\code\my_code\edu_risk\.venv\Lib\site-packages\aiomysql\connection.py", line 652, in _read_packet
    packet.raise_for_error()
  File "E:\code\my_code\edu_risk\.venv\Lib\site-packages\pymysql\protocol.py", line 219, in raise_for_error
    err.raise_mysql_exception(self._data)
  File "E:\code\my_code\edu_risk\.venv\Lib\site-packages\pymysql\err.py", line 154, in raise_mysql_exception
    raise errorclass(errno, errval, sqlstate=sqlstate)
pymysql.err.OperationalError: (1049, "Unknown database 'edu_risk'")

The above exception was the direct cause of the following exception:

Traceback (most recent call last):
  File "E:\code\my_code\edu_risk\.venv\Lib\site-packages\uvicorn\protocols\http\h11_impl.py", line 416, in run_asgi
    result = await app(  # type: ignore[func-returns-value]
             ^^^^^^^^^^^^^^^^^^^^^^^^^^^^^^^^^^^^^^^^^^^^^^
  File "E:\code\my_code\edu_risk\.venv\Lib\site-packages\uvicorn\middleware\proxy_headers.py", line 63, in __call__
    return await self.app(scope, receive, send)
           ^^^^^^^^^^^^^^^^^^^^^^^^^^^^^^^^^^^^
  File "E:\code\my_code\edu_risk\.venv\Lib\site-packages\fastapi\applications.py", line 1163, in __call__
    await super().__call__(scope, receive, send)
  File "E:\code\my_code\edu_risk\.venv\Lib\site-packages\starlette\applications.py", line 96, in __call__
    await self.middleware_stack(scope, receive, send)
  File "E:\code\my_code\edu_risk\.venv\Lib\site-packages\starlette\middleware\errors.py", line 186, in __call__
    raise exc
  File "E:\code\my_code\edu_risk\.venv\Lib\site-packages\starlette\middleware\errors.py", line 164, in __call__
    await self.app(scope, receive, _send)
  File "E:\code\my_code\edu_risk\.venv\Lib\site-packages\starlette\middleware\cors.py", line 96, in __call__
    await self.simple_response(scope, receive, send, request_headers=headers)
  File "E:\code\my_code\edu_risk\.venv\Lib\site-packages\starlette\middleware\cors.py", line 154, in simple_response
    await self.app(scope, receive, send)
  File "E:\code\my_code\edu_risk\.venv\Lib\site-packages\starlette\middleware\exceptions.py", line 63, in __call__
    await wrap_app_handling_exceptions(self.app, conn)(scope, receive, send)
  File "E:\code\my_code\edu_risk\.venv\Lib\site-packages\starlette\_exception_handler.py", line 53, in wrapped_app
    raise exc
  File "E:\code\my_code\edu_risk\.venv\Lib\site-packages\starlette\_exception_handler.py", line 42, in wrapped_app
    await app(scope, receive, sender)
  File "E:\code\my_code\edu_risk\.venv\Lib\site-packages\fastapi\middleware\asyncexitstack.py", line 18, in __call__
    await self.app(scope, receive, send)
  File "E:\code\my_code\edu_risk\.venv\Lib\site-packages\starlette\routing.py", line 670, in __call__
    await self.middleware_stack(scope, receive, send)
  File "E:\code\my_code\edu_risk\.venv\Lib\site-packages\fastapi\routing.py", line 2734, in app
    await route.handle(scope, receive, send)
  File "E:\code\my_code\edu_risk\.venv\Lib\site-packages\fastapi\routing.py", line 1780, in handle
    await self.original_router.handle(scope, receive, send)
  File "E:\code\my_code\edu_risk\.venv\Lib\site-packages\fastapi\routing.py", line 2789, in handle
    await included_router._handle_selected(scope, receive, send)
  File "E:\code\my_code\edu_risk\.venv\Lib\site-packages\fastapi\routing.py", line 1800, in _handle_selected
    await original_route.handle(scope, receive, send)
  File "E:\code\my_code\edu_risk\.venv\Lib\site-packages\fastapi\routing.py", line 1279, in handle
    await app(scope, receive, send)
  File "E:\code\my_code\edu_risk\.venv\Lib\site-packages\fastapi\routing.py", line 158, in app
    await wrap_app_handling_exceptions(app, request)(scope, receive, send)
  File "E:\code\my_code\edu_risk\.venv\Lib\site-packages\starlette\_exception_handler.py", line 53, in wrapped_app
    raise exc
  File "E:\code\my_code\edu_risk\.venv\Lib\site-packages\starlette\_exception_handler.py", line 42, in wrapped_app
    await app(scope, receive, sender)
  File "E:\code\my_code\edu_risk\.venv\Lib\site-packages\fastapi\routing.py", line 144, in app
    response = await f(request)
               ^^^^^^^^^^^^^^^^
  File "E:\code\my_code\edu_risk\.venv\Lib\site-packages\fastapi\routing.py", line 706, in app
    raw_response = await run_endpoint_function(
                   ^^^^^^^^^^^^^^^^^^^^^^^^^^^^
  File "E:\code\my_code\edu_risk\.venv\Lib\site-packages\fastapi\routing.py", line 352, in run_endpoint_function
    return await dependant.call(**values)
           ^^^^^^^^^^^^^^^^^^^^^^^^^^^^^^
  File "E:\code\my_code\edu_risk\app\routers\dashboard.py", line 61, in risk_trend
    rows = (await db.execute(
            ^^^^^^^^^^^^^^^^^
  File "E:\code\my_code\edu_risk\.venv\Lib\site-packages\sqlalchemy\ext\asyncio\session.py", line 448, in execute
    result = await greenlet_spawn(
             ^^^^^^^^^^^^^^^^^^^^^
  File "E:\code\my_code\edu_risk\.venv\Lib\site-packages\sqlalchemy\util\_concurrency_py3k.py", line 201, in greenlet_spawn
    result = context.throw(*sys.exc_info())
             ^^^^^^^^^^^^^^^^^^^^^^^^^^^^^^
  File "E:\code\my_code\edu_risk\.venv\Lib\site-packages\sqlalchemy\orm\session.py", line 2373, in execute
    return self._execute_internal(
           ^^^^^^^^^^^^^^^^^^^^^^^
  File "E:\code\my_code\edu_risk\.venv\Lib\site-packages\sqlalchemy\orm\session.py", line 2261, in _execute_internal
    conn = self._connection_for_bind(bind)
           ^^^^^^^^^^^^^^^^^^^^^^^^^^^^^^^
  File "E:\code\my_code\edu_risk\.venv\Lib\site-packages\sqlalchemy\orm\session.py", line 2113, in _connection_for_bind
    return trans._connection_for_bind(engine, execution_options)
           ^^^^^^^^^^^^^^^^^^^^^^^^^^^^^^^^^^^^^^^^^^^^^^^^^^^^^
  File "<string>", line 2, in _connection_for_bind
  File "E:\code\my_code\edu_risk\.venv\Lib\site-packages\sqlalchemy\orm\state_changes.py", line 137, in _go
    ret_value = fn(self, *arg, **kw)
                ^^^^^^^^^^^^^^^^^^^^
  File "E:\code\my_code\edu_risk\.venv\Lib\site-packages\sqlalchemy\orm\session.py", line 1191, in _connection_for_bind
    conn = bind.connect()
           ^^^^^^^^^^^^^^
  File "E:\code\my_code\edu_risk\.venv\Lib\site-packages\sqlalchemy\engine\base.py", line 3295, in connect
    return self._connection_cls(self)
           ^^^^^^^^^^^^^^^^^^^^^^^^^^
  File "E:\code\my_code\edu_risk\.venv\Lib\site-packages\sqlalchemy\engine\base.py", line 146, in __init__
    Connection._handle_dbapi_exception_noconnection(
  File "E:\code\my_code\edu_risk\.venv\Lib\site-packages\sqlalchemy\engine\base.py", line 2450, in _handle_dbapi_exception_noconnection
    raise sqlalchemy_exception.with_traceback(exc_info[2]) from e
  File "E:\code\my_code\edu_risk\.venv\Lib\site-packages\sqlalchemy\engine\base.py", line 144, in __init__
    self._dbapi_connection = engine.raw_connection()
                             ^^^^^^^^^^^^^^^^^^^^^^^
  File "E:\code\my_code\edu_risk\.venv\Lib\site-packages\sqlalchemy\engine\base.py", line 3319, in raw_connection
    return self.pool.connect()
           ^^^^^^^^^^^^^^^^^^^
  File "E:\code\my_code\edu_risk\.venv\Lib\site-packages\sqlalchemy\pool\base.py", line 448, in connect
    return _ConnectionFairy._checkout(self)
           ^^^^^^^^^^^^^^^^^^^^^^^^^^^^^^^^
  File "E:\code\my_code\edu_risk\.venv\Lib\site-packages\sqlalchemy\pool\base.py", line 1272, in _checkout
    fairy = _ConnectionRecord.checkout(pool)
            ^^^^^^^^^^^^^^^^^^^^^^^^^^^^^^^^
  File "E:\code\my_code\edu_risk\.venv\Lib\site-packages\sqlalchemy\pool\base.py", line 712, in checkout
    rec = pool._do_get()
          ^^^^^^^^^^^^^^
  File "E:\code\my_code\edu_risk\.venv\Lib\site-packages\sqlalchemy\pool\impl.py", line 178, in _do_get
    with util.safe_reraise():
  File "E:\code\my_code\edu_risk\.venv\Lib\site-packages\sqlalchemy\util\langhelpers.py", line 122, in __exit__
    raise exc_value.with_traceback(exc_tb)
  File "E:\code\my_code\edu_risk\.venv\Lib\site-packages\sqlalchemy\pool\impl.py", line 176, in _do_get
    return self._create_connection()
           ^^^^^^^^^^^^^^^^^^^^^^^^^
  File "E:\code\my_code\edu_risk\.venv\Lib\site-packages\sqlalchemy\pool\base.py", line 389, in _create_connection
    return _ConnectionRecord(self)
           ^^^^^^^^^^^^^^^^^^^^^^^
  File "E:\code\my_code\edu_risk\.venv\Lib\site-packages\sqlalchemy\pool\base.py", line 674, in __init__
    self.__connect()
  File "E:\code\my_code\edu_risk\.venv\Lib\site-packages\sqlalchemy\pool\base.py", line 900, in __connect
    with util.safe_reraise():
  File "E:\code\my_code\edu_risk\.venv\Lib\site-packages\sqlalchemy\util\langhelpers.py", line 122, in __exit__
    raise exc_value.with_traceback(exc_tb)
  File "E:\code\my_code\edu_risk\.venv\Lib\site-packages\sqlalchemy\pool\base.py", line 896, in __connect
    self.dbapi_connection = connection = pool._invoke_creator(self)
                                         ^^^^^^^^^^^^^^^^^^^^^^^^^^
  File "E:\code\my_code\edu_risk\.venv\Lib\site-packages\sqlalchemy\engine\create.py", line 667, in connect
    return dialect.connect(*cargs_tup, **cparams)
           ^^^^^^^^^^^^^^^^^^^^^^^^^^^^^^^^^^^^^^
  File "E:\code\my_code\edu_risk\.venv\Lib\site-packages\sqlalchemy\engine\default.py", line 630, in connect
    return self.loaded_dbapi.connect(*cargs, **cparams)  # type: ignore[no-any-return]  # NOQA: E501
           ^^^^^^^^^^^^^^^^^^^^^^^^^^^^^^^^^^^^^^^^^^^^
  File "E:\code\my_code\edu_risk\.venv\Lib\site-packages\sqlalchemy\dialects\mysql\aiomysql.py", line 176, in connect
    await_only(creator_fn(*arg, **kw)),
    ^^^^^^^^^^^^^^^^^^^^^^^^^^^^^^^^^^
  File "E:\code\my_code\edu_risk\.venv\Lib\site-packages\sqlalchemy\util\_concurrency_py3k.py", line 132, in await_only
    return current.parent.switch(awaitable)  # type: ignore[no-any-return,attr-defined] # noqa: E501
           ^^^^^^^^^^^^^^^^^^^^^^^^^^^^^^^^
  File "E:\code\my_code\edu_risk\.venv\Lib\site-packages\sqlalchemy\util\_concurrency_py3k.py", line 196, in greenlet_spawn
    value = await result
            ^^^^^^^^^^^^
  File "E:\code\my_code\edu_risk\.venv\Lib\site-packages\aiomysql\connection.py", line 74, in _connect
    await conn._connect()
  File "E:\code\my_code\edu_risk\.venv\Lib\site-packages\aiomysql\connection.py", line 540, in _connect
    await self._request_authentication()
  File "E:\code\my_code\edu_risk\.venv\Lib\site-packages\aiomysql\connection.py", line 865, in _request_authentication
    await self.caching_sha2_password_auth(auth_packet)
  File "E:\code\my_code\edu_risk\.venv\Lib\site-packages\aiomysql\connection.py", line 952, in caching_sha2_password_auth
    pkt = await self._read_packet()
          ^^^^^^^^^^^^^^^^^^^^^^^^^
  File "E:\code\my_code\edu_risk\.venv\Lib\site-packages\aiomysql\connection.py", line 652, in _read_packet
    packet.raise_for_error()
  File "E:\code\my_code\edu_risk\.venv\Lib\site-packages\pymysql\protocol.py", line 219, in raise_for_error
    err.raise_mysql_exception(self._data)
  File "E:\code\my_code\edu_risk\.venv\Lib\site-packages\pymysql\err.py", line 154, in raise_mysql_exception
    raise errorclass(errno, errval, sqlstate=sqlstate)
sqlalchemy.exc.OperationalError: (pymysql.err.OperationalError) (1049, "Unknown database 'edu_risk'")
(Background on this error at: https://sqlalche.me/e/20/e3q8)
2026-08-12 10:12:54,580 INFO [uvicorn.access] 127.0.0.1:57377 - "GET /api/dashboard/rule-effectiveness HTTP/1.1" 500
2026-08-12 10:12:54,581 ERROR [uvicorn.error] Exception in ASGI application
Traceback (most recent call last):
  File "E:\code\my_code\edu_risk\.venv\Lib\site-packages\sqlalchemy\engine\base.py", line 144, in __init__
    self._dbapi_connection = engine.raw_connection()
                             ^^^^^^^^^^^^^^^^^^^^^^^
  File "E:\code\my_code\edu_risk\.venv\Lib\site-packages\sqlalchemy\engine\base.py", line 3319, in raw_connection
    return self.pool.connect()
           ^^^^^^^^^^^^^^^^^^^
  File "E:\code\my_code\edu_risk\.venv\Lib\site-packages\sqlalchemy\pool\base.py", line 448, in connect
    return _ConnectionFairy._checkout(self)
           ^^^^^^^^^^^^^^^^^^^^^^^^^^^^^^^^
  File "E:\code\my_code\edu_risk\.venv\Lib\site-packages\sqlalchemy\pool\base.py", line 1272, in _checkout
    fairy = _ConnectionRecord.checkout(pool)
            ^^^^^^^^^^^^^^^^^^^^^^^^^^^^^^^^
  File "E:\code\my_code\edu_risk\.venv\Lib\site-packages\sqlalchemy\pool\base.py", line 712, in checkout
    rec = pool._do_get()
          ^^^^^^^^^^^^^^
  File "E:\code\my_code\edu_risk\.venv\Lib\site-packages\sqlalchemy\pool\impl.py", line 178, in _do_get
    with util.safe_reraise():
  File "E:\code\my_code\edu_risk\.venv\Lib\site-packages\sqlalchemy\util\langhelpers.py", line 122, in __exit__
    raise exc_value.with_traceback(exc_tb)
  File "E:\code\my_code\edu_risk\.venv\Lib\site-packages\sqlalchemy\pool\impl.py", line 176, in _do_get
    return self._create_connection()
           ^^^^^^^^^^^^^^^^^^^^^^^^^
  File "E:\code\my_code\edu_risk\.venv\Lib\site-packages\sqlalchemy\pool\base.py", line 389, in _create_connection
    return _ConnectionRecord(self)
           ^^^^^^^^^^^^^^^^^^^^^^^
  File "E:\code\my_code\edu_risk\.venv\Lib\site-packages\sqlalchemy\pool\base.py", line 674, in __init__
    self.__connect()
  File "E:\code\my_code\edu_risk\.venv\Lib\site-packages\sqlalchemy\pool\base.py", line 900, in __connect
    with util.safe_reraise():
  File "E:\code\my_code\edu_risk\.venv\Lib\site-packages\sqlalchemy\util\langhelpers.py", line 122, in __exit__
    raise exc_value.with_traceback(exc_tb)
  File "E:\code\my_code\edu_risk\.venv\Lib\site-packages\sqlalchemy\pool\base.py", line 896, in __connect
    self.dbapi_connection = connection = pool._invoke_creator(self)
                                         ^^^^^^^^^^^^^^^^^^^^^^^^^^
  File "E:\code\my_code\edu_risk\.venv\Lib\site-packages\sqlalchemy\engine\create.py", line 667, in connect
    return dialect.connect(*cargs_tup, **cparams)
           ^^^^^^^^^^^^^^^^^^^^^^^^^^^^^^^^^^^^^^
  File "E:\code\my_code\edu_risk\.venv\Lib\site-packages\sqlalchemy\engine\default.py", line 630, in connect
    return self.loaded_dbapi.connect(*cargs, **cparams)  # type: ignore[no-any-return]  # NOQA: E501
           ^^^^^^^^^^^^^^^^^^^^^^^^^^^^^^^^^^^^^^^^^^^^
  File "E:\code\my_code\edu_risk\.venv\Lib\site-packages\sqlalchemy\dialects\mysql\aiomysql.py", line 176, in connect
    await_only(creator_fn(*arg, **kw)),
    ^^^^^^^^^^^^^^^^^^^^^^^^^^^^^^^^^^
  File "E:\code\my_code\edu_risk\.venv\Lib\site-packages\sqlalchemy\util\_concurrency_py3k.py", line 132, in await_only
    return current.parent.switch(awaitable)  # type: ignore[no-any-return,attr-defined] # noqa: E501
           ^^^^^^^^^^^^^^^^^^^^^^^^^^^^^^^^
  File "E:\code\my_code\edu_risk\.venv\Lib\site-packages\sqlalchemy\util\_concurrency_py3k.py", line 196, in greenlet_spawn
    value = await result
            ^^^^^^^^^^^^
  File "E:\code\my_code\edu_risk\.venv\Lib\site-packages\aiomysql\connection.py", line 74, in _connect
    await conn._connect()
  File "E:\code\my_code\edu_risk\.venv\Lib\site-packages\aiomysql\connection.py", line 540, in _connect
    await self._request_authentication()
  File "E:\code\my_code\edu_risk\.venv\Lib\site-packages\aiomysql\connection.py", line 865, in _request_authentication
    await self.caching_sha2_password_auth(auth_packet)
  File "E:\code\my_code\edu_risk\.venv\Lib\site-packages\aiomysql\connection.py", line 952, in caching_sha2_password_auth
    pkt = await self._read_packet()
          ^^^^^^^^^^^^^^^^^^^^^^^^^
  File "E:\code\my_code\edu_risk\.venv\Lib\site-packages\aiomysql\connection.py", line 652, in _read_packet
    packet.raise_for_error()
  File "E:\code\my_code\edu_risk\.venv\Lib\site-packages\pymysql\protocol.py", line 219, in raise_for_error
    err.raise_mysql_exception(self._data)
  File "E:\code\my_code\edu_risk\.venv\Lib\site-packages\pymysql\err.py", line 154, in raise_mysql_exception
    raise errorclass(errno, errval, sqlstate=sqlstate)
pymysql.err.OperationalError: (1049, "Unknown database 'edu_risk'")

The above exception was the direct cause of the following exception:

Traceback (most recent call last):
  File "E:\code\my_code\edu_risk\.venv\Lib\site-packages\uvicorn\protocols\http\h11_impl.py", line 416, in run_asgi
    result = await app(  # type: ignore[func-returns-value]
             ^^^^^^^^^^^^^^^^^^^^^^^^^^^^^^^^^^^^^^^^^^^^^^
  File "E:\code\my_code\edu_risk\.venv\Lib\site-packages\uvicorn\middleware\proxy_headers.py", line 63, in __call__
    return await self.app(scope, receive, send)
           ^^^^^^^^^^^^^^^^^^^^^^^^^^^^^^^^^^^^
  File "E:\code\my_code\edu_risk\.venv\Lib\site-packages\fastapi\applications.py", line 1163, in __call__
    await super().__call__(scope, receive, send)
  File "E:\code\my_code\edu_risk\.venv\Lib\site-packages\starlette\applications.py", line 96, in __call__
    await self.middleware_stack(scope, receive, send)
  File "E:\code\my_code\edu_risk\.venv\Lib\site-packages\starlette\middleware\errors.py", line 186, in __call__
    raise exc
  File "E:\code\my_code\edu_risk\.venv\Lib\site-packages\starlette\middleware\errors.py", line 164, in __call__
    await self.app(scope, receive, _send)
  File "E:\code\my_code\edu_risk\.venv\Lib\site-packages\starlette\middleware\cors.py", line 96, in __call__
    await self.simple_response(scope, receive, send, request_headers=headers)
  File "E:\code\my_code\edu_risk\.venv\Lib\site-packages\starlette\middleware\cors.py", line 154, in simple_response
    await self.app(scope, receive, send)
  File "E:\code\my_code\edu_risk\.venv\Lib\site-packages\starlette\middleware\exceptions.py", line 63, in __call__
    await wrap_app_handling_exceptions(self.app, conn)(scope, receive, send)
  File "E:\code\my_code\edu_risk\.venv\Lib\site-packages\starlette\_exception_handler.py", line 53, in wrapped_app
    raise exc
  File "E:\code\my_code\edu_risk\.venv\Lib\site-packages\starlette\_exception_handler.py", line 42, in wrapped_app
    await app(scope, receive, sender)
  File "E:\code\my_code\edu_risk\.venv\Lib\site-packages\fastapi\middleware\asyncexitstack.py", line 18, in __call__
    await self.app(scope, receive, send)
  File "E:\code\my_code\edu_risk\.venv\Lib\site-packages\starlette\routing.py", line 670, in __call__
    await self.middleware_stack(scope, receive, send)
  File "E:\code\my_code\edu_risk\.venv\Lib\site-packages\fastapi\routing.py", line 2734, in app
    await route.handle(scope, receive, send)
  File "E:\code\my_code\edu_risk\.venv\Lib\site-packages\fastapi\routing.py", line 1780, in handle
    await self.original_router.handle(scope, receive, send)
  File "E:\code\my_code\edu_risk\.venv\Lib\site-packages\fastapi\routing.py", line 2789, in handle
    await included_router._handle_selected(scope, receive, send)
  File "E:\code\my_code\edu_risk\.venv\Lib\site-packages\fastapi\routing.py", line 1800, in _handle_selected
    await original_route.handle(scope, receive, send)
  File "E:\code\my_code\edu_risk\.venv\Lib\site-packages\fastapi\routing.py", line 1279, in handle
    await app(scope, receive, send)
  File "E:\code\my_code\edu_risk\.venv\Lib\site-packages\fastapi\routing.py", line 158, in app
    await wrap_app_handling_exceptions(app, request)(scope, receive, send)
  File "E:\code\my_code\edu_risk\.venv\Lib\site-packages\starlette\_exception_handler.py", line 53, in wrapped_app
    raise exc
  File "E:\code\my_code\edu_risk\.venv\Lib\site-packages\starlette\_exception_handler.py", line 42, in wrapped_app
    await app(scope, receive, sender)
  File "E:\code\my_code\edu_risk\.venv\Lib\site-packages\fastapi\routing.py", line 144, in app
    response = await f(request)
               ^^^^^^^^^^^^^^^^
  File "E:\code\my_code\edu_risk\.venv\Lib\site-packages\fastapi\routing.py", line 706, in app
    raw_response = await run_endpoint_function(
                   ^^^^^^^^^^^^^^^^^^^^^^^^^^^^
  File "E:\code\my_code\edu_risk\.venv\Lib\site-packages\fastapi\routing.py", line 352, in run_endpoint_function
    return await dependant.call(**values)
           ^^^^^^^^^^^^^^^^^^^^^^^^^^^^^^
  File "E:\code\my_code\edu_risk\app\routers\dashboard.py", line 73, in rule_effectiveness
    assessments = (await db.execute(
                   ^^^^^^^^^^^^^^^^^
  File "E:\code\my_code\edu_risk\.venv\Lib\site-packages\sqlalchemy\ext\asyncio\session.py", line 448, in execute
    result = await greenlet_spawn(
             ^^^^^^^^^^^^^^^^^^^^^
  File "E:\code\my_code\edu_risk\.venv\Lib\site-packages\sqlalchemy\util\_concurrency_py3k.py", line 201, in greenlet_spawn
    result = context.throw(*sys.exc_info())
             ^^^^^^^^^^^^^^^^^^^^^^^^^^^^^^
  File "E:\code\my_code\edu_risk\.venv\Lib\site-packages\sqlalchemy\orm\session.py", line 2373, in execute
    return self._execute_internal(
           ^^^^^^^^^^^^^^^^^^^^^^^
  File "E:\code\my_code\edu_risk\.venv\Lib\site-packages\sqlalchemy\orm\session.py", line 2261, in _execute_internal
    conn = self._connection_for_bind(bind)
           ^^^^^^^^^^^^^^^^^^^^^^^^^^^^^^^
  File "E:\code\my_code\edu_risk\.venv\Lib\site-packages\sqlalchemy\orm\session.py", line 2113, in _connection_for_bind
    return trans._connection_for_bind(engine, execution_options)
           ^^^^^^^^^^^^^^^^^^^^^^^^^^^^^^^^^^^^^^^^^^^^^^^^^^^^^
  File "<string>", line 2, in _connection_for_bind
  File "E:\code\my_code\edu_risk\.venv\Lib\site-packages\sqlalchemy\orm\state_changes.py", line 137, in _go
    ret_value = fn(self, *arg, **kw)
                ^^^^^^^^^^^^^^^^^^^^
  File "E:\code\my_code\edu_risk\.venv\Lib\site-packages\sqlalchemy\orm\session.py", line 1191, in _connection_for_bind
    conn = bind.connect()
           ^^^^^^^^^^^^^^
  File "E:\code\my_code\edu_risk\.venv\Lib\site-packages\sqlalchemy\engine\base.py", line 3295, in connect
    return self._connection_cls(self)
           ^^^^^^^^^^^^^^^^^^^^^^^^^^
  File "E:\code\my_code\edu_risk\.venv\Lib\site-packages\sqlalchemy\engine\base.py", line 146, in __init__
    Connection._handle_dbapi_exception_noconnection(
  File "E:\code\my_code\edu_risk\.venv\Lib\site-packages\sqlalchemy\engine\base.py", line 2450, in _handle_dbapi_exception_noconnection
    raise sqlalchemy_exception.with_traceback(exc_info[2]) from e
  File "E:\code\my_code\edu_risk\.venv\Lib\site-packages\sqlalchemy\engine\base.py", line 144, in __init__
    self._dbapi_connection = engine.raw_connection()
                             ^^^^^^^^^^^^^^^^^^^^^^^
  File "E:\code\my_code\edu_risk\.venv\Lib\site-packages\sqlalchemy\engine\base.py", line 3319, in raw_connection
    return self.pool.connect()
           ^^^^^^^^^^^^^^^^^^^
  File "E:\code\my_code\edu_risk\.venv\Lib\site-packages\sqlalchemy\pool\base.py", line 448, in connect
    return _ConnectionFairy._checkout(self)
           ^^^^^^^^^^^^^^^^^^^^^^^^^^^^^^^^
  File "E:\code\my_code\edu_risk\.venv\Lib\site-packages\sqlalchemy\pool\base.py", line 1272, in _checkout
    fairy = _ConnectionRecord.checkout(pool)
            ^^^^^^^^^^^^^^^^^^^^^^^^^^^^^^^^
  File "E:\code\my_code\edu_risk\.venv\Lib\site-packages\sqlalchemy\pool\base.py", line 712, in checkout
    rec = pool._do_get()
          ^^^^^^^^^^^^^^
  File "E:\code\my_code\edu_risk\.venv\Lib\site-packages\sqlalchemy\pool\impl.py", line 178, in _do_get
    with util.safe_reraise():
  File "E:\code\my_code\edu_risk\.venv\Lib\site-packages\sqlalchemy\util\langhelpers.py", line 122, in __exit__
    raise exc_value.with_traceback(exc_tb)
  File "E:\code\my_code\edu_risk\.venv\Lib\site-packages\sqlalchemy\pool\impl.py", line 176, in _do_get
    return self._create_connection()
           ^^^^^^^^^^^^^^^^^^^^^^^^^
  File "E:\code\my_code\edu_risk\.venv\Lib\site-packages\sqlalchemy\pool\base.py", line 389, in _create_connection
    return _ConnectionRecord(self)
           ^^^^^^^^^^^^^^^^^^^^^^^
  File "E:\code\my_code\edu_risk\.venv\Lib\site-packages\sqlalchemy\pool\base.py", line 674, in __init__
    self.__connect()
  File "E:\code\my_code\edu_risk\.venv\Lib\site-packages\sqlalchemy\pool\base.py", line 900, in __connect
    with util.safe_reraise():
  File "E:\code\my_code\edu_risk\.venv\Lib\site-packages\sqlalchemy\util\langhelpers.py", line 122, in __exit__
    raise exc_value.with_traceback(exc_tb)
  File "E:\code\my_code\edu_risk\.venv\Lib\site-packages\sqlalchemy\pool\base.py", line 896, in __connect
    self.dbapi_connection = connection = pool._invoke_creator(self)
                                         ^^^^^^^^^^^^^^^^^^^^^^^^^^
  File "E:\code\my_code\edu_risk\.venv\Lib\site-packages\sqlalchemy\engine\create.py", line 667, in connect
    return dialect.connect(*cargs_tup, **cparams)
           ^^^^^^^^^^^^^^^^^^^^^^^^^^^^^^^^^^^^^^
  File "E:\code\my_code\edu_risk\.venv\Lib\site-packages\sqlalchemy\engine\default.py", line 630, in connect
    return self.loaded_dbapi.connect(*cargs, **cparams)  # type: ignore[no-any-return]  # NOQA: E501
           ^^^^^^^^^^^^^^^^^^^^^^^^^^^^^^^^^^^^^^^^^^^^
  File "E:\code\my_code\edu_risk\.venv\Lib\site-packages\sqlalchemy\dialects\mysql\aiomysql.py", line 176, in connect
    await_only(creator_fn(*arg, **kw)),
    ^^^^^^^^^^^^^^^^^^^^^^^^^^^^^^^^^^
  File "E:\code\my_code\edu_risk\.venv\Lib\site-packages\sqlalchemy\util\_concurrency_py3k.py", line 132, in await_only
    return current.parent.switch(awaitable)  # type: ignore[no-any-return,attr-defined] # noqa: E501
           ^^^^^^^^^^^^^^^^^^^^^^^^^^^^^^^^
  File "E:\code\my_code\edu_risk\.venv\Lib\site-packages\sqlalchemy\util\_concurrency_py3k.py", line 196, in greenlet_spawn
    value = await result
            ^^^^^^^^^^^^
  File "E:\code\my_code\edu_risk\.venv\Lib\site-packages\aiomysql\connection.py", line 74, in _connect
    await conn._connect()
  File "E:\code\my_code\edu_risk\.venv\Lib\site-packages\aiomysql\connection.py", line 540, in _connect
    await self._request_authentication()
  File "E:\code\my_code\edu_risk\.venv\Lib\site-packages\aiomysql\connection.py", line 865, in _request_authentication
    await self.caching_sha2_password_auth(auth_packet)
  File "E:\code\my_code\edu_risk\.venv\Lib\site-packages\aiomysql\connection.py", line 952, in caching_sha2_password_auth
    pkt = await self._read_packet()
          ^^^^^^^^^^^^^^^^^^^^^^^^^
  File "E:\code\my_code\edu_risk\.venv\Lib\site-packages\aiomysql\connection.py", line 652, in _read_packet
    packet.raise_for_error()
  File "E:\code\my_code\edu_risk\.venv\Lib\site-packages\pymysql\protocol.py", line 219, in raise_for_error
    err.raise_mysql_exception(self._data)
  File "E:\code\my_code\edu_risk\.venv\Lib\site-packages\pymysql\err.py", line 154, in raise_mysql_exception
    raise errorclass(errno, errval, sqlstate=sqlstate)
sqlalchemy.exc.OperationalError: (pymysql.err.OperationalError) (1049, "Unknown database 'edu_risk'")
(Background on this error at: https://sqlalche.me/e/20/e3q8)
2026-08-12 10:15:23,220 INFO [uvicorn.access] 127.0.0.1:65371 - "GET /api/health HTTP/1.1" 200
2026-08-12 10:15:23,228 INFO [uvicorn.access] 127.0.0.1:63844 - "GET /api/dashboard/stats?days=7 HTTP/1.1" 500
2026-08-12 10:15:23,230 ERROR [uvicorn.error] Exception in ASGI application
Traceback (most recent call last):
  File "E:\code\my_code\edu_risk\.venv\Lib\site-packages\sqlalchemy\engine\base.py", line 144, in __init__
    self._dbapi_connection = engine.raw_connection()
                             ^^^^^^^^^^^^^^^^^^^^^^^
  File "E:\code\my_code\edu_risk\.venv\Lib\site-packages\sqlalchemy\engine\base.py", line 3319, in raw_connection
    return self.pool.connect()
           ^^^^^^^^^^^^^^^^^^^
  File "E:\code\my_code\edu_risk\.venv\Lib\site-packages\sqlalchemy\pool\base.py", line 448, in connect
    return _ConnectionFairy._checkout(self)
           ^^^^^^^^^^^^^^^^^^^^^^^^^^^^^^^^
  File "E:\code\my_code\edu_risk\.venv\Lib\site-packages\sqlalchemy\pool\base.py", line 1272, in _checkout
    fairy = _ConnectionRecord.checkout(pool)
            ^^^^^^^^^^^^^^^^^^^^^^^^^^^^^^^^
  File "E:\code\my_code\edu_risk\.venv\Lib\site-packages\sqlalchemy\pool\base.py", line 712, in checkout
    rec = pool._do_get()
          ^^^^^^^^^^^^^^
  File "E:\code\my_code\edu_risk\.venv\Lib\site-packages\sqlalchemy\pool\impl.py", line 178, in _do_get
    with util.safe_reraise():
  File "E:\code\my_code\edu_risk\.venv\Lib\site-packages\sqlalchemy\util\langhelpers.py", line 122, in __exit__
    raise exc_value.with_traceback(exc_tb)
  File "E:\code\my_code\edu_risk\.venv\Lib\site-packages\sqlalchemy\pool\impl.py", line 176, in _do_get
    return self._create_connection()
           ^^^^^^^^^^^^^^^^^^^^^^^^^
  File "E:\code\my_code\edu_risk\.venv\Lib\site-packages\sqlalchemy\pool\base.py", line 389, in _create_connection
    return _ConnectionRecord(self)
           ^^^^^^^^^^^^^^^^^^^^^^^
  File "E:\code\my_code\edu_risk\.venv\Lib\site-packages\sqlalchemy\pool\base.py", line 674, in __init__
    self.__connect()
  File "E:\code\my_code\edu_risk\.venv\Lib\site-packages\sqlalchemy\pool\base.py", line 900, in __connect
    with util.safe_reraise():
  File "E:\code\my_code\edu_risk\.venv\Lib\site-packages\sqlalchemy\util\langhelpers.py", line 122, in __exit__
    raise exc_value.with_traceback(exc_tb)
  File "E:\code\my_code\edu_risk\.venv\Lib\site-packages\sqlalchemy\pool\base.py", line 896, in __connect
    self.dbapi_connection = connection = pool._invoke_creator(self)
                                         ^^^^^^^^^^^^^^^^^^^^^^^^^^
  File "E:\code\my_code\edu_risk\.venv\Lib\site-packages\sqlalchemy\engine\create.py", line 667, in connect
    return dialect.connect(*cargs_tup, **cparams)
           ^^^^^^^^^^^^^^^^^^^^^^^^^^^^^^^^^^^^^^
  File "E:\code\my_code\edu_risk\.venv\Lib\site-packages\sqlalchemy\engine\default.py", line 630, in connect
    return self.loaded_dbapi.connect(*cargs, **cparams)  # type: ignore[no-any-return]  # NOQA: E501
           ^^^^^^^^^^^^^^^^^^^^^^^^^^^^^^^^^^^^^^^^^^^^
  File "E:\code\my_code\edu_risk\.venv\Lib\site-packages\sqlalchemy\dialects\mysql\aiomysql.py", line 176, in connect
    await_only(creator_fn(*arg, **kw)),
    ^^^^^^^^^^^^^^^^^^^^^^^^^^^^^^^^^^
  File "E:\code\my_code\edu_risk\.venv\Lib\site-packages\sqlalchemy\util\_concurrency_py3k.py", line 132, in await_only
    return current.parent.switch(awaitable)  # type: ignore[no-any-return,attr-defined] # noqa: E501
           ^^^^^^^^^^^^^^^^^^^^^^^^^^^^^^^^
  File "E:\code\my_code\edu_risk\.venv\Lib\site-packages\sqlalchemy\util\_concurrency_py3k.py", line 196, in greenlet_spawn
    value = await result
            ^^^^^^^^^^^^
  File "E:\code\my_code\edu_risk\.venv\Lib\site-packages\aiomysql\connection.py", line 74, in _connect
    await conn._connect()
  File "E:\code\my_code\edu_risk\.venv\Lib\site-packages\aiomysql\connection.py", line 540, in _connect
    await self._request_authentication()
  File "E:\code\my_code\edu_risk\.venv\Lib\site-packages\aiomysql\connection.py", line 865, in _request_authentication
    await self.caching_sha2_password_auth(auth_packet)
  File "E:\code\my_code\edu_risk\.venv\Lib\site-packages\aiomysql\connection.py", line 952, in caching_sha2_password_auth
    pkt = await self._read_packet()
          ^^^^^^^^^^^^^^^^^^^^^^^^^
  File "E:\code\my_code\edu_risk\.venv\Lib\site-packages\aiomysql\connection.py", line 652, in _read_packet
    packet.raise_for_error()
  File "E:\code\my_code\edu_risk\.venv\Lib\site-packages\pymysql\protocol.py", line 219, in raise_for_error
    err.raise_mysql_exception(self._data)
  File "E:\code\my_code\edu_risk\.venv\Lib\site-packages\pymysql\err.py", line 154, in raise_mysql_exception
    raise errorclass(errno, errval, sqlstate=sqlstate)
pymysql.err.OperationalError: (1049, "Unknown database 'edu_risk'")

The above exception was the direct cause of the following exception:

Traceback (most recent call last):
  File "E:\code\my_code\edu_risk\.venv\Lib\site-packages\uvicorn\protocols\http\h11_impl.py", line 416, in run_asgi
    result = await app(  # type: ignore[func-returns-value]
             ^^^^^^^^^^^^^^^^^^^^^^^^^^^^^^^^^^^^^^^^^^^^^^
  File "E:\code\my_code\edu_risk\.venv\Lib\site-packages\uvicorn\middleware\proxy_headers.py", line 63, in __call__
    return await self.app(scope, receive, send)
           ^^^^^^^^^^^^^^^^^^^^^^^^^^^^^^^^^^^^
  File "E:\code\my_code\edu_risk\.venv\Lib\site-packages\fastapi\applications.py", line 1163, in __call__
    await super().__call__(scope, receive, send)
  File "E:\code\my_code\edu_risk\.venv\Lib\site-packages\starlette\applications.py", line 96, in __call__
    await self.middleware_stack(scope, receive, send)
  File "E:\code\my_code\edu_risk\.venv\Lib\site-packages\starlette\middleware\errors.py", line 186, in __call__
    raise exc
  File "E:\code\my_code\edu_risk\.venv\Lib\site-packages\starlette\middleware\errors.py", line 164, in __call__
    await self.app(scope, receive, _send)
  File "E:\code\my_code\edu_risk\.venv\Lib\site-packages\starlette\middleware\cors.py", line 96, in __call__
    await self.simple_response(scope, receive, send, request_headers=headers)
  File "E:\code\my_code\edu_risk\.venv\Lib\site-packages\starlette\middleware\cors.py", line 154, in simple_response
    await self.app(scope, receive, send)
  File "E:\code\my_code\edu_risk\.venv\Lib\site-packages\starlette\middleware\exceptions.py", line 63, in __call__
    await wrap_app_handling_exceptions(self.app, conn)(scope, receive, send)
  File "E:\code\my_code\edu_risk\.venv\Lib\site-packages\starlette\_exception_handler.py", line 53, in wrapped_app
    raise exc
  File "E:\code\my_code\edu_risk\.venv\Lib\site-packages\starlette\_exception_handler.py", line 42, in wrapped_app
    await app(scope, receive, sender)
  File "E:\code\my_code\edu_risk\.venv\Lib\site-packages\fastapi\middleware\asyncexitstack.py", line 18, in __call__
    await self.app(scope, receive, send)
  File "E:\code\my_code\edu_risk\.venv\Lib\site-packages\starlette\routing.py", line 670, in __call__
    await self.middleware_stack(scope, receive, send)
  File "E:\code\my_code\edu_risk\.venv\Lib\site-packages\fastapi\routing.py", line 2734, in app
    await route.handle(scope, receive, send)
  File "E:\code\my_code\edu_risk\.venv\Lib\site-packages\fastapi\routing.py", line 1780, in handle
    await self.original_router.handle(scope, receive, send)
  File "E:\code\my_code\edu_risk\.venv\Lib\site-packages\fastapi\routing.py", line 2789, in handle
    await included_router._handle_selected(scope, receive, send)
  File "E:\code\my_code\edu_risk\.venv\Lib\site-packages\fastapi\routing.py", line 1800, in _handle_selected
    await original_route.handle(scope, receive, send)
  File "E:\code\my_code\edu_risk\.venv\Lib\site-packages\fastapi\routing.py", line 1279, in handle
    await app(scope, receive, send)
  File "E:\code\my_code\edu_risk\.venv\Lib\site-packages\fastapi\routing.py", line 158, in app
    await wrap_app_handling_exceptions(app, request)(scope, receive, send)
  File "E:\code\my_code\edu_risk\.venv\Lib\site-packages\starlette\_exception_handler.py", line 53, in wrapped_app
    raise exc
  File "E:\code\my_code\edu_risk\.venv\Lib\site-packages\starlette\_exception_handler.py", line 42, in wrapped_app
    await app(scope, receive, sender)
  File "E:\code\my_code\edu_risk\.venv\Lib\site-packages\fastapi\routing.py", line 144, in app
    response = await f(request)
               ^^^^^^^^^^^^^^^^
  File "E:\code\my_code\edu_risk\.venv\Lib\site-packages\fastapi\routing.py", line 706, in app
    raw_response = await run_endpoint_function(
                   ^^^^^^^^^^^^^^^^^^^^^^^^^^^^
  File "E:\code\my_code\edu_risk\.venv\Lib\site-packages\fastapi\routing.py", line 352, in run_endpoint_function
    return await dependant.call(**values)
           ^^^^^^^^^^^^^^^^^^^^^^^^^^^^^^
  File "E:\code\my_code\edu_risk\app\routers\dashboard.py", line 21, in dashboard_stats
    total_checks = (await db.execute(select(func.count(RiskEvent.event_id)).where(
                    ^^^^^^^^^^^^^^^^^^^^^^^^^^^^^^^^^^^^^^^^^^^^^^^^^^^^^^^^^^^^^^
  File "E:\code\my_code\edu_risk\.venv\Lib\site-packages\sqlalchemy\ext\asyncio\session.py", line 448, in execute
    result = await greenlet_spawn(
             ^^^^^^^^^^^^^^^^^^^^^
  File "E:\code\my_code\edu_risk\.venv\Lib\site-packages\sqlalchemy\util\_concurrency_py3k.py", line 201, in greenlet_spawn
    result = context.throw(*sys.exc_info())
             ^^^^^^^^^^^^^^^^^^^^^^^^^^^^^^
  File "E:\code\my_code\edu_risk\.venv\Lib\site-packages\sqlalchemy\orm\session.py", line 2373, in execute
    return self._execute_internal(
           ^^^^^^^^^^^^^^^^^^^^^^^
  File "E:\code\my_code\edu_risk\.venv\Lib\site-packages\sqlalchemy\orm\session.py", line 2261, in _execute_internal
    conn = self._connection_for_bind(bind)
           ^^^^^^^^^^^^^^^^^^^^^^^^^^^^^^^
  File "E:\code\my_code\edu_risk\.venv\Lib\site-packages\sqlalchemy\orm\session.py", line 2113, in _connection_for_bind
    return trans._connection_for_bind(engine, execution_options)
           ^^^^^^^^^^^^^^^^^^^^^^^^^^^^^^^^^^^^^^^^^^^^^^^^^^^^^
  File "<string>", line 2, in _connection_for_bind
  File "E:\code\my_code\edu_risk\.venv\Lib\site-packages\sqlalchemy\orm\state_changes.py", line 137, in _go
    ret_value = fn(self, *arg, **kw)
                ^^^^^^^^^^^^^^^^^^^^
  File "E:\code\my_code\edu_risk\.venv\Lib\site-packages\sqlalchemy\orm\session.py", line 1191, in _connection_for_bind
    conn = bind.connect()
           ^^^^^^^^^^^^^^
  File "E:\code\my_code\edu_risk\.venv\Lib\site-packages\sqlalchemy\engine\base.py", line 3295, in connect
    return self._connection_cls(self)
           ^^^^^^^^^^^^^^^^^^^^^^^^^^
  File "E:\code\my_code\edu_risk\.venv\Lib\site-packages\sqlalchemy\engine\base.py", line 146, in __init__
    Connection._handle_dbapi_exception_noconnection(
  File "E:\code\my_code\edu_risk\.venv\Lib\site-packages\sqlalchemy\engine\base.py", line 2450, in _handle_dbapi_exception_noconnection
    raise sqlalchemy_exception.with_traceback(exc_info[2]) from e
  File "E:\code\my_code\edu_risk\.venv\Lib\site-packages\sqlalchemy\engine\base.py", line 144, in __init__
    self._dbapi_connection = engine.raw_connection()
                             ^^^^^^^^^^^^^^^^^^^^^^^
  File "E:\code\my_code\edu_risk\.venv\Lib\site-packages\sqlalchemy\engine\base.py", line 3319, in raw_connection
    return self.pool.connect()
           ^^^^^^^^^^^^^^^^^^^
  File "E:\code\my_code\edu_risk\.venv\Lib\site-packages\sqlalchemy\pool\base.py", line 448, in connect
    return _ConnectionFairy._checkout(self)
           ^^^^^^^^^^^^^^^^^^^^^^^^^^^^^^^^
  File "E:\code\my_code\edu_risk\.venv\Lib\site-packages\sqlalchemy\pool\base.py", line 1272, in _checkout
    fairy = _ConnectionRecord.checkout(pool)
            ^^^^^^^^^^^^^^^^^^^^^^^^^^^^^^^^
  File "E:\code\my_code\edu_risk\.venv\Lib\site-packages\sqlalchemy\pool\base.py", line 712, in checkout
    rec = pool._do_get()
          ^^^^^^^^^^^^^^
  File "E:\code\my_code\edu_risk\.venv\Lib\site-packages\sqlalchemy\pool\impl.py", line 178, in _do_get
    with util.safe_reraise():
  File "E:\code\my_code\edu_risk\.venv\Lib\site-packages\sqlalchemy\util\langhelpers.py", line 122, in __exit__
    raise exc_value.with_traceback(exc_tb)
  File "E:\code\my_code\edu_risk\.venv\Lib\site-packages\sqlalchemy\pool\impl.py", line 176, in _do_get
    return self._create_connection()
           ^^^^^^^^^^^^^^^^^^^^^^^^^
  File "E:\code\my_code\edu_risk\.venv\Lib\site-packages\sqlalchemy\pool\base.py", line 389, in _create_connection
    return _ConnectionRecord(self)
           ^^^^^^^^^^^^^^^^^^^^^^^
  File "E:\code\my_code\edu_risk\.venv\Lib\site-packages\sqlalchemy\pool\base.py", line 674, in __init__
    self.__connect()
  File "E:\code\my_code\edu_risk\.venv\Lib\site-packages\sqlalchemy\pool\base.py", line 900, in __connect
    with util.safe_reraise():
  File "E:\code\my_code\edu_risk\.venv\Lib\site-packages\sqlalchemy\util\langhelpers.py", line 122, in __exit__
    raise exc_value.with_traceback(exc_tb)
  File "E:\code\my_code\edu_risk\.venv\Lib\site-packages\sqlalchemy\pool\base.py", line 896, in __connect
    self.dbapi_connection = connection = pool._invoke_creator(self)
                                         ^^^^^^^^^^^^^^^^^^^^^^^^^^
  File "E:\code\my_code\edu_risk\.venv\Lib\site-packages\sqlalchemy\engine\create.py", line 667, in connect
    return dialect.connect(*cargs_tup, **cparams)
           ^^^^^^^^^^^^^^^^^^^^^^^^^^^^^^^^^^^^^^
  File "E:\code\my_code\edu_risk\.venv\Lib\site-packages\sqlalchemy\engine\default.py", line 630, in connect
    return self.loaded_dbapi.connect(*cargs, **cparams)  # type: ignore[no-any-return]  # NOQA: E501
           ^^^^^^^^^^^^^^^^^^^^^^^^^^^^^^^^^^^^^^^^^^^^
  File "E:\code\my_code\edu_risk\.venv\Lib\site-packages\sqlalchemy\dialects\mysql\aiomysql.py", line 176, in connect
    await_only(creator_fn(*arg, **kw)),
    ^^^^^^^^^^^^^^^^^^^^^^^^^^^^^^^^^^
  File "E:\code\my_code\edu_risk\.venv\Lib\site-packages\sqlalchemy\util\_concurrency_py3k.py", line 132, in await_only
    return current.parent.switch(awaitable)  # type: ignore[no-any-return,attr-defined] # noqa: E501
           ^^^^^^^^^^^^^^^^^^^^^^^^^^^^^^^^
  File "E:\code\my_code\edu_risk\.venv\Lib\site-packages\sqlalchemy\util\_concurrency_py3k.py", line 196, in greenlet_spawn
    value = await result
            ^^^^^^^^^^^^
  File "E:\code\my_code\edu_risk\.venv\Lib\site-packages\aiomysql\connection.py", line 74, in _connect
    await conn._connect()
  File "E:\code\my_code\edu_risk\.venv\Lib\site-packages\aiomysql\connection.py", line 540, in _connect
    await self._request_authentication()
  File "E:\code\my_code\edu_risk\.venv\Lib\site-packages\aiomysql\connection.py", line 865, in _request_authentication
    await self.caching_sha2_password_auth(auth_packet)
  File "E:\code\my_code\edu_risk\.venv\Lib\site-packages\aiomysql\connection.py", line 952, in caching_sha2_password_auth
    pkt = await self._read_packet()
          ^^^^^^^^^^^^^^^^^^^^^^^^^
  File "E:\code\my_code\edu_risk\.venv\Lib\site-packages\aiomysql\connection.py", line 652, in _read_packet
    packet.raise_for_error()
  File "E:\code\my_code\edu_risk\.venv\Lib\site-packages\pymysql\protocol.py", line 219, in raise_for_error
    err.raise_mysql_exception(self._data)
  File "E:\code\my_code\edu_risk\.venv\Lib\site-packages\pymysql\err.py", line 154, in raise_mysql_exception
    raise errorclass(errno, errval, sqlstate=sqlstate)
sqlalchemy.exc.OperationalError: (pymysql.err.OperationalError) (1049, "Unknown database 'edu_risk'")
(Background on this error at: https://sqlalche.me/e/20/e3q8)
2026-08-12 10:15:23,273 INFO [uvicorn.access] 127.0.0.1:65371 - "GET /api/dashboard/trend?days=7 HTTP/1.1" 500
2026-08-12 10:15:23,275 ERROR [uvicorn.error] Exception in ASGI application
Traceback (most recent call last):
  File "E:\code\my_code\edu_risk\.venv\Lib\site-packages\sqlalchemy\engine\base.py", line 144, in __init__
    self._dbapi_connection = engine.raw_connection()
                             ^^^^^^^^^^^^^^^^^^^^^^^
  File "E:\code\my_code\edu_risk\.venv\Lib\site-packages\sqlalchemy\engine\base.py", line 3319, in raw_connection
    return self.pool.connect()
           ^^^^^^^^^^^^^^^^^^^
  File "E:\code\my_code\edu_risk\.venv\Lib\site-packages\sqlalchemy\pool\base.py", line 448, in connect
    return _ConnectionFairy._checkout(self)
           ^^^^^^^^^^^^^^^^^^^^^^^^^^^^^^^^
  File "E:\code\my_code\edu_risk\.venv\Lib\site-packages\sqlalchemy\pool\base.py", line 1272, in _checkout
    fairy = _ConnectionRecord.checkout(pool)
            ^^^^^^^^^^^^^^^^^^^^^^^^^^^^^^^^
  File "E:\code\my_code\edu_risk\.venv\Lib\site-packages\sqlalchemy\pool\base.py", line 712, in checkout
    rec = pool._do_get()
          ^^^^^^^^^^^^^^
  File "E:\code\my_code\edu_risk\.venv\Lib\site-packages\sqlalchemy\pool\impl.py", line 178, in _do_get
    with util.safe_reraise():
  File "E:\code\my_code\edu_risk\.venv\Lib\site-packages\sqlalchemy\util\langhelpers.py", line 122, in __exit__
    raise exc_value.with_traceback(exc_tb)
  File "E:\code\my_code\edu_risk\.venv\Lib\site-packages\sqlalchemy\pool\impl.py", line 176, in _do_get
    return self._create_connection()
           ^^^^^^^^^^^^^^^^^^^^^^^^^
  File "E:\code\my_code\edu_risk\.venv\Lib\site-packages\sqlalchemy\pool\base.py", line 389, in _create_connection
    return _ConnectionRecord(self)
           ^^^^^^^^^^^^^^^^^^^^^^^
  File "E:\code\my_code\edu_risk\.venv\Lib\site-packages\sqlalchemy\pool\base.py", line 674, in __init__
    self.__connect()
  File "E:\code\my_code\edu_risk\.venv\Lib\site-packages\sqlalchemy\pool\base.py", line 900, in __connect
    with util.safe_reraise():
  File "E:\code\my_code\edu_risk\.venv\Lib\site-packages\sqlalchemy\util\langhelpers.py", line 122, in __exit__
    raise exc_value.with_traceback(exc_tb)
  File "E:\code\my_code\edu_risk\.venv\Lib\site-packages\sqlalchemy\pool\base.py", line 896, in __connect
    self.dbapi_connection = connection = pool._invoke_creator(self)
                                         ^^^^^^^^^^^^^^^^^^^^^^^^^^
  File "E:\code\my_code\edu_risk\.venv\Lib\site-packages\sqlalchemy\engine\create.py", line 667, in connect
    return dialect.connect(*cargs_tup, **cparams)
           ^^^^^^^^^^^^^^^^^^^^^^^^^^^^^^^^^^^^^^
  File "E:\code\my_code\edu_risk\.venv\Lib\site-packages\sqlalchemy\engine\default.py", line 630, in connect
    return self.loaded_dbapi.connect(*cargs, **cparams)  # type: ignore[no-any-return]  # NOQA: E501
           ^^^^^^^^^^^^^^^^^^^^^^^^^^^^^^^^^^^^^^^^^^^^
  File "E:\code\my_code\edu_risk\.venv\Lib\site-packages\sqlalchemy\dialects\mysql\aiomysql.py", line 176, in connect
    await_only(creator_fn(*arg, **kw)),
    ^^^^^^^^^^^^^^^^^^^^^^^^^^^^^^^^^^
  File "E:\code\my_code\edu_risk\.venv\Lib\site-packages\sqlalchemy\util\_concurrency_py3k.py", line 132, in await_only
    return current.parent.switch(awaitable)  # type: ignore[no-any-return,attr-defined] # noqa: E501
           ^^^^^^^^^^^^^^^^^^^^^^^^^^^^^^^^
  File "E:\code\my_code\edu_risk\.venv\Lib\site-packages\sqlalchemy\util\_concurrency_py3k.py", line 196, in greenlet_spawn
    value = await result
            ^^^^^^^^^^^^
  File "E:\code\my_code\edu_risk\.venv\Lib\site-packages\aiomysql\connection.py", line 74, in _connect
    await conn._connect()
  File "E:\code\my_code\edu_risk\.venv\Lib\site-packages\aiomysql\connection.py", line 540, in _connect
    await self._request_authentication()
  File "E:\code\my_code\edu_risk\.venv\Lib\site-packages\aiomysql\connection.py", line 865, in _request_authentication
    await self.caching_sha2_password_auth(auth_packet)
  File "E:\code\my_code\edu_risk\.venv\Lib\site-packages\aiomysql\connection.py", line 952, in caching_sha2_password_auth
    pkt = await self._read_packet()
          ^^^^^^^^^^^^^^^^^^^^^^^^^
  File "E:\code\my_code\edu_risk\.venv\Lib\site-packages\aiomysql\connection.py", line 652, in _read_packet
    packet.raise_for_error()
  File "E:\code\my_code\edu_risk\.venv\Lib\site-packages\pymysql\protocol.py", line 219, in raise_for_error
    err.raise_mysql_exception(self._data)
  File "E:\code\my_code\edu_risk\.venv\Lib\site-packages\pymysql\err.py", line 154, in raise_mysql_exception
    raise errorclass(errno, errval, sqlstate=sqlstate)
pymysql.err.OperationalError: (1049, "Unknown database 'edu_risk'")

The above exception was the direct cause of the following exception:

Traceback (most recent call last):
  File "E:\code\my_code\edu_risk\.venv\Lib\site-packages\uvicorn\protocols\http\h11_impl.py", line 416, in run_asgi
    result = await app(  # type: ignore[func-returns-value]
             ^^^^^^^^^^^^^^^^^^^^^^^^^^^^^^^^^^^^^^^^^^^^^^
  File "E:\code\my_code\edu_risk\.venv\Lib\site-packages\uvicorn\middleware\proxy_headers.py", line 63, in __call__
    return await self.app(scope, receive, send)
           ^^^^^^^^^^^^^^^^^^^^^^^^^^^^^^^^^^^^
  File "E:\code\my_code\edu_risk\.venv\Lib\site-packages\fastapi\applications.py", line 1163, in __call__
    await super().__call__(scope, receive, send)
  File "E:\code\my_code\edu_risk\.venv\Lib\site-packages\starlette\applications.py", line 96, in __call__
    await self.middleware_stack(scope, receive, send)
  File "E:\code\my_code\edu_risk\.venv\Lib\site-packages\starlette\middleware\errors.py", line 186, in __call__
    raise exc
  File "E:\code\my_code\edu_risk\.venv\Lib\site-packages\starlette\middleware\errors.py", line 164, in __call__
    await self.app(scope, receive, _send)
  File "E:\code\my_code\edu_risk\.venv\Lib\site-packages\starlette\middleware\cors.py", line 96, in __call__
    await self.simple_response(scope, receive, send, request_headers=headers)
  File "E:\code\my_code\edu_risk\.venv\Lib\site-packages\starlette\middleware\cors.py", line 154, in simple_response
    await self.app(scope, receive, send)
  File "E:\code\my_code\edu_risk\.venv\Lib\site-packages\starlette\middleware\exceptions.py", line 63, in __call__
    await wrap_app_handling_exceptions(self.app, conn)(scope, receive, send)
  File "E:\code\my_code\edu_risk\.venv\Lib\site-packages\starlette\_exception_handler.py", line 53, in wrapped_app
    raise exc
  File "E:\code\my_code\edu_risk\.venv\Lib\site-packages\starlette\_exception_handler.py", line 42, in wrapped_app
    await app(scope, receive, sender)
  File "E:\code\my_code\edu_risk\.venv\Lib\site-packages\fastapi\middleware\asyncexitstack.py", line 18, in __call__
    await self.app(scope, receive, send)
  File "E:\code\my_code\edu_risk\.venv\Lib\site-packages\starlette\routing.py", line 670, in __call__
    await self.middleware_stack(scope, receive, send)
  File "E:\code\my_code\edu_risk\.venv\Lib\site-packages\fastapi\routing.py", line 2734, in app
    await route.handle(scope, receive, send)
  File "E:\code\my_code\edu_risk\.venv\Lib\site-packages\fastapi\routing.py", line 1780, in handle
    await self.original_router.handle(scope, receive, send)
  File "E:\code\my_code\edu_risk\.venv\Lib\site-packages\fastapi\routing.py", line 2789, in handle
    await included_router._handle_selected(scope, receive, send)
  File "E:\code\my_code\edu_risk\.venv\Lib\site-packages\fastapi\routing.py", line 1800, in _handle_selected
    await original_route.handle(scope, receive, send)
  File "E:\code\my_code\edu_risk\.venv\Lib\site-packages\fastapi\routing.py", line 1279, in handle
    await app(scope, receive, send)
  File "E:\code\my_code\edu_risk\.venv\Lib\site-packages\fastapi\routing.py", line 158, in app
    await wrap_app_handling_exceptions(app, request)(scope, receive, send)
  File "E:\code\my_code\edu_risk\.venv\Lib\site-packages\starlette\_exception_handler.py", line 53, in wrapped_app
    raise exc
  File "E:\code\my_code\edu_risk\.venv\Lib\site-packages\starlette\_exception_handler.py", line 42, in wrapped_app
    await app(scope, receive, sender)
  File "E:\code\my_code\edu_risk\.venv\Lib\site-packages\fastapi\routing.py", line 144, in app
    response = await f(request)
               ^^^^^^^^^^^^^^^^
  File "E:\code\my_code\edu_risk\.venv\Lib\site-packages\fastapi\routing.py", line 706, in app
    raw_response = await run_endpoint_function(
                   ^^^^^^^^^^^^^^^^^^^^^^^^^^^^
  File "E:\code\my_code\edu_risk\.venv\Lib\site-packages\fastapi\routing.py", line 352, in run_endpoint_function
    return await dependant.call(**values)
           ^^^^^^^^^^^^^^^^^^^^^^^^^^^^^^
  File "E:\code\my_code\edu_risk\app\routers\dashboard.py", line 61, in risk_trend
    rows = (await db.execute(
            ^^^^^^^^^^^^^^^^^
  File "E:\code\my_code\edu_risk\.venv\Lib\site-packages\sqlalchemy\ext\asyncio\session.py", line 448, in execute
    result = await greenlet_spawn(
             ^^^^^^^^^^^^^^^^^^^^^
  File "E:\code\my_code\edu_risk\.venv\Lib\site-packages\sqlalchemy\util\_concurrency_py3k.py", line 201, in greenlet_spawn
    result = context.throw(*sys.exc_info())
             ^^^^^^^^^^^^^^^^^^^^^^^^^^^^^^
  File "E:\code\my_code\edu_risk\.venv\Lib\site-packages\sqlalchemy\orm\session.py", line 2373, in execute
    return self._execute_internal(
           ^^^^^^^^^^^^^^^^^^^^^^^
  File "E:\code\my_code\edu_risk\.venv\Lib\site-packages\sqlalchemy\orm\session.py", line 2261, in _execute_internal
    conn = self._connection_for_bind(bind)
           ^^^^^^^^^^^^^^^^^^^^^^^^^^^^^^^
  File "E:\code\my_code\edu_risk\.venv\Lib\site-packages\sqlalchemy\orm\session.py", line 2113, in _connection_for_bind
    return trans._connection_for_bind(engine, execution_options)
           ^^^^^^^^^^^^^^^^^^^^^^^^^^^^^^^^^^^^^^^^^^^^^^^^^^^^^
  File "<string>", line 2, in _connection_for_bind
  File "E:\code\my_code\edu_risk\.venv\Lib\site-packages\sqlalchemy\orm\state_changes.py", line 137, in _go
    ret_value = fn(self, *arg, **kw)
                ^^^^^^^^^^^^^^^^^^^^
  File "E:\code\my_code\edu_risk\.venv\Lib\site-packages\sqlalchemy\orm\session.py", line 1191, in _connection_for_bind
    conn = bind.connect()
           ^^^^^^^^^^^^^^
  File "E:\code\my_code\edu_risk\.venv\Lib\site-packages\sqlalchemy\engine\base.py", line 3295, in connect
    return self._connection_cls(self)
           ^^^^^^^^^^^^^^^^^^^^^^^^^^
  File "E:\code\my_code\edu_risk\.venv\Lib\site-packages\sqlalchemy\engine\base.py", line 146, in __init__
    Connection._handle_dbapi_exception_noconnection(
  File "E:\code\my_code\edu_risk\.venv\Lib\site-packages\sqlalchemy\engine\base.py", line 2450, in _handle_dbapi_exception_noconnection
    raise sqlalchemy_exception.with_traceback(exc_info[2]) from e
  File "E:\code\my_code\edu_risk\.venv\Lib\site-packages\sqlalchemy\engine\base.py", line 144, in __init__
    self._dbapi_connection = engine.raw_connection()
                             ^^^^^^^^^^^^^^^^^^^^^^^
  File "E:\code\my_code\edu_risk\.venv\Lib\site-packages\sqlalchemy\engine\base.py", line 3319, in raw_connection
    return self.pool.connect()
           ^^^^^^^^^^^^^^^^^^^
  File "E:\code\my_code\edu_risk\.venv\Lib\site-packages\sqlalchemy\pool\base.py", line 448, in connect
    return _ConnectionFairy._checkout(self)
           ^^^^^^^^^^^^^^^^^^^^^^^^^^^^^^^^
  File "E:\code\my_code\edu_risk\.venv\Lib\site-packages\sqlalchemy\pool\base.py", line 1272, in _checkout
    fairy = _ConnectionRecord.checkout(pool)
            ^^^^^^^^^^^^^^^^^^^^^^^^^^^^^^^^
  File "E:\code\my_code\edu_risk\.venv\Lib\site-packages\sqlalchemy\pool\base.py", line 712, in checkout
    rec = pool._do_get()
          ^^^^^^^^^^^^^^
  File "E:\code\my_code\edu_risk\.venv\Lib\site-packages\sqlalchemy\pool\impl.py", line 178, in _do_get
    with util.safe_reraise():
  File "E:\code\my_code\edu_risk\.venv\Lib\site-packages\sqlalchemy\util\langhelpers.py", line 122, in __exit__
    raise exc_value.with_traceback(exc_tb)
  File "E:\code\my_code\edu_risk\.venv\Lib\site-packages\sqlalchemy\pool\impl.py", line 176, in _do_get
    return self._create_connection()
           ^^^^^^^^^^^^^^^^^^^^^^^^^
  File "E:\code\my_code\edu_risk\.venv\Lib\site-packages\sqlalchemy\pool\base.py", line 389, in _create_connection
    return _ConnectionRecord(self)
           ^^^^^^^^^^^^^^^^^^^^^^^
  File "E:\code\my_code\edu_risk\.venv\Lib\site-packages\sqlalchemy\pool\base.py", line 674, in __init__
    self.__connect()
  File "E:\code\my_code\edu_risk\.venv\Lib\site-packages\sqlalchemy\pool\base.py", line 900, in __connect
    with util.safe_reraise():
  File "E:\code\my_code\edu_risk\.venv\Lib\site-packages\sqlalchemy\util\langhelpers.py", line 122, in __exit__
    raise exc_value.with_traceback(exc_tb)
  File "E:\code\my_code\edu_risk\.venv\Lib\site-packages\sqlalchemy\pool\base.py", line 896, in __connect
    self.dbapi_connection = connection = pool._invoke_creator(self)
                                         ^^^^^^^^^^^^^^^^^^^^^^^^^^
  File "E:\code\my_code\edu_risk\.venv\Lib\site-packages\sqlalchemy\engine\create.py", line 667, in connect
    return dialect.connect(*cargs_tup, **cparams)
           ^^^^^^^^^^^^^^^^^^^^^^^^^^^^^^^^^^^^^^
  File "E:\code\my_code\edu_risk\.venv\Lib\site-packages\sqlalchemy\engine\default.py", line 630, in connect
    return self.loaded_dbapi.connect(*cargs, **cparams)  # type: ignore[no-any-return]  # NOQA: E501
           ^^^^^^^^^^^^^^^^^^^^^^^^^^^^^^^^^^^^^^^^^^^^
  File "E:\code\my_code\edu_risk\.venv\Lib\site-packages\sqlalchemy\dialects\mysql\aiomysql.py", line 176, in connect
    await_only(creator_fn(*arg, **kw)),
    ^^^^^^^^^^^^^^^^^^^^^^^^^^^^^^^^^^
  File "E:\code\my_code\edu_risk\.venv\Lib\site-packages\sqlalchemy\util\_concurrency_py3k.py", line 132, in await_only
    return current.parent.switch(awaitable)  # type: ignore[no-any-return,attr-defined] # noqa: E501
           ^^^^^^^^^^^^^^^^^^^^^^^^^^^^^^^^
  File "E:\code\my_code\edu_risk\.venv\Lib\site-packages\sqlalchemy\util\_concurrency_py3k.py", line 196, in greenlet_spawn
    value = await result
            ^^^^^^^^^^^^
  File "E:\code\my_code\edu_risk\.venv\Lib\site-packages\aiomysql\connection.py", line 74, in _connect
    await conn._connect()
  File "E:\code\my_code\edu_risk\.venv\Lib\site-packages\aiomysql\connection.py", line 540, in _connect
    await self._request_authentication()
  File "E:\code\my_code\edu_risk\.venv\Lib\site-packages\aiomysql\connection.py", line 865, in _request_authentication
    await self.caching_sha2_password_auth(auth_packet)
  File "E:\code\my_code\edu_risk\.venv\Lib\site-packages\aiomysql\connection.py", line 952, in caching_sha2_password_auth
    pkt = await self._read_packet()
          ^^^^^^^^^^^^^^^^^^^^^^^^^
  File "E:\code\my_code\edu_risk\.venv\Lib\site-packages\aiomysql\connection.py", line 652, in _read_packet
    packet.raise_for_error()
  File "E:\code\my_code\edu_risk\.venv\Lib\site-packages\pymysql\protocol.py", line 219, in raise_for_error
    err.raise_mysql_exception(self._data)
  File "E:\code\my_code\edu_risk\.venv\Lib\site-packages\pymysql\err.py", line 154, in raise_mysql_exception
    raise errorclass(errno, errval, sqlstate=sqlstate)
sqlalchemy.exc.OperationalError: (pymysql.err.OperationalError) (1049, "Unknown database 'edu_risk'")
(Background on this error at: https://sqlalche.me/e/20/e3q8)
2026-08-12 10:15:23,492 INFO [uvicorn.access] 127.0.0.1:60810 - "GET /api/dashboard/rule-effectiveness HTTP/1.1" 500
2026-08-12 10:15:23,494 ERROR [uvicorn.error] Exception in ASGI application
Traceback (most recent call last):
  File "E:\code\my_code\edu_risk\.venv\Lib\site-packages\sqlalchemy\engine\base.py", line 144, in __init__
    self._dbapi_connection = engine.raw_connection()
                             ^^^^^^^^^^^^^^^^^^^^^^^
  File "E:\code\my_code\edu_risk\.venv\Lib\site-packages\sqlalchemy\engine\base.py", line 3319, in raw_connection
    return self.pool.connect()
           ^^^^^^^^^^^^^^^^^^^
  File "E:\code\my_code\edu_risk\.venv\Lib\site-packages\sqlalchemy\pool\base.py", line 448, in connect
    return _ConnectionFairy._checkout(self)
           ^^^^^^^^^^^^^^^^^^^^^^^^^^^^^^^^
  File "E:\code\my_code\edu_risk\.venv\Lib\site-packages\sqlalchemy\pool\base.py", line 1272, in _checkout
    fairy = _ConnectionRecord.checkout(pool)
            ^^^^^^^^^^^^^^^^^^^^^^^^^^^^^^^^
  File "E:\code\my_code\edu_risk\.venv\Lib\site-packages\sqlalchemy\pool\base.py", line 712, in checkout
    rec = pool._do_get()
          ^^^^^^^^^^^^^^
  File "E:\code\my_code\edu_risk\.venv\Lib\site-packages\sqlalchemy\pool\impl.py", line 178, in _do_get
    with util.safe_reraise():
  File "E:\code\my_code\edu_risk\.venv\Lib\site-packages\sqlalchemy\util\langhelpers.py", line 122, in __exit__
    raise exc_value.with_traceback(exc_tb)
  File "E:\code\my_code\edu_risk\.venv\Lib\site-packages\sqlalchemy\pool\impl.py", line 176, in _do_get
    return self._create_connection()
           ^^^^^^^^^^^^^^^^^^^^^^^^^
  File "E:\code\my_code\edu_risk\.venv\Lib\site-packages\sqlalchemy\pool\base.py", line 389, in _create_connection
    return _ConnectionRecord(self)
           ^^^^^^^^^^^^^^^^^^^^^^^
  File "E:\code\my_code\edu_risk\.venv\Lib\site-packages\sqlalchemy\pool\base.py", line 674, in __init__
    self.__connect()
  File "E:\code\my_code\edu_risk\.venv\Lib\site-packages\sqlalchemy\pool\base.py", line 900, in __connect
    with util.safe_reraise():
  File "E:\code\my_code\edu_risk\.venv\Lib\site-packages\sqlalchemy\util\langhelpers.py", line 122, in __exit__
    raise exc_value.with_traceback(exc_tb)
  File "E:\code\my_code\edu_risk\.venv\Lib\site-packages\sqlalchemy\pool\base.py", line 896, in __connect
    self.dbapi_connection = connection = pool._invoke_creator(self)
                                         ^^^^^^^^^^^^^^^^^^^^^^^^^^
  File "E:\code\my_code\edu_risk\.venv\Lib\site-packages\sqlalchemy\engine\create.py", line 667, in connect
    return dialect.connect(*cargs_tup, **cparams)
           ^^^^^^^^^^^^^^^^^^^^^^^^^^^^^^^^^^^^^^
  File "E:\code\my_code\edu_risk\.venv\Lib\site-packages\sqlalchemy\engine\default.py", line 630, in connect
    return self.loaded_dbapi.connect(*cargs, **cparams)  # type: ignore[no-any-return]  # NOQA: E501
           ^^^^^^^^^^^^^^^^^^^^^^^^^^^^^^^^^^^^^^^^^^^^
  File "E:\code\my_code\edu_risk\.venv\Lib\site-packages\sqlalchemy\dialects\mysql\aiomysql.py", line 176, in connect
    await_only(creator_fn(*arg, **kw)),
    ^^^^^^^^^^^^^^^^^^^^^^^^^^^^^^^^^^
  File "E:\code\my_code\edu_risk\.venv\Lib\site-packages\sqlalchemy\util\_concurrency_py3k.py", line 132, in await_only
    return current.parent.switch(awaitable)  # type: ignore[no-any-return,attr-defined] # noqa: E501
           ^^^^^^^^^^^^^^^^^^^^^^^^^^^^^^^^
  File "E:\code\my_code\edu_risk\.venv\Lib\site-packages\sqlalchemy\util\_concurrency_py3k.py", line 196, in greenlet_spawn
    value = await result
            ^^^^^^^^^^^^
  File "E:\code\my_code\edu_risk\.venv\Lib\site-packages\aiomysql\connection.py", line 74, in _connect
    await conn._connect()
  File "E:\code\my_code\edu_risk\.venv\Lib\site-packages\aiomysql\connection.py", line 540, in _connect
    await self._request_authentication()
  File "E:\code\my_code\edu_risk\.venv\Lib\site-packages\aiomysql\connection.py", line 865, in _request_authentication
    await self.caching_sha2_password_auth(auth_packet)
  File "E:\code\my_code\edu_risk\.venv\Lib\site-packages\aiomysql\connection.py", line 952, in caching_sha2_password_auth
    pkt = await self._read_packet()
          ^^^^^^^^^^^^^^^^^^^^^^^^^
  File "E:\code\my_code\edu_risk\.venv\Lib\site-packages\aiomysql\connection.py", line 652, in _read_packet
    packet.raise_for_error()
  File "E:\code\my_code\edu_risk\.venv\Lib\site-packages\pymysql\protocol.py", line 219, in raise_for_error
    err.raise_mysql_exception(self._data)
  File "E:\code\my_code\edu_risk\.venv\Lib\site-packages\pymysql\err.py", line 154, in raise_mysql_exception
    raise errorclass(errno, errval, sqlstate=sqlstate)
pymysql.err.OperationalError: (1049, "Unknown database 'edu_risk'")

The above exception was the direct cause of the following exception:

Traceback (most recent call last):
  File "E:\code\my_code\edu_risk\.venv\Lib\site-packages\uvicorn\protocols\http\h11_impl.py", line 416, in run_asgi
    result = await app(  # type: ignore[func-returns-value]
             ^^^^^^^^^^^^^^^^^^^^^^^^^^^^^^^^^^^^^^^^^^^^^^
  File "E:\code\my_code\edu_risk\.venv\Lib\site-packages\uvicorn\middleware\proxy_headers.py", line 63, in __call__
    return await self.app(scope, receive, send)
           ^^^^^^^^^^^^^^^^^^^^^^^^^^^^^^^^^^^^
  File "E:\code\my_code\edu_risk\.venv\Lib\site-packages\fastapi\applications.py", line 1163, in __call__
    await super().__call__(scope, receive, send)
  File "E:\code\my_code\edu_risk\.venv\Lib\site-packages\starlette\applications.py", line 96, in __call__
    await self.middleware_stack(scope, receive, send)
  File "E:\code\my_code\edu_risk\.venv\Lib\site-packages\starlette\middleware\errors.py", line 186, in __call__
    raise exc
  File "E:\code\my_code\edu_risk\.venv\Lib\site-packages\starlette\middleware\errors.py", line 164, in __call__
    await self.app(scope, receive, _send)
  File "E:\code\my_code\edu_risk\.venv\Lib\site-packages\starlette\middleware\cors.py", line 96, in __call__
    await self.simple_response(scope, receive, send, request_headers=headers)
  File "E:\code\my_code\edu_risk\.venv\Lib\site-packages\starlette\middleware\cors.py", line 154, in simple_response
    await self.app(scope, receive, send)
  File "E:\code\my_code\edu_risk\.venv\Lib\site-packages\starlette\middleware\exceptions.py", line 63, in __call__
    await wrap_app_handling_exceptions(self.app, conn)(scope, receive, send)
  File "E:\code\my_code\edu_risk\.venv\Lib\site-packages\starlette\_exception_handler.py", line 53, in wrapped_app
    raise exc
  File "E:\code\my_code\edu_risk\.venv\Lib\site-packages\starlette\_exception_handler.py", line 42, in wrapped_app
    await app(scope, receive, sender)
  File "E:\code\my_code\edu_risk\.venv\Lib\site-packages\fastapi\middleware\asyncexitstack.py", line 18, in __call__
    await self.app(scope, receive, send)
  File "E:\code\my_code\edu_risk\.venv\Lib\site-packages\starlette\routing.py", line 670, in __call__
    await self.middleware_stack(scope, receive, send)
  File "E:\code\my_code\edu_risk\.venv\Lib\site-packages\fastapi\routing.py", line 2734, in app
    await route.handle(scope, receive, send)
  File "E:\code\my_code\edu_risk\.venv\Lib\site-packages\fastapi\routing.py", line 1780, in handle
    await self.original_router.handle(scope, receive, send)
  File "E:\code\my_code\edu_risk\.venv\Lib\site-packages\fastapi\routing.py", line 2789, in handle
    await included_router._handle_selected(scope, receive, send)
  File "E:\code\my_code\edu_risk\.venv\Lib\site-packages\fastapi\routing.py", line 1800, in _handle_selected
    await original_route.handle(scope, receive, send)
  File "E:\code\my_code\edu_risk\.venv\Lib\site-packages\fastapi\routing.py", line 1279, in handle
    await app(scope, receive, send)
  File "E:\code\my_code\edu_risk\.venv\Lib\site-packages\fastapi\routing.py", line 158, in app
    await wrap_app_handling_exceptions(app, request)(scope, receive, send)
  File "E:\code\my_code\edu_risk\.venv\Lib\site-packages\starlette\_exception_handler.py", line 53, in wrapped_app
    raise exc
  File "E:\code\my_code\edu_risk\.venv\Lib\site-packages\starlette\_exception_handler.py", line 42, in wrapped_app
    await app(scope, receive, sender)
  File "E:\code\my_code\edu_risk\.venv\Lib\site-packages\fastapi\routing.py", line 144, in app
    response = await f(request)
               ^^^^^^^^^^^^^^^^
  File "E:\code\my_code\edu_risk\.venv\Lib\site-packages\fastapi\routing.py", line 706, in app
    raw_response = await run_endpoint_function(
                   ^^^^^^^^^^^^^^^^^^^^^^^^^^^^
  File "E:\code\my_code\edu_risk\.venv\Lib\site-packages\fastapi\routing.py", line 352, in run_endpoint_function
    return await dependant.call(**values)
           ^^^^^^^^^^^^^^^^^^^^^^^^^^^^^^
  File "E:\code\my_code\edu_risk\app\routers\dashboard.py", line 73, in rule_effectiveness
    assessments = (await db.execute(
                   ^^^^^^^^^^^^^^^^^
  File "E:\code\my_code\edu_risk\.venv\Lib\site-packages\sqlalchemy\ext\asyncio\session.py", line 448, in execute
    result = await greenlet_spawn(
             ^^^^^^^^^^^^^^^^^^^^^
  File "E:\code\my_code\edu_risk\.venv\Lib\site-packages\sqlalchemy\util\_concurrency_py3k.py", line 201, in greenlet_spawn
    result = context.throw(*sys.exc_info())
             ^^^^^^^^^^^^^^^^^^^^^^^^^^^^^^
  File "E:\code\my_code\edu_risk\.venv\Lib\site-packages\sqlalchemy\orm\session.py", line 2373, in execute
    return self._execute_internal(
           ^^^^^^^^^^^^^^^^^^^^^^^
  File "E:\code\my_code\edu_risk\.venv\Lib\site-packages\sqlalchemy\orm\session.py", line 2261, in _execute_internal
    conn = self._connection_for_bind(bind)
           ^^^^^^^^^^^^^^^^^^^^^^^^^^^^^^^
  File "E:\code\my_code\edu_risk\.venv\Lib\site-packages\sqlalchemy\orm\session.py", line 2113, in _connection_for_bind
    return trans._connection_for_bind(engine, execution_options)
           ^^^^^^^^^^^^^^^^^^^^^^^^^^^^^^^^^^^^^^^^^^^^^^^^^^^^^
  File "<string>", line 2, in _connection_for_bind
  File "E:\code\my_code\edu_risk\.venv\Lib\site-packages\sqlalchemy\orm\state_changes.py", line 137, in _go
    ret_value = fn(self, *arg, **kw)
                ^^^^^^^^^^^^^^^^^^^^
  File "E:\code\my_code\edu_risk\.venv\Lib\site-packages\sqlalchemy\orm\session.py", line 1191, in _connection_for_bind
    conn = bind.connect()
           ^^^^^^^^^^^^^^
  File "E:\code\my_code\edu_risk\.venv\Lib\site-packages\sqlalchemy\engine\base.py", line 3295, in connect
    return self._connection_cls(self)
           ^^^^^^^^^^^^^^^^^^^^^^^^^^
  File "E:\code\my_code\edu_risk\.venv\Lib\site-packages\sqlalchemy\engine\base.py", line 146, in __init__
    Connection._handle_dbapi_exception_noconnection(
  File "E:\code\my_code\edu_risk\.venv\Lib\site-packages\sqlalchemy\engine\base.py", line 2450, in _handle_dbapi_exception_noconnection
    raise sqlalchemy_exception.with_traceback(exc_info[2]) from e
  File "E:\code\my_code\edu_risk\.venv\Lib\site-packages\sqlalchemy\engine\base.py", line 144, in __init__
    self._dbapi_connection = engine.raw_connection()
                             ^^^^^^^^^^^^^^^^^^^^^^^
  File "E:\code\my_code\edu_risk\.venv\Lib\site-packages\sqlalchemy\engine\base.py", line 3319, in raw_connection
    return self.pool.connect()
           ^^^^^^^^^^^^^^^^^^^
  File "E:\code\my_code\edu_risk\.venv\Lib\site-packages\sqlalchemy\pool\base.py", line 448, in connect
    return _ConnectionFairy._checkout(self)
           ^^^^^^^^^^^^^^^^^^^^^^^^^^^^^^^^
  File "E:\code\my_code\edu_risk\.venv\Lib\site-packages\sqlalchemy\pool\base.py", line 1272, in _checkout
    fairy = _ConnectionRecord.checkout(pool)
            ^^^^^^^^^^^^^^^^^^^^^^^^^^^^^^^^
  File "E:\code\my_code\edu_risk\.venv\Lib\site-packages\sqlalchemy\pool\base.py", line 712, in checkout
    rec = pool._do_get()
          ^^^^^^^^^^^^^^
  File "E:\code\my_code\edu_risk\.venv\Lib\site-packages\sqlalchemy\pool\impl.py", line 178, in _do_get
    with util.safe_reraise():
  File "E:\code\my_code\edu_risk\.venv\Lib\site-packages\sqlalchemy\util\langhelpers.py", line 122, in __exit__
    raise exc_value.with_traceback(exc_tb)
  File "E:\code\my_code\edu_risk\.venv\Lib\site-packages\sqlalchemy\pool\impl.py", line 176, in _do_get
    return self._create_connection()
           ^^^^^^^^^^^^^^^^^^^^^^^^^
  File "E:\code\my_code\edu_risk\.venv\Lib\site-packages\sqlalchemy\pool\base.py", line 389, in _create_connection
    return _ConnectionRecord(self)
           ^^^^^^^^^^^^^^^^^^^^^^^
  File "E:\code\my_code\edu_risk\.venv\Lib\site-packages\sqlalchemy\pool\base.py", line 674, in __init__
    self.__connect()
  File "E:\code\my_code\edu_risk\.venv\Lib\site-packages\sqlalchemy\pool\base.py", line 900, in __connect
    with util.safe_reraise():
  File "E:\code\my_code\edu_risk\.venv\Lib\site-packages\sqlalchemy\util\langhelpers.py", line 122, in __exit__
    raise exc_value.with_traceback(exc_tb)
  File "E:\code\my_code\edu_risk\.venv\Lib\site-packages\sqlalchemy\pool\base.py", line 896, in __connect
    self.dbapi_connection = connection = pool._invoke_creator(self)
                                         ^^^^^^^^^^^^^^^^^^^^^^^^^^
  File "E:\code\my_code\edu_risk\.venv\Lib\site-packages\sqlalchemy\engine\create.py", line 667, in connect
    return dialect.connect(*cargs_tup, **cparams)
           ^^^^^^^^^^^^^^^^^^^^^^^^^^^^^^^^^^^^^^
  File "E:\code\my_code\edu_risk\.venv\Lib\site-packages\sqlalchemy\engine\default.py", line 630, in connect
    return self.loaded_dbapi.connect(*cargs, **cparams)  # type: ignore[no-any-return]  # NOQA: E501
           ^^^^^^^^^^^^^^^^^^^^^^^^^^^^^^^^^^^^^^^^^^^^
  File "E:\code\my_code\edu_risk\.venv\Lib\site-packages\sqlalchemy\dialects\mysql\aiomysql.py", line 176, in connect
    await_only(creator_fn(*arg, **kw)),
    ^^^^^^^^^^^^^^^^^^^^^^^^^^^^^^^^^^
  File "E:\code\my_code\edu_risk\.venv\Lib\site-packages\sqlalchemy\util\_concurrency_py3k.py", line 132, in await_only
    return current.parent.switch(awaitable)  # type: ignore[no-any-return,attr-defined] # noqa: E501
           ^^^^^^^^^^^^^^^^^^^^^^^^^^^^^^^^
  File "E:\code\my_code\edu_risk\.venv\Lib\site-packages\sqlalchemy\util\_concurrency_py3k.py", line 196, in greenlet_spawn
    value = await result
            ^^^^^^^^^^^^
  File "E:\code\my_code\edu_risk\.venv\Lib\site-packages\aiomysql\connection.py", line 74, in _connect
    await conn._connect()
  File "E:\code\my_code\edu_risk\.venv\Lib\site-packages\aiomysql\connection.py", line 540, in _connect
    await self._request_authentication()
  File "E:\code\my_code\edu_risk\.venv\Lib\site-packages\aiomysql\connection.py", line 865, in _request_authentication
    await self.caching_sha2_password_auth(auth_packet)
  File "E:\code\my_code\edu_risk\.venv\Lib\site-packages\aiomysql\connection.py", line 952, in caching_sha2_password_auth
    pkt = await self._read_packet()
          ^^^^^^^^^^^^^^^^^^^^^^^^^
  File "E:\code\my_code\edu_risk\.venv\Lib\site-packages\aiomysql\connection.py", line 652, in _read_packet
    packet.raise_for_error()
  File "E:\code\my_code\edu_risk\.venv\Lib\site-packages\pymysql\protocol.py", line 219, in raise_for_error
    err.raise_mysql_exception(self._data)
  File "E:\code\my_code\edu_risk\.venv\Lib\site-packages\pymysql\err.py", line 154, in raise_mysql_exception
    raise errorclass(errno, errval, sqlstate=sqlstate)
sqlalchemy.exc.OperationalError: (pymysql.err.OperationalError) (1049, "Unknown database 'edu_risk'")
(Background on this error at: https://sqlalche.me/e/20/e3q8)
2026-08-12 10:15:27,014 INFO [uvicorn.access] 127.0.0.1:64197 - "GET /api/dashboard/stats?days=7 HTTP/1.1" 500
2026-08-12 10:15:27,016 ERROR [uvicorn.error] Exception in ASGI application
Traceback (most recent call last):
  File "E:\code\my_code\edu_risk\.venv\Lib\site-packages\sqlalchemy\engine\base.py", line 144, in __init__
    self._dbapi_connection = engine.raw_connection()
                             ^^^^^^^^^^^^^^^^^^^^^^^
  File "E:\code\my_code\edu_risk\.venv\Lib\site-packages\sqlalchemy\engine\base.py", line 3319, in raw_connection
    return self.pool.connect()
           ^^^^^^^^^^^^^^^^^^^
  File "E:\code\my_code\edu_risk\.venv\Lib\site-packages\sqlalchemy\pool\base.py", line 448, in connect
    return _ConnectionFairy._checkout(self)
           ^^^^^^^^^^^^^^^^^^^^^^^^^^^^^^^^
  File "E:\code\my_code\edu_risk\.venv\Lib\site-packages\sqlalchemy\pool\base.py", line 1272, in _checkout
    fairy = _ConnectionRecord.checkout(pool)
            ^^^^^^^^^^^^^^^^^^^^^^^^^^^^^^^^
  File "E:\code\my_code\edu_risk\.venv\Lib\site-packages\sqlalchemy\pool\base.py", line 712, in checkout
    rec = pool._do_get()
          ^^^^^^^^^^^^^^
  File "E:\code\my_code\edu_risk\.venv\Lib\site-packages\sqlalchemy\pool\impl.py", line 178, in _do_get
    with util.safe_reraise():
  File "E:\code\my_code\edu_risk\.venv\Lib\site-packages\sqlalchemy\util\langhelpers.py", line 122, in __exit__
    raise exc_value.with_traceback(exc_tb)
  File "E:\code\my_code\edu_risk\.venv\Lib\site-packages\sqlalchemy\pool\impl.py", line 176, in _do_get
    return self._create_connection()
           ^^^^^^^^^^^^^^^^^^^^^^^^^
  File "E:\code\my_code\edu_risk\.venv\Lib\site-packages\sqlalchemy\pool\base.py", line 389, in _create_connection
    return _ConnectionRecord(self)
           ^^^^^^^^^^^^^^^^^^^^^^^
  File "E:\code\my_code\edu_risk\.venv\Lib\site-packages\sqlalchemy\pool\base.py", line 674, in __init__
    self.__connect()
  File "E:\code\my_code\edu_risk\.venv\Lib\site-packages\sqlalchemy\pool\base.py", line 900, in __connect
    with util.safe_reraise():
  File "E:\code\my_code\edu_risk\.venv\Lib\site-packages\sqlalchemy\util\langhelpers.py", line 122, in __exit__
    raise exc_value.with_traceback(exc_tb)
  File "E:\code\my_code\edu_risk\.venv\Lib\site-packages\sqlalchemy\pool\base.py", line 896, in __connect
    self.dbapi_connection = connection = pool._invoke_creator(self)
                                         ^^^^^^^^^^^^^^^^^^^^^^^^^^
  File "E:\code\my_code\edu_risk\.venv\Lib\site-packages\sqlalchemy\engine\create.py", line 667, in connect
    return dialect.connect(*cargs_tup, **cparams)
           ^^^^^^^^^^^^^^^^^^^^^^^^^^^^^^^^^^^^^^
  File "E:\code\my_code\edu_risk\.venv\Lib\site-packages\sqlalchemy\engine\default.py", line 630, in connect
    return self.loaded_dbapi.connect(*cargs, **cparams)  # type: ignore[no-any-return]  # NOQA: E501
           ^^^^^^^^^^^^^^^^^^^^^^^^^^^^^^^^^^^^^^^^^^^^
  File "E:\code\my_code\edu_risk\.venv\Lib\site-packages\sqlalchemy\dialects\mysql\aiomysql.py", line 176, in connect
    await_only(creator_fn(*arg, **kw)),
    ^^^^^^^^^^^^^^^^^^^^^^^^^^^^^^^^^^
  File "E:\code\my_code\edu_risk\.venv\Lib\site-packages\sqlalchemy\util\_concurrency_py3k.py", line 132, in await_only
    return current.parent.switch(awaitable)  # type: ignore[no-any-return,attr-defined] # noqa: E501
           ^^^^^^^^^^^^^^^^^^^^^^^^^^^^^^^^
  File "E:\code\my_code\edu_risk\.venv\Lib\site-packages\sqlalchemy\util\_concurrency_py3k.py", line 196, in greenlet_spawn
    value = await result
            ^^^^^^^^^^^^
  File "E:\code\my_code\edu_risk\.venv\Lib\site-packages\aiomysql\connection.py", line 74, in _connect
    await conn._connect()
  File "E:\code\my_code\edu_risk\.venv\Lib\site-packages\aiomysql\connection.py", line 540, in _connect
    await self._request_authentication()
  File "E:\code\my_code\edu_risk\.venv\Lib\site-packages\aiomysql\connection.py", line 865, in _request_authentication
    await self.caching_sha2_password_auth(auth_packet)
  File "E:\code\my_code\edu_risk\.venv\Lib\site-packages\aiomysql\connection.py", line 952, in caching_sha2_password_auth
    pkt = await self._read_packet()
          ^^^^^^^^^^^^^^^^^^^^^^^^^
  File "E:\code\my_code\edu_risk\.venv\Lib\site-packages\aiomysql\connection.py", line 652, in _read_packet
    packet.raise_for_error()
  File "E:\code\my_code\edu_risk\.venv\Lib\site-packages\pymysql\protocol.py", line 219, in raise_for_error
    err.raise_mysql_exception(self._data)
  File "E:\code\my_code\edu_risk\.venv\Lib\site-packages\pymysql\err.py", line 154, in raise_mysql_exception
    raise errorclass(errno, errval, sqlstate=sqlstate)
pymysql.err.OperationalError: (1049, "Unknown database 'edu_risk'")

The above exception was the direct cause of the following exception:

Traceback (most recent call last):
  File "E:\code\my_code\edu_risk\.venv\Lib\site-packages\uvicorn\protocols\http\h11_impl.py", line 416, in run_asgi
    result = await app(  # type: ignore[func-returns-value]
             ^^^^^^^^^^^^^^^^^^^^^^^^^^^^^^^^^^^^^^^^^^^^^^
  File "E:\code\my_code\edu_risk\.venv\Lib\site-packages\uvicorn\middleware\proxy_headers.py", line 63, in __call__
    return await self.app(scope, receive, send)
           ^^^^^^^^^^^^^^^^^^^^^^^^^^^^^^^^^^^^
  File "E:\code\my_code\edu_risk\.venv\Lib\site-packages\fastapi\applications.py", line 1163, in __call__
    await super().__call__(scope, receive, send)
  File "E:\code\my_code\edu_risk\.venv\Lib\site-packages\starlette\applications.py", line 96, in __call__
    await self.middleware_stack(scope, receive, send)
  File "E:\code\my_code\edu_risk\.venv\Lib\site-packages\starlette\middleware\errors.py", line 186, in __call__
    raise exc
  File "E:\code\my_code\edu_risk\.venv\Lib\site-packages\starlette\middleware\errors.py", line 164, in __call__
    await self.app(scope, receive, _send)
  File "E:\code\my_code\edu_risk\.venv\Lib\site-packages\starlette\middleware\cors.py", line 96, in __call__
    await self.simple_response(scope, receive, send, request_headers=headers)
  File "E:\code\my_code\edu_risk\.venv\Lib\site-packages\starlette\middleware\cors.py", line 154, in simple_response
    await self.app(scope, receive, send)
  File "E:\code\my_code\edu_risk\.venv\Lib\site-packages\starlette\middleware\exceptions.py", line 63, in __call__
    await wrap_app_handling_exceptions(self.app, conn)(scope, receive, send)
  File "E:\code\my_code\edu_risk\.venv\Lib\site-packages\starlette\_exception_handler.py", line 53, in wrapped_app
    raise exc
  File "E:\code\my_code\edu_risk\.venv\Lib\site-packages\starlette\_exception_handler.py", line 42, in wrapped_app
    await app(scope, receive, sender)
  File "E:\code\my_code\edu_risk\.venv\Lib\site-packages\fastapi\middleware\asyncexitstack.py", line 18, in __call__
    await self.app(scope, receive, send)
  File "E:\code\my_code\edu_risk\.venv\Lib\site-packages\starlette\routing.py", line 670, in __call__
    await self.middleware_stack(scope, receive, send)
  File "E:\code\my_code\edu_risk\.venv\Lib\site-packages\fastapi\routing.py", line 2734, in app
    await route.handle(scope, receive, send)
  File "E:\code\my_code\edu_risk\.venv\Lib\site-packages\fastapi\routing.py", line 1780, in handle
    await self.original_router.handle(scope, receive, send)
  File "E:\code\my_code\edu_risk\.venv\Lib\site-packages\fastapi\routing.py", line 2789, in handle
    await included_router._handle_selected(scope, receive, send)
  File "E:\code\my_code\edu_risk\.venv\Lib\site-packages\fastapi\routing.py", line 1800, in _handle_selected
    await original_route.handle(scope, receive, send)
  File "E:\code\my_code\edu_risk\.venv\Lib\site-packages\fastapi\routing.py", line 1279, in handle
    await app(scope, receive, send)
  File "E:\code\my_code\edu_risk\.venv\Lib\site-packages\fastapi\routing.py", line 158, in app
    await wrap_app_handling_exceptions(app, request)(scope, receive, send)
  File "E:\code\my_code\edu_risk\.venv\Lib\site-packages\starlette\_exception_handler.py", line 53, in wrapped_app
    raise exc
  File "E:\code\my_code\edu_risk\.venv\Lib\site-packages\starlette\_exception_handler.py", line 42, in wrapped_app
    await app(scope, receive, sender)
  File "E:\code\my_code\edu_risk\.venv\Lib\site-packages\fastapi\routing.py", line 144, in app
    response = await f(request)
               ^^^^^^^^^^^^^^^^
  File "E:\code\my_code\edu_risk\.venv\Lib\site-packages\fastapi\routing.py", line 706, in app
    raw_response = await run_endpoint_function(
                   ^^^^^^^^^^^^^^^^^^^^^^^^^^^^
  File "E:\code\my_code\edu_risk\.venv\Lib\site-packages\fastapi\routing.py", line 352, in run_endpoint_function
    return await dependant.call(**values)
           ^^^^^^^^^^^^^^^^^^^^^^^^^^^^^^
  File "E:\code\my_code\edu_risk\app\routers\dashboard.py", line 21, in dashboard_stats
    total_checks = (await db.execute(select(func.count(RiskEvent.event_id)).where(
                    ^^^^^^^^^^^^^^^^^^^^^^^^^^^^^^^^^^^^^^^^^^^^^^^^^^^^^^^^^^^^^^
  File "E:\code\my_code\edu_risk\.venv\Lib\site-packages\sqlalchemy\ext\asyncio\session.py", line 448, in execute
    result = await greenlet_spawn(
             ^^^^^^^^^^^^^^^^^^^^^
  File "E:\code\my_code\edu_risk\.venv\Lib\site-packages\sqlalchemy\util\_concurrency_py3k.py", line 201, in greenlet_spawn
    result = context.throw(*sys.exc_info())
             ^^^^^^^^^^^^^^^^^^^^^^^^^^^^^^
  File "E:\code\my_code\edu_risk\.venv\Lib\site-packages\sqlalchemy\orm\session.py", line 2373, in execute
    return self._execute_internal(
           ^^^^^^^^^^^^^^^^^^^^^^^
  File "E:\code\my_code\edu_risk\.venv\Lib\site-packages\sqlalchemy\orm\session.py", line 2261, in _execute_internal
    conn = self._connection_for_bind(bind)
           ^^^^^^^^^^^^^^^^^^^^^^^^^^^^^^^
  File "E:\code\my_code\edu_risk\.venv\Lib\site-packages\sqlalchemy\orm\session.py", line 2113, in _connection_for_bind
    return trans._connection_for_bind(engine, execution_options)
           ^^^^^^^^^^^^^^^^^^^^^^^^^^^^^^^^^^^^^^^^^^^^^^^^^^^^^
  File "<string>", line 2, in _connection_for_bind
  File "E:\code\my_code\edu_risk\.venv\Lib\site-packages\sqlalchemy\orm\state_changes.py", line 137, in _go
    ret_value = fn(self, *arg, **kw)
                ^^^^^^^^^^^^^^^^^^^^
  File "E:\code\my_code\edu_risk\.venv\Lib\site-packages\sqlalchemy\orm\session.py", line 1191, in _connection_for_bind
    conn = bind.connect()
           ^^^^^^^^^^^^^^
  File "E:\code\my_code\edu_risk\.venv\Lib\site-packages\sqlalchemy\engine\base.py", line 3295, in connect
    return self._connection_cls(self)
           ^^^^^^^^^^^^^^^^^^^^^^^^^^
  File "E:\code\my_code\edu_risk\.venv\Lib\site-packages\sqlalchemy\engine\base.py", line 146, in __init__
    Connection._handle_dbapi_exception_noconnection(
  File "E:\code\my_code\edu_risk\.venv\Lib\site-packages\sqlalchemy\engine\base.py", line 2450, in _handle_dbapi_exception_noconnection
    raise sqlalchemy_exception.with_traceback(exc_info[2]) from e
  File "E:\code\my_code\edu_risk\.venv\Lib\site-packages\sqlalchemy\engine\base.py", line 144, in __init__
    self._dbapi_connection = engine.raw_connection()
                             ^^^^^^^^^^^^^^^^^^^^^^^
  File "E:\code\my_code\edu_risk\.venv\Lib\site-packages\sqlalchemy\engine\base.py", line 3319, in raw_connection
    return self.pool.connect()
           ^^^^^^^^^^^^^^^^^^^
  File "E:\code\my_code\edu_risk\.venv\Lib\site-packages\sqlalchemy\pool\base.py", line 448, in connect
    return _ConnectionFairy._checkout(self)
           ^^^^^^^^^^^^^^^^^^^^^^^^^^^^^^^^
  File "E:\code\my_code\edu_risk\.venv\Lib\site-packages\sqlalchemy\pool\base.py", line 1272, in _checkout
    fairy = _ConnectionRecord.checkout(pool)
            ^^^^^^^^^^^^^^^^^^^^^^^^^^^^^^^^
  File "E:\code\my_code\edu_risk\.venv\Lib\site-packages\sqlalchemy\pool\base.py", line 712, in checkout
    rec = pool._do_get()
          ^^^^^^^^^^^^^^
  File "E:\code\my_code\edu_risk\.venv\Lib\site-packages\sqlalchemy\pool\impl.py", line 178, in _do_get
    with util.safe_reraise():
  File "E:\code\my_code\edu_risk\.venv\Lib\site-packages\sqlalchemy\util\langhelpers.py", line 122, in __exit__
    raise exc_value.with_traceback(exc_tb)
  File "E:\code\my_code\edu_risk\.venv\Lib\site-packages\sqlalchemy\pool\impl.py", line 176, in _do_get
    return self._create_connection()
           ^^^^^^^^^^^^^^^^^^^^^^^^^
  File "E:\code\my_code\edu_risk\.venv\Lib\site-packages\sqlalchemy\pool\base.py", line 389, in _create_connection
    return _ConnectionRecord(self)
           ^^^^^^^^^^^^^^^^^^^^^^^
  File "E:\code\my_code\edu_risk\.venv\Lib\site-packages\sqlalchemy\pool\base.py", line 674, in __init__
    self.__connect()
  File "E:\code\my_code\edu_risk\.venv\Lib\site-packages\sqlalchemy\pool\base.py", line 900, in __connect
    with util.safe_reraise():
  File "E:\code\my_code\edu_risk\.venv\Lib\site-packages\sqlalchemy\util\langhelpers.py", line 122, in __exit__
    raise exc_value.with_traceback(exc_tb)
  File "E:\code\my_code\edu_risk\.venv\Lib\site-packages\sqlalchemy\pool\base.py", line 896, in __connect
    self.dbapi_connection = connection = pool._invoke_creator(self)
                                         ^^^^^^^^^^^^^^^^^^^^^^^^^^
  File "E:\code\my_code\edu_risk\.venv\Lib\site-packages\sqlalchemy\engine\create.py", line 667, in connect
    return dialect.connect(*cargs_tup, **cparams)
           ^^^^^^^^^^^^^^^^^^^^^^^^^^^^^^^^^^^^^^
  File "E:\code\my_code\edu_risk\.venv\Lib\site-packages\sqlalchemy\engine\default.py", line 630, in connect
    return self.loaded_dbapi.connect(*cargs, **cparams)  # type: ignore[no-any-return]  # NOQA: E501
           ^^^^^^^^^^^^^^^^^^^^^^^^^^^^^^^^^^^^^^^^^^^^
  File "E:\code\my_code\edu_risk\.venv\Lib\site-packages\sqlalchemy\dialects\mysql\aiomysql.py", line 176, in connect
    await_only(creator_fn(*arg, **kw)),
    ^^^^^^^^^^^^^^^^^^^^^^^^^^^^^^^^^^
  File "E:\code\my_code\edu_risk\.venv\Lib\site-packages\sqlalchemy\util\_concurrency_py3k.py", line 132, in await_only
    return current.parent.switch(awaitable)  # type: ignore[no-any-return,attr-defined] # noqa: E501
           ^^^^^^^^^^^^^^^^^^^^^^^^^^^^^^^^
  File "E:\code\my_code\edu_risk\.venv\Lib\site-packages\sqlalchemy\util\_concurrency_py3k.py", line 196, in greenlet_spawn
    value = await result
            ^^^^^^^^^^^^
  File "E:\code\my_code\edu_risk\.venv\Lib\site-packages\aiomysql\connection.py", line 74, in _connect
    await conn._connect()
  File "E:\code\my_code\edu_risk\.venv\Lib\site-packages\aiomysql\connection.py", line 540, in _connect
    await self._request_authentication()
  File "E:\code\my_code\edu_risk\.venv\Lib\site-packages\aiomysql\connection.py", line 865, in _request_authentication
    await self.caching_sha2_password_auth(auth_packet)
  File "E:\code\my_code\edu_risk\.venv\Lib\site-packages\aiomysql\connection.py", line 952, in caching_sha2_password_auth
    pkt = await self._read_packet()
          ^^^^^^^^^^^^^^^^^^^^^^^^^
  File "E:\code\my_code\edu_risk\.venv\Lib\site-packages\aiomysql\connection.py", line 652, in _read_packet
    packet.raise_for_error()
  File "E:\code\my_code\edu_risk\.venv\Lib\site-packages\pymysql\protocol.py", line 219, in raise_for_error
    err.raise_mysql_exception(self._data)
  File "E:\code\my_code\edu_risk\.venv\Lib\site-packages\pymysql\err.py", line 154, in raise_mysql_exception
    raise errorclass(errno, errval, sqlstate=sqlstate)
sqlalchemy.exc.OperationalError: (pymysql.err.OperationalError) (1049, "Unknown database 'edu_risk'")
(Background on this error at: https://sqlalche.me/e/20/e3q8)
2026-08-12 10:15:27,377 INFO [uvicorn.access] 127.0.0.1:56967 - "GET /api/dashboard/trend?days=7 HTTP/1.1" 500
2026-08-12 10:15:27,378 ERROR [uvicorn.error] Exception in ASGI application
Traceback (most recent call last):
  File "E:\code\my_code\edu_risk\.venv\Lib\site-packages\sqlalchemy\engine\base.py", line 144, in __init__
    self._dbapi_connection = engine.raw_connection()
                             ^^^^^^^^^^^^^^^^^^^^^^^
  File "E:\code\my_code\edu_risk\.venv\Lib\site-packages\sqlalchemy\engine\base.py", line 3319, in raw_connection
    return self.pool.connect()
           ^^^^^^^^^^^^^^^^^^^
  File "E:\code\my_code\edu_risk\.venv\Lib\site-packages\sqlalchemy\pool\base.py", line 448, in connect
    return _ConnectionFairy._checkout(self)
           ^^^^^^^^^^^^^^^^^^^^^^^^^^^^^^^^
  File "E:\code\my_code\edu_risk\.venv\Lib\site-packages\sqlalchemy\pool\base.py", line 1272, in _checkout
    fairy = _ConnectionRecord.checkout(pool)
            ^^^^^^^^^^^^^^^^^^^^^^^^^^^^^^^^
  File "E:\code\my_code\edu_risk\.venv\Lib\site-packages\sqlalchemy\pool\base.py", line 712, in checkout
    rec = pool._do_get()
          ^^^^^^^^^^^^^^
  File "E:\code\my_code\edu_risk\.venv\Lib\site-packages\sqlalchemy\pool\impl.py", line 178, in _do_get
    with util.safe_reraise():
  File "E:\code\my_code\edu_risk\.venv\Lib\site-packages\sqlalchemy\util\langhelpers.py", line 122, in __exit__
    raise exc_value.with_traceback(exc_tb)
  File "E:\code\my_code\edu_risk\.venv\Lib\site-packages\sqlalchemy\pool\impl.py", line 176, in _do_get
    return self._create_connection()
           ^^^^^^^^^^^^^^^^^^^^^^^^^
  File "E:\code\my_code\edu_risk\.venv\Lib\site-packages\sqlalchemy\pool\base.py", line 389, in _create_connection
    return _ConnectionRecord(self)
           ^^^^^^^^^^^^^^^^^^^^^^^
  File "E:\code\my_code\edu_risk\.venv\Lib\site-packages\sqlalchemy\pool\base.py", line 674, in __init__
    self.__connect()
  File "E:\code\my_code\edu_risk\.venv\Lib\site-packages\sqlalchemy\pool\base.py", line 900, in __connect
    with util.safe_reraise():
  File "E:\code\my_code\edu_risk\.venv\Lib\site-packages\sqlalchemy\util\langhelpers.py", line 122, in __exit__
    raise exc_value.with_traceback(exc_tb)
  File "E:\code\my_code\edu_risk\.venv\Lib\site-packages\sqlalchemy\pool\base.py", line 896, in __connect
    self.dbapi_connection = connection = pool._invoke_creator(self)
                                         ^^^^^^^^^^^^^^^^^^^^^^^^^^
  File "E:\code\my_code\edu_risk\.venv\Lib\site-packages\sqlalchemy\engine\create.py", line 667, in connect
    return dialect.connect(*cargs_tup, **cparams)
           ^^^^^^^^^^^^^^^^^^^^^^^^^^^^^^^^^^^^^^
  File "E:\code\my_code\edu_risk\.venv\Lib\site-packages\sqlalchemy\engine\default.py", line 630, in connect
    return self.loaded_dbapi.connect(*cargs, **cparams)  # type: ignore[no-any-return]  # NOQA: E501
           ^^^^^^^^^^^^^^^^^^^^^^^^^^^^^^^^^^^^^^^^^^^^
  File "E:\code\my_code\edu_risk\.venv\Lib\site-packages\sqlalchemy\dialects\mysql\aiomysql.py", line 176, in connect
    await_only(creator_fn(*arg, **kw)),
    ^^^^^^^^^^^^^^^^^^^^^^^^^^^^^^^^^^
  File "E:\code\my_code\edu_risk\.venv\Lib\site-packages\sqlalchemy\util\_concurrency_py3k.py", line 132, in await_only
    return current.parent.switch(awaitable)  # type: ignore[no-any-return,attr-defined] # noqa: E501
           ^^^^^^^^^^^^^^^^^^^^^^^^^^^^^^^^
  File "E:\code\my_code\edu_risk\.venv\Lib\site-packages\sqlalchemy\util\_concurrency_py3k.py", line 196, in greenlet_spawn
    value = await result
            ^^^^^^^^^^^^
  File "E:\code\my_code\edu_risk\.venv\Lib\site-packages\aiomysql\connection.py", line 74, in _connect
    await conn._connect()
  File "E:\code\my_code\edu_risk\.venv\Lib\site-packages\aiomysql\connection.py", line 540, in _connect
    await self._request_authentication()
  File "E:\code\my_code\edu_risk\.venv\Lib\site-packages\aiomysql\connection.py", line 865, in _request_authentication
    await self.caching_sha2_password_auth(auth_packet)
  File "E:\code\my_code\edu_risk\.venv\Lib\site-packages\aiomysql\connection.py", line 952, in caching_sha2_password_auth
    pkt = await self._read_packet()
          ^^^^^^^^^^^^^^^^^^^^^^^^^
  File "E:\code\my_code\edu_risk\.venv\Lib\site-packages\aiomysql\connection.py", line 652, in _read_packet
    packet.raise_for_error()
  File "E:\code\my_code\edu_risk\.venv\Lib\site-packages\pymysql\protocol.py", line 219, in raise_for_error
    err.raise_mysql_exception(self._data)
  File "E:\code\my_code\edu_risk\.venv\Lib\site-packages\pymysql\err.py", line 154, in raise_mysql_exception
    raise errorclass(errno, errval, sqlstate=sqlstate)
pymysql.err.OperationalError: (1049, "Unknown database 'edu_risk'")

The above exception was the direct cause of the following exception:

Traceback (most recent call last):
  File "E:\code\my_code\edu_risk\.venv\Lib\site-packages\uvicorn\protocols\http\h11_impl.py", line 416, in run_asgi
    result = await app(  # type: ignore[func-returns-value]
             ^^^^^^^^^^^^^^^^^^^^^^^^^^^^^^^^^^^^^^^^^^^^^^
  File "E:\code\my_code\edu_risk\.venv\Lib\site-packages\uvicorn\middleware\proxy_headers.py", line 63, in __call__
    return await self.app(scope, receive, send)
           ^^^^^^^^^^^^^^^^^^^^^^^^^^^^^^^^^^^^
  File "E:\code\my_code\edu_risk\.venv\Lib\site-packages\fastapi\applications.py", line 1163, in __call__
    await super().__call__(scope, receive, send)
  File "E:\code\my_code\edu_risk\.venv\Lib\site-packages\starlette\applications.py", line 96, in __call__
    await self.middleware_stack(scope, receive, send)
  File "E:\code\my_code\edu_risk\.venv\Lib\site-packages\starlette\middleware\errors.py", line 186, in __call__
    raise exc
  File "E:\code\my_code\edu_risk\.venv\Lib\site-packages\starlette\middleware\errors.py", line 164, in __call__
    await self.app(scope, receive, _send)
  File "E:\code\my_code\edu_risk\.venv\Lib\site-packages\starlette\middleware\cors.py", line 96, in __call__
    await self.simple_response(scope, receive, send, request_headers=headers)
  File "E:\code\my_code\edu_risk\.venv\Lib\site-packages\starlette\middleware\cors.py", line 154, in simple_response
    await self.app(scope, receive, send)
  File "E:\code\my_code\edu_risk\.venv\Lib\site-packages\starlette\middleware\exceptions.py", line 63, in __call__
    await wrap_app_handling_exceptions(self.app, conn)(scope, receive, send)
  File "E:\code\my_code\edu_risk\.venv\Lib\site-packages\starlette\_exception_handler.py", line 53, in wrapped_app
    raise exc
  File "E:\code\my_code\edu_risk\.venv\Lib\site-packages\starlette\_exception_handler.py", line 42, in wrapped_app
    await app(scope, receive, sender)
  File "E:\code\my_code\edu_risk\.venv\Lib\site-packages\fastapi\middleware\asyncexitstack.py", line 18, in __call__
    await self.app(scope, receive, send)
  File "E:\code\my_code\edu_risk\.venv\Lib\site-packages\starlette\routing.py", line 670, in __call__
    await self.middleware_stack(scope, receive, send)
  File "E:\code\my_code\edu_risk\.venv\Lib\site-packages\fastapi\routing.py", line 2734, in app
    await route.handle(scope, receive, send)
  File "E:\code\my_code\edu_risk\.venv\Lib\site-packages\fastapi\routing.py", line 1780, in handle
    await self.original_router.handle(scope, receive, send)
  File "E:\code\my_code\edu_risk\.venv\Lib\site-packages\fastapi\routing.py", line 2789, in handle
    await included_router._handle_selected(scope, receive, send)
  File "E:\code\my_code\edu_risk\.venv\Lib\site-packages\fastapi\routing.py", line 1800, in _handle_selected
    await original_route.handle(scope, receive, send)
  File "E:\code\my_code\edu_risk\.venv\Lib\site-packages\fastapi\routing.py", line 1279, in handle
    await app(scope, receive, send)
  File "E:\code\my_code\edu_risk\.venv\Lib\site-packages\fastapi\routing.py", line 158, in app
    await wrap_app_handling_exceptions(app, request)(scope, receive, send)
  File "E:\code\my_code\edu_risk\.venv\Lib\site-packages\starlette\_exception_handler.py", line 53, in wrapped_app
    raise exc
  File "E:\code\my_code\edu_risk\.venv\Lib\site-packages\starlette\_exception_handler.py", line 42, in wrapped_app
    await app(scope, receive, sender)
  File "E:\code\my_code\edu_risk\.venv\Lib\site-packages\fastapi\routing.py", line 144, in app
    response = await f(request)
               ^^^^^^^^^^^^^^^^
  File "E:\code\my_code\edu_risk\.venv\Lib\site-packages\fastapi\routing.py", line 706, in app
    raw_response = await run_endpoint_function(
                   ^^^^^^^^^^^^^^^^^^^^^^^^^^^^
  File "E:\code\my_code\edu_risk\.venv\Lib\site-packages\fastapi\routing.py", line 352, in run_endpoint_function
    return await dependant.call(**values)
           ^^^^^^^^^^^^^^^^^^^^^^^^^^^^^^
  File "E:\code\my_code\edu_risk\app\routers\dashboard.py", line 61, in risk_trend
    rows = (await db.execute(
            ^^^^^^^^^^^^^^^^^
  File "E:\code\my_code\edu_risk\.venv\Lib\site-packages\sqlalchemy\ext\asyncio\session.py", line 448, in execute
    result = await greenlet_spawn(
             ^^^^^^^^^^^^^^^^^^^^^
  File "E:\code\my_code\edu_risk\.venv\Lib\site-packages\sqlalchemy\util\_concurrency_py3k.py", line 201, in greenlet_spawn
    result = context.throw(*sys.exc_info())
             ^^^^^^^^^^^^^^^^^^^^^^^^^^^^^^
  File "E:\code\my_code\edu_risk\.venv\Lib\site-packages\sqlalchemy\orm\session.py", line 2373, in execute
    return self._execute_internal(
           ^^^^^^^^^^^^^^^^^^^^^^^
  File "E:\code\my_code\edu_risk\.venv\Lib\site-packages\sqlalchemy\orm\session.py", line 2261, in _execute_internal
    conn = self._connection_for_bind(bind)
           ^^^^^^^^^^^^^^^^^^^^^^^^^^^^^^^
  File "E:\code\my_code\edu_risk\.venv\Lib\site-packages\sqlalchemy\orm\session.py", line 2113, in _connection_for_bind
    return trans._connection_for_bind(engine, execution_options)
           ^^^^^^^^^^^^^^^^^^^^^^^^^^^^^^^^^^^^^^^^^^^^^^^^^^^^^
  File "<string>", line 2, in _connection_for_bind
  File "E:\code\my_code\edu_risk\.venv\Lib\site-packages\sqlalchemy\orm\state_changes.py", line 137, in _go
    ret_value = fn(self, *arg, **kw)
                ^^^^^^^^^^^^^^^^^^^^
  File "E:\code\my_code\edu_risk\.venv\Lib\site-packages\sqlalchemy\orm\session.py", line 1191, in _connection_for_bind
    conn = bind.connect()
           ^^^^^^^^^^^^^^
  File "E:\code\my_code\edu_risk\.venv\Lib\site-packages\sqlalchemy\engine\base.py", line 3295, in connect
    return self._connection_cls(self)
           ^^^^^^^^^^^^^^^^^^^^^^^^^^
  File "E:\code\my_code\edu_risk\.venv\Lib\site-packages\sqlalchemy\engine\base.py", line 146, in __init__
    Connection._handle_dbapi_exception_noconnection(
  File "E:\code\my_code\edu_risk\.venv\Lib\site-packages\sqlalchemy\engine\base.py", line 2450, in _handle_dbapi_exception_noconnection
    raise sqlalchemy_exception.with_traceback(exc_info[2]) from e
  File "E:\code\my_code\edu_risk\.venv\Lib\site-packages\sqlalchemy\engine\base.py", line 144, in __init__
    self._dbapi_connection = engine.raw_connection()
                             ^^^^^^^^^^^^^^^^^^^^^^^
  File "E:\code\my_code\edu_risk\.venv\Lib\site-packages\sqlalchemy\engine\base.py", line 3319, in raw_connection
    return self.pool.connect()
           ^^^^^^^^^^^^^^^^^^^
  File "E:\code\my_code\edu_risk\.venv\Lib\site-packages\sqlalchemy\pool\base.py", line 448, in connect
    return _ConnectionFairy._checkout(self)
           ^^^^^^^^^^^^^^^^^^^^^^^^^^^^^^^^
  File "E:\code\my_code\edu_risk\.venv\Lib\site-packages\sqlalchemy\pool\base.py", line 1272, in _checkout
    fairy = _ConnectionRecord.checkout(pool)
            ^^^^^^^^^^^^^^^^^^^^^^^^^^^^^^^^
  File "E:\code\my_code\edu_risk\.venv\Lib\site-packages\sqlalchemy\pool\base.py", line 712, in checkout
    rec = pool._do_get()
          ^^^^^^^^^^^^^^
  File "E:\code\my_code\edu_risk\.venv\Lib\site-packages\sqlalchemy\pool\impl.py", line 178, in _do_get
    with util.safe_reraise():
  File "E:\code\my_code\edu_risk\.venv\Lib\site-packages\sqlalchemy\util\langhelpers.py", line 122, in __exit__
    raise exc_value.with_traceback(exc_tb)
  File "E:\code\my_code\edu_risk\.venv\Lib\site-packages\sqlalchemy\pool\impl.py", line 176, in _do_get
    return self._create_connection()
           ^^^^^^^^^^^^^^^^^^^^^^^^^
  File "E:\code\my_code\edu_risk\.venv\Lib\site-packages\sqlalchemy\pool\base.py", line 389, in _create_connection
    return _ConnectionRecord(self)
           ^^^^^^^^^^^^^^^^^^^^^^^
  File "E:\code\my_code\edu_risk\.venv\Lib\site-packages\sqlalchemy\pool\base.py", line 674, in __init__
    self.__connect()
  File "E:\code\my_code\edu_risk\.venv\Lib\site-packages\sqlalchemy\pool\base.py", line 900, in __connect
    with util.safe_reraise():
  File "E:\code\my_code\edu_risk\.venv\Lib\site-packages\sqlalchemy\util\langhelpers.py", line 122, in __exit__
    raise exc_value.with_traceback(exc_tb)
  File "E:\code\my_code\edu_risk\.venv\Lib\site-packages\sqlalchemy\pool\base.py", line 896, in __connect
    self.dbapi_connection = connection = pool._invoke_creator(self)
                                         ^^^^^^^^^^^^^^^^^^^^^^^^^^
  File "E:\code\my_code\edu_risk\.venv\Lib\site-packages\sqlalchemy\engine\create.py", line 667, in connect
    return dialect.connect(*cargs_tup, **cparams)
           ^^^^^^^^^^^^^^^^^^^^^^^^^^^^^^^^^^^^^^
  File "E:\code\my_code\edu_risk\.venv\Lib\site-packages\sqlalchemy\engine\default.py", line 630, in connect
    return self.loaded_dbapi.connect(*cargs, **cparams)  # type: ignore[no-any-return]  # NOQA: E501
           ^^^^^^^^^^^^^^^^^^^^^^^^^^^^^^^^^^^^^^^^^^^^
  File "E:\code\my_code\edu_risk\.venv\Lib\site-packages\sqlalchemy\dialects\mysql\aiomysql.py", line 176, in connect
    await_only(creator_fn(*arg, **kw)),
    ^^^^^^^^^^^^^^^^^^^^^^^^^^^^^^^^^^
  File "E:\code\my_code\edu_risk\.venv\Lib\site-packages\sqlalchemy\util\_concurrency_py3k.py", line 132, in await_only
    return current.parent.switch(awaitable)  # type: ignore[no-any-return,attr-defined] # noqa: E501
           ^^^^^^^^^^^^^^^^^^^^^^^^^^^^^^^^
  File "E:\code\my_code\edu_risk\.venv\Lib\site-packages\sqlalchemy\util\_concurrency_py3k.py", line 196, in greenlet_spawn
    value = await result
            ^^^^^^^^^^^^
  File "E:\code\my_code\edu_risk\.venv\Lib\site-packages\aiomysql\connection.py", line 74, in _connect
    await conn._connect()
  File "E:\code\my_code\edu_risk\.venv\Lib\site-packages\aiomysql\connection.py", line 540, in _connect
    await self._request_authentication()
  File "E:\code\my_code\edu_risk\.venv\Lib\site-packages\aiomysql\connection.py", line 865, in _request_authentication
    await self.caching_sha2_password_auth(auth_packet)
  File "E:\code\my_code\edu_risk\.venv\Lib\site-packages\aiomysql\connection.py", line 952, in caching_sha2_password_auth
    pkt = await self._read_packet()
          ^^^^^^^^^^^^^^^^^^^^^^^^^
  File "E:\code\my_code\edu_risk\.venv\Lib\site-packages\aiomysql\connection.py", line 652, in _read_packet
    packet.raise_for_error()
  File "E:\code\my_code\edu_risk\.venv\Lib\site-packages\pymysql\protocol.py", line 219, in raise_for_error
    err.raise_mysql_exception(self._data)
  File "E:\code\my_code\edu_risk\.venv\Lib\site-packages\pymysql\err.py", line 154, in raise_mysql_exception
    raise errorclass(errno, errval, sqlstate=sqlstate)
sqlalchemy.exc.OperationalError: (pymysql.err.OperationalError) (1049, "Unknown database 'edu_risk'")
(Background on this error at: https://sqlalche.me/e/20/e3q8)
2026-08-12 10:15:28,068 INFO [uvicorn.access] 127.0.0.1:61436 - "GET /api/dashboard/rule-effectiveness HTTP/1.1" 500
2026-08-12 10:15:28,069 ERROR [uvicorn.error] Exception in ASGI application
Traceback (most recent call last):
  File "E:\code\my_code\edu_risk\.venv\Lib\site-packages\sqlalchemy\engine\base.py", line 144, in __init__
    self._dbapi_connection = engine.raw_connection()
                             ^^^^^^^^^^^^^^^^^^^^^^^
  File "E:\code\my_code\edu_risk\.venv\Lib\site-packages\sqlalchemy\engine\base.py", line 3319, in raw_connection
    return self.pool.connect()
           ^^^^^^^^^^^^^^^^^^^
  File "E:\code\my_code\edu_risk\.venv\Lib\site-packages\sqlalchemy\pool\base.py", line 448, in connect
    return _ConnectionFairy._checkout(self)
           ^^^^^^^^^^^^^^^^^^^^^^^^^^^^^^^^
  File "E:\code\my_code\edu_risk\.venv\Lib\site-packages\sqlalchemy\pool\base.py", line 1272, in _checkout
    fairy = _ConnectionRecord.checkout(pool)
            ^^^^^^^^^^^^^^^^^^^^^^^^^^^^^^^^
  File "E:\code\my_code\edu_risk\.venv\Lib\site-packages\sqlalchemy\pool\base.py", line 712, in checkout
    rec = pool._do_get()
          ^^^^^^^^^^^^^^
  File "E:\code\my_code\edu_risk\.venv\Lib\site-packages\sqlalchemy\pool\impl.py", line 178, in _do_get
    with util.safe_reraise():
  File "E:\code\my_code\edu_risk\.venv\Lib\site-packages\sqlalchemy\util\langhelpers.py", line 122, in __exit__
    raise exc_value.with_traceback(exc_tb)
  File "E:\code\my_code\edu_risk\.venv\Lib\site-packages\sqlalchemy\pool\impl.py", line 176, in _do_get
    return self._create_connection()
           ^^^^^^^^^^^^^^^^^^^^^^^^^
  File "E:\code\my_code\edu_risk\.venv\Lib\site-packages\sqlalchemy\pool\base.py", line 389, in _create_connection
    return _ConnectionRecord(self)
           ^^^^^^^^^^^^^^^^^^^^^^^
  File "E:\code\my_code\edu_risk\.venv\Lib\site-packages\sqlalchemy\pool\base.py", line 674, in __init__
    self.__connect()
  File "E:\code\my_code\edu_risk\.venv\Lib\site-packages\sqlalchemy\pool\base.py", line 900, in __connect
    with util.safe_reraise():
  File "E:\code\my_code\edu_risk\.venv\Lib\site-packages\sqlalchemy\util\langhelpers.py", line 122, in __exit__
    raise exc_value.with_traceback(exc_tb)
  File "E:\code\my_code\edu_risk\.venv\Lib\site-packages\sqlalchemy\pool\base.py", line 896, in __connect
    self.dbapi_connection = connection = pool._invoke_creator(self)
                                         ^^^^^^^^^^^^^^^^^^^^^^^^^^
  File "E:\code\my_code\edu_risk\.venv\Lib\site-packages\sqlalchemy\engine\create.py", line 667, in connect
    return dialect.connect(*cargs_tup, **cparams)
           ^^^^^^^^^^^^^^^^^^^^^^^^^^^^^^^^^^^^^^
  File "E:\code\my_code\edu_risk\.venv\Lib\site-packages\sqlalchemy\engine\default.py", line 630, in connect
    return self.loaded_dbapi.connect(*cargs, **cparams)  # type: ignore[no-any-return]  # NOQA: E501
           ^^^^^^^^^^^^^^^^^^^^^^^^^^^^^^^^^^^^^^^^^^^^
  File "E:\code\my_code\edu_risk\.venv\Lib\site-packages\sqlalchemy\dialects\mysql\aiomysql.py", line 176, in connect
    await_only(creator_fn(*arg, **kw)),
    ^^^^^^^^^^^^^^^^^^^^^^^^^^^^^^^^^^
  File "E:\code\my_code\edu_risk\.venv\Lib\site-packages\sqlalchemy\util\_concurrency_py3k.py", line 132, in await_only
    return current.parent.switch(awaitable)  # type: ignore[no-any-return,attr-defined] # noqa: E501
           ^^^^^^^^^^^^^^^^^^^^^^^^^^^^^^^^
  File "E:\code\my_code\edu_risk\.venv\Lib\site-packages\sqlalchemy\util\_concurrency_py3k.py", line 196, in greenlet_spawn
    value = await result
            ^^^^^^^^^^^^
  File "E:\code\my_code\edu_risk\.venv\Lib\site-packages\aiomysql\connection.py", line 74, in _connect
    await conn._connect()
  File "E:\code\my_code\edu_risk\.venv\Lib\site-packages\aiomysql\connection.py", line 540, in _connect
    await self._request_authentication()
  File "E:\code\my_code\edu_risk\.venv\Lib\site-packages\aiomysql\connection.py", line 865, in _request_authentication
    await self.caching_sha2_password_auth(auth_packet)
  File "E:\code\my_code\edu_risk\.venv\Lib\site-packages\aiomysql\connection.py", line 952, in caching_sha2_password_auth
    pkt = await self._read_packet()
          ^^^^^^^^^^^^^^^^^^^^^^^^^
  File "E:\code\my_code\edu_risk\.venv\Lib\site-packages\aiomysql\connection.py", line 652, in _read_packet
    packet.raise_for_error()
  File "E:\code\my_code\edu_risk\.venv\Lib\site-packages\pymysql\protocol.py", line 219, in raise_for_error
    err.raise_mysql_exception(self._data)
  File "E:\code\my_code\edu_risk\.venv\Lib\site-packages\pymysql\err.py", line 154, in raise_mysql_exception
    raise errorclass(errno, errval, sqlstate=sqlstate)
pymysql.err.OperationalError: (1049, "Unknown database 'edu_risk'")

The above exception was the direct cause of the following exception:

Traceback (most recent call last):
  File "E:\code\my_code\edu_risk\.venv\Lib\site-packages\uvicorn\protocols\http\h11_impl.py", line 416, in run_asgi
    result = await app(  # type: ignore[func-returns-value]
             ^^^^^^^^^^^^^^^^^^^^^^^^^^^^^^^^^^^^^^^^^^^^^^
  File "E:\code\my_code\edu_risk\.venv\Lib\site-packages\uvicorn\middleware\proxy_headers.py", line 63, in __call__
    return await self.app(scope, receive, send)
           ^^^^^^^^^^^^^^^^^^^^^^^^^^^^^^^^^^^^
  File "E:\code\my_code\edu_risk\.venv\Lib\site-packages\fastapi\applications.py", line 1163, in __call__
    await super().__call__(scope, receive, send)
  File "E:\code\my_code\edu_risk\.venv\Lib\site-packages\starlette\applications.py", line 96, in __call__
    await self.middleware_stack(scope, receive, send)
  File "E:\code\my_code\edu_risk\.venv\Lib\site-packages\starlette\middleware\errors.py", line 186, in __call__
    raise exc
  File "E:\code\my_code\edu_risk\.venv\Lib\site-packages\starlette\middleware\errors.py", line 164, in __call__
    await self.app(scope, receive, _send)
  File "E:\code\my_code\edu_risk\.venv\Lib\site-packages\starlette\middleware\cors.py", line 96, in __call__
    await self.simple_response(scope, receive, send, request_headers=headers)
  File "E:\code\my_code\edu_risk\.venv\Lib\site-packages\starlette\middleware\cors.py", line 154, in simple_response
    await self.app(scope, receive, send)
  File "E:\code\my_code\edu_risk\.venv\Lib\site-packages\starlette\middleware\exceptions.py", line 63, in __call__
    await wrap_app_handling_exceptions(self.app, conn)(scope, receive, send)
  File "E:\code\my_code\edu_risk\.venv\Lib\site-packages\starlette\_exception_handler.py", line 53, in wrapped_app
    raise exc
  File "E:\code\my_code\edu_risk\.venv\Lib\site-packages\starlette\_exception_handler.py", line 42, in wrapped_app
    await app(scope, receive, sender)
  File "E:\code\my_code\edu_risk\.venv\Lib\site-packages\fastapi\middleware\asyncexitstack.py", line 18, in __call__
    await self.app(scope, receive, send)
  File "E:\code\my_code\edu_risk\.venv\Lib\site-packages\starlette\routing.py", line 670, in __call__
    await self.middleware_stack(scope, receive, send)
  File "E:\code\my_code\edu_risk\.venv\Lib\site-packages\fastapi\routing.py", line 2734, in app
    await route.handle(scope, receive, send)
  File "E:\code\my_code\edu_risk\.venv\Lib\site-packages\fastapi\routing.py", line 1780, in handle
    await self.original_router.handle(scope, receive, send)
  File "E:\code\my_code\edu_risk\.venv\Lib\site-packages\fastapi\routing.py", line 2789, in handle
    await included_router._handle_selected(scope, receive, send)
  File "E:\code\my_code\edu_risk\.venv\Lib\site-packages\fastapi\routing.py", line 1800, in _handle_selected
    await original_route.handle(scope, receive, send)
  File "E:\code\my_code\edu_risk\.venv\Lib\site-packages\fastapi\routing.py", line 1279, in handle
    await app(scope, receive, send)
  File "E:\code\my_code\edu_risk\.venv\Lib\site-packages\fastapi\routing.py", line 158, in app
    await wrap_app_handling_exceptions(app, request)(scope, receive, send)
  File "E:\code\my_code\edu_risk\.venv\Lib\site-packages\starlette\_exception_handler.py", line 53, in wrapped_app
    raise exc
  File "E:\code\my_code\edu_risk\.venv\Lib\site-packages\starlette\_exception_handler.py", line 42, in wrapped_app
    await app(scope, receive, sender)
  File "E:\code\my_code\edu_risk\.venv\Lib\site-packages\fastapi\routing.py", line 144, in app
    response = await f(request)
               ^^^^^^^^^^^^^^^^
  File "E:\code\my_code\edu_risk\.venv\Lib\site-packages\fastapi\routing.py", line 706, in app
    raw_response = await run_endpoint_function(
                   ^^^^^^^^^^^^^^^^^^^^^^^^^^^^
  File "E:\code\my_code\edu_risk\.venv\Lib\site-packages\fastapi\routing.py", line 352, in run_endpoint_function
    return await dependant.call(**values)
           ^^^^^^^^^^^^^^^^^^^^^^^^^^^^^^
  File "E:\code\my_code\edu_risk\app\routers\dashboard.py", line 73, in rule_effectiveness
    assessments = (await db.execute(
                   ^^^^^^^^^^^^^^^^^
  File "E:\code\my_code\edu_risk\.venv\Lib\site-packages\sqlalchemy\ext\asyncio\session.py", line 448, in execute
    result = await greenlet_spawn(
             ^^^^^^^^^^^^^^^^^^^^^
  File "E:\code\my_code\edu_risk\.venv\Lib\site-packages\sqlalchemy\util\_concurrency_py3k.py", line 201, in greenlet_spawn
    result = context.throw(*sys.exc_info())
             ^^^^^^^^^^^^^^^^^^^^^^^^^^^^^^
  File "E:\code\my_code\edu_risk\.venv\Lib\site-packages\sqlalchemy\orm\session.py", line 2373, in execute
    return self._execute_internal(
           ^^^^^^^^^^^^^^^^^^^^^^^
  File "E:\code\my_code\edu_risk\.venv\Lib\site-packages\sqlalchemy\orm\session.py", line 2261, in _execute_internal
    conn = self._connection_for_bind(bind)
           ^^^^^^^^^^^^^^^^^^^^^^^^^^^^^^^
  File "E:\code\my_code\edu_risk\.venv\Lib\site-packages\sqlalchemy\orm\session.py", line 2113, in _connection_for_bind
    return trans._connection_for_bind(engine, execution_options)
           ^^^^^^^^^^^^^^^^^^^^^^^^^^^^^^^^^^^^^^^^^^^^^^^^^^^^^
  File "<string>", line 2, in _connection_for_bind
  File "E:\code\my_code\edu_risk\.venv\Lib\site-packages\sqlalchemy\orm\state_changes.py", line 137, in _go
    ret_value = fn(self, *arg, **kw)
                ^^^^^^^^^^^^^^^^^^^^
  File "E:\code\my_code\edu_risk\.venv\Lib\site-packages\sqlalchemy\orm\session.py", line 1191, in _connection_for_bind
    conn = bind.connect()
           ^^^^^^^^^^^^^^
  File "E:\code\my_code\edu_risk\.venv\Lib\site-packages\sqlalchemy\engine\base.py", line 3295, in connect
    return self._connection_cls(self)
           ^^^^^^^^^^^^^^^^^^^^^^^^^^
  File "E:\code\my_code\edu_risk\.venv\Lib\site-packages\sqlalchemy\engine\base.py", line 146, in __init__
    Connection._handle_dbapi_exception_noconnection(
  File "E:\code\my_code\edu_risk\.venv\Lib\site-packages\sqlalchemy\engine\base.py", line 2450, in _handle_dbapi_exception_noconnection
    raise sqlalchemy_exception.with_traceback(exc_info[2]) from e
  File "E:\code\my_code\edu_risk\.venv\Lib\site-packages\sqlalchemy\engine\base.py", line 144, in __init__
    self._dbapi_connection = engine.raw_connection()
                             ^^^^^^^^^^^^^^^^^^^^^^^
  File "E:\code\my_code\edu_risk\.venv\Lib\site-packages\sqlalchemy\engine\base.py", line 3319, in raw_connection
    return self.pool.connect()
           ^^^^^^^^^^^^^^^^^^^
  File "E:\code\my_code\edu_risk\.venv\Lib\site-packages\sqlalchemy\pool\base.py", line 448, in connect
    return _ConnectionFairy._checkout(self)
           ^^^^^^^^^^^^^^^^^^^^^^^^^^^^^^^^
  File "E:\code\my_code\edu_risk\.venv\Lib\site-packages\sqlalchemy\pool\base.py", line 1272, in _checkout
    fairy = _ConnectionRecord.checkout(pool)
            ^^^^^^^^^^^^^^^^^^^^^^^^^^^^^^^^
  File "E:\code\my_code\edu_risk\.venv\Lib\site-packages\sqlalchemy\pool\base.py", line 712, in checkout
    rec = pool._do_get()
          ^^^^^^^^^^^^^^
  File "E:\code\my_code\edu_risk\.venv\Lib\site-packages\sqlalchemy\pool\impl.py", line 178, in _do_get
    with util.safe_reraise():
  File "E:\code\my_code\edu_risk\.venv\Lib\site-packages\sqlalchemy\util\langhelpers.py", line 122, in __exit__
    raise exc_value.with_traceback(exc_tb)
  File "E:\code\my_code\edu_risk\.venv\Lib\site-packages\sqlalchemy\pool\impl.py", line 176, in _do_get
    return self._create_connection()
           ^^^^^^^^^^^^^^^^^^^^^^^^^
  File "E:\code\my_code\edu_risk\.venv\Lib\site-packages\sqlalchemy\pool\base.py", line 389, in _create_connection
    return _ConnectionRecord(self)
           ^^^^^^^^^^^^^^^^^^^^^^^
  File "E:\code\my_code\edu_risk\.venv\Lib\site-packages\sqlalchemy\pool\base.py", line 674, in __init__
    self.__connect()
  File "E:\code\my_code\edu_risk\.venv\Lib\site-packages\sqlalchemy\pool\base.py", line 900, in __connect
    with util.safe_reraise():
  File "E:\code\my_code\edu_risk\.venv\Lib\site-packages\sqlalchemy\util\langhelpers.py", line 122, in __exit__
    raise exc_value.with_traceback(exc_tb)
  File "E:\code\my_code\edu_risk\.venv\Lib\site-packages\sqlalchemy\pool\base.py", line 896, in __connect
    self.dbapi_connection = connection = pool._invoke_creator(self)
                                         ^^^^^^^^^^^^^^^^^^^^^^^^^^
  File "E:\code\my_code\edu_risk\.venv\Lib\site-packages\sqlalchemy\engine\create.py", line 667, in connect
    return dialect.connect(*cargs_tup, **cparams)
           ^^^^^^^^^^^^^^^^^^^^^^^^^^^^^^^^^^^^^^
  File "E:\code\my_code\edu_risk\.venv\Lib\site-packages\sqlalchemy\engine\default.py", line 630, in connect
    return self.loaded_dbapi.connect(*cargs, **cparams)  # type: ignore[no-any-return]  # NOQA: E501
           ^^^^^^^^^^^^^^^^^^^^^^^^^^^^^^^^^^^^^^^^^^^^
  File "E:\code\my_code\edu_risk\.venv\Lib\site-packages\sqlalchemy\dialects\mysql\aiomysql.py", line 176, in connect
    await_only(creator_fn(*arg, **kw)),
    ^^^^^^^^^^^^^^^^^^^^^^^^^^^^^^^^^^
  File "E:\code\my_code\edu_risk\.venv\Lib\site-packages\sqlalchemy\util\_concurrency_py3k.py", line 132, in await_only
    return current.parent.switch(awaitable)  # type: ignore[no-any-return,attr-defined] # noqa: E501
           ^^^^^^^^^^^^^^^^^^^^^^^^^^^^^^^^
  File "E:\code\my_code\edu_risk\.venv\Lib\site-packages\sqlalchemy\util\_concurrency_py3k.py", line 196, in greenlet_spawn
    value = await result
            ^^^^^^^^^^^^
  File "E:\code\my_code\edu_risk\.venv\Lib\site-packages\aiomysql\connection.py", line 74, in _connect
    await conn._connect()
  File "E:\code\my_code\edu_risk\.venv\Lib\site-packages\aiomysql\connection.py", line 540, in _connect
    await self._request_authentication()
  File "E:\code\my_code\edu_risk\.venv\Lib\site-packages\aiomysql\connection.py", line 865, in _request_authentication
    await self.caching_sha2_password_auth(auth_packet)
  File "E:\code\my_code\edu_risk\.venv\Lib\site-packages\aiomysql\connection.py", line 952, in caching_sha2_password_auth
    pkt = await self._read_packet()
          ^^^^^^^^^^^^^^^^^^^^^^^^^
  File "E:\code\my_code\edu_risk\.venv\Lib\site-packages\aiomysql\connection.py", line 652, in _read_packet
    packet.raise_for_error()
  File "E:\code\my_code\edu_risk\.venv\Lib\site-packages\pymysql\protocol.py", line 219, in raise_for_error
    err.raise_mysql_exception(self._data)
  File "E:\code\my_code\edu_risk\.venv\Lib\site-packages\pymysql\err.py", line 154, in raise_mysql_exception
    raise errorclass(errno, errval, sqlstate=sqlstate)
sqlalchemy.exc.OperationalError: (pymysql.err.OperationalError) (1049, "Unknown database 'edu_risk'")
(Background on this error at: https://sqlalche.me/e/20/e3q8)
2026-08-12 10:23:25,745 INFO [uvicorn.access] 127.0.0.1:54569 - "GET /api/health HTTP/1.1" 200
2026-08-12 10:23:26,389 INFO [uvicorn.access] 127.0.0.1:54571 - "GET /api/dashboard/stats?days=7 HTTP/1.1" 500
2026-08-12 10:23:26,391 ERROR [uvicorn.error] Exception in ASGI application
Traceback (most recent call last):
  File "E:\code\my_code\edu_risk\.venv\Lib\site-packages\sqlalchemy\engine\base.py", line 144, in __init__
    self._dbapi_connection = engine.raw_connection()
                             ^^^^^^^^^^^^^^^^^^^^^^^
  File "E:\code\my_code\edu_risk\.venv\Lib\site-packages\sqlalchemy\engine\base.py", line 3319, in raw_connection
    return self.pool.connect()
           ^^^^^^^^^^^^^^^^^^^
  File "E:\code\my_code\edu_risk\.venv\Lib\site-packages\sqlalchemy\pool\base.py", line 448, in connect
    return _ConnectionFairy._checkout(self)
           ^^^^^^^^^^^^^^^^^^^^^^^^^^^^^^^^
  File "E:\code\my_code\edu_risk\.venv\Lib\site-packages\sqlalchemy\pool\base.py", line 1272, in _checkout
    fairy = _ConnectionRecord.checkout(pool)
            ^^^^^^^^^^^^^^^^^^^^^^^^^^^^^^^^
  File "E:\code\my_code\edu_risk\.venv\Lib\site-packages\sqlalchemy\pool\base.py", line 712, in checkout
    rec = pool._do_get()
          ^^^^^^^^^^^^^^
  File "E:\code\my_code\edu_risk\.venv\Lib\site-packages\sqlalchemy\pool\impl.py", line 178, in _do_get
    with util.safe_reraise():
  File "E:\code\my_code\edu_risk\.venv\Lib\site-packages\sqlalchemy\util\langhelpers.py", line 122, in __exit__
    raise exc_value.with_traceback(exc_tb)
  File "E:\code\my_code\edu_risk\.venv\Lib\site-packages\sqlalchemy\pool\impl.py", line 176, in _do_get
    return self._create_connection()
           ^^^^^^^^^^^^^^^^^^^^^^^^^
  File "E:\code\my_code\edu_risk\.venv\Lib\site-packages\sqlalchemy\pool\base.py", line 389, in _create_connection
    return _ConnectionRecord(self)
           ^^^^^^^^^^^^^^^^^^^^^^^
  File "E:\code\my_code\edu_risk\.venv\Lib\site-packages\sqlalchemy\pool\base.py", line 674, in __init__
    self.__connect()
  File "E:\code\my_code\edu_risk\.venv\Lib\site-packages\sqlalchemy\pool\base.py", line 900, in __connect
    with util.safe_reraise():
  File "E:\code\my_code\edu_risk\.venv\Lib\site-packages\sqlalchemy\util\langhelpers.py", line 122, in __exit__
    raise exc_value.with_traceback(exc_tb)
  File "E:\code\my_code\edu_risk\.venv\Lib\site-packages\sqlalchemy\pool\base.py", line 896, in __connect
    self.dbapi_connection = connection = pool._invoke_creator(self)
                                         ^^^^^^^^^^^^^^^^^^^^^^^^^^
  File "E:\code\my_code\edu_risk\.venv\Lib\site-packages\sqlalchemy\engine\create.py", line 667, in connect
    return dialect.connect(*cargs_tup, **cparams)
           ^^^^^^^^^^^^^^^^^^^^^^^^^^^^^^^^^^^^^^
  File "E:\code\my_code\edu_risk\.venv\Lib\site-packages\sqlalchemy\engine\default.py", line 630, in connect
    return self.loaded_dbapi.connect(*cargs, **cparams)  # type: ignore[no-any-return]  # NOQA: E501
           ^^^^^^^^^^^^^^^^^^^^^^^^^^^^^^^^^^^^^^^^^^^^
  File "E:\code\my_code\edu_risk\.venv\Lib\site-packages\sqlalchemy\dialects\mysql\aiomysql.py", line 176, in connect
    await_only(creator_fn(*arg, **kw)),
    ^^^^^^^^^^^^^^^^^^^^^^^^^^^^^^^^^^
  File "E:\code\my_code\edu_risk\.venv\Lib\site-packages\sqlalchemy\util\_concurrency_py3k.py", line 132, in await_only
    return current.parent.switch(awaitable)  # type: ignore[no-any-return,attr-defined] # noqa: E501
           ^^^^^^^^^^^^^^^^^^^^^^^^^^^^^^^^
  File "E:\code\my_code\edu_risk\.venv\Lib\site-packages\sqlalchemy\util\_concurrency_py3k.py", line 196, in greenlet_spawn
    value = await result
            ^^^^^^^^^^^^
  File "E:\code\my_code\edu_risk\.venv\Lib\site-packages\aiomysql\connection.py", line 74, in _connect
    await conn._connect()
  File "E:\code\my_code\edu_risk\.venv\Lib\site-packages\aiomysql\connection.py", line 540, in _connect
    await self._request_authentication()
  File "E:\code\my_code\edu_risk\.venv\Lib\site-packages\aiomysql\connection.py", line 865, in _request_authentication
    await self.caching_sha2_password_auth(auth_packet)
  File "E:\code\my_code\edu_risk\.venv\Lib\site-packages\aiomysql\connection.py", line 952, in caching_sha2_password_auth
    pkt = await self._read_packet()
          ^^^^^^^^^^^^^^^^^^^^^^^^^
  File "E:\code\my_code\edu_risk\.venv\Lib\site-packages\aiomysql\connection.py", line 652, in _read_packet
    packet.raise_for_error()
  File "E:\code\my_code\edu_risk\.venv\Lib\site-packages\pymysql\protocol.py", line 219, in raise_for_error
    err.raise_mysql_exception(self._data)
  File "E:\code\my_code\edu_risk\.venv\Lib\site-packages\pymysql\err.py", line 154, in raise_mysql_exception
    raise errorclass(errno, errval, sqlstate=sqlstate)
pymysql.err.OperationalError: (1049, "Unknown database 'edu_risk'")

The above exception was the direct cause of the following exception:

Traceback (most recent call last):
  File "E:\code\my_code\edu_risk\.venv\Lib\site-packages\uvicorn\protocols\http\h11_impl.py", line 416, in run_asgi
    result = await app(  # type: ignore[func-returns-value]
             ^^^^^^^^^^^^^^^^^^^^^^^^^^^^^^^^^^^^^^^^^^^^^^
  File "E:\code\my_code\edu_risk\.venv\Lib\site-packages\uvicorn\middleware\proxy_headers.py", line 63, in __call__
    return await self.app(scope, receive, send)
           ^^^^^^^^^^^^^^^^^^^^^^^^^^^^^^^^^^^^
  File "E:\code\my_code\edu_risk\.venv\Lib\site-packages\fastapi\applications.py", line 1163, in __call__
    await super().__call__(scope, receive, send)
  File "E:\code\my_code\edu_risk\.venv\Lib\site-packages\starlette\applications.py", line 96, in __call__
    await self.middleware_stack(scope, receive, send)
  File "E:\code\my_code\edu_risk\.venv\Lib\site-packages\starlette\middleware\errors.py", line 186, in __call__
    raise exc
  File "E:\code\my_code\edu_risk\.venv\Lib\site-packages\starlette\middleware\errors.py", line 164, in __call__
    await self.app(scope, receive, _send)
  File "E:\code\my_code\edu_risk\.venv\Lib\site-packages\starlette\middleware\cors.py", line 88, in __call__
    await self.app(scope, receive, send)
  File "E:\code\my_code\edu_risk\.venv\Lib\site-packages\starlette\middleware\exceptions.py", line 63, in __call__
    await wrap_app_handling_exceptions(self.app, conn)(scope, receive, send)
  File "E:\code\my_code\edu_risk\.venv\Lib\site-packages\starlette\_exception_handler.py", line 53, in wrapped_app
    raise exc
  File "E:\code\my_code\edu_risk\.venv\Lib\site-packages\starlette\_exception_handler.py", line 42, in wrapped_app
    await app(scope, receive, sender)
  File "E:\code\my_code\edu_risk\.venv\Lib\site-packages\fastapi\middleware\asyncexitstack.py", line 18, in __call__
    await self.app(scope, receive, send)
  File "E:\code\my_code\edu_risk\.venv\Lib\site-packages\starlette\routing.py", line 670, in __call__
    await self.middleware_stack(scope, receive, send)
  File "E:\code\my_code\edu_risk\.venv\Lib\site-packages\fastapi\routing.py", line 2734, in app
    await route.handle(scope, receive, send)
  File "E:\code\my_code\edu_risk\.venv\Lib\site-packages\fastapi\routing.py", line 1780, in handle
    await self.original_router.handle(scope, receive, send)
  File "E:\code\my_code\edu_risk\.venv\Lib\site-packages\fastapi\routing.py", line 2789, in handle
    await included_router._handle_selected(scope, receive, send)
  File "E:\code\my_code\edu_risk\.venv\Lib\site-packages\fastapi\routing.py", line 1800, in _handle_selected
    await original_route.handle(scope, receive, send)
  File "E:\code\my_code\edu_risk\.venv\Lib\site-packages\fastapi\routing.py", line 1279, in handle
    await app(scope, receive, send)
  File "E:\code\my_code\edu_risk\.venv\Lib\site-packages\fastapi\routing.py", line 158, in app
    await wrap_app_handling_exceptions(app, request)(scope, receive, send)
  File "E:\code\my_code\edu_risk\.venv\Lib\site-packages\starlette\_exception_handler.py", line 53, in wrapped_app
    raise exc
  File "E:\code\my_code\edu_risk\.venv\Lib\site-packages\starlette\_exception_handler.py", line 42, in wrapped_app
    await app(scope, receive, sender)
  File "E:\code\my_code\edu_risk\.venv\Lib\site-packages\fastapi\routing.py", line 144, in app
    response = await f(request)
               ^^^^^^^^^^^^^^^^
  File "E:\code\my_code\edu_risk\.venv\Lib\site-packages\fastapi\routing.py", line 706, in app
    raw_response = await run_endpoint_function(
                   ^^^^^^^^^^^^^^^^^^^^^^^^^^^^
  File "E:\code\my_code\edu_risk\.venv\Lib\site-packages\fastapi\routing.py", line 352, in run_endpoint_function
    return await dependant.call(**values)
           ^^^^^^^^^^^^^^^^^^^^^^^^^^^^^^
  File "E:\code\my_code\edu_risk\app\routers\dashboard.py", line 21, in dashboard_stats
    total_checks = (await db.execute(select(func.count(RiskEvent.event_id)).where(
                    ^^^^^^^^^^^^^^^^^^^^^^^^^^^^^^^^^^^^^^^^^^^^^^^^^^^^^^^^^^^^^^
  File "E:\code\my_code\edu_risk\.venv\Lib\site-packages\sqlalchemy\ext\asyncio\session.py", line 448, in execute
    result = await greenlet_spawn(
             ^^^^^^^^^^^^^^^^^^^^^
  File "E:\code\my_code\edu_risk\.venv\Lib\site-packages\sqlalchemy\util\_concurrency_py3k.py", line 201, in greenlet_spawn
    result = context.throw(*sys.exc_info())
             ^^^^^^^^^^^^^^^^^^^^^^^^^^^^^^
  File "E:\code\my_code\edu_risk\.venv\Lib\site-packages\sqlalchemy\orm\session.py", line 2373, in execute
    return self._execute_internal(
           ^^^^^^^^^^^^^^^^^^^^^^^
  File "E:\code\my_code\edu_risk\.venv\Lib\site-packages\sqlalchemy\orm\session.py", line 2261, in _execute_internal
    conn = self._connection_for_bind(bind)
           ^^^^^^^^^^^^^^^^^^^^^^^^^^^^^^^
  File "E:\code\my_code\edu_risk\.venv\Lib\site-packages\sqlalchemy\orm\session.py", line 2113, in _connection_for_bind
    return trans._connection_for_bind(engine, execution_options)
           ^^^^^^^^^^^^^^^^^^^^^^^^^^^^^^^^^^^^^^^^^^^^^^^^^^^^^
  File "<string>", line 2, in _connection_for_bind
  File "E:\code\my_code\edu_risk\.venv\Lib\site-packages\sqlalchemy\orm\state_changes.py", line 137, in _go
    ret_value = fn(self, *arg, **kw)
                ^^^^^^^^^^^^^^^^^^^^
  File "E:\code\my_code\edu_risk\.venv\Lib\site-packages\sqlalchemy\orm\session.py", line 1191, in _connection_for_bind
    conn = bind.connect()
           ^^^^^^^^^^^^^^
  File "E:\code\my_code\edu_risk\.venv\Lib\site-packages\sqlalchemy\engine\base.py", line 3295, in connect
    return self._connection_cls(self)
           ^^^^^^^^^^^^^^^^^^^^^^^^^^
  File "E:\code\my_code\edu_risk\.venv\Lib\site-packages\sqlalchemy\engine\base.py", line 146, in __init__
    Connection._handle_dbapi_exception_noconnection(
  File "E:\code\my_code\edu_risk\.venv\Lib\site-packages\sqlalchemy\engine\base.py", line 2450, in _handle_dbapi_exception_noconnection
    raise sqlalchemy_exception.with_traceback(exc_info[2]) from e
  File "E:\code\my_code\edu_risk\.venv\Lib\site-packages\sqlalchemy\engine\base.py", line 144, in __init__
    self._dbapi_connection = engine.raw_connection()
                             ^^^^^^^^^^^^^^^^^^^^^^^
  File "E:\code\my_code\edu_risk\.venv\Lib\site-packages\sqlalchemy\engine\base.py", line 3319, in raw_connection
    return self.pool.connect()
           ^^^^^^^^^^^^^^^^^^^
  File "E:\code\my_code\edu_risk\.venv\Lib\site-packages\sqlalchemy\pool\base.py", line 448, in connect
    return _ConnectionFairy._checkout(self)
           ^^^^^^^^^^^^^^^^^^^^^^^^^^^^^^^^
  File "E:\code\my_code\edu_risk\.venv\Lib\site-packages\sqlalchemy\pool\base.py", line 1272, in _checkout
    fairy = _ConnectionRecord.checkout(pool)
            ^^^^^^^^^^^^^^^^^^^^^^^^^^^^^^^^
  File "E:\code\my_code\edu_risk\.venv\Lib\site-packages\sqlalchemy\pool\base.py", line 712, in checkout
    rec = pool._do_get()
          ^^^^^^^^^^^^^^
  File "E:\code\my_code\edu_risk\.venv\Lib\site-packages\sqlalchemy\pool\impl.py", line 178, in _do_get
    with util.safe_reraise():
  File "E:\code\my_code\edu_risk\.venv\Lib\site-packages\sqlalchemy\util\langhelpers.py", line 122, in __exit__
    raise exc_value.with_traceback(exc_tb)
  File "E:\code\my_code\edu_risk\.venv\Lib\site-packages\sqlalchemy\pool\impl.py", line 176, in _do_get
    return self._create_connection()
           ^^^^^^^^^^^^^^^^^^^^^^^^^
  File "E:\code\my_code\edu_risk\.venv\Lib\site-packages\sqlalchemy\pool\base.py", line 389, in _create_connection
    return _ConnectionRecord(self)
           ^^^^^^^^^^^^^^^^^^^^^^^
  File "E:\code\my_code\edu_risk\.venv\Lib\site-packages\sqlalchemy\pool\base.py", line 674, in __init__
    self.__connect()
  File "E:\code\my_code\edu_risk\.venv\Lib\site-packages\sqlalchemy\pool\base.py", line 900, in __connect
    with util.safe_reraise():
  File "E:\code\my_code\edu_risk\.venv\Lib\site-packages\sqlalchemy\util\langhelpers.py", line 122, in __exit__
    raise exc_value.with_traceback(exc_tb)
  File "E:\code\my_code\edu_risk\.venv\Lib\site-packages\sqlalchemy\pool\base.py", line 896, in __connect
    self.dbapi_connection = connection = pool._invoke_creator(self)
                                         ^^^^^^^^^^^^^^^^^^^^^^^^^^
  File "E:\code\my_code\edu_risk\.venv\Lib\site-packages\sqlalchemy\engine\create.py", line 667, in connect
    return dialect.connect(*cargs_tup, **cparams)
           ^^^^^^^^^^^^^^^^^^^^^^^^^^^^^^^^^^^^^^
  File "E:\code\my_code\edu_risk\.venv\Lib\site-packages\sqlalchemy\engine\default.py", line 630, in connect
    return self.loaded_dbapi.connect(*cargs, **cparams)  # type: ignore[no-any-return]  # NOQA: E501
           ^^^^^^^^^^^^^^^^^^^^^^^^^^^^^^^^^^^^^^^^^^^^
  File "E:\code\my_code\edu_risk\.venv\Lib\site-packages\sqlalchemy\dialects\mysql\aiomysql.py", line 176, in connect
    await_only(creator_fn(*arg, **kw)),
    ^^^^^^^^^^^^^^^^^^^^^^^^^^^^^^^^^^
  File "E:\code\my_code\edu_risk\.venv\Lib\site-packages\sqlalchemy\util\_concurrency_py3k.py", line 132, in await_only
    return current.parent.switch(awaitable)  # type: ignore[no-any-return,attr-defined] # noqa: E501
           ^^^^^^^^^^^^^^^^^^^^^^^^^^^^^^^^
  File "E:\code\my_code\edu_risk\.venv\Lib\site-packages\sqlalchemy\util\_concurrency_py3k.py", line 196, in greenlet_spawn
    value = await result
            ^^^^^^^^^^^^
  File "E:\code\my_code\edu_risk\.venv\Lib\site-packages\aiomysql\connection.py", line 74, in _connect
    await conn._connect()
  File "E:\code\my_code\edu_risk\.venv\Lib\site-packages\aiomysql\connection.py", line 540, in _connect
    await self._request_authentication()
  File "E:\code\my_code\edu_risk\.venv\Lib\site-packages\aiomysql\connection.py", line 865, in _request_authentication
    await self.caching_sha2_password_auth(auth_packet)
  File "E:\code\my_code\edu_risk\.venv\Lib\site-packages\aiomysql\connection.py", line 952, in caching_sha2_password_auth
    pkt = await self._read_packet()
          ^^^^^^^^^^^^^^^^^^^^^^^^^
  File "E:\code\my_code\edu_risk\.venv\Lib\site-packages\aiomysql\connection.py", line 652, in _read_packet
    packet.raise_for_error()
  File "E:\code\my_code\edu_risk\.venv\Lib\site-packages\pymysql\protocol.py", line 219, in raise_for_error
    err.raise_mysql_exception(self._data)
  File "E:\code\my_code\edu_risk\.venv\Lib\site-packages\pymysql\err.py", line 154, in raise_mysql_exception
    raise errorclass(errno, errval, sqlstate=sqlstate)
sqlalchemy.exc.OperationalError: (pymysql.err.OperationalError) (1049, "Unknown database 'edu_risk'")
(Background on this error at: https://sqlalche.me/e/20/e3q8)
2026-08-12 10:23:44,050 INFO [uvicorn.access] 127.0.0.1:54588 - "GET /api/health HTTP/1.1" 200
2026-08-12 10:24:09,830 INFO [sqlalchemy.engine.Engine] SELECT DATABASE()
2026-08-12 10:24:09,832 INFO [sqlalchemy.engine.Engine] [raw sql] ()
2026-08-12 10:24:09,843 INFO [sqlalchemy.engine.Engine] SELECT @@sql_mode
2026-08-12 10:24:09,845 INFO [sqlalchemy.engine.Engine] [raw sql] ()
2026-08-12 10:24:09,847 INFO [sqlalchemy.engine.Engine] SELECT @@lower_case_table_names
2026-08-12 10:24:09,849 INFO [sqlalchemy.engine.Engine] [raw sql] ()
2026-08-12 10:24:09,854 INFO [sqlalchemy.engine.Engine] BEGIN (implicit)
2026-08-12 10:24:09,967 INFO [sqlalchemy.engine.Engine] SELECT count(risk_event.event_id) AS count_1 
FROM risk_event 
WHERE risk_event.create_time >= %s
2026-08-12 10:24:09,968 INFO [sqlalchemy.engine.Engine] [generated in 0.00142s] (datetime.datetime(2026, 8, 5, 10, 24, 9, 815571),)
2026-08-12 10:24:09,979 INFO [sqlalchemy.engine.Engine] SELECT risk_assessment.decision, count(*) AS count_1 
FROM risk_assessment INNER JOIN risk_event ON risk_event.event_id = risk_assessment.event_id 
WHERE risk_event.create_time >= %s GROUP BY risk_assessment.decision
2026-08-12 10:24:09,980 INFO [sqlalchemy.engine.Engine] [generated in 0.00117s] (datetime.datetime(2026, 8, 5, 10, 24, 9, 815571),)
2026-08-12 10:24:09,987 INFO [sqlalchemy.engine.Engine] SELECT count(risk_case.case_id) AS count_1 
FROM risk_case 
WHERE risk_case.case_status = %s
2026-08-12 10:24:09,988 INFO [sqlalchemy.engine.Engine] [generated in 0.00169s] ('待审核',)
2026-08-12 10:24:09,995 INFO [sqlalchemy.engine.Engine] SELECT count(enrollment.enrollment_id) AS count_1 
FROM enrollment 
WHERE enrollment.create_time >= %s
2026-08-12 10:24:09,996 INFO [sqlalchemy.engine.Engine] [generated in 0.00158s] (datetime.datetime(2026, 8, 5, 10, 24, 9, 815571),)
2026-08-12 10:24:10,001 INFO [sqlalchemy.engine.Engine] SELECT count(payment_record.payment_id) AS count_1 
FROM payment_record 
WHERE payment_record.pay_time >= %s
2026-08-12 10:24:10,003 INFO [sqlalchemy.engine.Engine] [generated in 0.00222s] (datetime.datetime(2026, 8, 5, 10, 24, 9, 815571),)
2026-08-12 10:24:10,010 INFO [sqlalchemy.engine.Engine] SELECT count(refund_record.refund_id) AS count_1 
FROM refund_record 
WHERE refund_record.apply_time >= %s
2026-08-12 10:24:10,011 INFO [sqlalchemy.engine.Engine] [generated in 0.00139s] (datetime.datetime(2026, 8, 5, 10, 24, 9, 815571),)
2026-08-12 10:24:10,014 INFO [uvicorn.access] 127.0.0.1:54617 - "GET /api/dashboard/stats?days=7 HTTP/1.1" 200
2026-08-12 10:24:10,016 INFO [sqlalchemy.engine.Engine] ROLLBACK
2026-08-12 10:24:12,960 INFO [sqlalchemy.engine.Engine] BEGIN (implicit)
2026-08-12 10:24:12,971 INFO [sqlalchemy.engine.Engine] SELECT risk_rule.rule_id, risk_rule.rule_name, risk_rule.rule_category, risk_rule.event_type, risk_rule.rule_condition, risk_rule.risk_level, risk_rule.risk_score, risk_rule.action, risk_rule.is_enabled, risk_rule.priority, risk_rule.description, risk_rule.is_deleted, risk_rule.deleted_at 
FROM risk_rule 
WHERE risk_rule.is_deleted IS false AND risk_rule.deleted_at IS NULL ORDER BY risk_rule.priority DESC
2026-08-12 10:24:12,973 INFO [sqlalchemy.engine.Engine] [generated in 0.00254s] ()
2026-08-12 10:24:12,989 INFO [uvicorn.access] 127.0.0.1:54626 - "GET /api/rules HTTP/1.1" 200
2026-08-12 10:24:12,993 INFO [sqlalchemy.engine.Engine] ROLLBACK
2026-08-12 10:24:15,384 INFO [sqlalchemy.engine.Engine] BEGIN (implicit)
2026-08-12 10:24:15,386 INFO [sqlalchemy.engine.Engine] SELECT user_info.user_id, user_info.user_name, user_info.phone, user_info.register_time, user_info.user_level, user_info.is_deleted, user_info.deleted_at 
FROM user_info 
WHERE user_info.user_id = %s
2026-08-12 10:24:15,388 INFO [sqlalchemy.engine.Engine] [generated in 0.00134s] ('U00001',)
2026-08-12 10:24:15,395 INFO [sqlalchemy.engine.Engine] SELECT risk_user_profile.user_id, risk_user_profile.total_checks, risk_user_profile.total_cases, risk_user_profile.max_score, risk_user_profile.avg_score, risk_user_profile.risk_tag, risk_user_profile.first_check_time, risk_user_profile.last_check_time 
FROM risk_user_profile 
WHERE risk_user_profile.user_id = %s
2026-08-12 10:24:15,395 INFO [sqlalchemy.engine.Engine] [generated in 0.00092s] ('U00001',)
2026-08-12 10:24:15,402 INFO [sqlalchemy.engine.Engine] SELECT risk_blacklist.blacklist_id, risk_blacklist.user_id, risk_blacklist.reason, risk_blacklist.source, risk_blacklist.create_time, risk_blacklist.status, risk_blacklist.is_deleted, risk_blacklist.deleted_at 
FROM risk_blacklist 
WHERE risk_blacklist.user_id = %s AND risk_blacklist.status = %s AND risk_blacklist.is_deleted IS false
2026-08-12 10:24:15,403 INFO [sqlalchemy.engine.Engine] [generated in 0.00110s] ('U00001', '生效')
2026-08-12 10:24:15,406 INFO [uvicorn.access] 127.0.0.1:54629 - "GET /api/users/U00001/profile HTTP/1.1" 200
2026-08-12 10:24:15,408 INFO [sqlalchemy.engine.Engine] ROLLBACK
2026-08-12 10:24:23,058 INFO [sqlalchemy.engine.Engine] BEGIN (implicit)
2026-08-12 10:24:23,060 INFO [sqlalchemy.engine.Engine] SELECT user_info.user_id, user_info.user_name, user_info.phone, user_info.register_time, user_info.user_level, user_info.is_deleted, user_info.deleted_at 
FROM user_info 
WHERE user_info.user_id = %s
2026-08-12 10:24:23,061 INFO [sqlalchemy.engine.Engine] [cached since 7.674s ago] ('U00001',)
2026-08-12 10:24:23,068 INFO [sqlalchemy.engine.Engine] SELECT enrollment.enrollment_id, enrollment.user_id, enrollment.school_id, enrollment.status, enrollment.total_amount, enrollment.discount_amount, enrollment.coupon_amount, enrollment.create_time, enrollment.pay_time, enrollment.cancel_time, enrollment.is_deleted, enrollment.deleted_at 
FROM enrollment 
WHERE enrollment.enrollment_id = %s
2026-08-12 10:24:23,070 INFO [sqlalchemy.engine.Engine] [generated in 0.00186s] ('ENR_DEMO1',)
2026-08-12 10:24:23,074 INFO [sqlalchemy.engine.Engine] ROLLBACK
2026-08-12 10:24:23,076 INFO [uvicorn.access] 127.0.0.1:54637 - "POST /api/risk/check HTTP/1.1" 400
2026-08-12 10:24:23,871 INFO [sqlalchemy.engine.Engine] BEGIN (implicit)
2026-08-12 10:24:23,873 INFO [sqlalchemy.engine.Engine] SELECT enrollment.enrollment_id, enrollment.user_id, enrollment.school_id, enrollment.status, enrollment.total_amount, enrollment.discount_amount, enrollment.coupon_amount, enrollment.create_time, enrollment.pay_time, enrollment.cancel_time, enrollment.is_deleted, enrollment.deleted_at 
FROM enrollment 
WHERE enrollment.is_deleted IS false ORDER BY enrollment.create_time DESC
2026-08-12 10:24:23,874 INFO [sqlalchemy.engine.Engine] [generated in 0.00075s] ()
2026-08-12 10:24:23,888 INFO [uvicorn.access] 127.0.0.1:54639 - "GET /api/business/enrollments HTTP/1.1" 200
2026-08-12 10:24:23,890 INFO [sqlalchemy.engine.Engine] ROLLBACK
2026-08-12 10:24:24,802 INFO [sqlalchemy.engine.Engine] BEGIN (implicit)
2026-08-12 10:24:24,804 INFO [sqlalchemy.engine.Engine] SELECT user_info.user_id, user_info.user_name, user_info.phone, user_info.register_time, user_info.user_level, user_info.is_deleted, user_info.deleted_at 
FROM user_info 
WHERE user_info.user_id = %s
2026-08-12 10:24:24,805 INFO [sqlalchemy.engine.Engine] [cached since 9.418s ago] ('U00001',)
2026-08-12 10:24:24,808 INFO [sqlalchemy.engine.Engine] SELECT enrollment.enrollment_id, enrollment.user_id, enrollment.school_id, enrollment.status, enrollment.total_amount, enrollment.discount_amount, enrollment.coupon_amount, enrollment.create_time, enrollment.pay_time, enrollment.cancel_time, enrollment.is_deleted, enrollment.deleted_at 
FROM enrollment 
WHERE enrollment.enrollment_id = %s
2026-08-12 10:24:24,808 INFO [sqlalchemy.engine.Engine] [cached since 1.74s ago] ('ENR_d0957e1b6de1',)
2026-08-12 10:24:24,812 INFO [sqlalchemy.engine.Engine] SELECT enrollment.enrollment_id, enrollment.user_id, enrollment.school_id, enrollment.status, enrollment.total_amount, enrollment.discount_amount, enrollment.coupon_amount, enrollment.create_time, enrollment.pay_time, enrollment.cancel_time, enrollment.is_deleted, enrollment.deleted_at 
FROM enrollment 
WHERE enrollment.enrollment_id = %s AND enrollment.user_id = %s
2026-08-12 10:24:24,814 INFO [sqlalchemy.engine.Engine] [generated in 0.00179s] ('ENR_d0957e1b6de1', 'U00001')
2026-08-12 10:24:24,817 INFO [sqlalchemy.engine.Engine] ROLLBACK
2026-08-12 10:24:24,821 INFO [uvicorn.access] 127.0.0.1:54641 - "POST /api/risk/check HTTP/1.1" 403
2026-08-12 10:24:25,814 INFO [sqlalchemy.engine.Engine] BEGIN (implicit)
2026-08-12 10:24:25,816 INFO [sqlalchemy.engine.Engine] SELECT count(risk_event.event_id) AS count_1 
FROM risk_event 
WHERE risk_event.create_time >= %s
2026-08-12 10:24:25,817 INFO [sqlalchemy.engine.Engine] [cached since 15.85s ago] (datetime.datetime(2026, 8, 5, 10, 24, 25, 813016),)
2026-08-12 10:24:25,822 INFO [sqlalchemy.engine.Engine] SELECT risk_assessment.decision, count(*) AS count_1 
FROM risk_assessment INNER JOIN risk_event ON risk_event.event_id = risk_assessment.event_id 
WHERE risk_event.create_time >= %s GROUP BY risk_assessment.decision
2026-08-12 10:24:25,823 INFO [sqlalchemy.engine.Engine] [cached since 15.84s ago] (datetime.datetime(2026, 8, 5, 10, 24, 25, 813016),)
2026-08-12 10:24:25,826 INFO [sqlalchemy.engine.Engine] SELECT count(risk_case.case_id) AS count_1 
FROM risk_case 
WHERE risk_case.case_status = %s
2026-08-12 10:24:25,828 INFO [sqlalchemy.engine.Engine] [cached since 15.84s ago] ('待审核',)
2026-08-12 10:24:25,830 INFO [sqlalchemy.engine.Engine] SELECT count(enrollment.enrollment_id) AS count_1 
FROM enrollment 
WHERE enrollment.create_time >= %s
2026-08-12 10:24:25,831 INFO [sqlalchemy.engine.Engine] [cached since 15.84s ago] (datetime.datetime(2026, 8, 5, 10, 24, 25, 813016),)
2026-08-12 10:24:25,834 INFO [sqlalchemy.engine.Engine] SELECT count(payment_record.payment_id) AS count_1 
FROM payment_record 
WHERE payment_record.pay_time >= %s
2026-08-12 10:24:25,835 INFO [sqlalchemy.engine.Engine] [cached since 15.83s ago] (datetime.datetime(2026, 8, 5, 10, 24, 25, 813016),)
2026-08-12 10:24:25,837 INFO [sqlalchemy.engine.Engine] SELECT count(refund_record.refund_id) AS count_1 
FROM refund_record 
WHERE refund_record.apply_time >= %s
2026-08-12 10:24:25,838 INFO [sqlalchemy.engine.Engine] [cached since 15.83s ago] (datetime.datetime(2026, 8, 5, 10, 24, 25, 813016),)
2026-08-12 10:24:25,839 INFO [uvicorn.access] 127.0.0.1:54643 - "GET /api/dashboard/stats?days=7 HTTP/1.1" 200
2026-08-12 10:24:25,841 INFO [sqlalchemy.engine.Engine] ROLLBACK
2026-08-12 10:24:31,133 INFO [sqlalchemy.engine.Engine] BEGIN (implicit)
2026-08-12 10:24:31,134 INFO [sqlalchemy.engine.Engine] SELECT user_info.user_id, user_info.user_name, user_info.phone, user_info.register_time, user_info.user_level, user_info.is_deleted, user_info.deleted_at 
FROM user_info 
WHERE user_info.user_id = %s
2026-08-12 10:24:31,135 INFO [sqlalchemy.engine.Engine] [cached since 15.75s ago] ('U00001',)
2026-08-12 10:24:31,136 INFO [sqlalchemy.engine.Engine] SELECT enrollment.enrollment_id, enrollment.user_id, enrollment.school_id, enrollment.status, enrollment.total_amount, enrollment.discount_amount, enrollment.coupon_amount, enrollment.create_time, enrollment.pay_time, enrollment.cancel_time, enrollment.is_deleted, enrollment.deleted_at 
FROM enrollment 
WHERE enrollment.enrollment_id = %s
2026-08-12 10:24:31,137 INFO [sqlalchemy.engine.Engine] [cached since 8.069s ago] ('ENR_d0957e1b6de1',)
2026-08-12 10:24:31,139 INFO [sqlalchemy.engine.Engine] SELECT enrollment.enrollment_id, enrollment.user_id, enrollment.school_id, enrollment.status, enrollment.total_amount, enrollment.discount_amount, enrollment.coupon_amount, enrollment.create_time, enrollment.pay_time, enrollment.cancel_time, enrollment.is_deleted, enrollment.deleted_at 
FROM enrollment 
WHERE enrollment.enrollment_id = %s AND enrollment.user_id = %s
2026-08-12 10:24:31,139 INFO [sqlalchemy.engine.Engine] [cached since 6.327s ago] ('ENR_d0957e1b6de1', 'U00001')
2026-08-12 10:24:31,140 INFO [sqlalchemy.engine.Engine] ROLLBACK
2026-08-12 10:24:31,141 INFO [uvicorn.access] 127.0.0.1:51889 - "POST /api/risk/check HTTP/1.1" 403
2026-08-12 10:24:31,700 INFO [sqlalchemy.engine.Engine] BEGIN (implicit)
2026-08-12 10:24:31,701 INFO [sqlalchemy.engine.Engine] SELECT count(risk_event.event_id) AS count_1 
FROM risk_event 
WHERE risk_event.create_time >= %s
2026-08-12 10:24:31,701 INFO [sqlalchemy.engine.Engine] [cached since 21.73s ago] (datetime.datetime(2026, 8, 5, 10, 24, 31, 699036),)
2026-08-12 10:24:31,703 INFO [sqlalchemy.engine.Engine] SELECT risk_assessment.decision, count(*) AS count_1 
FROM risk_assessment INNER JOIN risk_event ON risk_event.event_id = risk_assessment.event_id 
WHERE risk_event.create_time >= %s GROUP BY risk_assessment.decision
2026-08-12 10:24:31,703 INFO [sqlalchemy.engine.Engine] [cached since 21.72s ago] (datetime.datetime(2026, 8, 5, 10, 24, 31, 699036),)
2026-08-12 10:24:31,705 INFO [sqlalchemy.engine.Engine] SELECT count(risk_case.case_id) AS count_1 
FROM risk_case 
WHERE risk_case.case_status = %s
2026-08-12 10:24:31,705 INFO [sqlalchemy.engine.Engine] [cached since 21.72s ago] ('待审核',)
2026-08-12 10:24:31,706 INFO [sqlalchemy.engine.Engine] SELECT count(enrollment.enrollment_id) AS count_1 
FROM enrollment 
WHERE enrollment.create_time >= %s
2026-08-12 10:24:31,707 INFO [sqlalchemy.engine.Engine] [cached since 21.71s ago] (datetime.datetime(2026, 8, 5, 10, 24, 31, 699036),)
2026-08-12 10:24:31,708 INFO [sqlalchemy.engine.Engine] SELECT count(payment_record.payment_id) AS count_1 
FROM payment_record 
WHERE payment_record.pay_time >= %s
2026-08-12 10:24:31,709 INFO [sqlalchemy.engine.Engine] [cached since 21.71s ago] (datetime.datetime(2026, 8, 5, 10, 24, 31, 699036),)
2026-08-12 10:24:31,710 INFO [sqlalchemy.engine.Engine] SELECT count(refund_record.refund_id) AS count_1 
FROM refund_record 
WHERE refund_record.apply_time >= %s
2026-08-12 10:24:31,711 INFO [sqlalchemy.engine.Engine] [cached since 21.7s ago] (datetime.datetime(2026, 8, 5, 10, 24, 31, 699036),)
2026-08-12 10:24:31,712 INFO [uvicorn.access] 127.0.0.1:51891 - "GET /api/dashboard/stats?days=7 HTTP/1.1" 200
2026-08-12 10:24:31,712 INFO [sqlalchemy.engine.Engine] ROLLBACK
2026-08-12 10:24:37,582 INFO [sqlalchemy.engine.Engine] BEGIN (implicit)
2026-08-12 10:24:37,584 INFO [sqlalchemy.engine.Engine] SELECT enrollment.enrollment_id, enrollment.user_id, enrollment.school_id, enrollment.status, enrollment.total_amount, enrollment.discount_amount, enrollment.coupon_amount, enrollment.create_time, enrollment.pay_time, enrollment.cancel_time, enrollment.is_deleted, enrollment.deleted_at 
FROM enrollment 
WHERE enrollment.is_deleted IS false AND enrollment.user_id = %s ORDER BY enrollment.create_time DESC
2026-08-12 10:24:37,584 INFO [sqlalchemy.engine.Engine] [generated in 0.00058s] ('U00001',)
2026-08-12 10:24:37,586 INFO [uvicorn.access] 127.0.0.1:51896 - "GET /api/business/enrollments?user_id=U00001 HTTP/1.1" 200
2026-08-12 10:24:37,587 INFO [sqlalchemy.engine.Engine] ROLLBACK
2026-08-12 10:24:38,439 INFO [sqlalchemy.engine.Engine] BEGIN (implicit)
2026-08-12 10:24:38,440 INFO [sqlalchemy.engine.Engine] SELECT user_info.user_id, user_info.user_name, user_info.phone, user_info.register_time, user_info.user_level, user_info.is_deleted, user_info.deleted_at 
FROM user_info 
WHERE user_info.user_id = %s
2026-08-12 10:24:38,440 INFO [sqlalchemy.engine.Engine] [cached since 23.05s ago] ('U00001',)
2026-08-12 10:24:38,442 INFO [sqlalchemy.engine.Engine] SELECT enrollment.enrollment_id, enrollment.user_id, enrollment.school_id, enrollment.status, enrollment.total_amount, enrollment.discount_amount, enrollment.coupon_amount, enrollment.create_time, enrollment.pay_time, enrollment.cancel_time, enrollment.is_deleted, enrollment.deleted_at 
FROM enrollment 
WHERE enrollment.enrollment_id = %s
2026-08-12 10:24:38,442 INFO [sqlalchemy.engine.Engine] [cached since 15.37s ago] ('ENR_d6bfe3cc76a3',)
2026-08-12 10:24:38,443 INFO [sqlalchemy.engine.Engine] SELECT enrollment.enrollment_id, enrollment.user_id, enrollment.school_id, enrollment.status, enrollment.total_amount, enrollment.discount_amount, enrollment.coupon_amount, enrollment.create_time, enrollment.pay_time, enrollment.cancel_time, enrollment.is_deleted, enrollment.deleted_at 
FROM enrollment 
WHERE enrollment.enrollment_id = %s AND enrollment.user_id = %s
2026-08-12 10:24:38,444 INFO [sqlalchemy.engine.Engine] [cached since 13.63s ago] ('ENR_d6bfe3cc76a3', 'U00001')
2026-08-12 10:24:38,450 INFO [sqlalchemy.engine.Engine] INSERT INTO risk_event (event_id, event_type, user_id, source_id, event_data, create_time) VALUES (%s, %s, %s, %s, %s, %s)
2026-08-12 10:24:38,451 INFO [sqlalchemy.engine.Engine] [generated in 0.00084s] ('EVT_0fc7931bd8dc', '报名', 'U00001', 'ENR_d6bfe3cc76a3', '{"extra": {}}', datetime.datetime(2026, 8, 12, 10, 24, 38, 450838))
2026-08-12 10:24:38,455 INFO [sqlalchemy.engine.Engine] SELECT count(enrollment.enrollment_id) AS count_1 
FROM enrollment 
WHERE enrollment.user_id = %s AND enrollment.is_deleted IS false
2026-08-12 10:24:38,455 INFO [sqlalchemy.engine.Engine] [generated in 0.00074s] ('U00001',)
2026-08-12 10:24:38,458 INFO [sqlalchemy.engine.Engine] SELECT enrollment.total_amount 
FROM enrollment 
WHERE enrollment.enrollment_id = %s
2026-08-12 10:24:38,459 INFO [sqlalchemy.engine.Engine] [generated in 0.00074s] ('ENR_d6bfe3cc76a3',)
2026-08-12 10:24:38,461 INFO [sqlalchemy.engine.Engine] SELECT count(enrollment.enrollment_id) AS count_1 
FROM enrollment 
WHERE enrollment.user_id = %s AND enrollment.is_deleted IS false
2026-08-12 10:24:38,461 INFO [sqlalchemy.engine.Engine] [cached since 0.006739s ago] ('U00001',)
2026-08-12 10:24:38,464 INFO [sqlalchemy.engine.Engine] SELECT count(enrollment.enrollment_id) AS count_1 
FROM enrollment 
WHERE enrollment.user_id = %s AND enrollment.is_deleted IS false AND enrollment.create_time >= %s
2026-08-12 10:24:38,465 INFO [sqlalchemy.engine.Engine] [generated in 0.00080s] ('U00001', datetime.datetime(2026, 7, 13, 10, 24, 38, 463738))
2026-08-12 10:24:38,467 INFO [sqlalchemy.engine.Engine] SELECT count(enrollment.enrollment_id) AS count_1 
FROM enrollment 
WHERE enrollment.user_id = %s AND enrollment.is_deleted IS false AND enrollment.create_time >= %s
2026-08-12 10:24:38,467 INFO [sqlalchemy.engine.Engine] [cached since 0.003324s ago] ('U00001', datetime.datetime(2026, 8, 5, 10, 24, 38, 466741))
2026-08-12 10:24:38,472 INFO [sqlalchemy.engine.Engine] SELECT coalesce(sum(payment_record.amount), %s) AS coalesce_1 
FROM payment_record 
WHERE payment_record.user_id = %s AND payment_record.status = %s AND payment_record.is_deleted IS false
2026-08-12 10:24:38,473 INFO [sqlalchemy.engine.Engine] [generated in 0.00078s] (0, 'U00001', '成功')
2026-08-12 10:24:38,477 INFO [sqlalchemy.engine.Engine] SELECT coalesce(sum(payment_record.amount), %s) AS coalesce_1 
FROM payment_record 
WHERE payment_record.user_id = %s AND payment_record.status = %s AND payment_record.is_deleted IS false
2026-08-12 10:24:38,478 INFO [sqlalchemy.engine.Engine] [cached since 0.006225s ago] (0, 'U00001', '成功')
2026-08-12 10:24:38,482 INFO [sqlalchemy.engine.Engine] SELECT coalesce(max(payment_record.amount), %s) AS coalesce_1 
FROM payment_record 
WHERE payment_record.user_id = %s AND payment_record.status = %s AND payment_record.is_deleted IS false
2026-08-12 10:24:38,482 INFO [sqlalchemy.engine.Engine] [generated in 0.00083s] (0, 'U00001', '成功')
2026-08-12 10:24:38,487 INFO [sqlalchemy.engine.Engine] SELECT count(refund_record.refund_id) AS count_1 
FROM refund_record 
WHERE refund_record.user_id = %s AND refund_record.is_deleted IS false
2026-08-12 10:24:38,488 INFO [sqlalchemy.engine.Engine] [generated in 0.00131s] ('U00001',)
2026-08-12 10:24:38,493 INFO [sqlalchemy.engine.Engine] SELECT coalesce(sum(refund_record.amount), %s) AS coalesce_1 
FROM refund_record 
WHERE refund_record.user_id = %s AND refund_record.is_deleted IS false
2026-08-12 10:24:38,494 INFO [sqlalchemy.engine.Engine] [generated in 0.00100s] (0, 'U00001')
2026-08-12 10:24:38,496 INFO [sqlalchemy.engine.Engine] SELECT count(refund_record.refund_id) AS count_1 
FROM refund_record 
WHERE refund_record.user_id = %s AND refund_record.is_deleted IS false
2026-08-12 10:24:38,497 INFO [sqlalchemy.engine.Engine] [cached since 0.009609s ago] ('U00001',)
2026-08-12 10:24:38,499 INFO [sqlalchemy.engine.Engine] SELECT count(complaint_record.complaint_id) AS count_1 
FROM complaint_record 
WHERE complaint_record.user_id = %s AND complaint_record.is_deleted IS false
2026-08-12 10:24:38,500 INFO [sqlalchemy.engine.Engine] [generated in 0.00112s] ('U00001',)
2026-08-12 10:24:38,505 INFO [sqlalchemy.engine.Engine] SELECT count(enrollment.enrollment_id) AS count_1 
FROM enrollment 
WHERE enrollment.user_id = %s AND enrollment.status = %s AND enrollment.is_deleted IS false
2026-08-12 10:24:38,505 INFO [sqlalchemy.engine.Engine] [generated in 0.00078s] ('U00001', '已取消')
2026-08-12 10:24:38,509 INFO [sqlalchemy.engine.Engine] SELECT count(exam_record.exam_id) AS count_1 
FROM exam_record 
WHERE exam_record.user_id = %s AND exam_record.cheat_flag IS true AND exam_record.is_deleted IS false
2026-08-12 10:24:38,509 INFO [sqlalchemy.engine.Engine] [generated in 0.00076s] ('U00001',)
2026-08-12 10:24:38,512 INFO [sqlalchemy.engine.Engine] SELECT count(exam_record.exam_id) AS count_1 
FROM exam_record 
WHERE exam_record.user_id = %s AND exam_record.is_deleted IS false
2026-08-12 10:24:38,512 INFO [sqlalchemy.engine.Engine] [generated in 0.00059s] ('U00001',)
2026-08-12 10:24:38,515 INFO [sqlalchemy.engine.Engine] SELECT count(device_record.device_id) AS count_1 
FROM device_record 
WHERE device_record.user_id = %s AND device_record.is_deleted IS false
2026-08-12 10:24:38,516 INFO [sqlalchemy.engine.Engine] [generated in 0.00081s] ('U00001',)
2026-08-12 10:24:38,519 INFO [sqlalchemy.engine.Engine] SELECT enrollment.total_amount 
FROM enrollment 
WHERE enrollment.enrollment_id = %s
2026-08-12 10:24:38,519 INFO [sqlalchemy.engine.Engine] [cached since 0.06122s ago] ('ENR_d6bfe3cc76a3',)
2026-08-12 10:24:38,658 INFO [sqlalchemy.engine.Engine] SELECT count(enrollment_detail.detail_id) AS count_1 
FROM enrollment_detail 
WHERE enrollment_detail.enrollment_id = %s
2026-08-12 10:24:38,659 INFO [sqlalchemy.engine.Engine] [generated in 0.00079s] ('ENR_d6bfe3cc76a3',)
2026-08-12 10:24:38,662 INFO [sqlalchemy.engine.Engine] SELECT count(distinct(course_info.category_id)) AS count_1 
FROM course_info INNER JOIN enrollment_detail ON enrollment_detail.course_id = course_info.course_id 
WHERE enrollment_detail.enrollment_id = %s
2026-08-12 10:24:38,663 INFO [sqlalchemy.engine.Engine] [generated in 0.00102s] ('ENR_d6bfe3cc76a3',)
2026-08-12 10:24:38,668 INFO [sqlalchemy.engine.Engine] SELECT enrollment.discount_amount 
FROM enrollment 
WHERE enrollment.enrollment_id = %s
2026-08-12 10:24:38,669 INFO [sqlalchemy.engine.Engine] [generated in 0.00069s] ('ENR_d6bfe3cc76a3',)
2026-08-12 10:24:38,672 INFO [sqlalchemy.engine.Engine] SELECT enrollment.coupon_amount 
FROM enrollment 
WHERE enrollment.enrollment_id = %s
2026-08-12 10:24:38,672 INFO [sqlalchemy.engine.Engine] [generated in 0.00077s] ('ENR_d6bfe3cc76a3',)
2026-08-12 10:24:38,674 INFO [sqlalchemy.engine.Engine] SELECT enrollment.discount_amount 
FROM enrollment 
WHERE enrollment.enrollment_id = %s
2026-08-12 10:24:38,674 INFO [sqlalchemy.engine.Engine] [cached since 0.00647s ago] ('ENR_d6bfe3cc76a3',)
2026-08-12 10:24:38,677 INFO [sqlalchemy.engine.Engine] SELECT enrollment.coupon_amount 
FROM enrollment 
WHERE enrollment.enrollment_id = %s
2026-08-12 10:24:38,677 INFO [sqlalchemy.engine.Engine] [cached since 0.005822s ago] ('ENR_d6bfe3cc76a3',)
2026-08-12 10:24:38,680 INFO [sqlalchemy.engine.Engine] SELECT enrollment.create_time, enrollment.pay_time 
FROM enrollment 
WHERE enrollment.enrollment_id = %s
2026-08-12 10:24:38,681 INFO [sqlalchemy.engine.Engine] [generated in 0.00084s] ('ENR_d6bfe3cc76a3',)
2026-08-12 10:24:38,685 INFO [sqlalchemy.engine.Engine] SELECT enrollment.create_time 
FROM enrollment 
WHERE enrollment.enrollment_id = %s
2026-08-12 10:24:38,686 INFO [sqlalchemy.engine.Engine] [generated in 0.00095s] ('ENR_d6bfe3cc76a3',)
2026-08-12 10:24:38,688 INFO [sqlalchemy.engine.Engine] SELECT enrollment.coupon_amount 
FROM enrollment 
WHERE enrollment.enrollment_id = %s
2026-08-12 10:24:38,689 INFO [sqlalchemy.engine.Engine] [cached since 0.01715s ago] ('ENR_d6bfe3cc76a3',)
2026-08-12 10:24:38,691 INFO [sqlalchemy.engine.Engine] SELECT count(account_info.account_id) AS count_1 
FROM account_info 
WHERE account_info.user_id = %s AND account_info.is_deleted IS false
2026-08-12 10:24:38,692 INFO [sqlalchemy.engine.Engine] [generated in 0.00067s] ('U00001',)
2026-08-12 10:24:38,696 INFO [sqlalchemy.engine.Engine] SELECT count(distinct(enrollment.school_id)) AS count_1 
FROM enrollment 
WHERE enrollment.user_id = %s AND enrollment.is_deleted IS false
2026-08-12 10:24:38,697 INFO [sqlalchemy.engine.Engine] [generated in 0.00136s] ('U00001',)
2026-08-12 10:24:38,701 INFO [sqlalchemy.engine.Engine] SELECT min(account_info.reg_time) AS min_1 
FROM account_info 
WHERE account_info.user_id = %s AND account_info.is_deleted IS false
2026-08-12 10:24:38,701 INFO [sqlalchemy.engine.Engine] [generated in 0.00098s] ('U00001',)
2026-08-12 10:24:38,706 INFO [sqlalchemy.engine.Engine] INSERT INTO risk_feature (event_id, feature_name, feature_value) VALUES (%s, %s, %s)
2026-08-12 10:24:38,706 INFO [sqlalchemy.engine.Engine] [generated in 0.00064s] ('EVT_0fc7931bd8dc', 'user_total_enrollments', 3)
2026-08-12 10:24:38,709 INFO [sqlalchemy.engine.Engine] INSERT INTO risk_feature (event_id, feature_name, feature_value) VALUES (%s, %s, %s)
2026-08-12 10:24:38,709 INFO [sqlalchemy.engine.Engine] [cached since 0.004032s ago] ('EVT_0fc7931bd8dc', 'user_enrollments_30d', 3)
2026-08-12 10:24:38,711 INFO [sqlalchemy.engine.Engine] INSERT INTO risk_feature (event_id, feature_name, feature_value) VALUES (%s, %s, %s)
2026-08-12 10:24:38,712 INFO [sqlalchemy.engine.Engine] [cached since 0.006269s ago] ('EVT_0fc7931bd8dc', 'user_enrollments_7d', 3)
2026-08-12 10:24:38,714 INFO [sqlalchemy.engine.Engine] INSERT INTO risk_feature (event_id, feature_name, feature_value) VALUES (%s, %s, %s)
2026-08-12 10:24:38,715 INFO [sqlalchemy.engine.Engine] [cached since 0.00959s ago] ('EVT_0fc7931bd8dc', 'user_total_payment', 8112.16)
2026-08-12 10:24:38,717 INFO [sqlalchemy.engine.Engine] INSERT INTO risk_feature (event_id, feature_name, feature_value) VALUES (%s, %s, %s)
2026-08-12 10:24:38,718 INFO [sqlalchemy.engine.Engine] [cached since 0.01213s ago] ('EVT_0fc7931bd8dc', 'user_avg_payment', 2704.05)
2026-08-12 10:24:38,719 INFO [sqlalchemy.engine.Engine] INSERT INTO risk_feature (event_id, feature_name, feature_value) VALUES (%s, %s, %s)
2026-08-12 10:24:38,720 INFO [sqlalchemy.engine.Engine] [cached since 0.01438s ago] ('EVT_0fc7931bd8dc', 'user_max_payment', 8112.16)
2026-08-12 10:24:38,721 INFO [sqlalchemy.engine.Engine] INSERT INTO risk_feature (event_id, feature_name, feature_value) VALUES (%s, %s, %s)
2026-08-12 10:24:38,722 INFO [sqlalchemy.engine.Engine] [cached since 0.01636s ago] ('EVT_0fc7931bd8dc', 'user_refund_count', 0)
2026-08-12 10:24:38,723 INFO [sqlalchemy.engine.Engine] INSERT INTO risk_feature (event_id, feature_name, feature_value) VALUES (%s, %s, %s)
2026-08-12 10:24:38,724 INFO [sqlalchemy.engine.Engine] [cached since 0.01814s ago] ('EVT_0fc7931bd8dc', 'user_refund_amount', 0.0)
2026-08-12 10:24:38,725 INFO [sqlalchemy.engine.Engine] INSERT INTO risk_feature (event_id, feature_name, feature_value) VALUES (%s, %s, %s)
2026-08-12 10:24:38,725 INFO [sqlalchemy.engine.Engine] [cached since 0.01997s ago] ('EVT_0fc7931bd8dc', 'user_refund_rate', 0.0)
2026-08-12 10:24:38,727 INFO [sqlalchemy.engine.Engine] INSERT INTO risk_feature (event_id, feature_name, feature_value) VALUES (%s, %s, %s)
2026-08-12 10:24:38,727 INFO [sqlalchemy.engine.Engine] [cached since 0.0218s ago] ('EVT_0fc7931bd8dc', 'user_complaint_count', 0)
2026-08-12 10:24:38,728 INFO [sqlalchemy.engine.Engine] INSERT INTO risk_feature (event_id, feature_name, feature_value) VALUES (%s, %s, %s)
2026-08-12 10:24:38,729 INFO [sqlalchemy.engine.Engine] [cached since 0.02322s ago] ('EVT_0fc7931bd8dc', 'user_cancel_count', 0)
2026-08-12 10:24:38,730 INFO [sqlalchemy.engine.Engine] INSERT INTO risk_feature (event_id, feature_name, feature_value) VALUES (%s, %s, %s)
2026-08-12 10:24:38,731 INFO [sqlalchemy.engine.Engine] [cached since 0.02575s ago] ('EVT_0fc7931bd8dc', 'user_cheat_count', 0)
2026-08-12 10:24:38,733 INFO [sqlalchemy.engine.Engine] INSERT INTO risk_feature (event_id, feature_name, feature_value) VALUES (%s, %s, %s)
2026-08-12 10:24:38,734 INFO [sqlalchemy.engine.Engine] [cached since 0.02901s ago] ('EVT_0fc7931bd8dc', 'user_exam_count', 3)
2026-08-12 10:24:38,735 INFO [sqlalchemy.engine.Engine] INSERT INTO risk_feature (event_id, feature_name, feature_value) VALUES (%s, %s, %s)
2026-08-12 10:24:38,736 INFO [sqlalchemy.engine.Engine] [cached since 0.03093s ago] ('EVT_0fc7931bd8dc', 'user_device_count', 1)
2026-08-12 10:24:38,738 INFO [sqlalchemy.engine.Engine] INSERT INTO risk_feature (event_id, feature_name, feature_value) VALUES (%s, %s, %s)
2026-08-12 10:24:38,738 INFO [sqlalchemy.engine.Engine] [cached since 0.03327s ago] ('EVT_0fc7931bd8dc', 'enroll_total_amount', 1.0)
2026-08-12 10:24:38,739 INFO [sqlalchemy.engine.Engine] INSERT INTO risk_feature (event_id, feature_name, feature_value) VALUES (%s, %s, %s)
2026-08-12 10:24:38,740 INFO [sqlalchemy.engine.Engine] [cached since 0.03494s ago] ('EVT_0fc7931bd8dc', 'enroll_course_count', 1)
2026-08-12 10:24:38,741 INFO [sqlalchemy.engine.Engine] INSERT INTO risk_feature (event_id, feature_name, feature_value) VALUES (%s, %s, %s)
2026-08-12 10:24:38,741 INFO [sqlalchemy.engine.Engine] [cached since 0.03636s ago] ('EVT_0fc7931bd8dc', 'enroll_category_count', 1)
2026-08-12 10:24:38,742 INFO [sqlalchemy.engine.Engine] INSERT INTO risk_feature (event_id, feature_name, feature_value) VALUES (%s, %s, %s)
2026-08-12 10:24:38,743 INFO [sqlalchemy.engine.Engine] [cached since 0.03793s ago] ('EVT_0fc7931bd8dc', 'enroll_discount_amount', 209.74)
2026-08-12 10:24:38,744 INFO [sqlalchemy.engine.Engine] INSERT INTO risk_feature (event_id, feature_name, feature_value) VALUES (%s, %s, %s)
2026-08-12 10:24:38,744 INFO [sqlalchemy.engine.Engine] [cached since 0.03943s ago] ('EVT_0fc7931bd8dc', 'enroll_discount_rate', 209.74)
2026-08-12 10:24:38,745 INFO [sqlalchemy.engine.Engine] INSERT INTO risk_feature (event_id, feature_name, feature_value) VALUES (%s, %s, %s)
2026-08-12 10:24:38,746 INFO [sqlalchemy.engine.Engine] [cached since 0.04072s ago] ('EVT_0fc7931bd8dc', 'enroll_pay_interval', 0)
2026-08-12 10:24:38,746 INFO [sqlalchemy.engine.Engine] INSERT INTO risk_feature (event_id, feature_name, feature_value) VALUES (%s, %s, %s)
2026-08-12 10:24:38,747 INFO [sqlalchemy.engine.Engine] [cached since 0.04183s ago] ('EVT_0fc7931bd8dc', 'enroll_is_night', 0)
2026-08-12 10:24:38,748 INFO [sqlalchemy.engine.Engine] INSERT INTO risk_feature (event_id, feature_name, feature_value) VALUES (%s, %s, %s)
2026-08-12 10:24:38,748 INFO [sqlalchemy.engine.Engine] [cached since 0.04326s ago] ('EVT_0fc7931bd8dc', 'enroll_coupon_count', 1)
2026-08-12 10:24:38,751 INFO [sqlalchemy.engine.Engine] INSERT INTO risk_feature (event_id, feature_name, feature_value) VALUES (%s, %s, %s)
2026-08-12 10:24:38,751 INFO [sqlalchemy.engine.Engine] [cached since 0.04627s ago] ('EVT_0fc7931bd8dc', 'acct_total_count', 1)
2026-08-12 10:24:38,753 INFO [sqlalchemy.engine.Engine] INSERT INTO risk_feature (event_id, feature_name, feature_value) VALUES (%s, %s, %s)
2026-08-12 10:24:38,753 INFO [sqlalchemy.engine.Engine] [cached since 0.04823s ago] ('EVT_0fc7931bd8dc', 'acct_school_count', 1)
2026-08-12 10:24:38,754 INFO [sqlalchemy.engine.Engine] INSERT INTO risk_feature (event_id, feature_name, feature_value) VALUES (%s, %s, %s)
2026-08-12 10:24:38,755 INFO [sqlalchemy.engine.Engine] [cached since 0.0501s ago] ('EVT_0fc7931bd8dc', 'acct_is_new', 0)
2026-08-12 10:24:38,758 INFO [sqlalchemy.engine.Engine] SELECT risk_rule.rule_id, risk_rule.rule_name, risk_rule.rule_category, risk_rule.event_type, risk_rule.rule_condition, risk_rule.risk_level, risk_rule.risk_score, risk_rule.action, risk_rule.is_enabled, risk_rule.priority, risk_rule.description, risk_rule.is_deleted, risk_rule.deleted_at 
FROM risk_rule 
WHERE risk_rule.is_enabled IS true AND risk_rule.is_deleted IS false AND risk_rule.deleted_at IS NULL AND (risk_rule.event_type = %s OR risk_rule.event_type = %s) ORDER BY risk_rule.priority DESC
2026-08-12 10:24:38,759 INFO [sqlalchemy.engine.Engine] [generated in 0.00088s] ('报名', '通用')
2026-08-12 10:24:38,761 INFO [app.service.event] event_type=报名 命中规则 3 条
2026-08-12 10:24:38,764 INFO [sqlalchemy.engine.Engine] INSERT INTO risk_assessment (assessment_id, event_id, rule_score, ml_score, final_score, risk_level, decision, hit_rules, create_time) VALUES (%s, %s, %s, %s, %s, %s, %s, %s, %s)
2026-08-12 10:24:38,765 INFO [sqlalchemy.engine.Engine] [generated in 0.00087s] ('ASM_da1f54b0c1b3', 'EVT_0fc7931bd8dc', 76.0, 0.0, 38.0, '中', '标记', '[{"rule_id": "R027", "risk_level": "\\u9ad8", "risk_score": 68}, {"rule_id": "R004", "risk_level": "\\u9ad8", "risk_score": 70}, {"rule_id": "R026", "risk_level": "\\u4e2d", "risk_score": 40}]', datetime.datetime(2026, 8, 12, 10, 24, 38, 764737))
2026-08-12 10:24:38,767 INFO [sqlalchemy.engine.Engine] SELECT risk_user_profile.user_id, risk_user_profile.total_checks, risk_user_profile.total_cases, risk_user_profile.max_score, risk_user_profile.avg_score, risk_user_profile.risk_tag, risk_user_profile.first_check_time, risk_user_profile.last_check_time 
FROM risk_user_profile 
WHERE risk_user_profile.user_id = %s
2026-08-12 10:24:38,768 INFO [sqlalchemy.engine.Engine] [cached since 23.37s ago] ('U00001',)
2026-08-12 10:24:38,770 INFO [sqlalchemy.engine.Engine] INSERT INTO risk_user_profile (user_id, total_checks, total_cases, max_score, avg_score, risk_tag, first_check_time, last_check_time) VALUES (%s, %s, %s, %s, %s, %s, %s, %s)
2026-08-12 10:24:38,770 INFO [sqlalchemy.engine.Engine] [generated in 0.00064s] ('U00001', 1, 0, 38.0, 38.0, '正常', datetime.datetime(2026, 8, 12, 10, 24, 38, 769764), datetime.datetime(2026, 8, 12, 10, 24, 38, 769764))
2026-08-12 10:24:38,772 INFO [sqlalchemy.engine.Engine] COMMIT
2026-08-12 10:24:38,774 INFO [uvicorn.access] 127.0.0.1:51899 - "POST /api/risk/check HTTP/1.1" 200
2026-08-12 10:24:39,568 INFO [sqlalchemy.engine.Engine] BEGIN (implicit)
2026-08-12 10:24:39,569 INFO [sqlalchemy.engine.Engine] SELECT count(risk_event.event_id) AS count_1 
FROM risk_event 
WHERE risk_event.create_time >= %s
2026-08-12 10:24:39,570 INFO [sqlalchemy.engine.Engine] [cached since 29.6s ago] (datetime.datetime(2026, 8, 5, 10, 24, 39, 566175),)
2026-08-12 10:24:39,572 INFO [sqlalchemy.engine.Engine] SELECT risk_assessment.decision, count(*) AS count_1 
FROM risk_assessment INNER JOIN risk_event ON risk_event.event_id = risk_assessment.event_id 
WHERE risk_event.create_time >= %s GROUP BY risk_assessment.decision
2026-08-12 10:24:39,574 INFO [sqlalchemy.engine.Engine] [cached since 29.59s ago] (datetime.datetime(2026, 8, 5, 10, 24, 39, 566175),)
2026-08-12 10:24:39,577 INFO [sqlalchemy.engine.Engine] SELECT count(risk_case.case_id) AS count_1 
FROM risk_case 
WHERE risk_case.case_status = %s
2026-08-12 10:24:39,578 INFO [sqlalchemy.engine.Engine] [cached since 29.59s ago] ('待审核',)
2026-08-12 10:24:39,581 INFO [sqlalchemy.engine.Engine] SELECT count(enrollment.enrollment_id) AS count_1 
FROM enrollment 
WHERE enrollment.create_time >= %s
2026-08-12 10:24:39,583 INFO [sqlalchemy.engine.Engine] [cached since 29.59s ago] (datetime.datetime(2026, 8, 5, 10, 24, 39, 566175),)
2026-08-12 10:24:39,586 INFO [sqlalchemy.engine.Engine] SELECT count(payment_record.payment_id) AS count_1 
FROM payment_record 
WHERE payment_record.pay_time >= %s
2026-08-12 10:24:39,587 INFO [sqlalchemy.engine.Engine] [cached since 29.59s ago] (datetime.datetime(2026, 8, 5, 10, 24, 39, 566175),)
2026-08-12 10:24:39,590 INFO [sqlalchemy.engine.Engine] SELECT count(refund_record.refund_id) AS count_1 
FROM refund_record 
WHERE refund_record.apply_time >= %s
2026-08-12 10:24:39,592 INFO [sqlalchemy.engine.Engine] [cached since 29.58s ago] (datetime.datetime(2026, 8, 5, 10, 24, 39, 566175),)
2026-08-12 10:24:39,595 INFO [uvicorn.access] 127.0.0.1:51901 - "GET /api/dashboard/stats?days=7 HTTP/1.1" 200
2026-08-12 10:24:39,604 INFO [sqlalchemy.engine.Engine] ROLLBACK
2026-08-12 10:25:36,899 INFO [uvicorn.access] 127.0.0.1:59981 - "GET /api/health HTTP/1.1" 200
2026-08-12 10:25:36,902 INFO [sqlalchemy.engine.Engine] BEGIN (implicit)
2026-08-12 10:25:36,904 INFO [sqlalchemy.engine.Engine] SELECT count(risk_event.event_id) AS count_1 
FROM risk_event 
WHERE risk_event.create_time >= %s
2026-08-12 10:25:36,906 INFO [sqlalchemy.engine.Engine] [cached since 86.94s ago] (datetime.datetime(2026, 8, 5, 10, 25, 36, 895970),)
2026-08-12 10:25:36,911 INFO [sqlalchemy.engine.Engine] SELECT risk_assessment.decision, count(*) AS count_1 
FROM risk_assessment INNER JOIN risk_event ON risk_event.event_id = risk_assessment.event_id 
WHERE risk_event.create_time >= %s GROUP BY risk_assessment.decision
2026-08-12 10:25:36,912 INFO [sqlalchemy.engine.Engine] [cached since 86.93s ago] (datetime.datetime(2026, 8, 5, 10, 25, 36, 895970),)
2026-08-12 10:25:36,917 INFO [sqlalchemy.engine.Engine] SELECT count(risk_case.case_id) AS count_1 
FROM risk_case 
WHERE risk_case.case_status = %s
2026-08-12 10:25:36,919 INFO [sqlalchemy.engine.Engine] [cached since 86.93s ago] ('待审核',)
2026-08-12 10:25:36,923 INFO [sqlalchemy.engine.Engine] SELECT count(enrollment.enrollment_id) AS count_1 
FROM enrollment 
WHERE enrollment.create_time >= %s
2026-08-12 10:25:36,924 INFO [sqlalchemy.engine.Engine] [cached since 86.93s ago] (datetime.datetime(2026, 8, 5, 10, 25, 36, 895970),)
2026-08-12 10:25:36,929 INFO [sqlalchemy.engine.Engine] SELECT count(payment_record.payment_id) AS count_1 
FROM payment_record 
WHERE payment_record.pay_time >= %s
2026-08-12 10:25:36,931 INFO [sqlalchemy.engine.Engine] [cached since 86.93s ago] (datetime.datetime(2026, 8, 5, 10, 25, 36, 895970),)
2026-08-12 10:25:36,935 INFO [sqlalchemy.engine.Engine] SELECT count(refund_record.refund_id) AS count_1 
FROM refund_record 
WHERE refund_record.apply_time >= %s
2026-08-12 10:25:36,936 INFO [sqlalchemy.engine.Engine] [cached since 86.93s ago] (datetime.datetime(2026, 8, 5, 10, 25, 36, 895970),)
2026-08-12 10:25:36,940 INFO [uvicorn.access] 127.0.0.1:54712 - "GET /api/dashboard/stats?days=7 HTTP/1.1" 200
2026-08-12 10:25:36,943 INFO [sqlalchemy.engine.Engine] ROLLBACK
2026-08-12 10:25:36,970 INFO [sqlalchemy.engine.Engine] BEGIN (implicit)
2026-08-12 10:25:36,975 INFO [sqlalchemy.engine.Engine] SELECT date(risk_event.create_time) AS date_1, count(*) AS count_1 
FROM risk_event 
WHERE risk_event.create_time >= %s GROUP BY date(risk_event.create_time) ORDER BY date(risk_event.create_time)
2026-08-12 10:25:36,976 INFO [sqlalchemy.engine.Engine] [generated in 0.00160s] (datetime.datetime(2026, 8, 5, 10, 25, 36, 968559),)
2026-08-12 10:25:36,981 INFO [uvicorn.access] 127.0.0.1:54712 - "GET /api/dashboard/trend?days=7 HTTP/1.1" 200
2026-08-12 10:25:36,983 INFO [sqlalchemy.engine.Engine] ROLLBACK
2026-08-12 10:25:36,995 INFO [sqlalchemy.engine.Engine] BEGIN (implicit)
2026-08-12 10:25:36,999 INFO [sqlalchemy.engine.Engine] SELECT risk_assessment.assessment_id, risk_assessment.event_id, risk_assessment.rule_score, risk_assessment.ml_score, risk_assessment.final_score, risk_assessment.risk_level, risk_assessment.decision, risk_assessment.hit_rules, risk_assessment.create_time 
FROM risk_assessment 
WHERE risk_assessment.hit_rules IS NOT NULL 
 LIMIT %s
2026-08-12 10:25:37,001 INFO [sqlalchemy.engine.Engine] [generated in 0.00178s] (1000,)
2026-08-12 10:25:37,006 INFO [uvicorn.access] 127.0.0.1:54712 - "GET /api/dashboard/rule-effectiveness HTTP/1.1" 200
2026-08-12 10:25:37,008 INFO [sqlalchemy.engine.Engine] ROLLBACK
2026-08-12 10:27:08,867 INFO [sqlalchemy.engine.Engine] BEGIN (implicit)
2026-08-12 10:27:08,871 INFO [sqlalchemy.engine.Engine] SELECT count(*) AS count_1 
FROM risk_case 
WHERE risk_case.case_status IN (%s, %s)
2026-08-12 10:27:08,872 INFO [sqlalchemy.engine.Engine] [generated in 0.00132s] ('待审核', '审核中')
2026-08-12 10:27:08,880 INFO [sqlalchemy.engine.Engine] SELECT risk_case.case_id, risk_case.assessment_id, risk_case.user_id, risk_case.source_id, risk_case.event_type, risk_case.case_status, risk_case.assignee, risk_case.reviewer, risk_case.review_comment, risk_case.create_time, risk_case.update_time, risk_case.close_time 
FROM risk_case 
WHERE risk_case.case_status IN (%s, %s) ORDER BY risk_case.create_time DESC 
 LIMIT %s, %s
2026-08-12 10:27:08,881 INFO [sqlalchemy.engine.Engine] [generated in 0.00161s] ('待审核', '审核中', 0, 15)
2026-08-12 10:27:08,884 INFO [uvicorn.access] 127.0.0.1:57357 - "GET /api/cases?page=1&page_size=15&active_only=true HTTP/1.1" 200
2026-08-12 10:27:08,886 INFO [sqlalchemy.engine.Engine] ROLLBACK
2026-08-12 10:27:10,706 INFO [sqlalchemy.engine.Engine] BEGIN (implicit)
2026-08-12 10:27:10,708 INFO [sqlalchemy.engine.Engine] SELECT count(risk_event.event_id) AS count_1 
FROM risk_event 
WHERE risk_event.create_time >= %s
2026-08-12 10:27:10,708 INFO [sqlalchemy.engine.Engine] [cached since 180.7s ago] (datetime.datetime(2026, 8, 5, 10, 27, 10, 705479),)
2026-08-12 10:27:10,711 INFO [sqlalchemy.engine.Engine] SELECT risk_assessment.decision, count(*) AS count_1 
FROM risk_assessment INNER JOIN risk_event ON risk_event.event_id = risk_assessment.event_id 
WHERE risk_event.create_time >= %s GROUP BY risk_assessment.decision
2026-08-12 10:27:10,712 INFO [sqlalchemy.engine.Engine] [cached since 180.7s ago] (datetime.datetime(2026, 8, 5, 10, 27, 10, 705479),)
2026-08-12 10:27:10,714 INFO [sqlalchemy.engine.Engine] SELECT count(risk_case.case_id) AS count_1 
FROM risk_case 
WHERE risk_case.case_status = %s
2026-08-12 10:27:10,715 INFO [sqlalchemy.engine.Engine] [cached since 180.7s ago] ('待审核',)
2026-08-12 10:27:10,717 INFO [sqlalchemy.engine.Engine] SELECT count(enrollment.enrollment_id) AS count_1 
FROM enrollment 
WHERE enrollment.create_time >= %s
2026-08-12 10:27:10,718 INFO [sqlalchemy.engine.Engine] [cached since 180.7s ago] (datetime.datetime(2026, 8, 5, 10, 27, 10, 705479),)
2026-08-12 10:27:10,721 INFO [sqlalchemy.engine.Engine] SELECT count(payment_record.payment_id) AS count_1 
FROM payment_record 
WHERE payment_record.pay_time >= %s
2026-08-12 10:27:10,722 INFO [sqlalchemy.engine.Engine] [cached since 180.7s ago] (datetime.datetime(2026, 8, 5, 10, 27, 10, 705479),)
2026-08-12 10:27:10,725 INFO [sqlalchemy.engine.Engine] SELECT count(refund_record.refund_id) AS count_1 
FROM refund_record 
WHERE refund_record.apply_time >= %s
2026-08-12 10:27:10,726 INFO [sqlalchemy.engine.Engine] [cached since 180.7s ago] (datetime.datetime(2026, 8, 5, 10, 27, 10, 705479),)
2026-08-12 10:27:10,728 INFO [uvicorn.access] 127.0.0.1:57357 - "GET /api/dashboard/stats?days=7 HTTP/1.1" 200
2026-08-12 10:27:10,729 INFO [sqlalchemy.engine.Engine] ROLLBACK
2026-08-12 10:27:10,958 INFO [sqlalchemy.engine.Engine] BEGIN (implicit)
2026-08-12 10:27:10,962 INFO [sqlalchemy.engine.Engine] SELECT date(risk_event.create_time) AS date_1, count(*) AS count_1 
FROM risk_event 
WHERE risk_event.create_time >= %s GROUP BY date(risk_event.create_time) ORDER BY date(risk_event.create_time)
2026-08-12 10:27:10,962 INFO [sqlalchemy.engine.Engine] [cached since 93.99s ago] (datetime.datetime(2026, 8, 5, 10, 27, 10, 957229),)
2026-08-12 10:27:10,964 INFO [uvicorn.access] 127.0.0.1:57357 - "GET /api/dashboard/trend?days=7 HTTP/1.1" 200
2026-08-12 10:27:10,966 INFO [sqlalchemy.engine.Engine] ROLLBACK
2026-08-12 10:27:10,971 INFO [sqlalchemy.engine.Engine] BEGIN (implicit)
2026-08-12 10:27:10,972 INFO [sqlalchemy.engine.Engine] SELECT risk_assessment.assessment_id, risk_assessment.event_id, risk_assessment.rule_score, risk_assessment.ml_score, risk_assessment.final_score, risk_assessment.risk_level, risk_assessment.decision, risk_assessment.hit_rules, risk_assessment.create_time 
FROM risk_assessment 
WHERE risk_assessment.hit_rules IS NOT NULL 
 LIMIT %s
2026-08-12 10:27:10,974 INFO [sqlalchemy.engine.Engine] [cached since 93.97s ago] (1000,)
2026-08-12 10:27:10,976 INFO [uvicorn.access] 127.0.0.1:57357 - "GET /api/dashboard/rule-effectiveness HTTP/1.1" 200
2026-08-12 10:27:10,977 INFO [sqlalchemy.engine.Engine] ROLLBACK
2026-08-12 10:27:15,517 INFO [sqlalchemy.engine.Engine] BEGIN (implicit)
2026-08-12 10:27:15,518 INFO [sqlalchemy.engine.Engine] SELECT count(risk_event.event_id) AS count_1 
FROM risk_event 
WHERE risk_event.create_time >= %s
2026-08-12 10:27:15,519 INFO [sqlalchemy.engine.Engine] [cached since 185.6s ago] (datetime.datetime(2026, 8, 5, 10, 27, 15, 516483),)
2026-08-12 10:27:15,522 INFO [sqlalchemy.engine.Engine] SELECT risk_assessment.decision, count(*) AS count_1 
FROM risk_assessment INNER JOIN risk_event ON risk_event.event_id = risk_assessment.event_id 
WHERE risk_event.create_time >= %s GROUP BY risk_assessment.decision
2026-08-12 10:27:15,523 INFO [sqlalchemy.engine.Engine] [cached since 185.5s ago] (datetime.datetime(2026, 8, 5, 10, 27, 15, 516483),)
2026-08-12 10:27:15,526 INFO [sqlalchemy.engine.Engine] SELECT count(risk_case.case_id) AS count_1 
FROM risk_case 
WHERE risk_case.case_status = %s
2026-08-12 10:27:15,528 INFO [sqlalchemy.engine.Engine] [cached since 185.5s ago] ('待审核',)
2026-08-12 10:27:15,530 INFO [sqlalchemy.engine.Engine] SELECT count(enrollment.enrollment_id) AS count_1 
FROM enrollment 
WHERE enrollment.create_time >= %s
2026-08-12 10:27:15,531 INFO [sqlalchemy.engine.Engine] [cached since 185.5s ago] (datetime.datetime(2026, 8, 5, 10, 27, 15, 516483),)
2026-08-12 10:27:15,534 INFO [sqlalchemy.engine.Engine] SELECT count(payment_record.payment_id) AS count_1 
FROM payment_record 
WHERE payment_record.pay_time >= %s
2026-08-12 10:27:15,535 INFO [sqlalchemy.engine.Engine] [cached since 185.5s ago] (datetime.datetime(2026, 8, 5, 10, 27, 15, 516483),)
2026-08-12 10:27:15,538 INFO [sqlalchemy.engine.Engine] SELECT count(refund_record.refund_id) AS count_1 
FROM refund_record 
WHERE refund_record.apply_time >= %s
2026-08-12 10:27:15,539 INFO [sqlalchemy.engine.Engine] [cached since 185.5s ago] (datetime.datetime(2026, 8, 5, 10, 27, 15, 516483),)
2026-08-12 10:27:15,541 INFO [uvicorn.access] 127.0.0.1:57357 - "GET /api/dashboard/stats?days=7 HTTP/1.1" 200
2026-08-12 10:27:15,543 INFO [sqlalchemy.engine.Engine] ROLLBACK
2026-08-12 10:27:15,553 INFO [sqlalchemy.engine.Engine] BEGIN (implicit)
2026-08-12 10:27:15,556 INFO [sqlalchemy.engine.Engine] SELECT date(risk_event.create_time) AS date_1, count(*) AS count_1 
FROM risk_event 
WHERE risk_event.create_time >= %s GROUP BY date(risk_event.create_time) ORDER BY date(risk_event.create_time)
2026-08-12 10:27:15,557 INFO [sqlalchemy.engine.Engine] [cached since 98.58s ago] (datetime.datetime(2026, 8, 5, 10, 27, 15, 551481),)
2026-08-12 10:27:15,559 INFO [uvicorn.access] 127.0.0.1:57357 - "GET /api/dashboard/trend?days=7 HTTP/1.1" 200
2026-08-12 10:27:15,561 INFO [sqlalchemy.engine.Engine] ROLLBACK
2026-08-12 10:27:15,746 INFO [sqlalchemy.engine.Engine] BEGIN (implicit)
2026-08-12 10:27:15,747 INFO [sqlalchemy.engine.Engine] SELECT risk_assessment.assessment_id, risk_assessment.event_id, risk_assessment.rule_score, risk_assessment.ml_score, risk_assessment.final_score, risk_assessment.risk_level, risk_assessment.decision, risk_assessment.hit_rules, risk_assessment.create_time 
FROM risk_assessment 
WHERE risk_assessment.hit_rules IS NOT NULL 
 LIMIT %s
2026-08-12 10:27:15,748 INFO [sqlalchemy.engine.Engine] [cached since 98.75s ago] (1000,)
2026-08-12 10:27:15,753 INFO [uvicorn.access] 127.0.0.1:57357 - "GET /api/dashboard/rule-effectiveness HTTP/1.1" 200
2026-08-12 10:27:15,756 INFO [sqlalchemy.engine.Engine] ROLLBACK
2026-08-12 10:27:18,238 INFO [sqlalchemy.engine.Engine] BEGIN (implicit)
2026-08-12 10:27:18,239 INFO [sqlalchemy.engine.Engine] SELECT count(*) AS count_1 
FROM risk_case 
WHERE risk_case.case_status IN (%s, %s)
2026-08-12 10:27:18,240 INFO [sqlalchemy.engine.Engine] [cached since 9.37s ago] ('待审核', '审核中')
2026-08-12 10:27:18,243 INFO [sqlalchemy.engine.Engine] SELECT risk_case.case_id, risk_case.assessment_id, risk_case.user_id, risk_case.source_id, risk_case.event_type, risk_case.case_status, risk_case.assignee, risk_case.reviewer, risk_case.review_comment, risk_case.create_time, risk_case.update_time, risk_case.close_time 
FROM risk_case 
WHERE risk_case.case_status IN (%s, %s) ORDER BY risk_case.create_time DESC 
 LIMIT %s, %s
2026-08-12 10:27:18,245 INFO [sqlalchemy.engine.Engine] [cached since 9.365s ago] ('待审核', '审核中', 0, 15)
2026-08-12 10:27:18,247 INFO [uvicorn.access] 127.0.0.1:57357 - "GET /api/cases?page=1&page_size=15&active_only=true HTTP/1.1" 200
2026-08-12 10:27:18,249 INFO [sqlalchemy.engine.Engine] ROLLBACK
2026-08-12 10:27:18,597 INFO [sqlalchemy.engine.Engine] BEGIN (implicit)
2026-08-12 10:27:18,598 INFO [sqlalchemy.engine.Engine] SELECT risk_rule.rule_id, risk_rule.rule_name, risk_rule.rule_category, risk_rule.event_type, risk_rule.rule_condition, risk_rule.risk_level, risk_rule.risk_score, risk_rule.action, risk_rule.is_enabled, risk_rule.priority, risk_rule.description, risk_rule.is_deleted, risk_rule.deleted_at 
FROM risk_rule 
WHERE risk_rule.is_deleted IS false AND risk_rule.deleted_at IS NULL ORDER BY risk_rule.priority DESC
2026-08-12 10:27:18,599 INFO [sqlalchemy.engine.Engine] [cached since 185.6s ago] ()
2026-08-12 10:27:18,606 INFO [uvicorn.access] 127.0.0.1:57357 - "GET /api/rules HTTP/1.1" 200
2026-08-12 10:27:18,608 INFO [sqlalchemy.engine.Engine] ROLLBACK
2026-08-12 10:27:29,856 INFO [sqlalchemy.engine.Engine] BEGIN (implicit)
2026-08-12 10:27:29,858 INFO [sqlalchemy.engine.Engine] SELECT risk_rule.rule_id, risk_rule.rule_name, risk_rule.rule_category, risk_rule.event_type, risk_rule.rule_condition, risk_rule.risk_level, risk_rule.risk_score, risk_rule.action, risk_rule.is_enabled, risk_rule.priority, risk_rule.description, risk_rule.is_deleted, risk_rule.deleted_at 
FROM risk_rule 
WHERE risk_rule.is_deleted IS false AND risk_rule.deleted_at IS NULL AND risk_rule.event_type = %s ORDER BY risk_rule.priority DESC
2026-08-12 10:27:29,859 INFO [sqlalchemy.engine.Engine] [generated in 0.00106s] ('通用',)
2026-08-12 10:27:29,863 INFO [uvicorn.access] 127.0.0.1:61118 - "GET /api/rules?event_type=%E9%80%9A%E7%94%A8 HTTP/1.1" 200
2026-08-12 10:27:29,865 INFO [sqlalchemy.engine.Engine] ROLLBACK
2026-08-12 10:27:33,053 INFO [sqlalchemy.engine.Engine] BEGIN (implicit)
2026-08-12 10:27:33,054 INFO [sqlalchemy.engine.Engine] SELECT risk_rule.rule_id, risk_rule.rule_name, risk_rule.rule_category, risk_rule.event_type, risk_rule.rule_condition, risk_rule.risk_level, risk_rule.risk_score, risk_rule.action, risk_rule.is_enabled, risk_rule.priority, risk_rule.description, risk_rule.is_deleted, risk_rule.deleted_at 
FROM risk_rule 
WHERE risk_rule.is_deleted IS false AND risk_rule.deleted_at IS NULL AND risk_rule.event_type = %s ORDER BY risk_rule.priority DESC
2026-08-12 10:27:33,055 INFO [sqlalchemy.engine.Engine] [cached since 3.197s ago] ('缴费',)
2026-08-12 10:27:33,059 INFO [uvicorn.access] 127.0.0.1:61118 - "GET /api/rules?event_type=%E7%BC%B4%E8%B4%B9 HTTP/1.1" 200
2026-08-12 10:27:33,061 INFO [sqlalchemy.engine.Engine] ROLLBACK
2026-08-12 10:27:35,086 INFO [sqlalchemy.engine.Engine] BEGIN (implicit)
2026-08-12 10:27:35,087 INFO [sqlalchemy.engine.Engine] SELECT risk_rule.rule_id, risk_rule.rule_name, risk_rule.rule_category, risk_rule.event_type, risk_rule.rule_condition, risk_rule.risk_level, risk_rule.risk_score, risk_rule.action, risk_rule.is_enabled, risk_rule.priority, risk_rule.description, risk_rule.is_deleted, risk_rule.deleted_at 
FROM risk_rule 
WHERE risk_rule.is_deleted IS false AND risk_rule.deleted_at IS NULL AND risk_rule.event_type = %s ORDER BY risk_rule.priority DESC
2026-08-12 10:27:35,088 INFO [sqlalchemy.engine.Engine] [cached since 5.229s ago] ('考试',)
2026-08-12 10:27:35,092 INFO [uvicorn.access] 127.0.0.1:61118 - "GET /api/rules?event_type=%E8%80%83%E8%AF%95 HTTP/1.1" 200
2026-08-12 10:27:35,093 INFO [sqlalchemy.engine.Engine] ROLLBACK
2026-08-12 10:27:45,202 INFO [sqlalchemy.engine.Engine] BEGIN (implicit)
2026-08-12 10:27:45,204 INFO [sqlalchemy.engine.Engine] SELECT risk_rule.rule_id, risk_rule.rule_name, risk_rule.rule_category, risk_rule.event_type, risk_rule.rule_condition, risk_rule.risk_level, risk_rule.risk_score, risk_rule.action, risk_rule.is_enabled, risk_rule.priority, risk_rule.description, risk_rule.is_deleted, risk_rule.deleted_at 
FROM risk_rule 
WHERE risk_rule.is_deleted IS false AND risk_rule.deleted_at IS NULL AND risk_rule.event_type = %s ORDER BY risk_rule.priority DESC
2026-08-12 10:27:45,205 INFO [sqlalchemy.engine.Engine] [cached since 15.35s ago] ('考试',)
2026-08-12 10:27:45,211 INFO [uvicorn.access] 127.0.0.1:49508 - "GET /api/rules?event_type=%E8%80%83%E8%AF%95 HTTP/1.1" 200
2026-08-12 10:27:45,215 INFO [sqlalchemy.engine.Engine] ROLLBACK
2026-08-12 10:27:45,542 INFO [sqlalchemy.engine.Engine] BEGIN (implicit)
2026-08-12 10:27:45,543 INFO [sqlalchemy.engine.Engine] SELECT count(*) AS count_1 
FROM risk_case 
WHERE risk_case.case_status IN (%s, %s)
2026-08-12 10:27:45,544 INFO [sqlalchemy.engine.Engine] [cached since 36.67s ago] ('待审核', '审核中')
2026-08-12 10:27:45,547 INFO [sqlalchemy.engine.Engine] SELECT risk_case.case_id, risk_case.assessment_id, risk_case.user_id, risk_case.source_id, risk_case.event_type, risk_case.case_status, risk_case.assignee, risk_case.reviewer, risk_case.review_comment, risk_case.create_time, risk_case.update_time, risk_case.close_time 
FROM risk_case 
WHERE risk_case.case_status IN (%s, %s) ORDER BY risk_case.create_time DESC 
 LIMIT %s, %s
2026-08-12 10:27:45,548 INFO [sqlalchemy.engine.Engine] [cached since 36.67s ago] ('待审核', '审核中', 0, 15)
2026-08-12 10:27:45,550 INFO [uvicorn.access] 127.0.0.1:49508 - "GET /api/cases?page=1&page_size=15&active_only=true HTTP/1.1" 200
2026-08-12 10:27:45,551 INFO [sqlalchemy.engine.Engine] ROLLBACK
2026-08-12 10:27:46,247 INFO [sqlalchemy.engine.Engine] BEGIN (implicit)
2026-08-12 10:27:46,249 INFO [sqlalchemy.engine.Engine] SELECT count(risk_event.event_id) AS count_1 
FROM risk_event 
WHERE risk_event.create_time >= %s
2026-08-12 10:27:46,250 INFO [sqlalchemy.engine.Engine] [cached since 216.3s ago] (datetime.datetime(2026, 8, 5, 10, 27, 46, 246237),)
2026-08-12 10:27:46,251 INFO [sqlalchemy.engine.Engine] SELECT risk_assessment.decision, count(*) AS count_1 
FROM risk_assessment INNER JOIN risk_event ON risk_event.event_id = risk_assessment.event_id 
WHERE risk_event.create_time >= %s GROUP BY risk_assessment.decision
2026-08-12 10:27:46,252 INFO [sqlalchemy.engine.Engine] [cached since 216.3s ago] (datetime.datetime(2026, 8, 5, 10, 27, 46, 246237),)
2026-08-12 10:27:46,255 INFO [sqlalchemy.engine.Engine] SELECT count(risk_case.case_id) AS count_1 
FROM risk_case 
WHERE risk_case.case_status = %s
2026-08-12 10:27:46,257 INFO [sqlalchemy.engine.Engine] [cached since 216.3s ago] ('待审核',)
2026-08-12 10:27:46,259 INFO [sqlalchemy.engine.Engine] SELECT count(enrollment.enrollment_id) AS count_1 
FROM enrollment 
WHERE enrollment.create_time >= %s
2026-08-12 10:27:46,260 INFO [sqlalchemy.engine.Engine] [cached since 216.3s ago] (datetime.datetime(2026, 8, 5, 10, 27, 46, 246237),)
2026-08-12 10:27:46,263 INFO [sqlalchemy.engine.Engine] SELECT count(payment_record.payment_id) AS count_1 
FROM payment_record 
WHERE payment_record.pay_time >= %s
2026-08-12 10:27:46,264 INFO [sqlalchemy.engine.Engine] [cached since 216.3s ago] (datetime.datetime(2026, 8, 5, 10, 27, 46, 246237),)
2026-08-12 10:27:46,266 INFO [sqlalchemy.engine.Engine] SELECT count(refund_record.refund_id) AS count_1 
FROM refund_record 
WHERE refund_record.apply_time >= %s
2026-08-12 10:27:46,268 INFO [sqlalchemy.engine.Engine] [cached since 216.3s ago] (datetime.datetime(2026, 8, 5, 10, 27, 46, 246237),)
2026-08-12 10:27:46,269 INFO [uvicorn.access] 127.0.0.1:49508 - "GET /api/dashboard/stats?days=7 HTTP/1.1" 200
2026-08-12 10:27:46,271 INFO [sqlalchemy.engine.Engine] ROLLBACK
2026-08-12 10:27:46,282 INFO [sqlalchemy.engine.Engine] BEGIN (implicit)
2026-08-12 10:27:46,284 INFO [sqlalchemy.engine.Engine] SELECT date(risk_event.create_time) AS date_1, count(*) AS count_1 
FROM risk_event 
WHERE risk_event.create_time >= %s GROUP BY date(risk_event.create_time) ORDER BY date(risk_event.create_time)
2026-08-12 10:27:46,285 INFO [sqlalchemy.engine.Engine] [cached since 129.3s ago] (datetime.datetime(2026, 8, 5, 10, 27, 46, 281455),)
2026-08-12 10:27:46,288 INFO [uvicorn.access] 127.0.0.1:49508 - "GET /api/dashboard/trend?days=7 HTTP/1.1" 200
2026-08-12 10:27:46,289 INFO [sqlalchemy.engine.Engine] ROLLBACK
2026-08-12 10:27:46,481 INFO [sqlalchemy.engine.Engine] BEGIN (implicit)
2026-08-12 10:27:46,482 INFO [sqlalchemy.engine.Engine] SELECT risk_assessment.assessment_id, risk_assessment.event_id, risk_assessment.rule_score, risk_assessment.ml_score, risk_assessment.final_score, risk_assessment.risk_level, risk_assessment.decision, risk_assessment.hit_rules, risk_assessment.create_time 
FROM risk_assessment 
WHERE risk_assessment.hit_rules IS NOT NULL 
 LIMIT %s
2026-08-12 10:27:46,483 INFO [sqlalchemy.engine.Engine] [cached since 129.5s ago] (1000,)
2026-08-12 10:27:46,487 INFO [uvicorn.access] 127.0.0.1:49508 - "GET /api/dashboard/rule-effectiveness HTTP/1.1" 200
2026-08-12 10:27:46,488 INFO [sqlalchemy.engine.Engine] ROLLBACK
2026-08-12 10:27:48,962 INFO [sqlalchemy.engine.Engine] BEGIN (implicit)
2026-08-12 10:27:48,964 INFO [sqlalchemy.engine.Engine] SELECT count(risk_event.event_id) AS count_1 
FROM risk_event 
WHERE risk_event.create_time >= %s
2026-08-12 10:27:48,965 INFO [sqlalchemy.engine.Engine] [cached since 219s ago] (datetime.datetime(2026, 8, 5, 10, 27, 48, 961495),)
2026-08-12 10:27:48,967 INFO [sqlalchemy.engine.Engine] SELECT risk_assessment.decision, count(*) AS count_1 
FROM risk_assessment INNER JOIN risk_event ON risk_event.event_id = risk_assessment.event_id 
WHERE risk_event.create_time >= %s GROUP BY risk_assessment.decision
2026-08-12 10:27:48,968 INFO [sqlalchemy.engine.Engine] [cached since 219s ago] (datetime.datetime(2026, 8, 5, 10, 27, 48, 961495),)
2026-08-12 10:27:48,971 INFO [sqlalchemy.engine.Engine] SELECT count(risk_case.case_id) AS count_1 
FROM risk_case 
WHERE risk_case.case_status = %s
2026-08-12 10:27:48,972 INFO [sqlalchemy.engine.Engine] [cached since 219s ago] ('待审核',)
2026-08-12 10:27:48,975 INFO [sqlalchemy.engine.Engine] SELECT count(enrollment.enrollment_id) AS count_1 
FROM enrollment 
WHERE enrollment.create_time >= %s
2026-08-12 10:27:48,977 INFO [sqlalchemy.engine.Engine] [cached since 219s ago] (datetime.datetime(2026, 8, 5, 10, 27, 48, 961495),)
2026-08-12 10:27:48,980 INFO [sqlalchemy.engine.Engine] SELECT count(payment_record.payment_id) AS count_1 
FROM payment_record 
WHERE payment_record.pay_time >= %s
2026-08-12 10:27:48,980 INFO [sqlalchemy.engine.Engine] [cached since 219s ago] (datetime.datetime(2026, 8, 5, 10, 27, 48, 961495),)
2026-08-12 10:27:48,983 INFO [sqlalchemy.engine.Engine] SELECT count(refund_record.refund_id) AS count_1 
FROM refund_record 
WHERE refund_record.apply_time >= %s
2026-08-12 10:27:48,984 INFO [sqlalchemy.engine.Engine] [cached since 219s ago] (datetime.datetime(2026, 8, 5, 10, 27, 48, 961495),)
2026-08-12 10:27:48,987 INFO [uvicorn.access] 127.0.0.1:49508 - "GET /api/dashboard/stats?days=7 HTTP/1.1" 200
2026-08-12 10:27:48,988 INFO [sqlalchemy.engine.Engine] ROLLBACK
2026-08-12 10:27:49,226 INFO [sqlalchemy.engine.Engine] BEGIN (implicit)
2026-08-12 10:27:49,228 INFO [sqlalchemy.engine.Engine] SELECT date(risk_event.create_time) AS date_1, count(*) AS count_1 
FROM risk_event 
WHERE risk_event.create_time >= %s GROUP BY date(risk_event.create_time) ORDER BY date(risk_event.create_time)
2026-08-12 10:27:49,229 INFO [sqlalchemy.engine.Engine] [cached since 132.3s ago] (datetime.datetime(2026, 8, 5, 10, 27, 49, 224117),)
2026-08-12 10:27:49,231 INFO [uvicorn.access] 127.0.0.1:49508 - "GET /api/dashboard/trend?days=7 HTTP/1.1" 200
2026-08-12 10:27:49,232 INFO [sqlalchemy.engine.Engine] ROLLBACK
2026-08-12 10:27:49,238 INFO [sqlalchemy.engine.Engine] BEGIN (implicit)
2026-08-12 10:27:49,239 INFO [sqlalchemy.engine.Engine] SELECT risk_assessment.assessment_id, risk_assessment.event_id, risk_assessment.rule_score, risk_assessment.ml_score, risk_assessment.final_score, risk_assessment.risk_level, risk_assessment.decision, risk_assessment.hit_rules, risk_assessment.create_time 
FROM risk_assessment 
WHERE risk_assessment.hit_rules IS NOT NULL 
 LIMIT %s
2026-08-12 10:27:49,240 INFO [sqlalchemy.engine.Engine] [cached since 132.2s ago] (1000,)
2026-08-12 10:27:49,242 INFO [uvicorn.access] 127.0.0.1:49508 - "GET /api/dashboard/rule-effectiveness HTTP/1.1" 200
2026-08-12 10:27:49,244 INFO [sqlalchemy.engine.Engine] ROLLBACK
2026-08-12 10:28:05,446 INFO [uvicorn.access] 127.0.0.1:54939 - "OPTIONS /api/agent/chat HTTP/1.1" 200
2026-08-12 10:28:11,992 WARNING [app.agent.chat] LLM Agent 创建失败,降级为无模型模式: Missing credentials. Please pass an `api_key`, `workload_identity`, `admin_api_key`, or set the `OPENAI_API_KEY` or `OPENAI_ADMIN_KEY` environment variable.
2026-08-12 10:28:12,047 INFO [uvicorn.access] 127.0.0.1:54939 - "POST /api/agent/chat HTTP/1.1" 200
2026-08-12 10:31:35,437 INFO [uvicorn.error] Shutting down
2026-08-12 10:31:35,542 INFO [uvicorn.error] Waiting for application shutdown.
2026-08-12 10:31:35,543 INFO [uvicorn.error] Application shutdown complete.
2026-08-12 10:31:35,543 INFO [uvicorn.error] Finished server process [10120]
2026-08-12 10:31:45,804 WARNING [app.engine.ml_model] 模型文件不存在: models/xgb_model.json, 已降级纯规则(训练后自动加载)
2026-08-12 10:31:45,816 INFO [edu_risk] ==================================================
2026-08-12 10:31:45,816 INFO [edu_risk] EduRisk 教育风控系统启动中...
2026-08-12 10:31:45,816 INFO [edu_risk] Swagger 文档: http://localhost:8000/docs
2026-08-12 10:31:45,816 INFO [edu_risk] ==================================================
2026-08-12 10:31:45,869 INFO [uvicorn.error] Started server process [25492]
2026-08-12 10:31:45,869 INFO [uvicorn.error] Waiting for application startup.
2026-08-12 10:31:45,870 INFO [uvicorn.error] Application startup complete.
2026-08-12 10:31:45,871 INFO [uvicorn.error] Uvicorn running on http://0.0.0.0:8000 (Press CTRL+C to quit)
2026-08-12 10:31:53,958 INFO [uvicorn.access] 127.0.0.1:56349 - "GET /api/health HTTP/1.1" 200
2026-08-12 10:31:53,975 INFO [sqlalchemy.engine.Engine] SELECT DATABASE()
2026-08-12 10:31:53,977 INFO [sqlalchemy.engine.Engine] [raw sql] ()
2026-08-12 10:31:53,980 INFO [sqlalchemy.engine.Engine] SELECT @@sql_mode
2026-08-12 10:31:53,981 INFO [sqlalchemy.engine.Engine] [raw sql] ()
2026-08-12 10:31:53,984 INFO [sqlalchemy.engine.Engine] SELECT @@lower_case_table_names
2026-08-12 10:31:53,985 INFO [sqlalchemy.engine.Engine] [raw sql] ()
2026-08-12 10:31:53,987 INFO [sqlalchemy.engine.Engine] BEGIN (implicit)
2026-08-12 10:31:54,035 INFO [sqlalchemy.engine.Engine] SELECT count(risk_event.event_id) AS count_1 
FROM risk_event 
WHERE risk_event.create_time >= %s
2026-08-12 10:31:54,037 INFO [sqlalchemy.engine.Engine] [generated in 0.00187s] (datetime.datetime(2026, 8, 5, 10, 31, 53, 967915),)
2026-08-12 10:31:54,043 INFO [sqlalchemy.engine.Engine] SELECT risk_assessment.decision, count(*) AS count_1 
FROM risk_assessment INNER JOIN risk_event ON risk_event.event_id = risk_assessment.event_id 
WHERE risk_event.create_time >= %s GROUP BY risk_assessment.decision
2026-08-12 10:31:54,044 INFO [sqlalchemy.engine.Engine] [generated in 0.00133s] (datetime.datetime(2026, 8, 5, 10, 31, 53, 967915),)
2026-08-12 10:31:54,049 INFO [sqlalchemy.engine.Engine] SELECT count(risk_case.case_id) AS count_1 
FROM risk_case 
WHERE risk_case.case_status = %s
2026-08-12 10:31:54,050 INFO [sqlalchemy.engine.Engine] [generated in 0.00115s] ('待审核',)
2026-08-12 10:31:54,055 INFO [sqlalchemy.engine.Engine] SELECT count(enrollment.enrollment_id) AS count_1 
FROM enrollment 
WHERE enrollment.create_time >= %s
2026-08-12 10:31:54,056 INFO [sqlalchemy.engine.Engine] [generated in 0.00179s] (datetime.datetime(2026, 8, 5, 10, 31, 53, 967915),)
2026-08-12 10:31:54,060 INFO [sqlalchemy.engine.Engine] SELECT count(payment_record.payment_id) AS count_1 
FROM payment_record 
WHERE payment_record.pay_time >= %s
2026-08-12 10:31:54,061 INFO [sqlalchemy.engine.Engine] [generated in 0.00152s] (datetime.datetime(2026, 8, 5, 10, 31, 53, 967915),)
2026-08-12 10:31:54,066 INFO [sqlalchemy.engine.Engine] SELECT count(refund_record.refund_id) AS count_1 
FROM refund_record 
WHERE refund_record.apply_time >= %s
2026-08-12 10:31:54,067 INFO [sqlalchemy.engine.Engine] [generated in 0.00147s] (datetime.datetime(2026, 8, 5, 10, 31, 53, 967915),)
2026-08-12 10:31:54,070 INFO [uvicorn.access] 127.0.0.1:53572 - "GET /api/dashboard/stats?days=7 HTTP/1.1" 200
2026-08-12 10:31:54,072 INFO [sqlalchemy.engine.Engine] ROLLBACK
2026-08-12 10:31:54,100 INFO [sqlalchemy.engine.Engine] BEGIN (implicit)
2026-08-12 10:31:54,104 INFO [sqlalchemy.engine.Engine] SELECT date(risk_event.create_time) AS date_1, count(*) AS count_1 
FROM risk_event 
WHERE risk_event.create_time >= %s GROUP BY date(risk_event.create_time) ORDER BY date(risk_event.create_time)
2026-08-12 10:31:54,105 INFO [sqlalchemy.engine.Engine] [generated in 0.00116s] (datetime.datetime(2026, 8, 5, 10, 31, 54, 98660),)
2026-08-12 10:31:54,108 INFO [uvicorn.access] 127.0.0.1:53572 - "GET /api/dashboard/trend?days=7 HTTP/1.1" 200
2026-08-12 10:31:54,110 INFO [sqlalchemy.engine.Engine] ROLLBACK
2026-08-12 10:31:54,120 INFO [sqlalchemy.engine.Engine] BEGIN (implicit)
2026-08-12 10:31:54,124 INFO [sqlalchemy.engine.Engine] SELECT risk_assessment.assessment_id, risk_assessment.event_id, risk_assessment.rule_score, risk_assessment.ml_score, risk_assessment.final_score, risk_assessment.risk_level, risk_assessment.decision, risk_assessment.hit_rules, risk_assessment.create_time 
FROM risk_assessment 
WHERE risk_assessment.hit_rules IS NOT NULL 
 LIMIT %s
2026-08-12 10:31:54,126 INFO [sqlalchemy.engine.Engine] [generated in 0.00228s] (1000,)
2026-08-12 10:31:54,130 INFO [uvicorn.access] 127.0.0.1:53572 - "GET /api/dashboard/rule-effectiveness HTTP/1.1" 200
2026-08-12 10:31:54,132 INFO [sqlalchemy.engine.Engine] ROLLBACK
2026-08-12 10:32:02,814 WARNING [app.agent.chat] LLM Agent 创建失败,降级为无模型模式: Missing credentials. Please pass an `api_key`, `workload_identity`, `admin_api_key`, or set the `OPENAI_API_KEY` or `OPENAI_ADMIN_KEY` environment variable.
2026-08-12 10:32:02,824 INFO [uvicorn.access] 127.0.0.1:53815 - "POST /api/agent/chat HTTP/1.1" 200
2026-08-12 10:35:47,148 INFO [uvicorn.error] Shutting down
2026-08-12 10:35:47,260 INFO [uvicorn.error] Waiting for application shutdown.
2026-08-12 10:35:47,260 INFO [uvicorn.error] Application shutdown complete.
2026-08-12 10:35:47,262 INFO [uvicorn.error] Finished server process [25492]
